바코드,이름,판매가격,파싱문자열,회사코드,품목코드,정규화바코드,표준코드후보,대표코드후보,상태,품목기준코드,API상태,효능,사용법,주의사항경고,상호작용,부작용,보관법
01088000156009101,히딩크프리미엄 OK동전통증패치 105매,"12,000",00156009101,0015,6009,88000156009101,88000156009101,00156009,OK,,NO_ITEMSEQ,,,,,,
0108800026200031,노즈스위퍼 코세척기,"9,000",0026200031,0026,2000,8800026200031,8800026200031,00262000,OK,,NO_ITEMSEQ,,,,,,
0108800026200048,노즈스위퍼 코세정분말 60P,"6,000",0026200048,0026,2000,8800026200048,8800026200048,00262000,OK,,NO_ITEMSEQ,,,,,,
0108800048007793,하이맘밴드 에이지썬프로텍션 2매,"9,000",0048007793,0048,0077,8800048007793,8800048007793,00480077,OK,,NO_ITEMSEQ,,,,,,
0108800048010250,하이맘번 잘라쓰는타입 1매(7 x 10cm),"10,000",0048010250,0048,0102,8800048010250,8800048010250,00480102,OK,,NO_ITEMSEQ,,,,,,
0108800048012858,하이맘폼 에이프리 잘라쓰는타입 1매,"9,000",0048012858,0048,0128,8800048012858,8800048012858,00480128,OK,,NO_ITEMSEQ,,,,,,
0108800243820142,무통사혈침(DE-ST01),"5,000",0243820142,0243,8201,8800243820142,8800243820142,02438201,OK,,NO_ITEMSEQ,,,,,,
0108800516000417,드리클로 20ml,"11,000",0516000417,0516,0004,8800516000417,8800516000417,05160004,OK,199806484,OK,"이 약은 겨드랑이, 손, 발의 다한증(땀과다증)에 사용합니다.",저녁에 적용 부위에 적당량을 바른 후 다음날 아침 물로 씻어 제거합니다.발한(땀이 남)이 멈출 때까지는 매일 밤 한번씩 사용하고 증상이 호전(나아짐)될 경우에는 일주일에 1~2회로 줄입니다.,,,"매우 흔하게 일시적 적용부위 자극감이나 발적(충혈되어 붉어짐), 드물게 피부염을 포함한 적용부위 과민반응, 통증, 가려움증, 홍반, 발진 및 피부 작열감(화끈감) 등이 나타나는 경우 사용을 즉각 중지하고 의사 또는 약사와 상의하십시오.",습기와 빛을 피해 25℃ 이하에서 보관하십시오.
0108800742000212,부스코판 플러스정 10정,"3,300",0742000212,0742,0002,8800742000212,8800742000212,07420002,OK,200901257,OK,"이 약은 위장관계 질환의 발작성 동통 또는 담도계, 비뇨기계, 월경곤란증 등 여성 생식기계의 기능장애 및 경련성 동통에 사용합니다.
","성인은 1회 1~2정씩, 1일 3회 복용합니다.

1일 최대용량은 6정을 초과하지 마십시오.
","매일 세 잔 이상 정기적 음주자가 이 약 또는 다른 해열진통제를 복용할 때는 의사 또는 약사와 상의하십시오. 간손상을 일으킬 수 있습니다.

아세트아미노펜으로 일일 최대 용량(4,000 mg)을 초과하여 복용하지 마십시오. 간손상을 일으킬 수 있습니다. 아세트아미노펜을 포함하는 다른 제품과 함께 복용하지 마십시오.
","바르비탈계 약물, 삼환계 항우울제, 알코올, 지도부딘과 함께 복용하지 마십시오.

와파린, 플루클록사실린, 사환계 항우울약, 항히스타민제, 항정신병약, 퀴니딘, 아만타딘, 디소피라미드 및 기타 항콜린약물(예: 티오트로피움, 이프라트로피움, 아트로핀 유사 화합물), 메토클로프라미드, 베타-효능약, 프로판텔린, 클로람페니콜, 프로베네시드, 콜레스티라민과 함께 복용 시 의사 또는 약사와 상의하십시오.
","혈소판감소증, 무과립구증, 청색증, 백혈구감소증, 과립구감소, 용혈성(적혈구 파괴성)빈혈, 메트헤모글로빈혈증, 혈소판기능 저하(출혈시간 연장), 홍조, 피부 반응, 땀분비이상, 가려움증, 피부건조 (땀분비억제영향), 두드러기, 홍반(붉은 반점), 쇼크를 포함한 혈압저하, 아나필락시스성 쇼크, 아나필락시스성 반응, 약물 발진, 호흡곤란, 과민증, 혈관 부종, 발진, 피부발진, 부종(후두, 눈꺼풀, 입술 등), 가슴답답함, 수족냉증(손발이 차가움), 식은 땀, 숨가쁨, 화상모양 수포(물집), 알레르기 반응, 피부점막안증후군(스티븐스-존슨 증후군), 독성표피괴사용해(리엘 증후군), 두근거림, 빈맥(빠른 맥), 현기증, 피로감, 기관지경련(특히, 기관지 천식이나 알레르기 반응 경험자), 목마름, 설사, 구역, 구토, 식욕부진, 변비, 복부팽만, 배뇨곤란, 요저류(소변이 고임), 동공확대, 모양근마비, 조절장애(고도원시환자), 불안, 흥분, 환각, 두통, 머리 무거움, 이상고열, 예기치 못한 복통의 지속 또는 악화, 장운동의 변화, 복부압통(누르는 통증), 혈압 저하, 실신 및 혈변 등이 나타나는 경우 복용을 즉각 중지하고 의사 또는 약사와 상의하십시오.
","실온에서 보관하십시오.

어린이의 손이 닿지 않는 곳에 보관하십시오.
"
0108800742000519,오펠 뮤코펙트정 10T,"3,000",0742000519,0742,0005,8800742000519,8800742000519,07420005,OK,200900740,OK,"이 약은 점액분비장애로 인한 급·만성기관지염, 천식성기관지염에 사용합니다.",성인은 1회 1정(30 mg)씩 1일 3회 식사와 관계없이 복용합니다.계속 치료시 1회 1정(30 mg)씩 1일 2회 복용합니다.,,"에리트로마이신, 세팔렉신, 옥시테트라사이클린, 아목시실린, 세퓨록심, 독시사이클린 등의 항생제와 함께 복용 시 의사 또는 약사와 상의하십시오.","피부점막안증후군(스티븐스-존슨증후군), 독성표피괴사용해(리엘증후군) 같은 심각한 피부 손상, 열, 가려움, 비염, 기침 및 인후염과 같은 비특이적 인플루엔자-유사 전구증상, 흔하게 구역, 흔하지 않게 구토, 설사, 소화불량, 복통, 가슴쓰림, 구강건조, 위부불쾌감, 위·복부팽만감, 변비, 식욕부진, 두드러기, 피부 발진, 아나필락시스 반응(아나필락시스 쇼크 포함), 두드러기모양 홍반, 혈관부종, 가려움, 기타 다른 과민반응, 얼굴부기, 호흡곤란, 오한을 수반한 체온상승, 백혈구 증가를 수반하는 화농성 비염, 혀의 감각이상, 미각변화, 구내마비감, 팔의 마비감 등이 나타나는 경우 복용을 즉각 중지하고 의사 또는 약사와 상의하십시오.",습기와 빛을 피해 실온에서 보관하십시오.어린이의 손이 닿지 않는 곳에 보관하십시오.
0108800742000625,둘코락스에스 5mg 40T,"11,000",0742000625,0742,0006,8800742000625,8800742000625,07420006,OK,200906478,OK,"이 약은 변비와 변비에 수반하는 식욕부진(식욕감퇴), 복부팽만, 장내이상발효, 치질의 완화에 사용합니다.","만 15세 이상은 1회 2정, 만 11 이상~만 15세 미만은 1회 1~2정, 만 7세 이상~만 11세 미만은 1회 1정, 1일 1회 취침 시에 복용합니다.다만, 초회는 최소량을 복용하고 변의 모양과 상태를 보면서 조금씩 증량 또는 감량합니다.",,"제산제, 우유 섭취 후 1시간 이내, 미네랄 오일을 함께 복용하지 마십시오.이뇨제나 부신피질호르몬제, 다른 완화제를 함께 복용 시 의사 또는 약사와 상의하십시오.","발진ㆍ충혈되어 붉어짐, 가려움, 심한 복통(배 아픔), 설사, 구토, 복부(배부분)불쾌감, 경련, 아나필락시스 반응, 혈관 부종, 과민반응, 탈수, 복부(배부분) 경련, 오심, 혈변, 직장과 항문의 불쾌감, 대장염(허혈성 대장염 포함), 어지러움, 실신이 나타나는 경우 복용을 즉각 중지하고 의사 또는 약사와 상의하십시오.",습기와 빛을 피해 실온에서 보관하십시오.어린이의 손이 닿지 않는 곳에 보관하십시오.
0108800742000816,둘코락스좌약 5S 5개,"3,000",0742000816,0742,0008,8800742000816,8800742000816,07420008,OK,200512347,OK,"이 약은 급·만성변비, 수술·분만전후 및 X-선 촬영 시 장내분변 제거에 사용합니다.
","성인은 1회 1개(10 mg)씩, 만 6세~만 12세 소아는 1회 ½개(5 mg)씩, 1일 1회 필요 시 항문에 삽입합니다.

연령, 증상에 따라 적절히 증감합니다.
",,"다른 완하제와 함께 투여 시 의사 또는 약사와 상의하십시오.
","직장출혈 또는 배변의 실패 등이 나타나는 경우 사용을 즉각 중지하고 의사 또는 약사와 상의하십시오.

혈변, 어지러움, 실신, 복부통증, 설사, 아나필락시스반응, 혈관신경성부종(부기), 다른 과민반응, 탈수증, 복부 경련, 구역, 복부 불쾌감, 대장염(허헐성 대장염 포함), 배뇨감, 두통, 요통, 항문주위피부염, 직장열감, 항문부동통, 항문출혈, 항문직장 불쾌감이 나타날 수 있습니다.
","실온에서 보관하십시오.
"
0108800742000830,둘코락스좌약10mg(신) 50S,"15,000",0742000830,0742,0008,8800742000830,8800742000830,07420008,OK,200512347,OK,"이 약은 급·만성변비, 수술·분만전후 및 X-선 촬영 시 장내분변 제거에 사용합니다.
","성인은 1회 1개(10 mg)씩, 만 6세~만 12세 소아는 1회 ½개(5 mg)씩, 1일 1회 필요 시 항문에 삽입합니다.

연령, 증상에 따라 적절히 증감합니다.
",,"다른 완하제와 함께 투여 시 의사 또는 약사와 상의하십시오.
","직장출혈 또는 배변의 실패 등이 나타나는 경우 사용을 즉각 중지하고 의사 또는 약사와 상의하십시오.

혈변, 어지러움, 실신, 복부통증, 설사, 아나필락시스반응, 혈관신경성부종(부기), 다른 과민반응, 탈수증, 복부 경련, 구역, 복부 불쾌감, 대장염(허헐성 대장염 포함), 배뇨감, 두통, 요통, 항문주위피부염, 직장열감, 항문부동통, 항문출혈, 항문직장 불쾌감이 나타날 수 있습니다.
","실온에서 보관하십시오.
"
01088060520040221727121410G8900521G890050000001479,조아바이톤-에이 20ml x 30P,"140,000",605200402217271214108900521890050000001479,6052,0040,880605200402217271214108900521890050000001479,880605200402217271214108900521890050000001479,60520040,OK,,NO_ITEMSEQ,,,,,,
010880605242891017,에스리버(180T*2EA),"63,000",6.05243E+11,6052,4289,880605242891017,880605242891017,60524289,OK,,NO_ITEMSEQ,,,,,,
0108806218001912,에치탑캡슐,"2,000",6218001912,6218,0019,8806218001912,8806218001912,62180019,OK,200003154,OK,"이 약은 기침, 가래에 사용합니다.
","만 15세 이상 및 성인은 1회 2캡슐씩, 만 8세 이상~15세 미만은 1회 1캡슐씩, 1일 3회 복용합니다.
",,"이 약을 복용하는 동안에는 다른 진해거담제, 감기약, 항히스타민제를 함유하는 내복약(비염용 경구제, 멀미약, 알레르기용약), 진정제를 복용하지 마십시오.

MAO억제제(항우울제, 항정신병제, 감정조절제, 항파킨슨제 등)를 복용하거 있거나 복용을 중단한 후 2주 이내의 사람은 이 약을 복용하지 마십시오.

복용 중에는 음주하지 마십시오,
","발진·발적, 가려움, 구역·구토, 식욕부진, 어지러움, 배뇨곤란, (지속적이거나 심한) 목마름, 불안, 떨림, 불면 등이 나타나는 경우 복용을 즉각 중지하고 의사 또는 약사와 상의하십시오.
","습기와 빛을 피해 실온에서 보관하십시오.

어린이의 손이 닿지 않는 곳에 보관하십시오.
"
0108806218004517,[파비스] 아루진 10T,"1,500",6218004517,6218,0045,8806218004517,8806218004517,62180045,OK,200301846,OK,"이 약은 두드러기, 습진, 가려움증, 옻에 사용합니다.",성인 및 만 15세 이상 1회 1정 1일 3회 식후에 복용합니다.,,"다른 설사약, 알레르기용약, 항히스타민제를 함유하는 약(멀미약, 감기약, 진해거담제)과 함께 복용하지 마십시오.다른 한방제제(특히 대황함유제제)와 함께 복용 시 의사 또는 약사와 상의하십시오.","발진, 발적, 구갈, 구역, 구토, 식욕부진, 위부불쾌감, 심한 복통을 수반하는 설사 등이 나타나는 경우 복용을 즉각 중지하고 의사 또는 약사와 상의하십시오.묽은 변 등이 나타날 수 있습니다.",습기와 빛을 피해 실온에서 보관하십시오.어린이의 손이 닿지 않는 곳에 보관하십시오.
0108806218039410,파비시드10정[광동],"2,000",6218039410,6218,0394,8806218039410,8806218039410,62180394,OK,201907748,OK,"이 약은 위산과다, 속쓰림, 위부불쾌감, 위부팽만감, 체함, 구역, 구토, 위통, 신트림에 사용합니다.","만 15세 이상 및 성인은 1회 2정, 만 8세 이상 15세 미만은 1회 1정, 1일 3회 식간(식사때와 식사때 사이) 및 취침시 복용합니다.복용간격은 4시간 이상으로 합니다.",,테트라사이클린계 항생제와 함께 복용하지 마십시오.,"변비, 설사 등이 나타나는 경우 복용을 즉각 중지하고 의사 또는 약사와 상의하십시오.",습기와 빛을 피해 실온에서 보관하십시오.어린이의 손이 닿지 않는 곳에 보관하십시오.
0108806265003112,노스카나 20g,"17,000",6265003112,6265,0031,8806265003112,8806265003112,62650031,OK,201301732,OK,"이 약은 상처 조직의 치료 후 처치(비대성 및 켈로이드성 흉터, 여드름 흉터, 수술 흉터)에 사용합니다.","성인 및 2세 이상의 소아는 상처 및 주변 피부에 1일 수회 적용하여 가볍게 마사지합니다.성인의 경우 비후성 흉터에 대해서는 전날 두껍게 바르고 붕대로 고정하여, 하루 저녁 동안 적용할 수 있습니다.",,"이 약을 사용하는 동안 항응고제(쿠마린, 아스피린, 디피리다몰, 덱스트란, 스트렙토키나제)와 함께 사용하지 마십시오.",알레르기 반응이 나타나는 경우 사용을 즉각 중지하고 의사 또는 약사와 상의하십시오.,실온에서 보관하십시오.어린이의 손이 닿지 않는 곳에 보관하십시오.
0108806265018215,애크린겔 20g,"10,000",6265018215,6265,0182,8806265018215,8806265018215,62650182,OK,202204171,OK,"이 약은 여드름 치료에 사용합니다.
","1일 2회 아침, 저녁으로 바르십시오.

과도한 피부 건조가 발생할 수 있으므로 1일 1회로 시작하고 피부 건조 또는 벗겨짐이 발생할 경우 이틀에 한 번으로 적용 횟수를 줄일 수 있습니다.
",,,"발진, 발적(충혈되어 붉어짐), 홍반(붉은 반점), 가려움, 정상 피부에 닿았을 경우에 국소 자극 반응 등이 나타나는 경우 사용을 즉각 중지하고 의사 또는 약사와 상의하십시오.
","습기와 빛을 피해 실온에서 보관하십시오.

어린이의 손이 닿지 않는 곳에 보관하십시오.

화기 근처에 두지 마십시오.

사용하지 않을 경우에는 뚜껑을 잘 닫으십시오.
"
0108806265021512,노스카딘 겔 18g,"12,000",6265021512,6265,0215,8806265021512,8806265021512,62650215,OK,202501407,NO_ITEM,,,,,,
0108806275002518,안티렌크림 30g,"4,000",6275002518,6275,0025,8806275002518,8806275002518,62750025,OK,201903110,OK,"이 약은 습진, 열상 및 화상, 그 외의 질환에 따른 미란 (짓무름) 및 궤양에 사용합니다.
","1일 여러 차례 질환 부위에 바르십시오.
",,,"열감, 가려움, 따끔따끔 감 등의 피부 자극증상 등이 나타날 수 있습니다.
","빛을 피해 실온에서 보관하십시오.
"
0108806409047910,프틴 크림 30g,"5,000",6409047910,6409,0479,8806409047910,8806409047910,64090479,OK,201309038,OK,"이 약은 백선(족부백선, 수부백선, 고부백선(완선), 체부백선), 피부칸디다증, 어루러기, 조갑(손톱, 발톱) 진균증에 사용합니다.","피부진균증에 사용하는 경우 1일 1회(가능하면 취침시) 환부를 깨끗이 닦고 완전히 건조시킨 후 환부 및 그 주위의 피부에 얇게 바르고 부드럽게 문지르십시오.조갑(손톱, 발톱) 진균증에 사용하는 경우 손톱, 발톱을 짧게 깎고, 1일 1회(가능하면 취침시) 또는 필요에 따라 1일 2회(아침, 저녁) 얇게 바릅니다. 재발 방지를 위해 모든 증상이 소실된 후에도 약 2주간 더 사용합니다.",,다른 국소 적용 약물과 함께 사용 시 의사 또는 약사와 상의하십시오.,"자극 또는 민감성 등이 나타나는 경우 사용을 즉각 중지하고 의사 또는 약사와 상의하십시오.드물게 작열감, 찔린 상처, 건조감, 홍반, 가려움, 국소자극 등이 나타날 수 있습니다.",실온에서 보관하십시오.어린이의 손이 닿지 않는 곳에 보관하십시오.
0108806409048313,반질크림(우레아) 60g,"4,000",6409048313,6409,0483,8806409048313,8806409048313,64090483,OK,201600366,OK,"이 약은 진행성 지장각피증(주부습진의 건조형), 손·발바닥 각피증, 어린선(魚鱗蘚), 노인성 건피증, 모공성태선, 아토피 피부에 사용합니다.",환부를 씻은 다음 1일 1~수회 이 약을 바른 후 충분히 문지릅니다.,,"코르티코이드, 디트라놀, 5-플루오로우라실을 함께 사용 시 의사 또는 약사와 상의하십시오.","통증, 열감, 때때로 홍조, 가려움 등이 나타날 수 있습니다.과민증상, 때때로 습진화, 피부의 균열(갈라짐), 구진, 따끔따끔한 느낌, 작열감, 인설, 드물게 부종, 건조화 등이 나타나는 경우 사용을 즉각 중지하고 의사 또는 약사와 상의하십시오.",실온에서 보관하십시오.어린이의 손이 닿지 않는 곳에 보관하십시오.
0108806417011514,알콤정 4T,"3,000",6417011514,6417,0115,8806417011514,8806417011514,64170115,OK,199400891,OK,"이 약은 회충, 요충, 편충, 십이지장충의 감염 및 이들 혼합감염의 치료에 사용합니다.",성인 및 소아는 1정(500 mg)을 1회 복용합니다.,,,"드물게 일과성 구역, 복통, 설사, 발진, 두드러기, 혈관부종 등이 나타나는 경우 복용을 즉각 중지하고 의사 또는 약사와 상의하십시오.",습기와 빛을 피해 실온에서 보관하십시오.어린이의 손이 닿지 않는 곳에 보관하십시오.
0108806417021629,[일양] 진코텔정 200T,"40,000",6417021629,6417,0216,8806417021629,8806417021629,64170216,OK,200501235,NO_ITEM,,,,,,
0108806417025016,프로엑스피 20ml x 5V,"20,000",6417025016,6417,0250,8806417025016,8806417025016,64170250,OK,200201014,OK,"이 약은 자양강장, 허약체질, 육체피로, 병후의 체력저하, 식욕부진, 영양장애, 발열성·소모성질환에 사용합니다.",성인 1일 1회 1병(20 mL)을 복용합니다.이 약은 경구용으로만 사용하고 주사용으로는 사용하지 마십시오.,사람 태반을 원재료로 사용하여 제조한 것이므로 그 유익성이 위험성을 웃도는 경우에만 복용하십시오.,레보도파와 함께 복용하지 마십시오.,"구역, 구토, 묽은 변, 속쓰림 등이 나타나는 경우 복용을 즉각 중지하고 의사 또는 약사와 상의하십시오.",습기와 빛을 피해 실온에서 보관하십시오.어린이의 손이 닿지 않는 곳에 보관하십시오.
0108806417028222,속콜큐어 캡슐 10C,"2,000",6417028222,6417,0282,8806417028222,8806417028222,64170282,OK,200806776,OK,"이 약은 기침, 가래에 사용합니다.
","만 15세 이상 및 성인은 1회 2캡슐씩, 1일 3회, 만 8세~14세 어린이는 1회 1캡슐씩, 1일 3회 식후에 복용합니다.
",,"다른 진해거담제, 감기약, 항히스타민제를 함유하는 내복약(비염용 경구제, 멀미약, 알레르기용약), 진정제와 함께 복용하지 마십시오.

복용 중에는 음주하지 마십시오.
","발진·발적, 가려움, 구역·구토, 식욕부진, 어지러움, 배뇨곤란, 목마름(지속적이거나 심한), 불안, 떨림, 불면 등이 나타나는 경우 복용을 즉각 중지하고 의사 또는 약사와 상의하십시오.
","습기와 빛을 피해 실온에서 보관하십시오.

어린이의 손이 닿지 않는 곳에 보관하십시오.
"
0108806417042310,속콜코프엘 10C,"2,000",6417042310,6417,0423,8806417042310,8806417042310,64170423,OK,201103677,OK,"이 약은 기침, 가래에 사용합니다.
","성인은 1회 1캡슐씩, 1일 3회 식후 30분에 복용합니다.
",,"다른 진해거담제, 감기약, 항히스타민제를 함유하는 내복약(비염용 경구제, 멀미약, 알레르기용약), 진정제와 함께 복용하지 마십시오.

MAO 억제제(항우울제, 항정신병제, 감정조절제, 항파킨슨제 등)를 복용하고 있거나 복용을 중단한 후 2주 이내의 사람은 이 약을 복용하지 마십시오.

복용 중에는 음주하지 마십시오.
","발진·발적(충혈되어 붉어짐), 가려움, 구역·구토, 식욕부진, 어지러움, 배뇨곤란(소변불편), 목마름(지속적이거나 심한), 불안, 떨림, 불면 등이 나타나는 경우 복용을 즉각 중지하고 의사 또는 약사와 상의하십시오.
","습기와 빛을 피해 실온에서 보관하십시오.

어린이의 손이 닿지 않는 곳에 보관하십시오.
"
0108806417043713,혈강고 6P,"3,000",6417043713,6417,0437,8806417043713,8806417043713,64170437,OK,200501224,OK,"이 약은 삠, 타박상, 근육통, 관절통, 골절통, 허리통, 어깨결림, 언 상처의 진통·소염에 사용합니다.
","성인은 1일 1~2회 약면의 비닐을 떼어버리고 나서 질환 부위에 붙입니다.
",,,"발진, 발적, 가려움, 부종 등이 나타나는 경우 사용을 즉각 중지하고 의사 또는 약사와 상의하십시오.
","습기와 빛을 피해 실온에서 보관하십시오.

어린이의 손이 닿지 않는 곳에 보관하십시오.
"
0108806417046424,노루모 듀얼액션 10ml x 4P,"3,000",6417046424,6417,0464,8806417046424,8806417046424,64170464,OK,201402653,OK,"이 약은 산 역류, 속쓰림, 위 내용물의 역류로 인한 소화불량(예를 들어 식사 후, 임신 중, 역류성 식도염과 동반하는 경우)개선에 사용합니다.",성인 및 12세 이상의 소아는 1회 10~20mL을 1일 4회(식후 및 취침전) 복용합니다.,,"테트라사이클린, 디곡신, 플루오로퀴놀론, 철염, 케토코나졸, 신경이완제, 티록신, 페니실라민, 베타차단제(아테놀올, 메토프로롤, 프로프라놀롤), 글루코코르티코이드, 클로로퀸, 에스트라무스틴 및 디포스포네이이트 등과 함께 복용 시 적어도 2시간의 간격을 두고 복용하십시오.","가려움이나 기관지 수축, 아나필락시스 반응과 같은 알레르기 반응 등이 나타나는 경우 복용을 즉각 중지하고 의사 또는 약사와 상의하십시오.",빛을 피해 실온에서 보관하십시오.어린이의 손이 닿지 않는 곳에 보관하십시오.
0108806417046448,노루모 듀얼액션 10ml x 10P,"7,000",6417046448,6417,0464,8806417046448,8806417046448,64170464,OK,201402653,OK,"이 약은 산 역류, 속쓰림, 위 내용물의 역류로 인한 소화불량(예를 들어 식사 후, 임신 중, 역류성 식도염과 동반하는 경우)개선에 사용합니다.",성인 및 12세 이상의 소아는 1회 10~20mL을 1일 4회(식후 및 취침전) 복용합니다.,,"테트라사이클린, 디곡신, 플루오로퀴놀론, 철염, 케토코나졸, 신경이완제, 티록신, 페니실라민, 베타차단제(아테놀올, 메토프로롤, 프로프라놀롤), 글루코코르티코이드, 클로로퀸, 에스트라무스틴 및 디포스포네이이트 등과 함께 복용 시 적어도 2시간의 간격을 두고 복용하십시오.","가려움이나 기관지 수축, 아나필락시스 반응과 같은 알레르기 반응 등이 나타나는 경우 복용을 즉각 중지하고 의사 또는 약사와 상의하십시오.",빛을 피해 실온에서 보관하십시오.어린이의 손이 닿지 않는 곳에 보관하십시오.
0108806417047827,속콜기가 10C,"2,000",6417047827,6417,0478,8806417047827,8806417047827,64170478,OK,201403225,OK,이 약은 가래 또는 기침을 유발하는 가래에 사용합니다.,"성인 및 15세 이상의 소아는 1회 2캡슐, 8세~14세 소아는 1회 1캡슐씩, 1일 3회 식후에 복용합니다.",,"다른 진해(기침을 그치게 함)·거담제(가래약), 감기약과 함께 복용하지 마십시오.","발진∙발적(충혈되어 붉어짐), 가려움, 구역∙구토, 식욕부진, 복통(배아픔), 두통, 혈담, 드물게 피부점막안증후군(스티븐스-존슨증후군), 독성표피괴사용해(고열을 동반하고, 발진∙발적, 화상과 같은 물집이 생기는 등의 심한 증상), 쇽 증상(복용 후 바로 두드러기, 부기, 가슴답답함 등과 함께 안색이 창백하고, 손발이 차고, 식은 땀, 숨쉬기 곤란함), 전신의 나른함, 황달(피부 또는 눈의 흰자위가 황색을 띄게 됨) 등이 나타나는 경우 복용을 즉각 중지하고 의사 또는 약사와 상의하십시오.일시적으로 가래 양이 증가하는 경우가 있습니다.",습기와 빛을 피해 실온에서 보관하십시오.어린이의 손이 닿지 않는 곳에 보관하십시오.
0108806417048619,노루모 에프 내복액 75ml,700,6417048619,6417,0486,8806417048619,8806417048619,64170486,OK,201404746,OK,"이 약은 위산과다, 속쓰림, 위부불쾌감, 위부팽만감, 체함, 구역, 구토, 위통, 신트림, 식욕감퇴(식욕부진), 소화불량, 과식에 사용합니다.
","만 15세 이상은 1회 1병 1일 3회, 만 11세 이상~만 15세 미만은 1회 2/3병 1일 3회,

만 8세 이상~만 11세 미만은 1회 1/2병 1일 3회, 만 5세 이상~만 8세 미만은 1회 1/3병 1일 3회, 만 3세 이상~만 5세 미만은 1회 1/4병 1일 3회 식후 복용하며, 복용간격을 4시간 이상으로 합니다.
",,"이 약을 복용하기 전에 다른 약물을 복용하고 있는 경우 의사 또는 약사와 상의하십시오.
","변비 또는 설사 등이 나타나는 경우 복용을 즉각 중지하고 의사 또는 약사와 상의하십시오.
","습기와 빛을 피해 실온에서 보관하십시오.

어린이의 손이 닿지 않는 곳에 보관하십시오.
"
0108806417051022,노루모 에스 15P,"3,000",6417051022,6417,0510,8806417051022,8806417051022,64170510,OK,201506162,OK,"이 약은 위산과다, 속쓰림, 위부불쾌감, 위부팽만감, 체함, 구역, 구토, 위통, 신트림, 식욕감퇴(식욕부진), 소화불량, 과식, 소화촉진에 사용합니다.","만 15세 이상은 1회 1포, 만 11세 이상~만 15세 미만은 1회 2/3포, 만 8세 이상~만 11세 미만은 1회 1/2포, 만 5세 이상~만 8세 미만은 1회 1/3포, 만 3세 이상~만 5세 미만은 1회 1/4포, 만 1세 이상~만3세 미만은 1회 1/5포, 1일 3회 복용합니다.복용간격을 4시간 이상으로 합니다.",,"테트라사이클린계 항생제와 함께 복용하지 마십시오.칼륨함유제제, 감초함유제제, 글리시리진산 혹은 그 염류 함유제제, 루프계이뇨제(푸로세미드, 에타크린산) 또는 티아지드계 이뇨제와 함께 복용 시 의사 또는 약사와 상의하십시오.","변비 또는 설사, 뇨량이 감소하거나, 얼굴이나 손발이 붓거나, 눈꺼풀이 무겁거나, 손이 굳어지거나, 혈압이 오르거나, 두통, 근병증(무력감, 사지경련(떨림), 마비)등이 나타나는 경우 복용을 즉각 중지하고 의사 또는 약사와 상의하십시오.",습기와 빛을 피해 실온에서 보관하십시오.어린이의 손이 닿지 않는 곳에 보관하십시오.
0108806417051114,노루모 에이스산 250g,"4,500",6417051114,6417,0511,8806417051114,8806417051114,64170511,OK,201506161,OK,"이 약은 위산과다, 속쓰림, 위부불쾌감, 위부팽만감, 체함, 구역, 구토, 위통, 신트림, 식욕감퇴(식욕부진), 소화불량, 과식, 소화촉진에 사용합니다.","만 15세 이상은 1회 1.6 g, 만 11세 이상~만 15세 미만은 1회 1.1 g, 만 8세 이상~만 11세 미만은 1회 0.8 g, 만 5세 이상~만 8세 미만은 1회 0.5 g, 만 3세 이상~만 5세 미만은 1회 0.4 g, 만1세 이상~만3세 미만은 1회 0.3 g을 1일 3회 복용합니다.복용간격은 4시간 이상으로 하십시오.",,"테트라사이클린계 항생제와 함께 복용하지 마십시오.칼륨함유제제, 감초함유제제, 글리시리진산 혹은 그 염류 함유제제, 루프계이뇨제(푸로세미드, 에타크린산) 또는 티아지드계 이뇨제(트리클로르메티아지드)와 함께 복용 시 의사 또는 약사와 상의하십시오.","변비 또는 설사, 뇨량이 감소하거나, 얼굴이나 손발이 붓거나, 눈꺼풀이 무겁거나, 손이 굳어지거나, 혈압이 오르거나, 두통, 근병증(무력감, 사지경련(떨림), 마비)등이 나타나는 경우 복용을 즉각 중지하고 의사 또는 약사와 상의하십시오.",습기와 빛을 피해 실온에서 보관하십시오.어린이의 손이 닿지 않는 곳에 보관하십시오.
0108806417051510,보나링 츄어블 4T,"2,000",6417051510,6417,0515,8806417051510,8806417051510,64170515,OK,201600779,OK,"이 약은 멀미에 의한 어지러움, 구토, 두통의 예방 및 완화에 사용합니다.","만 15세 이상 성인은 1회 2정, 만 8세 이상~만 15세 미만 소아는 1회 1정을 복용하며, 1일 복용횟수는 2회를 한도로 합니다.멀미의 예방에는 승차 30분에서 1시간 전에 복용합니다. 또 필요시 추가 복용 할 경우에는 1회 복용량을 4시간 이상의 간격을 두고 복용합니다.입안에서 녹이거나 씹어서 복용하십시오.",이 약은 체내에서 페닐알라닌으로 대사되는 아스파탐이 함유되어 페닐알라닌의 섭취를 규제할 필요가 있는 페닐케톤뇨증 환자는 복용하지 마십시오.,"다른 진토제, 감기약, 해열진통제, 항히스타민제, 진정제, 진해거담제, 위장진통·진경제와 함께 복용하지 마십시오.복용 중에는 알코올성 음료를 피하십시오.","두통, 안면홍조, 눈부심, 배뇨(소변을 눔)장애, 구갈(목마름) 또는 변비 등이 나타나는 경우 복용을 즉각 중지하고 의사 또는 약사와 상의하십시오.",습기와 빛을 피해 실온에서 보관하십시오.어린이의 손이 닿지 않는 곳에 보관하십시오.
0108806417052616,두피나액 30ml,"5,000",6417052616,6417,0526,8806417052616,8806417052616,64170526,OK,201606648,OK,"이 약은 습진, 피부염, 땀띠, 가려움, 벌레물린데, 두드러기에 사용합니다.",1일 수회(여러 차례) 환부(질환 부위)에 적당량을 바릅니다.,,,"피부의 세균성(전염성농가진, 모낭염) 및 진균성(칸다다증, 백선), 바이러스성 감염증, 부스럼, 피부자극, 자통, 발열, 작열감, 발진, 발적, 홍조, 가려움, 피부건조, 농포성피부염, 알레르기성 접촉피부염, 땀띠, 한진, 상처악화, 욕창, 농포증 등이 나타나는 경우 사용을 즉각 중지하고 의사 또는 약사와 상의하십시오.안검(눈꺼풀)피부에 사용 시 빈도불명의 시야흐림 등이 나타날 수 있습니다.",습기와 빛을 피해 실온에서 보관하십시오.어린이의 손이 닿지 않는 곳에 보관하십시오.화기 근처에 두지 마십시오.
0108806417057710,황력골드 100ml,"2,000",6417057710,6417,0577,8806417057710,8806417057710,64170577,OK,201908148,OK,"이 약은 육체피로, 임신 및 수유기, 병을 앓는 동안이나 회복 후의 체력저하 시의 비타민 B1, B2, B6의 보급 및 자양강장에 사용합니다.
","만 8세 이상 및 성인은 1회 1병씩, 만 24개월 이상~만 8세 미만은 1회 1/2병씩, 만 12개월 이상~만 24개월 미만은 1회 1/4병씩, 만 3개월 이상~만 12개월 미만은 1회 1/6병씩, 1일 1회 복용하십시오.
",,"이 약을 복용하는 동안 레보도파를 복용하지 마십시오.
","구역, 구토, 묽은 변 등이 나타나는 경우 이 약의 복용을 즉각 중단하고 의사 또는 약사와 상의하십시오.
","습기와 빛을 피해 실온에서 보관하십시오.

어린이의 손이 닿지 않는 곳에 보관하십시오.
"
0108806417057819,애린쏙 10T,"2,000",6417057819,6417,0578,8806417057819,8806417057819,64170578,OK,202000108,OK,"이 약은 식도역류 및 열공헤르니아, 위 십이지장염, 위ㆍ십이지장궤양에 있어서의 소화기능이상 (복통, 소화불량,구역, 구토), 과민성대장증후군 및 경련성 결장, 소아 질환(습관성 구토, 비감염성 장관통과장애 (변비, 설사))에 사용합니다.","성인은 1회 100~200 mg 1일 3회 식전에 복용합니다.연령, 증상에 따라 적절히 증감합니다.",,,"드물게 변비, 설사, 복명, 구역, 구토, 소화장애, 구갈, 구내마비감, 심계항진, 피로감, 졸음, 현기, 권태감, 두통, GOT, GPT 상승이 나타날 수 있습니다.드물게 발진 등이 나타나는 경우 복용을 즉각 중지하고 의사 또는 약사와 상의하십시오.",실온에서 보관하십시오.
0108806417058311,아네린 10T,"2,000",6417058311,6417,0583,8806417058311,8806417058311,64170583,OK,202001409,OK,"이 약은 위통, 복통(배아픔), 산통, 위산과다, 속쓰림에 사용합니다.
","성인은 1회 2정씩, 1일 2~3회, 8~14세는 1회 1정씩, 1일 2~3회 식후 또는 식간(식사때와 식사때 사이)에 복용합니다.

1일 2회 이상 복용 시에는 4시간 이상 간격을 두고 복용합니다.
",,"스코폴리아엑스를 함유하는 제제 및 다른 위장진통ㆍ진경제와 함께 복용하지 마십시오.
","알레르기 증상(발진, 가려움 등), 구갈(목마름), 변비, 두통, 안면(얼굴)홍조, 눈부심, 배뇨장애 등이 나타나는 경우 복용을 즉각 중지하고 의사 또는 약사와 상의하십시오.
","습기와 빛을 피해 실온에서 보관하십시오.

어린이의 손이 닿지 않는 곳에 보관하십시오.
"
0108806417063117,카네클로 질정 6T,"2,500",6417063117,6417,0631,8806417063117,8806417063117,64170631,OK,202303278,OK,"이 약은 칸디다성 질염에 사용합니다.
","성인은 보통 1회 1정씩, 1일 1회로 연속 6일간 취침 시에 질내 깊숙이 삽입하십시오.

단기요법으로 사용하는 경우 성인은 1회 2정씩, 1일 1회로 연속 3일간 취침 시에 질내 깊숙이 삽입하십시오.
",,"FK-506면억억제제와 같은 경구용 타크로리무스와 함께 사용하지 마십시오.
","아낙필락시스 반응, 섭씨 38도 이상의 고열, 혈관 부종, 과민증, 실신, 저혈압, 호흡 곤란, 복통, 구역, 발진, 두드러기, 소양증, 질 박리(벗겨짐), 질 분비물, 질 출혈 및/혹은 관련된 어깨 통증, 외음질 불편감, 외음질 홍반, 외음질 화끈감, 외음질 소양증, 외음질 통증, 적용부위 자극, 부종, 통증 등이 발생하는 경우 이 약의 사용을 즉각 중지하고 의사 또는 약사와 상의하십시오.
","습기와 빛을 피해 실온에서 보관하십시오.

어린이의 손이 닿지 않는 곳에 보관하십시오.
"
0108806417063810,크로아존엔정 10T,"2,000",6417063810,6417,0638,8806417063810,8806417063810,64170638,OK,202400654,OK,"이 약은 신경통, 허리통, 어깨결림에 사용합니다.
","성인은 1회 1~2정씩, 1일 2회 통증 또는 발작시에 복용합니다.
",,"다른 해열진통제, 감기약, 진정약 등과 함께 복용하지 마십시오.
","발진 및 충혈되어 붉어지는 발적, 구역, 구토, 변비, 식욕부진, 현기증 등이 나타나는 경우 이 약의 복용을 즉각 중지하고 의사 또는 약사와 상의하십시오.
","습기와 빛을 피해 실온에서 보관하십시오.

어린이의 손이 닿지 않는 곳에 보관하십시오.
"
0108806417063919,장제로큐 장용정 20T,"2,500",6417063919,6417,0639,8806417063919,8806417063919,64170639,OK,202400705,OK,"이 약은 변비 및 변비에 따른 식욕부진, 복부팽만, 장내이상발효, 치질에 사용합니다.
","15세 이상의 성인은 1회 1~2정씩, 1일 1회 취침 시에 복용합니다.

초회는 최소량으로 복용하고 변의 모양과 상태를 보면서 조금씩 양을 늘리거나 줄이십시오.
",,"제산제 복용 또는 우유 섭취 후 1시간 이내에는 이 약을 복용하지 마십시오. (이 약 복용 후 1시간 이내에는 우유 섭취 또는 제산제 복용을 피하십시오.)
","발진, 충혈되어 붉어짐, 가려움, 심한 복통, 설사, 구토, 복부불쾌감, 경련 등이 나타나는 경우 이 약의 복용을 즉각 중지하고 의사 또는 약사와 상의하십시오.
","습기와 빛을 피해 실온에서 보관하십시오.

어린이의 손이 닿지 않는 곳에 보관하십시오.
"
0108806417064725,위제로 유쾌 12g x 3P,"3,000",6417064725,6417,0647,8806417064725,8806417064725,64170647,OK,202402724,NO_ITEM,,,,,,
0108806417064817,알레드제로 120mg 10T,"3,000",6417064817,6417,0648,8806417064817,8806417064817,64170648,OK,202500268,NO_ITEM,,,,,,
0108806418051915,센스리베 21T,"7,000",6418051915,6418,0519,8806418051915,8806418051915,64180519,OK,201206706,OK,이 약은 피임에 사용합니다.,"1일 1정씩 21일간 표시된 순서에 따라 복용하고, 7일간 휴약합니다.복용시간은 가능하면 매일 같은 시간에 복용하는 것이 바람직합니다.7일의 휴약기간 동안 월경이 나타나며 대개 정제의 마지막 복용 후 2~3일 내에 시작됩니다.이 약을 계속 복용할 경우 7일간 휴약 후 새 포장의 정제로 복용을 시작하며 새로운 포장을 시작하기 전에 월경이 끝나지 않을 수도 있습니다.자세한 사항은 허가사항 상세정보를 참고하십시오.",혈전증과 같은 심각한 심혈관계 위험이 증가할 수 있어 경구피임제를 복용하는 여성은 흡연을 삼갑니다. 35세 이상 흡연자는 이 약을 복용하지 마십시오.,"C형 간염 직접 작용 항바이러스제, 페니토인, 바르비탈류, 프리미돈, 카르바마제핀, 리팜피신, 루피나미드, 아프레피탄트, 보센탄, 에파비렌즈, 옥스카르바제핀, 토피라메이트, 펠바메이트, 그리세오풀빈과 세인트존스풀, 고지혈증약물, 항생제와 함께 복용하지 마십시오.자몽주스와 함께 복용하지 마십시오.","동맥혈전색전증, 정맥혈전색전증, 뇌혈관사고, 혈관폐쇄, 심근경색의 증상이 나타나는 경우 복용을 즉각 중지하고 의사 또는 약사와 상의하십시오.비뇨생식기계 증상(월경외출혈, 월경량 변화 및 무월경 등), 유방 증상(유방긴장감 및 확대, 유루증, 유방통 등), 소화기계 증상(구역, 구토, 복부팽만감, 간장애 등), 중추신경계 증상(두통, 편두통, 우울증, 어지러움 등), 피부 증상(기미, 여드름, 다형성 홍반 등), 눈 증상(시각장애, 각막굴절변화 등), 청각장애, 대사 증상(나트륨 및 체액저류 등), 체중변화, 식욕변화 등이 나타날 수 있습니다.상세한 이상반응은 허가사항 상세정보를 확인하십시오.",실온에서 보관하십시오.어린이의 손이 닿지 않는 곳에 보관하십시오.
0108806418057535,레돌민 20T,"12,000",6418057535,6418,0575,8806418057535,8806418057535,64180575,OK,201404203,NO_ITEM,,,,,,
0108806418062638,아이톡 0.5ml x 30관,"7,000",6418062638,6418,0626,8806418062638,8806418062638,64180626,OK,201501013,OK,"이 약은 바람, 연기, 공해, 먼지, 건조한 열, 에어컨, 항공여행, 장시간 컴퓨터 사용으로 인해 발생하는 눈의 건조(불쾌감, 찌르는듯한 통증, 자극)나 눈의 피로에 사용합니다.",필요 시 각각의 눈에 1회 1방울 1일 수회 점안합니다.점안 후 남은액과 용기는 버립니다.,,,드물게 눈 자극이 나타나는 경우 사용을 즉각 중지하고 의사 또는 약사와 상의하십시오.,습기와 빛을 피해 실온에서 보관하십시오.어린이의 손이 닿지 않는 곳에 보관하십시오.
0108806418067510,[광동] 벤포파워Z 100ml,"2,000",6418067510,6418,0675,8806418067510,8806418067510,64180675,OK,201903344,OK,"이 약은 육체피로, 임신ㆍ수유기, 병중ㆍ병후(병을 앓는 동안이나 회복 후)의 체력 저하 시 비타민 B1, B2, B6의 보급과 신경통, 근육통, 관절통(요통, 어깨결림 등), 구각염(입꼬리염), 구순염(입술염), 구내염(입안염), 설염(혀염), 습진, 피부염 증상의 완화, 각기, 눈의 피로와 아연의 보급에 사용합니다.","만 12세 이상 및 성인은 1일 2회, 1회 1병을 식후에 복용합니다.",,"인산염, 칼슘염, 경구용 테트라사이클린계 제제, 제산제, 레보도파와 함께 복용하지 마십시오.항알도스테론제, 트리암테렌과 함께 복용 시 의사 또는 약사와 상의하십시오.녹차, 홍차 등 탄닌을 함유하는 차는 복용 중, 복용 전후에는 피하십시오.","역, 구토, 묽은 변, 설사, 위장관장애, 소화장애, 상복부통증, 저혈압, 폐부종 등이 나타나는 경우 복용을 즉각 중지하고 의사 또는 약사와 상의하십시오.",습기와 빛을 피해 실온에서 보관하십시오.어린이의 손이 닿지 않는 곳에 보관하십시오.
0108806418072811,아이톡쿨 점안액 쿨 14ml,"3,500",6418072811,6418,0728,8806418072811,8806418072811,64180728,OK,202301685,OK,"이 약은 눈의 피로, 눈물의 보조(눈의 건조), 하드콘택트렌즈 또는 소프트렌즈 착용 시 불쾌감, 눈의 침침함(눈곱이 많을 때 등)에 사용합니다.
","1회 1~2방울 1일 3~5회 점안하여 사용하십시오.
",,,"눈의 충혈, 가려움, 부종(부기), 하드콘택트렌즈를 착용하는 사람에게서 눈곱 등의 분비물이 많으면서 드물게 렌즈가 흐리게 되는 경우, 눈의 침침함이 개선되지 않는 경우, 2주 정도 투여 후에도 증상의 개선이 보이지 않는 경우 사용을 즉각 중지하고 의사 또는 약사와 상의하십시오.
","습기와 빛을 피해 실온에서 보관하십시오.

어린이의 손이 닿지 않는 곳에 보관하십시오.
"
0108806418072828,아이톡쿨 점안액 순 14ml,"3,500",6418072828,6418,0728,8806418072828,8806418072828,64180728,OK,202301685,OK,"이 약은 눈의 피로, 눈물의 보조(눈의 건조), 하드콘택트렌즈 또는 소프트렌즈 착용 시 불쾌감, 눈의 침침함(눈곱이 많을 때 등)에 사용합니다.
","1회 1~2방울 1일 3~5회 점안하여 사용하십시오.
",,,"눈의 충혈, 가려움, 부종(부기), 하드콘택트렌즈를 착용하는 사람에게서 눈곱 등의 분비물이 많으면서 드물게 렌즈가 흐리게 되는 경우, 눈의 침침함이 개선되지 않는 경우, 2주 정도 투여 후에도 증상의 개선이 보이지 않는 경우 사용을 즉각 중지하고 의사 또는 약사와 상의하십시오.
","습기와 빛을 피해 실온에서 보관하십시오.

어린이의 손이 닿지 않는 곳에 보관하십시오.
"
0108806418072835,아이톡쿨 점안액 라이트 14ml,"3,500",6418072835,6418,0728,8806418072835,8806418072835,64180728,OK,202301685,OK,"이 약은 눈의 피로, 눈물의 보조(눈의 건조), 하드콘택트렌즈 또는 소프트렌즈 착용 시 불쾌감, 눈의 침침함(눈곱이 많을 때 등)에 사용합니다.
","1회 1~2방울 1일 3~5회 점안하여 사용하십시오.
",,,"눈의 충혈, 가려움, 부종(부기), 하드콘택트렌즈를 착용하는 사람에게서 눈곱 등의 분비물이 많으면서 드물게 렌즈가 흐리게 되는 경우, 눈의 침침함이 개선되지 않는 경우, 2주 정도 투여 후에도 증상의 개선이 보이지 않는 경우 사용을 즉각 중지하고 의사 또는 약사와 상의하십시오.
","습기와 빛을 피해 실온에서 보관하십시오.

어린이의 손이 닿지 않는 곳에 보관하십시오.
"
0108806419000431,겔포스엠현탁액 20g 4포,"4,000",6419000431,6419,0004,8806419000431,8806419000431,64190004,OK,199400883,OK,"이 약은 위산과다(위염, 위·십이지장궤양에 관련된 것도 포함), 속쓰림, 위부불쾌감, 위부팽만감, 체함, 구역, 구토, 위통, 신트림에 사용합니다.
","성인 1회 1포씩, 1일 3회 식간(식사 때와 식사 때 사이) 및 취침 시 복용합니다. 복용간격은 4시간 이상으로 합니다.
",,"테트라사이클린계 항생제를 함께 복용하지 마십시오.
","변비 또는 설사 등이 나타나는 경우 복용을 즉각 중지하고 의사 또는 약사와 상의하십시오.
","습기와 빛을 피해 실온에서 보관하십시오.

어린이의 손이 닿지 않는 곳에 보관하십시오.
"
0108806419000479,겔포스엠 20g x 6P,"5,000",6419000479,6419,0004,8806419000479,8806419000479,64190004,OK,199400883,OK,"이 약은 위산과다(위염, 위·십이지장궤양에 관련된 것도 포함), 속쓰림, 위부불쾌감, 위부팽만감, 체함, 구역, 구토, 위통, 신트림에 사용합니다.
","성인 1회 1포씩, 1일 3회 식간(식사 때와 식사 때 사이) 및 취침 시 복용합니다. 복용간격은 4시간 이상으로 합니다.
",,"테트라사이클린계 항생제를 함께 복용하지 마십시오.
","변비 또는 설사 등이 나타나는 경우 복용을 즉각 중지하고 의사 또는 약사와 상의하십시오.
","습기와 빛을 피해 실온에서 보관하십시오.

어린이의 손이 닿지 않는 곳에 보관하십시오.
"
0108806419031633,용각산쿨 복숭아향 18P,"6,000",6419031633,6419,0316,8806419031633,8806419031633,64190316,OK,200101057,OK,"이 약은 기침, 가래, 인후(목구멍)의 염증에 의한 인후(목구멍)의 목쉼, 통증·부기, 불쾌감에 사용합니다.
","성인 및 15세 이상 청소년은 1회 1포씩, 11세 이상~15세 미만은 1회 2/3포씩, 7세 이상~11세 미만은 1회 1/2포씩, 3세 이상~7세 미만은 1회 1/3포씩 1일 3~6회 물 없이 복용합니다.

복용간격은 2시간 이상으로 합니다.
",,"다른 진해거담제, 감기약, 항히스타민제, 진정제, 알코올과 함께 복용하지 마십시오.

칼륨함유제제, 감초함유제제, 글리시리진산 또는 그 염류 함유제제, 루프계 이뇨제(푸로세미드, 에타크린산) 또는 티아지드계 이뇨제(트리클로르메티아지드)와 함께 사용 시 의사 또는 약사와 상의하십시오.

복용 중에는 음주하지 마십시오.
","발진, 발적(충혈되어 붉어짐), 가려움, 구역, 구토, 식욕부진, 어지럼, 요량이 감소하거나 얼굴과 손발이 붓고, 눈꺼풀이 무거워지고, 손이 굳어지고, 혈압이 높아지거나 두통, 무력감, 사지경련, 마비 등이 나타나는 경우 복용을 즉각 중지하고 의사 또는 약사와 상의하십시오.
","습기와 빛을 피해 실온에서 보관하십시오.

어린이의 손이 닿지 않는 곳에 보관하십시오.
"
0108806419031640,용각산쿨 민트향 18P,"6,000",6419031640,6419,0316,8806419031640,8806419031640,64190316,OK,200101057,OK,"이 약은 기침, 가래, 인후(목구멍)의 염증에 의한 인후(목구멍)의 목쉼, 통증·부기, 불쾌감에 사용합니다.
","성인 및 15세 이상 청소년은 1회 1포씩, 11세 이상~15세 미만은 1회 2/3포씩, 7세 이상~11세 미만은 1회 1/2포씩, 3세 이상~7세 미만은 1회 1/3포씩 1일 3~6회 물 없이 복용합니다.

복용간격은 2시간 이상으로 합니다.
",,"다른 진해거담제, 감기약, 항히스타민제, 진정제, 알코올과 함께 복용하지 마십시오.

칼륨함유제제, 감초함유제제, 글리시리진산 또는 그 염류 함유제제, 루프계 이뇨제(푸로세미드, 에타크린산) 또는 티아지드계 이뇨제(트리클로르메티아지드)와 함께 사용 시 의사 또는 약사와 상의하십시오.

복용 중에는 음주하지 마십시오.
","발진, 발적(충혈되어 붉어짐), 가려움, 구역, 구토, 식욕부진, 어지럼, 요량이 감소하거나 얼굴과 손발이 붓고, 눈꺼풀이 무거워지고, 손이 굳어지고, 혈압이 높아지거나 두통, 무력감, 사지경련, 마비 등이 나타나는 경우 복용을 즉각 중지하고 의사 또는 약사와 상의하십시오.
","습기와 빛을 피해 실온에서 보관하십시오.

어린이의 손이 닿지 않는 곳에 보관하십시오.
"
0108806419031671,용각산쿨 민트커피향 18P,"6,000",6419031671,6419,0316,8806419031671,8806419031671,64190316,OK,200101057,OK,"이 약은 기침, 가래, 인후(목구멍)의 염증에 의한 인후(목구멍)의 목쉼, 통증·부기, 불쾌감에 사용합니다.
","성인 및 15세 이상 청소년은 1회 1포씩, 11세 이상~15세 미만은 1회 2/3포씩, 7세 이상~11세 미만은 1회 1/2포씩, 3세 이상~7세 미만은 1회 1/3포씩 1일 3~6회 물 없이 복용합니다.

복용간격은 2시간 이상으로 합니다.
",,"다른 진해거담제, 감기약, 항히스타민제, 진정제, 알코올과 함께 복용하지 마십시오.

칼륨함유제제, 감초함유제제, 글리시리진산 또는 그 염류 함유제제, 루프계 이뇨제(푸로세미드, 에타크린산) 또는 티아지드계 이뇨제(트리클로르메티아지드)와 함께 사용 시 의사 또는 약사와 상의하십시오.

복용 중에는 음주하지 마십시오.
","발진, 발적(충혈되어 붉어짐), 가려움, 구역, 구토, 식욕부진, 어지럼, 요량이 감소하거나 얼굴과 손발이 붓고, 눈꺼풀이 무거워지고, 손이 굳어지고, 혈압이 높아지거나 두통, 무력감, 사지경련, 마비 등이 나타나는 경우 복용을 즉각 중지하고 의사 또는 약사와 상의하십시오.
","습기와 빛을 피해 실온에서 보관하십시오.

어린이의 손이 닿지 않는 곳에 보관하십시오.
"
0108806419031688,용각산쿨 블루베리향 18P,"6,000",6419031688,6419,0316,8806419031688,8806419031688,64190316,OK,200101057,OK,"이 약은 기침, 가래, 인후(목구멍)의 염증에 의한 인후(목구멍)의 목쉼, 통증·부기, 불쾌감에 사용합니다.
","성인 및 15세 이상 청소년은 1회 1포씩, 11세 이상~15세 미만은 1회 2/3포씩, 7세 이상~11세 미만은 1회 1/2포씩, 3세 이상~7세 미만은 1회 1/3포씩 1일 3~6회 물 없이 복용합니다.

복용간격은 2시간 이상으로 합니다.
",,"다른 진해거담제, 감기약, 항히스타민제, 진정제, 알코올과 함께 복용하지 마십시오.

칼륨함유제제, 감초함유제제, 글리시리진산 또는 그 염류 함유제제, 루프계 이뇨제(푸로세미드, 에타크린산) 또는 티아지드계 이뇨제(트리클로르메티아지드)와 함께 사용 시 의사 또는 약사와 상의하십시오.

복용 중에는 음주하지 마십시오.
","발진, 발적(충혈되어 붉어짐), 가려움, 구역, 구토, 식욕부진, 어지럼, 요량이 감소하거나 얼굴과 손발이 붓고, 눈꺼풀이 무거워지고, 손이 굳어지고, 혈압이 높아지거나 두통, 무력감, 사지경련, 마비 등이 나타나는 경우 복용을 즉각 중지하고 의사 또는 약사와 상의하십시오.
","습기와 빛을 피해 실온에서 보관하십시오.

어린이의 손이 닿지 않는 곳에 보관하십시오.
"
0108806419031725,용각산쿨 민트커피향 10P,"4,500",6419031725,6419,0317,8806419031725,8806419031725,64190317,OK,200101057,OK,"이 약은 기침, 가래, 인후(목구멍)의 염증에 의한 인후(목구멍)의 목쉼, 통증·부기, 불쾌감에 사용합니다.
","성인 및 15세 이상 청소년은 1회 1포씩, 11세 이상~15세 미만은 1회 2/3포씩, 7세 이상~11세 미만은 1회 1/2포씩, 3세 이상~7세 미만은 1회 1/3포씩 1일 3~6회 물 없이 복용합니다.

복용간격은 2시간 이상으로 합니다.
",,"다른 진해거담제, 감기약, 항히스타민제, 진정제, 알코올과 함께 복용하지 마십시오.

칼륨함유제제, 감초함유제제, 글리시리진산 또는 그 염류 함유제제, 루프계 이뇨제(푸로세미드, 에타크린산) 또는 티아지드계 이뇨제(트리클로르메티아지드)와 함께 사용 시 의사 또는 약사와 상의하십시오.

복용 중에는 음주하지 마십시오.
","발진, 발적(충혈되어 붉어짐), 가려움, 구역, 구토, 식욕부진, 어지럼, 요량이 감소하거나 얼굴과 손발이 붓고, 눈꺼풀이 무거워지고, 손이 굳어지고, 혈압이 높아지거나 두통, 무력감, 사지경련, 마비 등이 나타나는 경우 복용을 즉각 중지하고 의사 또는 약사와 상의하십시오.
","습기와 빛을 피해 실온에서 보관하십시오.

어린이의 손이 닿지 않는 곳에 보관하십시오.
"
0108806419031732,용각산쿨 블루베리향 10P,"4,500",6419031732,6419,0317,8806419031732,8806419031732,64190317,OK,200101057,OK,"이 약은 기침, 가래, 인후(목구멍)의 염증에 의한 인후(목구멍)의 목쉼, 통증·부기, 불쾌감에 사용합니다.
","성인 및 15세 이상 청소년은 1회 1포씩, 11세 이상~15세 미만은 1회 2/3포씩, 7세 이상~11세 미만은 1회 1/2포씩, 3세 이상~7세 미만은 1회 1/3포씩 1일 3~6회 물 없이 복용합니다.

복용간격은 2시간 이상으로 합니다.
",,"다른 진해거담제, 감기약, 항히스타민제, 진정제, 알코올과 함께 복용하지 마십시오.

칼륨함유제제, 감초함유제제, 글리시리진산 또는 그 염류 함유제제, 루프계 이뇨제(푸로세미드, 에타크린산) 또는 티아지드계 이뇨제(트리클로르메티아지드)와 함께 사용 시 의사 또는 약사와 상의하십시오.

복용 중에는 음주하지 마십시오.
","발진, 발적(충혈되어 붉어짐), 가려움, 구역, 구토, 식욕부진, 어지럼, 요량이 감소하거나 얼굴과 손발이 붓고, 눈꺼풀이 무거워지고, 손이 굳어지고, 혈압이 높아지거나 두통, 무력감, 사지경련, 마비 등이 나타나는 경우 복용을 즉각 중지하고 의사 또는 약사와 상의하십시오.
","습기와 빛을 피해 실온에서 보관하십시오.

어린이의 손이 닿지 않는 곳에 보관하십시오.
"
0108806419044039,맨담 케토쿨 5매,"2,500",6419044039,6419,0440,8806419044039,8806419044039,64190440,OK,200802243,OK,"이 약은 퇴행성관절염(골(뼈)관절염), 어깨관절주위염, 건ㆍ건초염(힘줄염ㆍ힘줄윤활막염), 건(힘줄)주위염, 상완골(위팔뼈)상과염(테니스 엘보우 등), 근육통, 외상(상처)후의 종창(부기)ㆍ동통(통증)의 진통ㆍ소염(항염)에 사용합니다.",약면의 박리지를 떼어낸 후 환부(질환 부위)에 1일 2회 부착합니다.,,,"드물게 쇽(두드러기, 호흡곤란, 얼굴부기 등 과민성유사증상), 천식발작(건성수포음, 천명, 호흡곤란), 때때로 발적, 발진, 가려움, 수포, 짓무름, 자극감 및 종창 등의 접촉피부염, 피부건조 및 색소침착, 직사일광에 의한 광과민증, 피부발진이 전신으로 확대되어 나타나는 경우 사용을 즉각 중지하고 의사 또는 약사와 상의하십시오.",빛을 피해 실온에서 보관하십시오.어린이의 손이 닿지 않는 곳에 보관하십시오.
0108806419065928,맨담 듀오임팩 7매,"2,000",6419065928,6419,0659,8806419065928,8806419065928,64190659,OK,201405522,OK,"이 약은 타박상, 삠, 허리통, 어깨결림, 근육통, 관절통의 진통·소염에 사용합니다.
","약면의 박리지를 벗기고 1일 1~3회 질환 부위에 붙입니다.
",,,"발진ㆍ발적, 가려움, 통증 등이 나타나는 경우 사용을 즉각 중지하고 의사 또는 약사와 상의하십시오.
","습기와 빛을 피해 실온에서 보관하십시오.

어린이의 손이 닿지 않는 곳에 보관하십시오.
"
0108806419066826,겔포스엘현탁액 20g 4포,"4,500",6419066826,6419,0668,8806419066826,8806419066826,64190668,OK,201708580,OK,"이 약은 위산과다, 속쓰림, 위부불쾌감, 위부팽만감, 체함, 구역, 구토, 위통, 신트림, 식욕감퇴(식욕부진), 소화불량, 과식에 사용합니다.",만 15세 이상은 1일 1~3회 1포(20 g) 식간(식사때와 식사때 사이에)복용합니다.복용간격은 4시간 이상으로 합니다.,,이 약을 복용하는 동안 테트라사이클린계 항생제를 함께 복용하지 마십시오.이 약을 복용하기 전에 다른 약물을 복용하고 있는 사람은 의사 또는 약사와 상의하십시오.,변비 또는 설사의 증상이 나타나는 경우 복용을 즉각 중지하고 의사 또는 약사와 상의하십시오.,습기와 빛을 피해 실온에서 보관하십시오.어린이의 손이 닿지 않는 곳에 보관하십시오.
0108806419066833,겔포스엘 20g x 6P,"5,000",6419066833,6419,0668,8806419066833,8806419066833,64190668,OK,201708580,OK,"이 약은 위산과다, 속쓰림, 위부불쾌감, 위부팽만감, 체함, 구역, 구토, 위통, 신트림, 식욕감퇴(식욕부진), 소화불량, 과식에 사용합니다.",만 15세 이상은 1일 1~3회 1포(20 g) 식간(식사때와 식사때 사이에)복용합니다.복용간격은 4시간 이상으로 합니다.,,이 약을 복용하는 동안 테트라사이클린계 항생제를 함께 복용하지 마십시오.이 약을 복용하기 전에 다른 약물을 복용하고 있는 사람은 의사 또는 약사와 상의하십시오.,변비 또는 설사의 증상이 나타나는 경우 복용을 즉각 중지하고 의사 또는 약사와 상의하십시오.,습기와 빛을 피해 실온에서 보관하십시오.어린이의 손이 닿지 않는 곳에 보관하십시오.
0108806420004015,버물리 에스액(신) 50ml,"3,000",6420004015,6420,0040,8806420004015,8806420004015,64200040,OK,199702966,OK,"이 약은 습진, 피부염, 땀띠, 옻 등에 의한 피부염, 가려움, 벌레물린데, 두드러기, 동창에 사용합니다.
","1일 수회 환부에 적당량을 바릅니다.
",,,"발진, 발적(충혈되어 붉어짐), 가려움, 부종(부기) 등이 나타나는 경우 사용을 즉각 중지하고 의사 또는 약사와 상의하십시오.
","습기와 빛을 피해 실온에서 보관하십시오.

어린이의 손이 닿지 않는 곳에 보관하십시오.

사용 후에는 반드시 뚜껑을 꼭 닫고 보관하십시오.

화기 근처에 두지 마십시오.

사용기한이 지난 제품은 사용하지 마십시오.
"
0108806420004022,버물리 에스액(솔타입) 50ml,"4,000",6420004022,6420,0040,8806420004022,8806420004022,64200040,OK,199702966,OK,"이 약은 습진, 피부염, 땀띠, 옻 등에 의한 피부염, 가려움, 벌레물린데, 두드러기, 동창에 사용합니다.
","1일 수회 환부에 적당량을 바릅니다.
",,,"발진, 발적(충혈되어 붉어짐), 가려움, 부종(부기) 등이 나타나는 경우 사용을 즉각 중지하고 의사 또는 약사와 상의하십시오.
","습기와 빛을 피해 실온에서 보관하십시오.

어린이의 손이 닿지 않는 곳에 보관하십시오.

사용 후에는 반드시 뚜껑을 꼭 닫고 보관하십시오.

화기 근처에 두지 마십시오.

사용기한이 지난 제품은 사용하지 마십시오.
"
0108806420005913,솔루펜 10C,"2,500",6420005913,6420,0059,8806420005913,8806420005913,64200059,OK,200512203,OK,"이 약은 만성 다발성 관절염, 류마티스관절염, 관절증, 강직척추염, 외상 및 수술 후 통증성 부종 또는 염증, 염증, 통증 및 발열을 수반하는 감염증의 치료보조에 사용합니다.
","성인은 1회 1캡슐(300 mg), 1일 2~4회 복용합니다. 단, 1일 4캡슐(1,200 mg)을 초과하지 않습니다.
","매일 세 잔 이상 정기적 음주자가 이 약 또는 다른 해열진통제를 복용할  때는 의사 또는 약사와 상의하십시오. 위장출혈을 일으킬 수 있습니다.

이 약 복용시 치명적일 수 있는 중대한 심혈관계 혈전 반응, 심근경색증, 뇌졸중의 위험이 증가하며, 위장관 출혈, 궤양 및 천공 등 심각한 위장관계 이상반응이 나타날 수 있습니다.

이 약 복용시 위장관의 출혈, 궤양 및 천공(뚫림) 등 치명적일 수 있는 중대한 위장관계 이상반응이 나타날 수 있습니다.
","이 약을 복용하는 동안 다른 비스테로이드성 소염진통제, 아스피린, 고용량의 메토트렉세이트를 사용하지 마십시오.

이 약을 복용하기 전에 코르티코스테로이드, 알코올, 디곡신, 페니토인, 프로베네시드, 설핀피라존, 설포닐우레아제, ACE 억제제 또는 안지오텐신Ⅱ 수용체 길항제, 이뇨제, 리튬, 쿠마린계 항응고제(와르파린 등), 바클로펜, 면역억제제(시클로스포린, 타크로리무스, 시롤리무스), 혈전용해제, 티클로피딘, 항혈전제, 혈중 칼륨농도를 증가시키는 약물(예, 칼륨 저류형 이뇨제, ACE 억제제, 안지오텐신-Ⅱ 수용체 길항제, 시클로스포린과 타크로리무스와 같은 면역억제제, 트리메토프림, 헤파린 등), CYP2C8, CYP2C9의 유도제(예, 리팜피신, 페노바르비탈), 저용량(15 mg/주 미만)의 메토트렉세이트, 항혈소판제 및 선택적 세로토닌 재흡수 억제제를 함께 사용 시 의사 또는 약사와 상의하십시오.
","피로, 졸음, 두통, 어지러움, 여성의 생식능력 감소, 때때로 식욕부진, 구역, 구토, 복통, 위부불쾌감, 혈관부종, 발진, 두드러기, 가려움, 자색반, 불안, 안절부절, 착란, 우울증, 요량감소, 전신부종, 숨가쁨, 나른함, 안와주위부종, 드물게 피부점막안증후군(스티븐스-존슨 증후군) 및 독성표피괴사용해(리엘증후군), 빈도불명의 호산구 증가 및 전신 증후군을 동반한 약물 발진(DRESS 증후군), 비염, 기관지경련, 말초부종, 드물게 쇽(흉부불쾌감, 오한, 호흡곤란, 혈압저하 등), 재생불량성빈혈, 용혈성빈혈, 과립백혈구감소, 백혈구감소, 무과립증, 범혈구감소, 혈소판감소, 혈소판기능저하(출혈시간 연장), 호산구 증가, 소화불량, 복부팽만, 속쓰림, 상복부의 통증, 설사나 변비, 식도염, 식도협착, 게실악화, 비특이성 출혈성 대장염, 궤양성 대장염 또는 크론병, 소화성궤양 위장출혈, 천공, 혈변, 위염, 췌장염, 다형홍반, 전신홍반루프스(SLE), 탈모, 천식발작의 유발, 습진, 아나필락시스 반응, 광민감반응, 황달, ALT 상승, AST 상승, ALP 상승, 간기능 이상, 간염, 황달, 급성 폐렴의 위험, 무시, 암침, 난청, 이명, 미각이상, 무균성 수막염(심한 두통, 구역, 구토, 불면, 목이 뻣뻣함, 발열 또는 의식장애), 드물게 정신이상, 초조, 흥분, 방향감각장애, 가역성 독성약시, 혈압저하, 혈압상승, 심계항진, 핍뇨, 혈뇨, 요단백, BUN, 혈중 크레아티닌의 상승, 고칼륨혈증, 신장유두괴사, 신증후군, 간질신장염, 매우 드물게 구갈, 구내염, 권태감, 발열, 코피, 염증악화 등이 나타나는 경우 즉각 복용을 중지하고 의사 또는 약사와 상의하십시오.
","습기와 빛을 피해 실온에서 보관하십시오.

어린이의 손이 닿지 않는 곳에 보관하십시오.
"
0108806420042710,솔루록센연질캡슐,"2,500",6420042710,6420,0427,8806420042710,8806420042710,64200427,OK,201900727,OK,"이 약은 류마티양 관절염, 골관절염(퇴행성 관절질환), 강직성 척추염, 건염(힘줄염), 급성통풍, 월경곤란증과 활액(윤활)낭염, 골격근장애(염좌(삠), 좌상(타박상), 외상(상처), 요천통(허리통증), 수술후 동통(통증), 편두통, 발치(이를 뽑음)후 동통(통증)에 사용합니다.
","성인은 류마티양 관절염, 골관절염, 강직성 척추염에는 1회 1~2캡슐(250~500 mg), 1일 2회(12시간마다), 급성통풍에는 초회량(처음 복용량)으로 3캡슐(750 mg) 복용하고 발작이 소실(없어짐)될 때까지 8시간 간격으로 1캡슐(250 mg)을 복용합니다.

골격근장애, 수술후 동통(통증), 발치(이를 뽑음)후 동통(통증), 월경곤란증, 건염(힘줄염), 활액(윤활)낭염에는 초회량(처음 복용량)으로 2캡슐(500 mg)을 복용한 후 6~8시간 간격으로 1캡슐(250 mg)씩 복용하고 1일 총용량이 5캡슐(1,250 mg)을 초과하지 않도록 합니다.

편두통에는 초회량(처음 복용량)으로 3캡슐(750 mg)을 복용하고 필요하면 1일 1~2캡슐(250 ~ 500 mg)을 더 복용할 수 있으며 초회량(처음 복용량)의 복용 30분 후에 복용합니다. 1일 총용량이 5캡슐(1,250 mg)을 초과하지 않도록 합니다.
","매일 세잔 이상 정기적 음주자가 이 약 또는 다른 해열진통제를 복용할 때는 의사 또는 약사와 상의하십시오. 위장출혈을 일으킬 수 있습니다.

이 약 복용 시 치명적일 수 있는 중대한 심혈관계 혈전 반응, 심근경색증, 뇌졸중의 위험이 증가하며, 위장관 출혈, 궤양 및 천공 등 심각한 위장관계 이상반응이 나타날 수 있습니다.
","다른 비스테로이드성 소염진통제 및 나프록센 유도체와 함께 복용하지 마십시오.

히단토인계 항간질제, 설파제, 설포닐요소계 혈당강하제, 프로프라놀롤 및 다른 -차단제, ACE 저해제(캅토프릴 등), 루프계 및 티아지드계 이뇨제, 프로베네시드, 아스피린, 리튬, 메토트렉세이트, 쿠마린계 항응혈제(와파린 등), 지도부딘, 뉴퀴놀론계 항생물질(에녹사신 등)과 함께 복용 시 의사 또는 약사와 상의하십시오.
","드물게 쇽증상(호흡곤란, 혈압강하, 서맥(느린 맥), 식은땀, 부종(부기) 등), PIE증후군(호산구증가를 수반하는 폐침윤 : 발열, 천명(숨을 쌕쌕거림), 기침, 가래를 동반함), 두드러기, 때때로 발진, 가려움 등의 과민증상, 토혈(혈액구토), 위장출혈, 소화성궤양, 천공(뚫림), 드물게 무과립구증, 호산구증다, 백혈구감소, 혈소판감소, 재생불량성빈혈, 용혈성(적혈구파괴성)빈혈, 혈소판 기능저하, 무균성 수막염(심한 두통, 구역, 구토, 불면, 목이 뻣뻣함, 발열 또는 의식장애), 때때로 습진, 발한(땀이 남), 자반(자주색 반점) 드물게 광과민증, 탈모, 발적(충혈되어 붉어짐), 괴사성용해, 다형성홍반(여러 모양의 붉은 반점), 피부점막안증후군(스티븐스-존슨증후군), 두드러기, 표피수포증, 호산구 증가 및 전신 증상 동반 약물 반응, 고정약물발진, 탈락성 피부염, 독성 표피괴사 등이 나타나는 경우 복용을 즉각 중지하고 의사 또는 약사와 상의하십시오.

때때로 위부불쾌감, 위통, 복통(배아픔), 구역, 구토, 식욕부진, 소화불량, 가슴쓰림, 설사, 변비, 구내염(입안염), 드물게 복부팽만감, 흑변, 구갈, 드물게 GOT, GPT 상승, 황달, 간염, 신장애(신장장애), 사구체 신염(신장염), 혈뇨, 고칼륨혈증, 간질성신염(신장염), 신증후군, 신장(콩팥) 유두괴사, 단백뇨(단백질이 섞인 오줌), 때때로 졸음, 인식기능장애, 드물게 현기(어지러움), 두통, 수족저림, 정력감퇴, 피로, 우울, 비정상적인 꿈, 집중능력 상실, 지남력상실, 불면, 근육통, 근쇠약, 이명(귀울림), 청각장애, 시각장애, 때때로 부종(부기), 호흡곤란, 드물게 심계항진(두근거림), 근무력증(근육무력증), 울혈성심부전, 호산구성 폐렴, 아나필락시양 반응, 월경장애, 오한(춥고 떨리는 증상)과 발열, 맥관염(혈관염), 고혈당, 저혈당 등이 나타날 수 있습니다.
","실온에서 보관하십시오.

어린이의 손이 닿지 않는 곳에 보관하십시오.
"
0108806420045216,시노타딘 10C,"2,000",6420045216,6420,0452,8806420045216,8806420045216,64200452,OK,201908562,OK,"이 약은 알레르기성 비염(재채기, 코막힘, 가려움, 눈의 작열감)과 만성 특발성 두드러기에 사용합니다.","성인 및 12세 이상의 소아는 1회 1정(10 mg), 1일 1회, 6~12세 미만은 체중이 30 kg이상인 경우 1회 1정(10 mg), 1일 1회 복용합니다.",,"시메티딘, 에리트로마이신, 케토코나졸, 퀴니딘, 플루코나졸, 플루옥세틴과 함께 복용하지 마십시오.","진정작용, 항콜린작용, 두통, 실신, 졸음, 목마름, 위장장애(구역, 위염), 식욕증진, 빈맥, 피로, 발진, 탈모증, 혈관부종을 포함한 아나필락시스, 간기능 장애, 상실성 부정빈맥, 두근거림, 어지러움, 경련 등이 나타나는 경우 복용을 즉각 중지하고 의사 또는 약사와 상의하십시오.",실온에서 보관하십시오.어린이의 손이 닿지 않는 곳에 보관하십시오.
0108806421062410,[유한] 메가비타 100ml,"2,000",6421062410,6421,0624,8806421062410,8806421062410,64210624,OK,202500628,NO_ITEM,,,,,,
0108806422002514,레가론현탁액 12.6ml x 4포,"5,500",6422002514,6422,0025,8806422002514,8806422002514,64220025,OK,200009497,NO_ITEM,,,,,,
0108806422014241,아락실 8g x 30P,"18,000",6422014241,6422,0142,8806422014241,8806422014241,64220142,OK,198400661,OK,"이 약은 변비와 변비에 수반하는 식욕부진(식욕감퇴), 복부(배부분)팽만, 장내이상발효, 치질의 완화에 사용합니다.
","성인 및 15세 이상의 소아는 1회 4 g~ 8 g을 1일 1회(저녁) 또는 2회(아침 및 저녁) 복용하되, 씹지말고 통상 아침에는 냉수, 저녁에는 온수로 복용합니다.
이 약을 취침 직전이나 누워있는 동안 복용하지 마십시오.
",,"강심배당체를 함께 복용 시 의사 또는 약사와 상의하십시오.
","복통, 설사, 구토가 나타나는 경우 복용을 즉각 중지하고 의사 또는 약사와 상의하십시오.
","습기와 빛을 피해 실온에서 보관하십시오.

어린이의 손이 닿지 않는 곳에 보관하십시오.
"
0108806422022062,타세놀 8시간 이알 서방정 6정,"1,500",6422022062,6422,0220,8806422022062,8806422022062,64220220,OK,200201482,OK,"이 약은 해열 및 감기에 의한 동통(통증)과 두통, 치통, 근육통, 허리동통(통증), 생리통, 관절통의 완화에 사용합니다.",12세 이상의 소아 및 성인은 매 8시간마다 2정씩 복용합니다.24시간 동안 6정을 초과하지 마십시오.,"매일 세잔 이상 정기적 음주자가 이 약 또는 다른 해열진통제를 복용할 때는 의사 또는 약사와 상의하십시오. 간손상을 일으킬 수 있습니다.매우 드물게 치명적일 수 있는 급성전신발진고름물집증, 스티븐스- 존슨증후군, 독성표피괴사용해와 같은 중대한 피부반응이 보고되었고 이 약 복용 후 피부발진 또는 다른 과민반응의 징후가 나타나는 경우 즉시 복용을 중단하십시오.아세트아미노펜으로 일일 최대 용량(4,000 mg)을 초과하여 복용하지 마십시오. 간손상을 일으킬 수 있습니다. 아세트아미노펜을 포함하는 다른 제품과 함께 복용하지 마십시오.","다른 소염(항염)진통제, 아세트아미노펜을 포함하는 다른 제품, 바르비탈계 약물, 삼환계 항우울제, 알코올과 함께 이 약을 복용하지 마십시오.이 약을 복용하기 전에 와파린, 리튬, 티아지드계 이뇨제를 복용한 환자는 의사 또는 약사와 상의하십시오.","쇽 증상(호흡곤란, 온몸이 붉어짐, 혈관부기, 두드러기 등), 천식발작, 혈소판감소, 과립구감소, 용혈성빈혈, 메트헤모글로빈혈증, 혈소판기능 저하(출혈시간 연장), 청색증, 구역, 구토, 식욕부진, 위장출혈, 소화성궤양, 천공(뚫림) 과민증상(얼굴부기, 땀이 남, 저혈압), 발진, 피부점막안증후군(스티븐스-존슨증후군), 독성표피괴사용해(리엘증후군), AST 상승, ALT 상승, 고정발진 등이 나타나는 경우 즉각 복용을 중지하고 의사 또는 약사와 상의하십시오.",실온에서 보관하십시오.어린이의 손이 닿지 않는 곳에 보관하십시오.
0108806422024813,아락실큐 20T,"3,500",6422024813,6422,0248,8806422024813,8806422024813,64220248,OK,200712401,OK,"이 약은 변비와 변비에 수반하는 식욕부진(식욕감퇴), 복부(배부분)팽만, 장내이상발효, 치질의 완화에 사용합니다.","15세 이상 및 성인은 1회 2정, 1일 1회 취침시에 복용합니다.단, 처음은 최소량을 이용하고, 변의 모양과 상태를 보면서 조금씩 증량 또는 감량(줄임)하십시오.",,제산제와 함께 복용하지 마십시오.우유 섭취 후 1시간 이내는 복용을 피하십시오.,"발진·발적(충혈되어 붉어짐), 가려움, 심한 복통(배아픔), 설사, 구토, 복부불쾌감, 경련이 나타나는 경우 복용을 즉각 중지하고 의사 또는 약사와 상의하십시오.",습기와 빛을 피해 실온에서 보관하십시오.어린이의 손이 닿지 않는 곳에 보관하십시오.
0108806422035116,코리투살에스 노즈시럽 100ml,"2,200",6422035116,6422,0351,8806422035116,8806422035116,64220351,OK,201403633,OK,"이 약은 감기의 여러 증상(콧물, 코막힘, 재채기, 인후통, 오한, 발열, 두통, 관절통, 근육통)의 완화에 사용합니다.
","만 15세 이상 및 성인은 1회 20 mL씩, 만 11세 이상~만 15세 미만은 1회 13.33 mL씩, 만 7세 이상~만 11세 미만은 1회 10 mL씩, 만 3세 이상~만 7세 미만은 1회 6.67 mL씩, 만 2세 이상~만 3세 미만은 1회 5 mL씩, 1일 3~4회 식후 30분 및 취침시에 복용합니다.

복용간격은 4시간으로 합니다.
","매일 세잔 이상 정기적 음주자가 이 약 또는 다른 해열진통제를 복용할 때는 의사 또는 약사와 상의하십시오. 간손상을 일으킬 수 있습니다.

매우 드물게 치명적일 수 있는 급성전신발진고름물집증, 스티븐스-존슨증후군, 독성표피괴사용해와 같은 중대한 피부반응이 보고되었고 이 약 복용 후 피부발진 또는 다른 과민반응의 징후가 나타나는 경우 즉시 복용을 중단하십시오.

아세트아미노펜으로 일일 최대 용량(4,000 mg)을 초과하여 복용하지 마십시오. 간손상을 일으킬 수 있습니다. 아세트아미노펜을 포함하는 다른 제품과 함께 복용하지 마십시오.

급성전신발진고름물집증과 같은 중증 피부 이상반응이 나타나는 경우 복용을 중단하고 의사 또는 약사와 상의하십시오.
","MAO억제제(항우울제, 항정신병제, 감정조절제, 항파킨슨제 등), 진해거담제, 다른 감기약, 해열진통제, 진정제, 항히스타민제를 함유하는 내복약(비염용 경구제, 멀미약, 알레르기용약)과 함께 복용하지 마십시오.

당뇨약, 통풍약, 관절염약, 항응고제, 스테로이드제, 바르비탈계 약물, 삼환계 항우울제, 알코올과 함께 복용 시 의사 또는 약사와 상의하십시오.

복용 중에는 음주하지 마십시오.
","발진, 발적, 가려움, 구역, 구토, 식욕부진, 변비, 부종, 배뇨곤란, 목마름(지속적이거나 심한), 어지러움, 불안, 떨림, 불면, 쇽 증상(복용 후 바로 두드러기, 부종, 가슴답답함 등과 함께 안색이 창백하고, 손발이 차고, 식은땀, 숨쉬기 곤란함), 피부점막안증후군(스티븐스-존슨증후군), 독성표피괴사용해(고열을 동반하고, 발진·발적, 화상과 같이 물집이 생기는 심한 증상이 전신피부, 입 또는 눈점막에 나타남), 천식, 간기능장애(전신의 나른함, 황달), 간질성폐렴(기침을 동반하고, 숨이 차고, 호흡곤란, 발열), 허혈성 대장염(급격한 복통, 직장 출혈) 등이 나타나는 경우 복용을 즉각 중지하고 의사 또는 약사와 상의하십시오.
","습기와 빛을 피해 실온에서 보관하십시오.

어린이의 손이 닿지 않는 곳에 보관하십시오.
"
0108806422035222,코리투살에스 코프시럽 100ml,"2,200",6422035222,6422,0352,8806422035222,8806422035222,64220352,OK,201403601,OK,"이 약은 기침, 가래, 천식에 사용합니다.
","만 15세 이상 및 성인은 1회 10 mL씩, 만 11세 이상~만 15세 미만은 1회 6.67 mL씩, 만 8세 이상~만 11세 미만은 1회 5 mL씩, 만 5세 이상~만 8세 미만은 1회 3.33 mL씩, 만 3세 이상~만 5세 미만은 1회 2.5 mL씩, 만 2세 이상~만 3세 미만은 1회 2 mL씩, 1일 5~6회 복용합니다.

약 4시간 간격을 두고 복용합니다.
",,"MAO억제제(항우울제, 항정신병제, 감정조절제, 항파킨슨제 등), 다른 진해거담제, 감기약, 항히스타민제를 함유하는 내복약(비염용 경구제, 멀미약, 알레르기용약), 진정제와 함께 복용하지 마십시오.

복용 중에는 음주하지 마십시오.
","발진, 발적, 가려움, 구역, 구토, 식욕부진, 어지러움, 불안, 떨림, 불면 등이 나타나는 경우 복용을 즉각 중지하고 의사 또는 약사와 상의하십시오.
","습기와 빛을 피해 실온에서 보관하십시오.

어린이의 손이 닿지 않는 곳에 보관하십시오.
"
0108806422037516,코리투살에스노즈 10C,"1,500",6422037516,6422,0375,8806422037516,8806422037516,64220375,OK,201502441,OK,"이 약은 감기의 여러 증상(콧물, 코막힘, 재채기, 인후통, 기침, 가래, 오한(춥고 떨리는 증상), 발열, 두통, 관절통, 근육통)의 완화에 사용합니다.
","만 15세 이상 및 성인은 1회 2캡슐씩, 만 8세 이상~만 15세 미만은 1회 1캡슐씩, 1일 3회 식후 30분에 복용합니다.
","매일 세잔 이상 정기적 음주자가 이 약 또는 다른 해열진통제를 복용할 때는 의사 또는 약사와 상의하십시오. 간손상을 일으킬 수 있습니다.

급성전신발진고름물집증과 같은 중증 피부 이상반응이 나타나는 경우 복용을 중단하고 의사 또는 약사와 상의하십시오.

매우 드물게 치명적일 수 있는 급성전신발진고름물집증, 스티븐스-존슨증후군, 독성표피괴사용해와 같은 중대한 피부반응이 보고되었고 이 약 복용 후 피부발진 또는 다른 과민반응의 징후가 나타나는 경우 즉시 복용을 중단하십시오.

아세트아미노펜으로 일일 최대 용량(4,000 mg)을 초과하여 복용하지 마십시오. 간손상을 일으킬 수 있습니다. 아세트아미노펜을 포함하는 다른 제품과 함께 복용하지 마십시오.
","진해거담제, 다른 감기약, 해열진통제, 진정제, 항히스타민제를 함유하는 내복약(비염용 경구제, 멀미약, 알레르기용약)과 함께 복용하지 마십시오.

MAO 억제제(항우울제, 항정신병제, 감정조절제, 항파킨슨제 등)를 복용하고 있거나 복용을 중단한 후 2주 이내의 사람은 이 약을 복용하지 마십시오.

이 약을 복용하기 전에 당뇨약, 통풍약, 관절염약, 항응고제, 스테로이드제 등을 투여 받고 있는 사람은 의사 또는 약사와 상의하십시오.

바르비탈계 약물, 삼환계 항우울제 및 알코올을 투여받는 환자 의사 또는 약사와 상의하십시오.

복용 중에는 음주하지 마십시오.
","발진·발적(충혈되어 붉어짐), 가려움, 구역·구토, 식욕부진, 변비, 부종, 배뇨곤란, 목마름(지속적이거나 심한), 어지러움, 불안, 떨림, 불면, 드물게 쇽 증상(두드러기, 부종, 가슴답답함 등과 함께 안색이 창백하고, 손발이 차고, 식은땀, 숨쉬기 곤란함), 피부점막안증후군(스티븐스-존슨증후군), 독성표피괴사용해(고열을 동반하고, 발진·발적, 화상과 같이 물집이 생기는 심한 증상), 급성전신발진고름물집증, 발열, 홍반, 다수의 작은 농포와 같은 중증 피부 이상반응, 천식, 전신의 나른함, 황달, 간질성폐렴(기침을 동반하고, 숨이 차고, 호흡곤란, 발열), 허혈성 대장염의 증상(급격한 복통, 직장 출혈), 가역적 후뇌 병증 증후군 및 가역적 뇌혈관 수축 증후군(갑작스러운 심한 두통, 번개 두통, 구역, 구토, 혼돈, 발작, 시각 장애 등) 등이 나타나는 경우 복용을 즉각 중지하고 의사 또는 약사와 상의하십시오.
","습기와 빛을 피해 실온에서 보관하십시오.

어린이의 손이 닿지 않는 곳에 보관하십시오.
"
0108806422037615,코리투살에스코프 10C,"1,500",6422037615,6422,0376,8806422037615,8806422037615,64220376,OK,201502442,OK,"이 약은 감기의 여러 증상(인후통, 기침, 가래, 오한(춥고 떨리는 증상), 발열, 두통, 관절통, 근육통)의 완화에 사용합니다.
","만 15세 이상 성인은 1회 2캡슐씩, 만 8세 이상~만 15세 미만은 1회 1캡슐씩, 1일 3회 식후 30분에 복용합니다.
","매일 세잔 이상 정기적 음주자가 이 약 또는 다른 해열진통제를 복용할 때는 의사 또는 약사와 상의하십시오. 간손상을 일으킬 수 있습니다.

매우 드물게 치명적일 수 있는 급성전신발진고름물집증, 스티븐스-존슨증후군, 독성표피괴사용해와 같은 중대한 피부반응이 보고되었고 이 약 복용 후 피부발진 또는 다른 과민반응의 징후가 나타나는 경우 즉시 복용을 중단하십시오.

아세트아미노펜으로 일일 최대 용량(4,000 mg)을 초과하여 복용하지 마십시오. 간손상을 일으킬 수 있습니다. 아세트아미노펜을 포함하는 다른 제품과 함께 복용하지 마십시오.
","아세트아미노펜을 포함하는 다른 제품, MAO억제제(항우울제, 항정신병제, 감정조절제, 항파킨슨제 등), 진해(기침을 그치게 함)거담제(가래약), 다른 감기약, 해열진통제, 진정제, 항히스타민제를 함유하는 내복약(비염용 경구제, 멀미약, 알레르기용약)과 함께 복용하지 마십시오.

MAO억제제(항우울제, 항정신병제, 감정조절제, 항파킨슨제 등) 복용을 중단한 후 2주 이내의 사람은 이 약을 복용하지 마십시오.

바르비탈계 약물, 삼환계 항우울제 및 알코올을 투여한 환자는 의사 또는 약사와 상의하십시오.

복용 중에는 음주하지 마십시오.
","발진·발적(충혈되어 붉어짐), 가려움, 구역·구토, 식욕부진, 변비, 어지러움, 불안, 떨림, 불면, 쇽 증상(복용후 바로 두드러기, 부종(부기), 가슴답답함 등과 함께 안색이 창백하고, 손발이 차고, 식은땀, 숨쉬기 곤란함), 피부점막안증후군(스티븐스-존슨증후군), 독성표피괴사용해(리엘증후군: 고열을 동반하고, 발진·발적, 화상과 같이 물집이 생기는 등의 심한 증상), 천식, 전신의 나른함, 황달(피부 또는 눈의 흰자위가 황색을 띄게 됨), 간질성폐렴(기침을 동반하고, 숨이 차고, 호흡곤란, 발열) 등이 나타나는 경우 복용을 즉각 중지하고 의사 또는 약사와 상의하십시오.
","습기와 빛을 피해 실온에서 보관하십시오.

어린이의 손이 닿지 않는 곳에 보관하십시오.
"
0108806422037714,코리투살에스콜드 10C,"1,500",6422037714,6422,0377,8806422037714,8806422037714,64220377,OK,201502443,OK,"이 약은 감기의 여러 증상(콧물, 코막힘, 재채기, 인후통, 기침, 가래, 오한(춥고 떨리는 증상), 발열, 두통, 관절통, 근육통)의 완화에 사용합니다.
","만 15세 이상 및 성인은 1회 2캡슐씩, 만 8세 이상~만 15세 미만은 1회 1캡슐씩, 1일 3회 식후 30분에 복용합니다.
","매일 세잔 이상 정기적 음주자가 이 약 또는 다른 해열진통제를 복용할 때는 의사 또는 약사와 상의하십시오. 간손상을 일으킬 수 있습니다.

급성전신발진고름물집증과 같은 중증 피부 이상반응이 나타나는 경우 복용을 중단하고 의사 또는 약사와 상의하십시오.

매우 드물게 치명적일 수 있는 급성전신발진고름물집증, 스티븐스-존슨증후군, 독성표피괴사용해와 같은 중대한 피부반응이 보고되었고 이 약 복용 후 피부발진 또는 다른 과민반응의 징후가 나타나는 경우 즉시 복용을 중단하십시오.

아세트아미노펜으로 일일 최대 용량(4,000 mg)을 초과하여 복용하지 마십시오. 간손상을 일으킬 수 있습니다. 아세트아미노펜을 포함하는 다른 제품과 함께 복용하지 마십시오.
","진해거담제, 다른 감기약, 해열진통제, 진정제, 항히스타민제를 함유하는 내복약(비염용 경구제, 멀미약, 알레르기용약)과 함께 복용하지 마십시오.

MAO 억제제(항우울제, 항정신병제, 감정조절제, 항파킨슨제 등)를 복용하고 있거나 복용을 중단한 후 2주 이내의 사람은 이 약을 복용하지 마십시오.

이 약을 복용하기 전에 당뇨약, 통풍약, 관절염약, 항응고제, 스테로이드제 등을 투여 받는 사람은 의사 또는 약사와 상의하십시오.

바르비탈계 약물, 삼환계 항우울제 및 알코올을 투여 받는 환자는 의사 또는 약사와 상의하십시오.

복용 중에는 음주하지 마십시오.
","발진·발적(충혈되어 붉어짐), 가려움, 구역·구토, 식욕부진, 변비, 부종, 배뇨곤란, 목마름(지속적이거나 심한), 어지러움, 불안, 떨림, 불면, 드물게 쇽 증상(두드러기, 부종, 가슴답답함 등과 함께 안색이 창백하고, 손발이 차고, 식은땀, 숨쉬기 곤란함), 피부점막안증후군(스티븐스-존슨증후군), 독성표피괴사용해(고열을 동반하고, 발진·발적, 화상과 같이 물집이 생기는 심한 증상), 급성전신발진고름물집증, 발열, 홍반, 다수의 작은 농포와 같은 중증 피부 이상반응, 천식, 전신의 나른함, 황달, 간질성폐렴(기침을 동반하고, 숨이 차고, 호흡곤란, 발열), 허혈성 대장염의 증상(급격한 복통, 직장 출혈), 가역적 후뇌 병증 증후군 및 가역적 뇌혈관 수축 증후군(갑작스러운 심한 두통, 번개 두통, 구역, 구토, 혼돈, 발작, 시각 장애 등) 등이 나타나는 경우 복용을 즉각 중지하고 의사 또는 약사와 상의하십시오.
","습기와 빛을 피해 실온에서 보관하십시오.

어린이의 손이 닿지 않는 곳에 보관하십시오.
"
0108806422038919,타세놀 500mg 10T,"1,500",6422038919,6422,0389,8806422038919,8806422038919,64220389,OK,201504877,OK,"이 약은 감기로 인한 발열 및 동통(통증), 두통, 신경통, 근육통, 월경통, 염좌통(삔 통증)과 치통, 관절통, 류마티양 동통(통증)에 사용합니다.","만 12세 이상의 소아 및 성인은 1회 1~2정씩, 1일 3~4회 (4~6시간 마다) 필요시 복용합니다.이 약은 가능한 최단기간동안 최소 유효용량으로 복용하십시오.","매일 세잔 이상 정기적 음주자가 이 약 또는 다른 해열진통제를 복용할 때는 의사 또는 약사와 상의하십시오. 간손상을 일으킬 수 있습니다.매우 드물게 치명적일 수 있는 급성전신발진고름물집증, 스티븐스- 존슨증후군, 독성표피괴사용해와 같은 중대한 피부반응이 보고되었고 이 약 복용 후 피부발진 또는 다른 과민반응의 징후가 나타나는 경우 즉시 복용을 중단하십시오.아세트아미노펜으로 일일 최대 용량(4,000 mg)을 초과하여 복용하지 마십시오. 간손상을 일으킬 수 있습니다. 아세트아미노펜을 포함하는 다른 제품과 함께 복용하지 마십시오.","다른 소염(항염)진통제, 아세트아미노펜을 포함하는 다른 제품, 바르비탈계 약물, 삼환계 항우울제, 알코올과 함께 이 약을 복용하지 마십시오.이 약을 복용하기 전에 와파린, 리튬, 티아지드계 이뇨제를 복용한 환자는 의사 또는 약사와 상의하십시오.","쇽 증상(호흡곤란, 온몸이 붉어짐, 혈관부기, 두드러기 등), 천식발작, 혈소판감소, 과립구감소, 용혈성빈혈, 메트헤모글로빈혈증, 혈소판기능 저하(출혈시간 연장), 청색증, 구역, 구토, 식욕부진, 위장출혈, 소화성궤양, 천공(뚫림) 과민증상(얼굴부기, 땀이 남, 저혈압), 발진, 피부점막안증후군(스티븐스-존슨증후군), 독성표피괴사용해(리엘증후군), AST 상승, ALT 상승, 고정발진 등이 나타나는 경우 즉각 복용을 중지하고 의사 또는 약사와 상의하십시오.",실온에서 보관하십시오.어린이의 손이 닿지 않는 곳에 보관하십시오.
0108806422044613,코트리나캡슐 10C,"2,000",6422044613,6422,0446,8806422044613,8806422044613,64220446,OK,202002383,OK,"이 약은 코감기(급성비염), 알레르기성 비염 또는 부비강염에 의한 코막힘, 콧물, 재채기, 눈물, 목의 통증, 머리 무거움 완화에 사용합니다.
","15세 이상 및 성인은 1회 1캡슐씩 1일 3회, 매 식후에 복용합니다.
","급성전신발진고름물집증과 같은 중증 피부 이상반응이 나타나는 경우 복용을 중단하고 의사 또는 약사와 상의하십시오.
","MAO억제제(항우울제, 항정신병제, 감정조절제, 항파킨슨제 등), 다른 비염용 경구제, 항히스타민제를 함유하는 내복약(감기약, 진해거담제, 멀미약, 알레르기용약 등)과 함께 복용하지 마십시오.

복용 중에는 음주하지 마십시오.
","출혈성뇌졸중, 구역, 구토, (지속적이거나 심한) 목마름, 변비, 식욕부진, 발진, 발적, 가려움, 배뇨곤란, 두통, 안면홍조, 비정상적인 눈부심, 쇽 증상(복용 후 바로 두드러기, 부종, 가슴답답함, 창백, 수족냉증, 식은땀, 숨쉬기 곤란함), 급성전신발진고름물집증, 위알도스테론증(요량이 감소하거나 얼굴과 손발이 붓고, 눈꺼풀이 무거워지고, 손이 굳어지고, 혈압이 높아지거나 두통), 근병증(무력감, 사지경련, 마비 등), 허혈성 대장염(급격한 복통, 직장 출혈) 등이 나타나는 경우 복용을 즉각 중지하고 의사 또는 약사와 상의하십시오.
","습기와 빛을 피해 실온에서 보관하십시오.

어린이의 손이 닿지 않는 곳에 보관하십시오.
"
0108806422045443,헥사메딘액,"3,000",6422045443,6422,0454,8806422045443,8806422045443,64220454,OK,201708285,OK,"이 약은 보철(의치)에 의한 염증, 아구창 등의 구강내 칸디다감염증, 치은염, 인두염, 아프타성 구내염에 의한 염증 완화와 치근막 수술후 살균소독에 사용합니다.
","1회 15 mL씩, 1일 2회 약 1분동안 입안을 헹구어 내거나 가글한 후 뱉어내며, 양치한 이후에 사용합니다.

사용 직후에 물이나 다른 구강 세정제로 헹구거나 이를 닦거나 음식을 섭취하는 것을 피하십시오.

의치로 인한 구내염의 경우에는 의치를 1일 2회 15분간 담가 세척합니다.

연령, 증상에 따라 적절히 증감할 수 있습니다.
","구강 내 정상 세균총의 불균형을 일으킬 수 있으므로 장기간 사용하지 마십시오.
",,"일시적인 이하선염, 치아나 구강(입안)표면에 착색 증가, 치은연상치석 형성 증가, 미감각의 변화 등이 나타날 수 있습니다.

드물게 쇽 증상(예: 구역, 불쾌감, 식은 땀, 어지러움, 답답함, 호흡곤란, 발작), 때때로 발진, 두드러기 등이 나타나는 경우 사용을 즉각 중지하고 의사 또는 약사와 상의하십시오.
","습기와 빛을 피해 실온에서 보관하십시오.

어린이의 손이 닿지 않는 곳에 보관하십시오.
"
0108806422045528,[부광] 위속엔 20T,"3,000",6422045528,6422,0455,8806422045528,8806422045528,64220455,OK,202102295,OK,"이 약은 위산과다, 속쓰림, 위부불쾌감, 위부팽만감, 식체(위체), 구역, 구토, 위통, 신트림, 소화불량, 식욕감퇴(식욕부진), 과식, 소화촉진으로 인한 위부팽만감에 사용합니다.
","성인은 1회 2정씩, 1일 3회 식후에 복용합니다.
",,"위장진통, 진경제와 함께 복용하지 마십시오.

칼륨함유제제, 감초함유제제, 글리시리진산 또는 그 염류 함유제제, 루프계 이뇨제(푸로세미드, 에타크린산) 또는 티아지드계 이뇨제(트리클로르메티아지드)와 함께 복용 시 의사 또는 약사와 상의하십시오.
","알레르기 증상(발진, 가려움등), 드물게 동계, 졸음, 현훈, 권태감, 두통, 변비, 입이 마르는 증상, 심계항진, GOT, GPT 상승, 위알도스테론증(요량이 감소하거나 얼굴과 손발이 붓고, 눈꺼풀이 무거워지고, 손이 굳어지고, 혈압이 높아지거나 두통 등), 근병증(무력감, 사지경련, 마비 등) 등이 나타나는 경우 복용을 즉각 중지하고 의사 또는 약사와 상의하십시오.
","습기와 빛을 피해 실온에서 보관하십시오.

어린이의 손이 닿지 않는 곳에 보관하십시오.
"
010880642237615,코리투살에스코프,"1,500",642237615,6422,3761,880642237615,880642237615,64223761,OK,,NO_ITEMSEQ,,,,,,
0108806427035128,판콜에스 내복액 1박스(30ml x 5EA),"2,500",6427035128,6427,0351,8806427035128,8806427035128,64270351,OK,198900672,OK,"이 약은 감기의 여러 증상(콧물, 코막힘, 재채기, 기침, 인후(목구멍)통, 가래, 오한(춥고 떨리는 증상), 발열, 두통, 관절통, 근육통)의 완화에 사용합니다.
","성인 1회 1병(30 mL) 1일 3회 식후 30분에 복용합니다.
","매일 세잔 이상 정기적 음주자가 이 약 또는 다른 해열진통제를 복용할 때는 의사 또는 약사와 상의하십시오. 간손상을 일으킬 수 있습니다.

매우 드물게 치명적일 수 있는 급성전신발진고름물집증, 스티븐스-존슨증후군, 독성표피괴사용해와 같은 중대한 피부반응이 보고되었고 이 약 복용 후 피부발진 또는 다른 과민반응의 징후가 나타나는 경우 즉시 복용을 중단하십시오.

아세트아미노펜으로 일일 최대 용량(4,000 mg)을 초과하여 복용하지 마십시오. 간손상을 일으킬 수 있습니다. 아세트아미노펜을 포함하는 다른 제품과 함께 복용하지 마십시오.
","아세트아미노펜을 포함하는 다른 제품, 진해거담제, 다른 감기약, 해열진통제, 진정제, 항히스타민제를 함유하는 내복약(비염용 경구제, 멀미약, 알레르기용약)과 함께 복용하지 마십시오.

당뇨약, 통풍약, 관절염약, 항응고제, 스테로이드제, 바르비탈계 약물, 삼환계 항우울제, 알코올을 투여한 경우 의사 또는 약사와 상의하십시오.

복용 중에는 음주하지 마십시오.
","급성전신발진고름물집증, 피부점막안증후군(스티븐스-존슨증후군), 독성표피괴사용해(리엘증후군: 고열을 동반하고 발진·발적, 화상과 같이 물집이 생기는 등의 심한 증상), 발진·발적, 가려움, 구역·구토, 식욕부진, 변비, 부종, 배뇨곤란, 목마름(지속적이거나 심한), 어지러움, 불안, 떨림, 불면, 드물게 복용 후 바로 두드러기, 부종, 가슴답답함 등과 함께 안색이 창백하고, 손발이 차고, 식은땀, 숨쉬기 곤란함, 천식, 전신의 나른함, 황달(피부 또는 눈의 흰자위가 황색을 띄게 됨), 간질성폐렴(기침을 동반하고, 숨이 차고, 호흡곤란, 발열) 등이 나타나는 경우 복용을 즉각 중지하고 의사 또는 약사와 상의하십시오.
","습기와 빛을 피해 실온에서 보관하십시오.

어린이의 손이 닿지 않는 곳에 보관하십시오.
"
0108806427039515,후시딘겔 10g,"7,000",6427039515,6427,0395,8806427039515,8806427039515,64270395,OK,200001087,OK,"이 약은 포도구균, 연쇄구균, 코리네박테륨, 클로스트리듐으로 인한 농피증(농가진, 감염성습진양피부염, 심상성여드름(보통여드름), 모낭염, 종기 및 종기증, 화농성한선염, 농가진성습진), 화상ㆍ외상ㆍ봉합창ㆍ식피창에 의한 2차 감염에 사용합니다.",1일 3~4회 적당량을 환부에 부드럽게 바릅니다.드레싱을 할 경우에는 1일 1~2회 정도로 횟수를 줄이는 것이 바람직합니다.,,,"가려움, 발적, 종창, 구진, 소수포, 일시적인 작열감 때때로 발진, 약한 동통 및 자극 등이 나타나는 경우 사용을 즉각 중지하고 의사 또는 약사와 상의하십시오.중증의 다리궤양 환자에 적용시 통증이 나타날 수 있습니다.",실온에서 보관하십시오.어린이의 손이 닿지 않는 곳에 보관하십시오.
0108806427039522,후시딘겔(티트리오일) 15g,"9,000",6427039522,6427,0395,8806427039522,8806427039522,64270395,OK,200001087,OK,"이 약은 포도구균, 연쇄구균, 코리네박테륨, 클로스트리듐으로 인한 농피증(농가진, 감염성습진양피부염, 심상성여드름(보통여드름), 모낭염, 종기 및 종기증, 화농성한선염, 농가진성습진), 화상ㆍ외상ㆍ봉합창ㆍ식피창에 의한 2차 감염에 사용합니다.",1일 3~4회 적당량을 환부에 부드럽게 바릅니다.드레싱을 할 경우에는 1일 1~2회 정도로 횟수를 줄이는 것이 바람직합니다.,,,"가려움, 발적, 종창, 구진, 소수포, 일시적인 작열감 때때로 발진, 약한 동통 및 자극 등이 나타나는 경우 사용을 즉각 중지하고 의사 또는 약사와 상의하십시오.중증의 다리궤양 환자에 적용시 통증이 나타날 수 있습니다.",실온에서 보관하십시오.어린이의 손이 닿지 않는 곳에 보관하십시오.
0108806427039713,후시딘 5g,"4,800",6427039713,6427,0397,8806427039713,8806427039713,64270397,OK,197900171,OK,"이 약은 포도구균, 연쇄구균, 코리네박테륨, 클로스트리듐으로 인한 농가진, 감염성습진양피부염, 심상성여드름(보통여드름), 모낭염, 종기 및 종기증, 화농성한선염, 농가진성습진, 화상ㆍ외상ㆍ봉합창ㆍ식피창에 의한 2차 감염에 사용합니다.",환부를 깨끗이 하고 1일 1~2회 적당량을 환부에 직접 바르거나 무균거즈에 넓게 펴발라 붙입니다.1주 정도로 투여기간을 제한합니다.두껍게 바르지 않습니다.,,,"감작된 증후(가려움, 발적, 종창, 구진, 소수포 등), 일시적인 작열감, 때때로 발진, 약한 동통 및 자극 등의 과민반응, 중증의 다리궤양 환자에 적용시 통증이 나타나는 경우 사용을 즉각 중지하고 의사 또는 약사와 상담하십시오.",실온에서 보관하십시오.어린이의 손이 닿지 않는 곳에 보관하십시오.
0108806427039720,후시딘 10g,"6,500",6427039720,6427,0397,8806427039720,8806427039720,64270397,OK,197900171,OK,"이 약은 포도구균, 연쇄구균, 코리네박테륨, 클로스트리듐으로 인한 농가진, 감염성습진양피부염, 심상성여드름(보통여드름), 모낭염, 종기 및 종기증, 화농성한선염, 농가진성습진, 화상ㆍ외상ㆍ봉합창ㆍ식피창에 의한 2차 감염에 사용합니다.",환부를 깨끗이 하고 1일 1~2회 적당량을 환부에 직접 바르거나 무균거즈에 넓게 펴발라 붙입니다.1주 정도로 투여기간을 제한합니다.두껍게 바르지 않습니다.,,,"감작된 증후(가려움, 발적, 종창, 구진, 소수포 등), 일시적인 작열감, 때때로 발진, 약한 동통 및 자극 등의 과민반응, 중증의 다리궤양 환자에 적용시 통증이 나타나는 경우 사용을 즉각 중지하고 의사 또는 약사와 상담하십시오.",실온에서 보관하십시오.어린이의 손이 닿지 않는 곳에 보관하십시오.
0108806427069826,바르지오 모두크림 30g,"7,500",6427069826,6427,0698,8806427069826,8806427069826,64270698,OK,202008175,OK,"이 약은 무좀, 완선(사타구니백선), 백선에 사용합니다.
","1일 1회 적당량을 환부(질환 부위)에 도포한다.
",,,"염증, 낙설(비듬이나 대와 같은 피부의 벗겨짐), 상처, 피부건조 및 피부가 당겨지는 느낌, 피부의 갈라짐, 통증, 색소 침착, 자극감, 열감, 인바늘, 짓무름, 수포, 발진 발적(충혈되어 붉어짐), 가려움증, 붓기, 두드러기 등이 나타나는 경우 사용을 즉각 중지하고 의사 또는 약사와 상의하십시오.
","습기와 빛을 피해 실온에서 보관하십시오.

어린이의 손이 닿지 않는 곳에 보관하십시오.

사용기간이 지난 제품은 사용하지 마십시오.

화기 근처에 두지 마십시오.
"
0108806427076725,화이투벤 멘톨 0.1% 10ml,"7,500",6427076725,6427,0767,8806427076725,8806427076725,64270767,OK,201309223,OK,"이 약은 코감기(급성비염), 알레르기성 비염 또는 부비동염에 의한 코막힘, 콧물, 재채기, 머리무거움의 완화에 사용합니다.
","만 12세 이상 청소년 또는 성인은 1일 1~3회, 1회 1번 각 코안에 뿌립니다.

적용간격은 8시간 이상으로 합니다.
",,"MAO 억제제(항우울제, 항정신병제, 감정조절제, 항파킨슨제 등)를 복용하고 있거나 복용을 중단한 후 2주 이내의 사람은 이 약을 사용하지 마십시오.

이 약을 사용하기 전에 삼환계 혹은 사환계 항우울제를 투여 중인 환자는 의사 또는 약사와 상의하십시오.

사용 중에는 음주하지 마십시오.
","발진ㆍ발적, 부종, 자극감, 가려움, 가역적 후뇌 병증 증후군 또는 가역적 뇌혈관 수축 증후군의 징후/증상(급작스런 심한 두통, 구역, 구토, 시각 장애 등) 등이 나타나는 경우 사용을 즉각 중지하고 의사 또는 약사와 상의하십시오.
","습기와 빛을 피해 실온에서 보관하십시오.

어린이의 손이 닿지 않는 곳에 보관하십시오.
"
0108806427076916,화이투벤 0.05%(어린이용) 10ml,"7,500",6427076916,6427,0769,8806427076916,8806427076916,64270769,OK,201309222,OK,"이 약은 코감기(급성비염), 알레르기성 비염 또는 부비동염에 의한 코막힘, 콧물, 재채기, 머리무거움의 완화에 사용합니다.
","만 2세 이상~만 12세 미만 어린이는 1일 1~3회, 1회 1번 각 코안에 뿌립니다.

사용 간격은 8시간 이상으로 사용합니다. 

1일 3회를 초과하지 마십시오.
",,"MAO 억제제(항우울제, 항정신병제, 감정조절제, 항파킨슨제 등)를 복용(사용)하고 있거나 복용(사용)을 중단한 후 2주 이내의 사람은 이 약을 사용하지 마십시오.

이 약을 사용하기 전에 삼환계 혹은 사환계 항우울제 투여 중인 환자는 의사 또는 약사와 상의하십시오.

사용 중에는 음주하지 마십시오.
","발진ㆍ발적, 부종, 자극감, 가려움, 가역적 후뇌 병증 증후군 또는 가역적 뇌혈관 증후군의 징후/증상(급작스런 심한 두통, 구역, 구토, 시각 장애 등) 등이 나타나는 경우 사용을 즉각 중지하고 의사 또는 약사와 상의하십시오.
","습기와 빛을 피해 실온에서 보관하십시오.

어린이의 손이 닿지 않는 곳에 보관하십시오.
"
0108806427077111,동화 알보칠 5ml,"6,000",6427077111,6427,0771,8806427077111,8806427077111,64270771,OK,202401206,NO_ITEM,,,,,,
0108806428003010,덴타포스 10C,"2,000",6428003010,6428,0030,8806428003010,8806428003010,64280030,OK,200201771,OK,"이 약은 치주치료 후 치은염, 경·중등도 치주염의 보조치료에 사용합니다.","성인은 1회 1캡슐, 1일 3회 식후에 복용합니다.",,,"발진, 발적, 설사, 식욕부진, 위부불쾌감, 구역, 구토, 구내염, 피부점막안증후군(스티븐스-존슨증후군), 독성표피괴사용해(발열, 홍반, 가려움, 안충혈, 구내염 등의 증상, 전신의 피부, 입과 목의 점막에 고열을 동반하는 발진·발적, 화상모양의 수종 등의 중증의 증상) 등이 나타나는 경우 복용을 즉각 중지하고 의사 또는 약사와 상의하십시오.",실온에서 보관하십시오.어린이의 손이 닿지 않는 곳에 보관하십시오.
0108806429062719,세노바퀵 10C,"3,000",6429062719,6429,0627,8806429062719,8806429062719,64290627,OK,201906400,OK,"이 약은 계절성 및 다년성 알레르기성 비염(코염), 알레르기성 결막염, 만성 특발성(원인불명의) 두드러기, 피부 소양증(가려움증)에 사용합니다.
","성인 및 6세 이상의 소아는 10 mg씩, 1일 1회 취침 전에 복용하고, 이상반응에 민감한 환자의 경우는 5 mg씩, 아침, 저녁에 복용합니다.
연령, 증상에 따라 적절히 증감할 수 있습니다
신장애 환자의 투여 간격은 환자의 신기능에 따라 조절되어야 하고, 신장애를 가진 소아 환자는 환자의 신 청소율과 체중을 고려하여 개별적으로 용량을 조절해야 하므로 자세한 사항은 허가사항을 참고하십시오.
",,"테오필린, 리토나비어, 과량의 알코올과 함께 복용하지 마십시오.
","졸음, 두통, 때때로 권태감, 마비감, 무력증, 초조, 감각이상, 드물게 가볍고 일시적인 나른함, 피로, 어지러움, 머리무거움, 흥분, 경련, 운동이상, 근육긴장이상, 실신, 떨림, 공격성, 혼돈, 우울, 환각, 불면증, 틱 장애, 기억상실, 기억장애, 자살관념, 악몽, 때때로 목마름, 입술건조감, 구역, 식욕부진, 위부불쾌감, 소화불량, 복통, 위통, 복부불쾌감, 설사, 드물게 구토, 위장장애, 입술염, 미각이상, 식욕증진, 드물게 빠른맥, 부정맥, 혈압상승, 때때로 목마름, 입술건조감, 구역, 식욕부진, 위부불쾌감, 소화불량, 복통, 위통, 복부불쾌감, 설사, 드물게 구토, 위장장애, 입술염, 미각이상, 식욕증진, 빠른맥, 부정맥, 혈압상승, 때때로 두근거림, 혈관염, 때때로 백혈구 감소, 호중구 감소, 림프구 증가, 호산구 증가, 드물게 단구 증가, 혈소판 증가, 광과민증, 드물게 과민증 및 과민성 쇼크, 때때로 부기, 가려움, 발진, 드물게 두드러기, 혈관신경성부종, 고정약물발진, 급성 전신 발진농포증, 드물게 흐린 시력, 결막충혈, 안조절 장애, 전후축의 안구운동, 현기증, 때때로 AST, ALT, ALP, 총빌리루빈, -GTP, LDH의 상승 등 간기능 장애, 황달, 간염, 때때로 BUN 상승, 당뇨, 피섞인 소변, 드물게 배뇨 곤란, 야뇨증, 소변고임, 관절통, 인두염, 기침, 코피, 기관지경련, 청력이상, 시각이상, 때때로 가슴통증, 드물게 월경불순, 귀울림, 비염, 체중 증가가 나타나는 경우 복용을 즉각 중지하고 의사 또는 약사와 상의하십시오.
","실온에서 보관하십시오.

어린이의 손이 닿지 않는 곳에 보관하십시오.
"
0108806432033522,록소앤 롤온타입 50g,"10,000",6432033522,6432,0335,8806432033522,8806432033522,64320335,OK,202001082,OK,"이 약은 요통, 어깨 결림에 따른 어깨 통증, 관절통, 근육통, 건초염(손·손목 통증), 팔꿈치 통증(테니스 엘보우 등), 타박상, 염좌(삠)에 사용합니다.
","증상에 따라 적당량을 1일 3~4회 환부(질환부위)에 바르고 잘 스며들도록 가볍게 문지릅니다.

연속 2주 이상 사용하지 마십시오.
",,"다른 국소 진통소염약물과 함께 사용하지 마십시오.
","쇽 증상(두드러기, 부종, 가슴 답답함 등과 함께 안색이 창백하고, 손발이 차고, 식은땀, 숨쉬기 곤란함 등), 발진, 발적, 가려움, 부어오름, 따끔거림, 염증 및 물집, 색소 침착, 배가 거북함, 상복부 통증, 설사, 묽은 변, 부종 등이 나타나는 경우 사용을 즉각 중지하고 의사 또는 약사와 상의하십시오.
","습기와 빛을 피해 실온에서 보관하십시오.

어린이의 손이 닿지 않는 곳에 보관하십시오.
"
0108806433016241,아나프록스 10T,"1,500",6433016241,6433,0162,8806433016241,8806433016241,64330162,OK,198300064,OK,"이 약은 류마티양 관절염, 골관절염(퇴행성 관절질환), 강직성 척추염, 건염(힘줄염), 급성통풍, 월경곤란증과 활액(윤활)낭염, 골격근장애(염좌(삠), 좌상(타박상), 외상(상처), 요천통(허리통증)), 수술후 동통(통증), 편두통, 발치(이를 뽑음)후 동통(통증)에 사용합니다.
","성인은 류마티양 관절염, 골관절염, 강직성 척추염에는 1회 1~2정(275~550 mg) 1일 2회(12시간마다) 복용, 급성통풍에는 초회량(처음 복용량)으로 3정(825 mg) 복용하고 발작이 소실(없어짐)될 때까지 8시간 간격으로 1정(275 mg)을 복용, 골격근장애, 수술후 동통(통증), 발치(이를 뽑음)후 동통(통증), 월경곤란증, 건염(힘줄염), 활액(윤활)낭염에는 초회량(처음 복용량)으로 2정(550 mg)을 복용한 후 6~8시간간격으로 1정(275 mg)씩 복용하고 1일 총용량이 5정(1,375 mg)을 초과하지 않도록 합니다. 편두통에는 초회량(처음 복용량)으로 3정(825 mg)을 복용하고 필요하면 1일 1~2정(275~550 mg)을 더 복용할 수 있으며 초회량(처음 복용량)의 복용 30분 후에 복용하고 1일 총용량이 5정(1,375 mg)을 초과하지 않도록 합니다.
","매일 세 잔 이상 정기적 음주자가 이 약 또는 다른 해열진통제를 복용할  때는 의사 또는 약사와 상의하십시오. 위장출혈을 일으킬 수 있습니다.

이 약 복용시 치명적일 수 있는 중대한 심혈관계 혈전 반응, 심근경색증, 뇌졸중의 위험이 증가하며, 위장관 출혈, 궤양 및 천공 등 심각한 위장관계 이상반응이 나타날 수 있습니다.
","다른 비스테로이드성 소염진통제 및 나프록센 유도체와 함께 복용하지 마십시오.

히단토인계 항간질제, 설파제, 설포닐요소계 혈당강하제, 프로프라놀롤 및 다른 -차단제, ACE 저해제(캅토프릴 등), 루프계 및 티아지드계 이뇨제, 프로베네시드, 아스피린, 리튬, 메토트렉세이트, 쿠마린계 항응혈제(와파린 등), 지도부딘, 뉴퀴놀론계 항생물질(에녹사신 등)을 함께 복용 시 의사 또는 약사와 상의하십시오.
","드물게 쇽증상(호흡곤란, 혈압강하, 서맥(느린 맥), 식은땀, 부종(부기) 등), PIE증후군(호산구증가를 수반하는 폐침윤 : 발열, 천명(숨을 쌕쌕거림), 기침, 가래를 동반함), 두드러기, 때때로 발진, 가려움 등의 과민증상, 토혈(혈액구토), 위장출혈, 소화성궤양, 천공(뚫림), 드물게 무과립구증, 호산구증다, 백혈구감소, 혈소판감소, 재생불량성빈혈, 용혈성(적혈구파괴성)빈혈, 혈소판 기능저하, 무균성 수막염(심한 두통, 구역, 구토, 불면, 목이 뻣뻣함, 발열 또는 의식장애), 때때로 습진, 발한(땀이 남), 자반(자주색 반점) 드물게 광과민증, 탈모, 발적(충혈되어 붉어짐), 괴사성용해, 다형성홍반(여러 모양의 붉은 반점), 탈락성 피부염, 스티븐스-존슨증후군(피부점막안증후군), 두드러기, 표피수포증, 독성표피괴사용해(리엘증후군), 호산구 증가 및 전신 증상 동반 약물 반응, 고정약물발진 등이 나타나는 경우 복용을 즉각 중지하고 의사 또는 약사와 상의하십시오.

때때로 위부불쾌감, 위통, 복통(배아픔), 구역, 구토, 식욕부진, 소화불량, 가슴쓰림, 설사, 변비, 구내염(입안염), 드물게 복부팽만감, 흑변, 구갈, 드물게 GOT, GPT 상승, 황달, 간염, 신장애(신장장애), 사구체 신염(신장염), 혈뇨, 고칼륨혈증, 간질성신염(신장염), 신증후군, 신장(콩팥) 유두괴사, 단백뇨(단백질이 섞인 오줌), 때때로 졸음, 인식기능장애, 드물게 현기(어지러움), 두통, 수족저림, 정력감퇴, 피로, 우울, 비정상적인 꿈, 집중능력 상실, 지남력상실, 불면, 근육통, 근쇠약, 이명(귀울림), 청각장애, 시각장애, 때때로 부종(부기), 호흡곤란, 드물게 심계항진(두근거림), 근무력증(근육무력증), 울혈성심부전, 호산구성 폐렴, 아나필락시양 반응, 월경장애, 오한(춥고 떨리는 증상)과 발열, 맥관염(혈관염), 고혈당, 저혈당 등이 나타날 수 있습니다.
","실온에서 보관하십시오.

어린이의 손이 닿지 않는 곳에 보관하십시오.
"
0108806433025014,젠빅 60c,"10,000",6433025014,6433,0250,8806433025014,8806433025014,64330250,OK,200300095,OK,"이 약은 노년기의 비타민 E의 보급과 말초혈행장애 및 갱년기시 어깨·목결림, 수족저림·수족냉증(손발이 차가움) 증상의 완화와 마그네슘결핍으로 인한 근육경련에 사용합니다.","18세 이상의 성인은 1일 2회, 1회 1캡슐을 복용합니다.",,"인산염, 칼슘염, 경구용 테트라사이클린계 제제, 제산제와 함께 복용하지 마십시오.에스트로겐을 포함한 경구용 피임제, 항알도스테론제, 트리암테렌, 정주용 지질제와 함께 사용시 의사 또는 약사와 상의하십시오.녹차, 홍차 등 탄닌을 함유하는 차는 복용 중, 복용 전후에는 피하십시오.","위부불쾌감, 설사, 변비, 발진(충혈되어 붉어짐), 붉은 반점, 부전수축(심장박동정지), 중추신경계 기능저하, 생리가 예정보다 빨라지거나 양이 점점 많아지거나, 출혈이 오래 지속 되는 경우 복용을 즉각 중지하고 의사 또는 약사와 상의하십시오.",습기와 빛을 피해 실온에서 보관하십시오.어린이의 손이 닿지 않는 곳에 보관하십시오.
0108806433035051,케펨 40매,"8,000",6433035051,6433,0350,8806433035051,8806433035051,64330350,OK,200709963,OK,"이 약은 퇴행성관절염(골관절염), 어깨관절주위염, 건염(힘줄염)ㆍ건초염(힘줄윤활막염), 건(힘줄)주위염, 상완골(위팔뼈)상과염(테니스엘보우 등), 근육통, 외상후의 종창ㆍ동통(상처후의 부기ㆍ통증)의 진통ㆍ소염(항염)에 사용합니다.",약면의 박리지를 떼어낸 후 환부(질환 부위)에 1일 1회 부착합니다.,,,"드물게 쇽, 아나필락시양 증상(두드러기, 호흡곤란, 얼굴부기 등 과민성유사증상), 천식발작(건성 수포음(거품소리), 천명(숨을 쌕쌕거림), 호흡곤란), 때때로 발적(충혈되어 붉어짐), 발진, 가려움, 수포, 짓무름, 자극감 및 종창(부기) 등의 접촉피부염, 피부건조 및 색소침착 등이 나타나는 경우 사용을 즉각 중지하고 의사 또는 약사와 상의하십시오.",빛을 피해 실온에서 보관하십시오.어린이의 손이 닿지 않는 곳에 보관하십시오.
0108806433052317,류파프 6매,"2,500",6433052317,6433,0523,8806433052317,8806433052317,64330523,OK,200905268,OK,"이 약은 퇴행성관절염(골관절염), 어깨관절주위염, 건ㆍ건초염, 건주위염, 상완골상과염(테니스 엘보우 등), 근육통, 외상후의 종창ㆍ동통의 진통ㆍ소염(항염)에 사용합니다.",약면의 박리지를 떼어낸 후 1회 1매를 1일 2회 환부에 붙입니다.,,,"때때로 가려움, 홍반, 발적, 피부염(발진, 습진), 접촉피부염, 드물게 자극감 또는 수포 등이 나타나는 경우 사용을 즉각 중지하고 의사 또는 약사와 상의하십시오.",실온에서 보관하십시오.
0108806433052324,류파프핫 6매,"2,500",6433052324,6433,0523,8806433052324,8806433052324,64330523,OK,200905268,OK,"이 약은 퇴행성관절염(골관절염), 어깨관절주위염, 건ㆍ건초염, 건주위염, 상완골상과염(테니스 엘보우 등), 근육통, 외상후의 종창ㆍ동통의 진통ㆍ소염(항염)에 사용합니다.",약면의 박리지를 떼어낸 후 1회 1매를 1일 2회 환부에 붙입니다.,,,"때때로 가려움, 홍반, 발적, 피부염(발진, 습진), 접촉피부염, 드물게 자극감 또는 수포 등이 나타나는 경우 사용을 즉각 중지하고 의사 또는 약사와 상의하십시오.",실온에서 보관하십시오.
0108806433065515,파미딘 10mg 10정,"2,000",6433065515,6433,0655,8806433065515,8806433065515,64330655,OK,201306176,OK,"이 약은 위산과다, 속쓰림, 신트림에 사용합니다.
","만 16세 이상은 1회 1정(10 mg)씩, 1일 2정(20 mg)까지 복용할 수 있습니다.
",,"이 약을 복용하기 전에 비스테로이드성 소염(항염)진통제, 무좀치료제 및 항진균제(이트라코나졸 및 포사코나졸 경구현탁액 등), 티로신 키나아제 억제제(다사티닙, 엘로티닙, 게피티니브, 파조파닙 등)를 복용하는 환자는 의사 또는 약사와 상의하십시오.

복용 중에는 음주하지 마십시오.
","쇽, 호흡곤란, 전신홍조(온몸이 붉어짐), 안면부종(얼굴부기), 인두부종(부기), 두드러기, 백혈구 감소, 적혈구 감소, 혈소판 감소, 호산구 감소, 빈혈, 지혈지연(전신권태감, 무력, 피하(피부밑)점막하 출혈, 발열), 피부점막안증후군, 표피괴사증, 발진, 두드러기(홍반), 간기능장애(AST, ALT, -GTP, ALP치의 상승), 총빌리루빈·LDH 상승, 황달, 간염, 근육통, 횡문근융해증(횡문근용해), 관절통, 근육경련, 서맥(느린맥), 빈맥(빠른맥), 가슴 통증, 혈압상승, 안면홍조, 이명(귀울림), 의식장애, 경련, 전신권태감, 두통, 졸음, 불면, 환각, 초조, 흥분, 성욕감퇴, 감각이상, 두중감(머리무거움), 혼돈, 우울, 어지러움, 변비, 설사, 구갈, 구역구토, 복부(배부분)팽만감, 식욕부진, 구내염(입안염), 간질성 신염(신장염), 급성 신부전, 발열, 신기능 검사치 이상(BUN·크레아티닌 상승 등), 월경불순, 고열, 기침, 호흡곤란 및 흉부 X-ray 이상을 동반한 간질성 폐렴, 기관지경련, 여성형유방, 미각이상 등이 나타나는 경우 복용을 즉각 중지하고 의사 또는 약사와 상의하십시오.
","실온에서 보관하십시오.

어린이의 손이 닿지 않는 곳에 보관하십시오.
"
0108806433065522,파미딘 10mg 30정,"4,000",6433065522,6433,0655,8806433065522,8806433065522,64330655,OK,201306176,OK,"이 약은 위산과다, 속쓰림, 신트림에 사용합니다.
","만 16세 이상은 1회 1정(10 mg)씩, 1일 2정(20 mg)까지 복용할 수 있습니다.
",,"이 약을 복용하기 전에 비스테로이드성 소염(항염)진통제, 무좀치료제 및 항진균제(이트라코나졸 및 포사코나졸 경구현탁액 등), 티로신 키나아제 억제제(다사티닙, 엘로티닙, 게피티니브, 파조파닙 등)를 복용하는 환자는 의사 또는 약사와 상의하십시오.

복용 중에는 음주하지 마십시오.
","쇽, 호흡곤란, 전신홍조(온몸이 붉어짐), 안면부종(얼굴부기), 인두부종(부기), 두드러기, 백혈구 감소, 적혈구 감소, 혈소판 감소, 호산구 감소, 빈혈, 지혈지연(전신권태감, 무력, 피하(피부밑)점막하 출혈, 발열), 피부점막안증후군, 표피괴사증, 발진, 두드러기(홍반), 간기능장애(AST, ALT, -GTP, ALP치의 상승), 총빌리루빈·LDH 상승, 황달, 간염, 근육통, 횡문근융해증(횡문근용해), 관절통, 근육경련, 서맥(느린맥), 빈맥(빠른맥), 가슴 통증, 혈압상승, 안면홍조, 이명(귀울림), 의식장애, 경련, 전신권태감, 두통, 졸음, 불면, 환각, 초조, 흥분, 성욕감퇴, 감각이상, 두중감(머리무거움), 혼돈, 우울, 어지러움, 변비, 설사, 구갈, 구역구토, 복부(배부분)팽만감, 식욕부진, 구내염(입안염), 간질성 신염(신장염), 급성 신부전, 발열, 신기능 검사치 이상(BUN·크레아티닌 상승 등), 월경불순, 고열, 기침, 호흡곤란 및 흉부 X-ray 이상을 동반한 간질성 폐렴, 기관지경련, 여성형유방, 미각이상 등이 나타나는 경우 복용을 즉각 중지하고 의사 또는 약사와 상의하십시오.
","실온에서 보관하십시오.

어린이의 손이 닿지 않는 곳에 보관하십시오.
"
0108806433087616,파미딘 플러스 10T,"2,500",6433087616,6433,0876,8806433087616,8806433087616,64330876,OK,202104688,OK,"이 약은 위산과다 및 속쓰림과 관련된 가슴앓이의 경감에 사용합니다.
","성인 및 만 15세 이상은 1회 1정씩 복용합니다.

24시간 안에 2정 이상을 복용하지 마십시오.
",,"다른 위장약과 함께 복용하지 마십시오.

아테놀올, 메토프로롤, 프로프라놀롤, 클로로퀸, 싸이클린계 항생제, 디클루니살, 디곡신, 이인산염, 펙소페나딘, 철(염), 플루오로퀴놀론계 항생제, 불화나트륨, 글루코코르티코이드, 인도메타신, 케토코나졸, 란소프라졸, 페노티아진계 항전간제, 페니실라민, 인산염, 티록신, 살리실산과 함께 복용 시 의사 또는 약사와 상의하십시오.
","드물게 아나필락시스, 효소이상, 변비, 식욕부진, 복부불쾌감, 고창(복부팽만), 구토, 구갈(목마름), 발진, 가려움증, 담마진(두드러기), 표피박리, 피로, 황달, 간염, 맥관신경증성 부종, 관절통, 근육경련, 때때로 구역, 설사, 두통이 나타날 수 있습니다.
","습기와 빛을 피해 실온에서 보관하십시오.

어린이의 손이 닿지 않는 곳에 보관하십시오.
"
0108806433094218,동의고 6매,"3,000",6433094218,6433,0942,8806433094218,8806433094218,64330942,OK,200607950,OK,"이 약은 염좌(삠), 타박, 근육통, 관절통, 골절통, 요(허리)통, 견통(어깨통증), 동창의 진통ㆍ소염에 사용합니다.","1일 1~2회, 1회 1매씩 환부에 부착합니다.",,,"발진ㆍ발적(충혈되어 붉어짐), 가려움, 부종 등이 나타나는 경우 사용을 즉각 중지하고 의사 또는 약사와 상의하십시오.",습기와 빛을 피해 실온에서 보관하십시오.어린이의 손이 닿지 않는 곳에 보관하십시오.
0108806435000712,히아로겔 15g,"10,000",6435000712,6435,0007,8806435000712,8806435000712,64350007,OK,200301797,OK,"이 약은 치육점막이 상승된 히알루론산 농도를 필요로 하는 치은염, 잇몸출혈과 같은 염증상태와 스케일링, 박리, 발치, 외과적 처치후와 같은 외상성 상태의 치료에 사용합니다.","양치 후 1일 3~4회(식사 후), 3~4주간, 모든 증상이 소실될 때까지 지속적으로 사용합니다. 잇몸 조직에 이 약을 도포하여 점막 표면에 잘 분포할 수 있도록 손가락으로 가볍게 마사지합니다.",,,,습기와 빛을 피해 실온에서 보관하십시오.어린이의 손이 닿지 않는 곳에 보관하십시오.
0108806435002242,눈앤 0.5ml x 30관,"8,000",6435002242,6435,0022,8806435002242,8806435002242,64350022,OK,200710762,OK,"이 약은 안구건조증이나 바람·태양에 노출되어 생기는 화끈거리는 증상, 자극감, 불쾌감을 일시적으로 완화 및 안구자극감 예방에 사용합니다.","필요시 증상이 있는 눈에 1~2방울을 점안하고 점안 후 남은 액과 용기는 버립니다.다른 점안제와 동시에 사용할 경우, 희석 효과를 피하기 위해 적어도 15분의 간격을 두고 점안합니다.",,,"통증, 시야변화, 지속적인 충혈이나 자극감을 경험하거나, 증상이 악화되거나 72시간 이상 지속되는 경우 사용을 즉각 중지하고 의사 또는 약사와 상의하십시오.",상온에서 보관하십시오.어린이의 손이 닿지 않는 곳에 보관하십시오.
0108806435006110,루마 50g,"4,000",6435006110,6435,0061,8806435006110,8806435006110,64350061,OK,199602289,OK,"이 약은 퇴행성관절염(골관절염), 어깨관절주위염, 건ㆍ건초염, 건주위염, 상완골상과염(테니스 엘보우 등), 근육통, 외상후의 종창ㆍ동통의 진통ㆍ소염에 사용합니다.",증상에 따라 적당량을 1일 1~4회 환부에 바르고 잘 스며들도록 가볍게 문지릅니다.,,,"드물게 쇽 증상(두드러기, 호흡곤란, 얼굴부기 등 과민성유사증상), 천식발작(건성수포음, 천명, 호흡곤란), 때때로 발적, 발진, 가려움, 수포, 짓무름, 자극감 및 종창 등의 접촉피부염, 피부건조 및 색소침착, 직사일광에 의한 광과민증, 피부발진이 전신으로 확대될 경우 사용을 즉각 중지하고 의사 또는 약사와 상의하십시오.",습기와 빛을 피해 실온에서 보관하십시오.어린이의 손이 닿지 않는 곳에 보관하십시오.
0108806435009036,메디락 디에스장용캡슐 100C,"12,000",6435009036,6435,0090,8806435009036,8806435009036,64350090,OK,198701383,OK,"이 약은 정장, 변비, 묽은 변, 복부팽만감, 장내 이상발효에 사용합니다.
","성인 및 12세 이상의 소아는 1회 1/2캡슐~1캡슐(125~250 mg)을 1일 1~3회 복용합니다.
",,,,"습기와 빛을 피해 실온에서 보관하십시오.

어린이의 손이 닿지 않는 곳에 보관하십시오.
"
0108806435010032,목시딜액 5% 30ml,"4,000",6435010032,6435,0100,8806435010032,8806435010032,64350100,OK,199902702,OK,이 약은 남성형 탈모증(안드로젠탈모증)의 치료에 사용합니다.,"모발과 두피를 완전히 건조시킨 후, 이 약 0.5~1 mL를 1일 2회(아침, 저녁), 최소 4개월 동안 환부에만 바르고, 하루 총 투여량이 2 mL를 초과하지 마십시오.",,"이 약을 사용하는 동안 다른 두피용 약물, 외용 코르티코이드, 레티노이드, 바셀린, 디트라놀 또는 경피흡수를 촉진시킨다고 알려진 약물, 구아네티틴 등의 혈관확장제를 함께 사용하지 마십시오.","가려움, 인설, 홍반, 발적, 피부염, 피부건조, 이 약을 바른 부위 이외의 다모증(여성의 경우 안면털 성장), 모낭염, 작열감 및 피진을 포함한 국소 자극, 박리, 탈모, 피부 농양, 여드름, 조갑장애, 지루, 습진, 모발이상, 때때로 설사, 구역, 구토, 흉통, 혈압변화, 맥박변화, 심계항진, 심박동의 증가, 심낭삼출, 심막염, 전색, 빈맥, 기존에 존재하던 협심증의 악화 또는 진단 받지 않은 관상동맥질환자에서 협심증의 유발, 기관지염, 상기도 감염증, 부비동염, 호흡곤란, 호흡의 단축, 골절, 배통, 건염, 동통, 신경염(다발성 신경염 등), 쇠약, 어지럼, 두통, 몽롱함, 실신, 간염, 부종, 신결석, 염 및 체액저류, 열, 두드러기, 알레르기비염, 전신성 홍반 및 안면부종, 오한, 안구자극, 쓴맛, 이염(특히 외이염), 미각변화, 시력장애, 발기부전, 찌르는 것 같은 아픔, 갑작스러운 원인불명의 체중증가 등이 나타나는 경우 사용을 즉각 중지하고 의사 또는 약사와 상의하십시오.",빛을 피해 실온에서 보관하십시오.어린이의 손이 닿지 않는 곳에 보관하십시오.화기 근처에 두지 마십시오.
0108806435010520,무조날크림 15g,"3,000",6435010520,6435,0105,8806435010520,8806435010520,64350105,OK,199902693,OK,"이 약은 피부사상균에 의한 피부진균감염증(족부백선, 고부백선(완선), 체부백선)과 피티로스포룸 올비큘라레균에 의한 어루러기 및 피부칸디다증에 사용합니다.","1일 1~2회 환부(질환 부위)에 바릅니다.질환에 따른 치료기간은 족부백선(발백선증, 무좀)인 경우 1일 1회 1주, 지간(발가락사이)형 족부백선(발백선증, 무좀)인 경우 1일 2회 1주, 족저형(발바닥) 족부백선(발백선증, 무좀)인 경우 1일 2회 2주, 체부백선, 고부백선(대퇴부백선)(완선(사타구니백선))인 경우 1~2주, 피부칸디다증인 경우 1~2주, 어루러기인 경우 2주간 사용합니다.",,,"발진을 동반한 과민반응, 과도한 자극, 피부의 두드러기, 발적, 발진, 홍반, 가려움, 자극감, 국소의 접촉피부염, 피부박리, 상처의 딱지, 색소침착이상, 자통, 작열감 등이 나타나는 경우 사용을 즉각 중지하고 의사 또는 약사와 상의하십시오.",실온에서 보관하십시오.어린이의 손이 닿지 않는 곳에 보관하십시오.
0108806435011213,바이버 크림 5g,"2,000",6435011213,6435,0112,8806435011213,8806435011213,64350112,OK,199902697,OK,이 약은 단순포진(물집) 바이러스 감염증(초기 및 재발성 생식기 포진(물집)과 구순포진(물집) 포함)에 사용합니다.,"약 4시간 간격으로 1일 5회 환부(질환 부위)에 바릅니다.치료는 5일간 계속하여야 하며, 5일간 사용 후에도 치료되지 않을 경우에는 5일간 더 사용할 수 있습니다.",,프로베네시드를 투여한 환자는 의사 또는 약사와 상의하십시오.,"압통 등의 불쾌감, 일시적인 작열감, 자통을 포함하는 가벼운 동통 및 접촉피부염, 홍반성 발진, 습진, 알레르기반응 및 때때로 도포부위의 자극감, 가려움, 외음염, 안면 부종, 피부 탈색, 두드러기, 발진, 소수포성 발진, 피부 벗겨짐 등이 나타날 수 있습니다.",실온에서 보관하십시오.
0108806435011411,복합써스펜좌약 10개입,"10,000",6435011411,6435,0114,8806435011411,8806435011411,64350114,OK,199102142,OK,"이 약은 감기로 인한 발열 및 통증에 사용합니다.
","3~6세는 1회 2개, 1~2세는 1회 1~2개, 3~12개월은 1회 1개씩, 1일 2~3회 좌약의 둥근부분부터 직장내 깊이 삽입합니다.

직장 근육긴장으로 밀려나올 경우에는 양쪽대퇴부를 오므려 약 1분간 안아줍니다.
","매일 세잔 이상 정기적 음주자가 이 약 또는 다른 해열진통제를 복용(사용)할 때는 의사 또는 약사와 상의하십시오. 간손상을 일으킬 수 있습니다.

아세트아미노펜으로 일일 최대 용량(4,000mg)을 초과하여 복용(사용)하거나, 아세트아미노펜을 포함하는 다른 제품과 함께 복용(사용)하지 마십시오. 간손상을 일으킬 수 있습니다. 
","아세트아미노펜을 포함하는 다른 제품, 다른 소염진통제, 다른 해열진통제와 함께 사용하지 마십시오.

플루클록사실린, 바르비탈계 약물, 삼환계 항우울제, 알코올, 리튬, 티아지드계 이뇨제, 레보도파와 함께 사용 시 의사 또는 약사와 상의하십시오.
","쇽(호흡곤란, 두드러기 등), 천식발작, 드물게 혈소판감소, 과립구감소, 용혈성빈혈, 메트헤모글로빈혈증, 청색증, 드물게 발진, 안면부종, 호흡곤란, 발한, 저혈압, 구역, 구토, 식욕부진, 설사, 변의, 피부점막안증후군(스티븐스-존슨증후군), 독성표피괴사용해(리엘증후군) 등이 나타나는 경우 사용을 즉각 중지하고 의사 또는 약사와 상의하십시오.
","실온에서 보관하십시오.

어린이의 손이 닿지 않는 곳에 보관하십시오.
"
0108806435013217,소하자임 플러스 10T,"3,000",6435013217,6435,0132,8806435013217,8806435013217,64350132,OK,200301805,OK,"이 약은 위산과다, 속쓰림, 위부불쾌감, 위부팽만감, 식체(위체), 구역, 구토, 위통, 신트림, 소화불량, 식욕부진, 과식, 소화촉진, 소화불량으로 인한 위부팽만감에 사용합니다.
","성인은 1회 2정씩, 1일 3회 매 식후에 복용합니다.
",,"위장진통, 진경제와 함께 복용하지 마십시오.

칼륨함유제제, 감초함유제제, 글리시리진산 혹은 그 염류 함유제제, 루프계 이뇨제(푸로세미드, 에타크린산) 또는 티아지드계 이뇨제(트리클로르메티아지드)와 함께 복용 시 의사 또는 약사와 상의하십시오.
","알레르기 증상(발진, 가려움 등), 동계, 졸음, 현훈(어지러움), 권태감, 두통, 변비, 또는 입이 마르는 증상, 뇨량이 감소하거나, 얼굴이나 손발이 붓거나, 눈꺼풀이 무겁거나, 손이 굳어지거나, 혈압이 오르거나, 근병증(무력감, 사지경련, 마비 등) 등이 나타나는 경우 복용을 즉각 중지하고 의사 또는 약사와 상의하십시오.

드물게 심계항진, GOT, GPT 상승이 나타날 수 있습니다.
","습기와 빛을 피해 실온에서 보관하십시오.

어린이의 손이 닿지 않는 곳에 보관하십시오.
"
0108806435022714,제텐씨 60T,"18,000",6435022714,6435,0227,8806435022714,8806435022714,64350227,OK,198501220,OK,"이 약은 육체피로, 임신ㆍ수유기, 병중ㆍ병후(병을 앓는 동안이나 회복 후)의 체력 저하 시, 노년기의 비타민 B1, B2, B6, C, E의 보급과 구각염, 구순염, 구내염, 설염, 습진, 피부염 증상의 완화, 햇빛,피부병 등에 의한 색소침착(기미, 주근깨)의 완화, 잇몸출혈·비출혈(코피) 예방과 아연의 보급에 사용합니다.","만 12세 이상 및 성인은 1회 1정씩, 1일 1회 식후에 복용합니다.",,"인산염, 칼슘염, 경구용 테트라사이클린계 제제, 제산제, 레보도파와 함께 복용하지 마십시오.에스트로겐을 포함한 경구용 피임제, 항알도스테론제, 트리암테렌과 함께 복용 시 의사 또는 약사와 상의하십시오.녹차, 홍차 등 탄닌을 함유하는 차는 복용 중, 복용 전후에는 피하십시오.","위부불쾌감, 설사, 변비, 발진, 발적, 구역, 구토, 묽은 변, 위장관장애, 소화장애, 상복부통증, 저혈압, 폐부종, 생리가 예정보다 빨라지거나 양이 점점 많아지고, 출혈이 오래 지속 되는 경우 복용을 즉각 중지하고 의사 또는 약사와 상의하십시오.",습기와 빛을 피해 실온에서 보관하십시오.어린이의 손이 닿지 않는 곳에 보관하십시오.
0108806435024527,케어가글 오리지널 100ml(약국용),"1,200",6435024527,6435,0245,8806435024527,8806435024527,64350245,OK,199702589,OK,"이 약은 구강내 소독, 발치수술 또는 구강수술 후의 소독 및 살균에 사용합니다.
","1회 적당량을 1일 2~3회 사용해서 입안을 헹구어 냅니다.

구강내 소독시에는 이 약을 2.5배 희석합니다.
",,,"자극감 등의 증상이 나타나는 경우 사용을 즉각 중지하고 의사 또는 약사와 상의하십시오.
","습기와 빛을 피해 보관하십시오.

어린이의 손이 닿지 않는 곳에 보관하십시오.
"
0108806435024534,케어가글 오리지널 250ml(약국용),"3,000",6435024534,6435,0245,8806435024534,8806435024534,64350245,OK,199702589,OK,"이 약은 구강내 소독, 발치수술 또는 구강수술 후의 소독 및 살균에 사용합니다.
","1회 적당량을 1일 2~3회 사용해서 입안을 헹구어 냅니다.

구강내 소독시에는 이 약을 2.5배 희석합니다.
",,,"자극감 등의 증상이 나타나는 경우 사용을 즉각 중지하고 의사 또는 약사와 상의하십시오.
","습기와 빛을 피해 보관하십시오.

어린이의 손이 닿지 않는 곳에 보관하십시오.
"
0108806435024541,"케어가글 오리지널 1,000ml(약국용)","10,000",6435024541,6435,0245,8806435024541,8806435024541,64350245,OK,199702589,OK,"이 약은 구강내 소독, 발치수술 또는 구강수술 후의 소독 및 살균에 사용합니다.
","1회 적당량을 1일 2~3회 사용해서 입안을 헹구어 냅니다.

구강내 소독시에는 이 약을 2.5배 희석합니다.
",,,"자극감 등의 증상이 나타나는 경우 사용을 즉각 중지하고 의사 또는 약사와 상의하십시오.
","습기와 빛을 피해 보관하십시오.

어린이의 손이 닿지 않는 곳에 보관하십시오.
"
0108806435024565,케어가글 사과향 250ml(약국용),"4,000",6435024565,6435,0245,8806435024565,8806435024565,64350245,OK,199702589,OK,"이 약은 구강내 소독, 발치수술 또는 구강수술 후의 소독 및 살균에 사용합니다.
","1회 적당량을 1일 2~3회 사용해서 입안을 헹구어 냅니다.

구강내 소독시에는 이 약을 2.5배 희석합니다.
",,,"자극감 등의 증상이 나타나는 경우 사용을 즉각 중지하고 의사 또는 약사와 상의하십시오.
","습기와 빛을 피해 보관하십시오.

어린이의 손이 닿지 않는 곳에 보관하십시오.
"
0108806435028815,텐텐츄정 10p,"2,000",6435028815,6435,0288,8806435028815,8806435028815,64350288,OK,200700800,OK,"이 약은 발육기, 병중ㆍ병후(병을 앓는 동안이나 회복 후)의 체력 저하 시, 육체피로, 임신ㆍ수유기, 노년기의 비타민 A, B1, B2, B6, C, D, E의 보급과 눈의 건조함의 완화, 야맹증, 뼈, 이의 발육불량, 구루병의 예방에 사용합니다.
","만 8세 이상은 1회 2정씩, 1일 2회, 만 36개월 이상~만 8세 미만은 1회 1정씩, 1일 2회을 복용합니다.

입안에서 녹이거나 씹어서 복용합니다.
","비타민 A를 1일 5,000 IU 이상 복용 시 선천성 기형을 일으킬 수 있습니다. 임신 3개월 이내 또는 임신하고 있을 가능성이 있는 여성은 복용하지 마십시오.
","인산염, 칼슘염, 경구용 테트라사이클린계 제제, 제산제, 레보도파와 함께 복용하지 마십시오.

에스트로겐을 포함한 경구용 피임제, 강심배당체, 항알도스테론제, 트리암테렌과 함께 복용 시 의사 또는 약사와 상의하십시오.

녹차, 홍차 등 탄닌을 함유하는 차는 복용 중, 복용 전후에는 피하십시오.
","구역, 구토, 가려움, 건조하고 거친 피부, 통증성 관절부종, 설사, 위부불쾌감, 변비, 발진, 발적, 묽은 변, 저혈압, 얼굴달아오름, 심박동불규칙, 피부발진, 붉은 반점, 부전수축(심장박동정지), 중추신경계 기능저하, 생리가 예정보다 빨라지거나 양이 점점 많아지거나, 출혈이 오래 지속되는 증상이 나타나는 경우 복용을 즉각 중지하고 의사 또는 약사와 상의하십시오.
","습기와 빛을 피해 실온에서 보관하십시오.

어린이의 손이 닿지 않는 곳에 보관하십시오.
"
0108806435031747,파워겔(리도카인) 1g 5포,"6,000",6435031747,6435,0317,8806435031747,8806435031747,64350317,OK,200003108,OK,이 약은 남성 성기 촉각의 예민성 감소에 사용합니다.,성교 5~15분전에 겔로서 0.25~0.66 g(리도카인으로서 23~62mg)을 도포합니다.용량과 적용 시간은 개인에 따라 다르며 최저유효량을 사용하되 24시간 이내에 최대 2 g(리도카인으로서 184 mg)을 초과하여 투여하지 않습니다.,,,본인 또는 상대방에 발진 또는 자극이 나타나는 경우 사용을 즉각 중지하고 의사 또는 약사와 상의하십시오.,실온에서 보관하십시오.어린이의 손이 닿지 않는 곳에 보관하십시오.
0108806435036322,아스피린100mg 100정,"7,000",6435036322,6435,0363,8806435036322,8806435036322,64350363,OK,200003092,OK,"이 약은 심근경색, 뇌경색, 불안정형 협심증에서 혈전 생성 억제와 관상동맥 우회술(CABG) 또는 경피경관 관상동맥 성형술(PTCA) 후 혈전 생성 억제와 고위험군환자(허혈성 심장질환의 가족력, 고혈압, 고콜레스테롤혈증, 비만, 당뇨 등 복합적 위험인자를 가진 환자)에서 심혈관계 위험성 감소에 사용합니다.
","성인은 1회 1정, 1일 1회 복용합니다.

이 약은 장용정이므로 충분한 물과 함께 식전에 복용할 수 있습니다.
",,"다른 비스테로이드성 소염진통제 및 살리실산 제제, 일주일 동안 메토트렉세이트 15밀리그람(15mg/주) 이상의 용량은 이 약과 병용 투여 시 출혈이 증가되거나 신기능이 감소될 수 있으므로 함께 사용하지 않습니다.

항응고제, 이부프로펜, 나프록센 등 일부 비스테로이드성 소염진통제, 혈전용해제, 다른 혈소판응집억제제, 지혈제, 당뇨병치료제(인슐린제제, 톨부타미드 등), 요산배설촉진제(벤즈브로마론, 프로베네시드), 티아지드계 이뇨제, 리튬제제, 선택적 세포토닌 재흡수 억제제, 디곡신, 전신 작용 부신피질호르몬 제제(애디슨병 대체요법용 히드로코티손 제외), 안지오텐신 전환 효소 억제제, 발프로산 제제를 복용하는 사람은 의사 또는 약사와 상의하십시오.

알칼리제제(예: 탄산수소나트륨, 탄산마그네슘) 또는 습기가 차기 쉬운 제제와 함께 섞지 마십시오.

알코올과 병용 투여 시 위장관 점막 손상이 증가하고, 이 약과 알코올의 상승효과로 인해 출혈시간이 연장될 수 있습니다.
","쇽 증상(예: 호흡곤란, 전신조홍, 혈관부종, 두드러기), 천식발작, 과민증(홍반, 간지러움, 코막힘, 심장-호흡기 장애, 때때로 발진, 부종, 두드러기, 비염양 증상, 결막염), 드물게 독성표피괴사용해(리엘증후군), 피부점막안증후군(스티븐스-존슨증후군), 박탈성피부염, 드물게 재생불량성빈혈, 빈혈, 백혈구감소, 혈소판감소, 혈소판기능 저하(출혈시간의 지연), 귀에서 소리가 남, 귀 먹음, 어지러움, 두통, 흥분, 드물게 간장애, 매우 드물게 일시적인 간손상, 신장애, 급성신부전, 과호흡, 대사성 산증, 과도한 체온강하, 허탈, 사지냉각 등이 나타나는 경우 즉시 복용을 중지하고 의사 또는 약사와 상의하십시오.

식욕부진, 가슴쓰림, 위통, 구역, 구토 등이 나타날 수 있습니다.
","습기를 피해 실온에서 보관하십시오.

어린이의 손이 닿지 않는 곳에 보관하십시오.
"
0108806435037435,유리아 50g,"3,000",6435037435,6435,0374,8806435037435,8806435037435,64350374,OK,198501225,OK,"이 약은 진행성 지장각피증(주부습진의 건조형), 손·발바닥 각피증, 어린선(魚鱗蘚), 노인성 건피증, 모공성태선, 아토피 피부에 사용합니다.",환부를 씻은 다음 1일 1~수회 이 약을 바른 후 충분히 문지릅니다.,,"코르티코이드, 디트라놀, 5-플루오로우라실을 함께 사용 시 의사 또는 약사와 상의하십시오.","통증, 열감, 때때로 홍조, 가려움 등이 나타날 수 있습니다.과민증상, 때때로 습진화, 피부의 균열(갈라짐), 구진, 따끔따끔한 느낌, 작열감, 인설, 드물게 부종, 건조화 등이 나타나는 경우 사용을 즉각 중지하고 의사 또는 약사와 상의하십시오.",실온에서 보관하십시오.어린이의 손이 닿지 않는 곳에 보관하십시오.
0108806435042811,슬리펠 25mg 20T,"3,500",6435042811,6435,0428,8806435042811,8806435042811,64350428,OK,200807310,OK,"이 약은 일시적 불면증의 완화에 사용합니다.
","성인은 1회 2정(50 mg)씩, 1일 1회 취침 전에 복용합니다.

개인에 따라 과도한 진정작용이 나타날 경우 1회 1정(25 mg)씩 복용합니다.
",,"이 약과 동일한 성분의 다른 제제, 다른 최면진정제, MAO억제제, 감기약, 해열진통제, 진해거담약, 항히스타민제를 함유하고 있는 내복약(비염용 내복약, 멀미약, 알러지용약)과 함께 복용하지 마십시오.

복용 중에는 음주하지 마십시오.
","발진, 발적, 가려움, 구갈, 위통, 오심ㆍ구토, 식욕부진, 설사, 어지러움, 두통, 기상시의 두중감, 활동중의 졸음, 불쾌감, 신경과민, 일시적인 의식장해(주의력의 저하, 잠이 덜깨는 증상, 판단력의 저하, 말ㆍ행동의 이상 등), 두근거림, 권태감, 배뇨곤란, 시야혼란, 폐쇄각 녹내장 등이 나타나는 경우 복용을 즉각 중지하고 의사 또는 약사와 상의하십시오.
","실온에서 보관하십시오.

어린이의 손이 닿지 않는 곳에 보관하십시오.
"
0108806435062116,코앤 15ml(140회),"7,000",6435062116,6435,0621,8806435062116,8806435062116,64350621,OK,201201484,OK,"이 약은 코점막 보습 및 보호에 사용합니다.
","1회 사용 시 1~2회 좌우 비강에 분무하며, 1일 3회 사용합니다.
",,"이 약을 사용하기 전에 다른 약을 복용하고 있는 경우 의사 또는 약사와 상의하십시오.
","민감하거나 자극이 나타날 경우 사용을 중지하고 의사 또는 약사와 상의하십시오.
","빛을 피해 실온에서 보관하십시오.

어린이의 손이 닿지 않는 곳에 보관하십시오.

개봉 후 12주 이상 사용하지 마십시오.
"
0108806435065117,미등록상품,"1,000",6435065117,6435,0651,8806435065117,8806435065117,64350651,OK,201209553,OK,"이 약은 만성변비, 영·유아 및 소아의 변비, 분만 후의 변비에 사용합니다.","만성변비에는 성인은 처음 2~3일간 1일 15~30 mL를 아침식전에 복용하고, 그 후 계속 1일 10~15 mL를 복용합니다. 심할 경우 45 mL까지 복용할 수 있습니다. 소아(7∼14세)는 처음 2~3일간 1일 15 mL를 복용하고 그 후 계속 1일 10 mL를 복용합니다. 유아(1~6세)는 1일 5~10 mL, 영아(12개월 미만)는 1일 5 mL를 복용합니다.",,"아카보즈 등의 α-글리코시다아제 저해제, 광범위 항균 스펙트럼 항생제, 이뇨제, 코르티코이드, 암포테리신 B, 강심배당체, 제산제를 복용하는 환자는 의사 또는 약사와 상의하십시오.","묽은 변 또는 설사가 나타나는 경우 복용을 즉각 중지하고 의사 또는 약사와 상의하십시오.트림, 경련성 복부불쾌감, 때때로 복명, 복부팽만감, 복통, 식욕부진, 구역, 구토가 나타날 수 있습니다.",실온에서 보관하십시오.어린이의 손이 닿지 않는 곳에 보관하십시오.
0108806435065186,장쾌락 15ml x 30P,"17,000",6435065186,6435,0651,8806435065186,8806435065186,64350651,OK,201209553,OK,"이 약은 만성변비, 영·유아 및 소아의 변비, 분만 후의 변비에 사용합니다.","만성변비에는 성인은 처음 2~3일간 1일 15~30 mL를 아침식전에 복용하고, 그 후 계속 1일 10~15 mL를 복용합니다. 심할 경우 45 mL까지 복용할 수 있습니다. 소아(7∼14세)는 처음 2~3일간 1일 15 mL를 복용하고 그 후 계속 1일 10 mL를 복용합니다. 유아(1~6세)는 1일 5~10 mL, 영아(12개월 미만)는 1일 5 mL를 복용합니다.",,"아카보즈 등의 α-글리코시다아제 저해제, 광범위 항균 스펙트럼 항생제, 이뇨제, 코르티코이드, 암포테리신 B, 강심배당체, 제산제를 복용하는 환자는 의사 또는 약사와 상의하십시오.","묽은 변 또는 설사가 나타나는 경우 복용을 즉각 중지하고 의사 또는 약사와 상의하십시오.트림, 경련성 복부불쾌감, 때때로 복명, 복부팽만감, 복통, 식욕부진, 구역, 구토가 나타날 수 있습니다.",실온에서 보관하십시오.어린이의 손이 닿지 않는 곳에 보관하십시오.
0108806435067210,무조날쿨크림 15g,"3,000",6435067210,6435,0672,8806435067210,8806435067210,64350672,OK,201401380,OK,"이 약은 피부사상균에 의한 피부진균(곰팡이)감염증(무좀, 완선(사타구니백선), 백선)에 사용합니다.","1일 1회, 적당량을 환부(질환 부위)에 도포합니다.",,,"발진 및 발적(충혈되어 붉어짐), 가려움, 부기, 자극감, 열감, 인비늘, 낙설(비듬이나 대와 같은 피부의 벗겨짐), 짓무름, 피부건조 및 피부가 당겨지는 느낌, 피부의 갈라짐 등이 나타나는 경우 사용을 즉각 중지하고 의사 또는 약사와 상의하십시오.",습기와 빛을 피해 실온에서 보관하십시오.어린이의 손이 닿지 않는 곳에 보관하십시오.
0108806435067319,코스펜정 10T,"2,000",6435067319,6435,0673,8806435067319,8806435067319,64350673,OK,200905018,OK,"이 약은 코감기, 알레르기 및 혈관운동성 코염에 의한 재채기, 콧물, 코막힘, 눈물의 완화에 사용합니다.
","성인은 1회 1정, 소아(12~14세)는 1회 1/2정을 1일 3회 매 식후에 복용합니다.
",,"MAO 억제제, 혈압강하제, 알코올, 중추신경억제제(수면제, 진정제, 안정제), 교감신경흥분제, 삼환계 항우울약, 구아네티딘, 브레틸리움, 베타나이드, 데브리소퀸, 메틸도파, 교감신경성약(충혈제거제, 식욕억제제, 암페타민류의 신경자극제),  및  아드레날린 저해제(억제제)와 함께 복용하지 마십시오.
","진정, 졸음, 중추 신경 쇠약, 중추 흥분, 불안, 발한(땀이 남), 가벼운 혈압강하, 시력장애, 동공확대, 헛소리, 환각, 흥분, 근육경련, 경직(굳음), 아테토시스, 간대상 및 강직성 경련, 고열, 호흡마비, 혼수, 순환기 마비, 피부반응, 일시적인 자극통, 작열감(화끈감), 구갈, 구역, 구토, 배뇨(소변을 눔)곤란, 흥분, 급성전신발진고름물집증, 발열, 홍반, 다수의 작은 농포, 허혈성 대장염(급격한 복통, 직장 출혈 등)이 나타나는 경우 복용을 즉각 중지하고 의사 또는 약사와 상의하십시오.
","습기와 빛을 피해 실온에서 보관하십시오.

어린이의 손이 닿지 않는 곳에 보관하십시오.
"
0108806435070913,목앤 스프레이 20ml,"6,500",6435070913,6435,0709,8806435070913,8806435070913,64350709,OK,201500199,OK,"이 약은 목(인후)의 염증으로 인한 목의 통증, 목의 부종, 목의 불쾌감, 목이 쉼, 구내염에 사용합니다.
","1일 수회 적당량을 환부에 분사 도포합니다.

목의 염증에 사용하는 경우 용기의 분사구가 목의 환부를 향하게 하고 가볍게 숨을 내쉬면서 1회 3~4번 분사하고, 1일 3~5회 사용합니다.

처음 사용하는 경우 약액이 나올 때까지 4~5회 분사 후 사용합니다.

호흡을 들이마실 때 이 약을 사용하면 약액이 기관지 또는 폐로 들어갈 수 있으므로, 용기 분사구를 목의 환부로 향하게 하고 ‘아’하고 목소리를 내면서(가볍게 숨을 내쉬면서) 분사합니다.
",,,"입에 자극감, 피부에 발진·발적(충혈되어 붉어짐), 가려움, 위부 불쾌감, 메스꺼움, 증상 악화 등이 나타나는 경우 사용을 즉각 중지하고 의사 또는 약사와 상의하십시오.
","빛을 피해 실온에서 보관하십시오.

뚜껑을 닫아 보관하십시오.

어린이의 손이 닿지 않는 곳에 보관하십시오.

화기 근처에 두지 마시십시오. 
"
0108806435073914,코앤쿨 20ml,"5,500",6435073914,6435,0739,8806435073914,8806435073914,64350739,OK,201505113,OK,"이 약은 코감기(급성비염), 알레르기성 비염 또는 부비동염에 의한 코막힘, 콧물, 재채기, 머리무거움의 완화에 사용합니다.
","만 12세 이상 및 성인은 1회 1번씩 1일 1~3회 비강에 분무합니다.

연령 및 증상에 따라 적절히 증감하되 1일 3회를 넘지 않도록 합니다.

매회 최소 8시간 이상의 간격을 두고 적용합니다. 
",,"디펜히드라민 및 그 염류 함유제제와 함께 사용하지 마십시오.

사용 중에는 음주하지 마십시오.
","발진·발적, 부종, 자극감, 가려움 등의 증상이 나타나는 경우 사용을 즉각 중지하고 의사 또는 약사와 상의하십시오.
","빛과 습기를 피해 실온에서 보관하십시오.

어린이의 손이 닿지 않는 곳에 보관하십시오.
"
0108806435074812,까스앤프리 80mg 12T,"4,000",6435074812,6435,0748,8806435074812,8806435074812,64350748,OK,201508272,OK,"이 약은 위내시경 검사시 장내기포제거, 복부 X선 촬영시 장내가스제거, 위장관내 가스로 인한 복부 증상(복부팽만감, 공기연하증 등)의 개선에 사용합니다.","성인은 위내시경 검사시 장내기포제거에는 검사 15~40분전에 1회 1정을 씹어서 복용, 복부 X-선 검사시 장내가스제거에는 검사 3~4일전부터 1회 1정 1일 3회 식후 또는 식간에 씹어서 복용, 위장관내 가스로인한 복부증상의 개선에는 1회 1정 1일 3회 식후 또는 취침시에 씹어서 복용합니다.",,,"때때로 연변, 복부불쾌감, 설사, 복통, 구토, 구역, 복부중압감, 식욕부진, 드물게 두통이 나타날 수 있습니다.",습기와 빛을 피해 실온에서 보관하십시오.어린이의 손이 닿지 않는 곳에 보관하십시오.
0108806435075512,나인나인 100T,"25,000",6435075512,6435,0755,8806435075512,8806435075512,64350755,OK,201602427,OK,"이 약은 육체피로, 임신∙수유기, 병중∙병후의 체력 저하 시, 발육기, 노년기의 비타민  A, D, E, B1, B2, B6, C의 보급과 눈의 건조감의 완화, 야맹증(밤에 잘 못 보는 증상), 뼈, 이의 발육불량, 구루병의 예방과 철 결핍성 빈혈의 예방 및 치료에 사용합니다.","만 8세 이상 및 성인 1회 1정씩, 1일 1회 식후에 복용합니다.","비타민 A를 1일 5,000 IU 이상 복용 시 선천성 기형을 일으킬 수 있습니다. 임신 3개월 이내 또는 임신하고 있을 가능성이 있는 여성은 복용하지 마십시오.만 6세 이하의 어린이가 과량 복용시 철분 중독성 사망을 일으킬 수 있으므로 어린이의 손에 닿지 않는 곳에 보관하십시오.","이 약을 복용하는 동안 인산염, 칼슘염, 경구용 테트라사이클린계 제제, 제산제, 레보도파를 복용하지 마십시오.강심배당체, 에스트로겐을 포함한 경구용 피임제, 항알도스테론제, 트리암테렌과 함께 복용 시 의사 또는 약사와 상의하십시오.녹차, 홍차 등 탄닌을 함유하는 차는 복용 중, 복용 전후에는 피하십시오.","구역, 구토, 건조하고 거친 피부, 통증성 관절부종, 설사, 위부불쾌감, 변비, 발진, 발적, 묽은 변, 저혈압, 얼굴달아오름, 심박동불규칙, 피부발진, 두드러기, 가려움, 광선과민반응, 복부ㆍ위통증, 경련, 열, 혼수, 상복부통증, 알레르기반응, 혈관부종, 관절통, 호산구증가, 요오드중독증, 붉은 반점, 부전수축(심장박동정지), 중추신경계기능저하, 고요산혈증, 고칼륨혈증, 가스참, 위장통증, 피부염, 땀ㆍ호흡시 악취, 탈모, 조급증, 위장관장애, 소화장애, 폐부종, 생리가 예정보다 빨라지거나 양이 점점 많아지거나, 출혈이 오래 지속되는 등의 증상이 나타나는 경우 복용을 즉각 중지하고 의사 또는 약사와 상의하십시오.",습기와 빛을 피해 실온에서 보관하십시오.어린이의 손이 닿지 않는 곳에 보관하십시오.
0108806435079411,무조날S 네일라카 6ml,"15,000",6435079411,6435,0794,8806435079411,8806435079411,64350794,OK,201800145,OK,"이 약은 조갑진균증(손, 발톱무좀)에 사용합니다.","손발을 씻고 건조시킨 후 취침 전에 하루에 한번 얇은 막이 형성되도록 환부에 바릅니다.손발톱전체와 손발톱 주위 5 mm의 피부, 가능하면 손발톱끝의 아래부분에 바릅니다. 30초 정도 건조 시킨 후 적어도 6시간 동안은 씻지 않아야 하므로 취침 전에 바르도록 합니다.이 약은 유기용매나 긁어내지 않고 물로도 충분히 제거되므로 만약 의도치 않게 물에 씻었다면 이 약을 다시 바릅니다.정기적으로 자라난 손발톱끝 부분과 환부는 가위나 손톱깎이 등으로 잘라줍니다. 적용기간은 건강한 손발톱이 자랄 때까지 지속해야 하는데 일반적으로, 손톱의 경우는 대략 6개월 발톱의 경우는 9~12개월이 예상됩니다.만약 효과가 없거나 환부(질환 부위)가 광범위할 경우 의사와 상담하십시오.남아 있는 활성성분이 배양결과에 영향을 주는 것을 피하기 위해 배양검사는 치료가 끝난 후 4주 후에 합니다.특정 연령층에 대하여 용량조절은 필요하지 않습니다.이 약물에 내약성이 있거나 한 개이상의 손발톱에서 광범위한 침투가 있는 경우 추가적인 경구 치료를 고려해 보아야 합니다.",,,"자극성접촉성피부염, 매우 드물게 국소적으로 홍반, 비늘, 작열감, 가려움 등이 나타날 수 있습니다.","습기와 빛을 피해 실온에서 보관하십시오.어린이의 손이 닿지 않는 곳에 보관하십시오.냉장보관하지 마십시오.사용한 후 병마개를 잘 닫아 보관하고, 개봉 후 6개월 이상 사용은 피하십시오."
0108806435080516,두피앤 30ml,"5,000",6435080516,6435,0805,8806435080516,8806435080516,64350805,OK,201803753,OK,"이 약은 습진, 피부염, 가려움, 두드러기, 땀띠, 벌레물린데에 사용합니다.",1일 여러 차례 환부에 적당량을 바릅니다.,,,"발진, 발적(충혈되어 붉어짐), 가려움, 염증, 건조감, 자극감, 열감, 따끔거림, 무좀·백선 등의 백선, 여드름, 화농(곪음)증상, 지속적인 자극감, 빈도불명의 시야흐림 등이 나타나는 경우 사용을 즉각 중지하고 의사 또는 약사와 상의하십시오.",습기와 빛을 피해 실온에서 보관하십시오.어린이의 손이 닿지 않는 곳에 보관하십시오.화기 근처에 두지 마십시오.
0108806435080813,쎄코론지크림 30g,"3,000",6435080813,6435,0808,8806435080813,8806435080813,64350808,OK,200003101,OK,"이 약은 2차 감염된 알레르기성 또는 염증성 피부질환 (습진, 접촉피부염, 지루피부염, 아토피피부염, 광피부염, 만성단순태선, 간찰진(피부스침증), 박탈피부염, 가려움, 건선(마른비늘증)), 1도 화상에 사용합니다.
","1일 1~3회 환부(질환분위)에 적당량을 바릅니다.
",,,"전염성 농가진(고름딱지증), 모낭염, 바이러스성 감염, 부스럼, 피부자극, 자통(찌름 통증), 발열, 작열감(화끈감), 가려움, 발진, 발적(충혈되어 붉어짐), 홍조, 부종, 구진, 소수포(물집), 피부건조, 농포(고름물집)성피부염, 땀띠, 상처 악화, 욕창, 농포(고름물집)증, 과민증, 피부변색, 다모(털과다)증, 여드름상발진, 색소침착저하증, 입주위피부염, 알레르기성접촉피부염, 피부짓무름, 2차감염, 피부위축, 줄무늬, 안검피부에 사용 시 안압 상승, 녹내장(시야흐림) 등이 나타나는 경우 사용을 즉각 중지하고 의사 또는 약사와 상의하십시오.
","실온에서 보관하십시오.

어린이의 손이 닿지 않는 곳에 보관하십시오.
"
0108806436003118,노바손크림 15g,"2,000",6436003118,6436,0031,8806436003118,8806436003118,64360031,OK,200004086,OK,"이 약은 2차 감염된 알레르기성 또는 염증성 피부질환 (습진, 접촉피부염, 지루피부염, 아토피피부염, 광피부염, 만성단순태선, 간찰진(피부스침증), 박탈피부염, 가려움, 건선(마른비늘증)), 1도 화상에 사용합니다.",1일 1~3회 환부(질환 부위)에 적당량을 바릅니다.,,,"전염성 농가진(고름딱지증), 모낭염, 바이러스성 감염, 부스럼, 피부자극, 자통(찌름 통증), 발열, 작열감(화끈감), 가려움, 발진, 발적(충혈되어 붉어짐), 홍조, 부종, 구진, 소수포(물집), 피부건조, 농포(고름물집)성피부염, 땀띠, 상처 악화, 욕창, 농포(고름물집)증, 과민증, 피부변색, 다모(털과다)증, 여드름상발진, 색소침착저하증, 입주위피부염, 알레르기성접촉피부염, 피부짓무름, 2차감염, 피부위축, 줄무늬, 안검피부에 사용 시 안압 상승, 녹내장(시야흐림), 국소 코르티코이드의 전신적 흡수로 쿠싱증후군, 고혈당증, 당뇨 등이 나타나는 경우 사용을 즉각 중지하고 의사 또는 약사와 상의하십시오.",실온에서 보관하십시오.어린이의 손이 닿지 않는 곳에 보관하십시오.
01088064360331151728081110401945,제놀한방,"2,500",64360331151728081110401945,6436,0331,88064360331151728081110401945,88064360331151728081110401945,64360331,OK,,NO_ITEMSEQ,,,,,,
01088064360498191728051310402467,미등록상품,"2,000",64360498191728051310402467,6436,0498,88064360498191728051310402467,88064360498191728051310402467,64360498,OK,,NO_ITEMSEQ,,,,,,
0108806436066021,아이포레 0.5ml x 30관,"6,000",6436066021,6436,0660,8806436066021,8806436066021,64360660,OK,201707322,OK,"이 약은 바람, 연기, 공해, 먼지, 건조한 열, 에어컨, 항공여행, 장시간 컴퓨터 사용으로 인해 발생하는 눈의 건조(불쾌감, 찌르는듯한 통증, 자극)나 눈의 피로에 사용합니다.",필요 시 각각의 눈에 1회 1방울 1일 수회 점안합니다.점안 후 남은액과 용기는 버립니다.,,,드물게 눈 자극이 나타나는 경우 사용을 즉각 중지하고 의사 또는 약사와 상의하십시오.,습기와 빛을 피해 실온에서 보관하십시오.어린이의 손이 닿지 않는 곳에 보관하십시오.
0108806439009018,액티피드정 10C,"3,000",6439009018,6439,0090,8806439009018,8806439009018,64390090,OK,197000053,OK,"이 약은 코감기, 알레르기 및 혈관운동성 코염에 의한 재채기, 콧물, 코막힘, 눈물의 완화에 사용합니다.","성인은 1회 1정, 소아(12~14세)는 1회 1/2정을 1일 3회 매 식후에 복용합니다.",급성전신발진고름물집증과 같은 중증 피부 이상반응이 나타나는 경우 복용을 중단하고 의사 또는 약사와 상의하십시오.,"혈압강하제, 알코올, 중추신경억제제(수면제, 진정제, 안정제), MAO 억제제, 교감신경흥분제, 삼환계 항우울약, 구아네티딘, 브레틸리움, 베타나이드, 데브리소퀸, 메칠도파, 교감신경성약(충혈제거제, 식욕억제제, 암페타민류의 신경자극제), α 및 β 아드레날린 저해제(억제제)와 함께 복용하지 마십시오.","급성전신발진농포증, 중증 피부이상반응(발열, 홍반, 다수의 작은 농포 등), 고열, 진정, 졸음, 중추 신경 쇠약, 중추 흥분, 불안, 발한(땀이 남), 경미한(가벼운) 혈압강하, 시력장애, 산동(동공확대), 헛소리, 환각, 흥분, 근육경련, 경직(굳음), 아테토시스, 간대상 및 강직성 경련, 고열, 호흡마비, 혼수, 순환기 마비, 피부반응, 일시적인 자극통, 작열감(화끈감), 구갈, 구역, 구토, 배뇨(소변을 눔)곤란, 흥분, 허혈성대장염 등이 나타나는 경우 복용을 즉각 중지하고 의사 또는 약사와 상의하십시오.",습기와 빛을 피해 실온에서 보관하십시오.어린이의 손이 닿지 않는 곳에 보관하십시오.
0108806439021218,티어실 원스외용액 4.5g,"10,000",6439021218,6439,0212,8806439021218,8806439021218,64390212,OK,200901738,OK,"이 약은 피부사상균에 의한 피부진균감염증(족부백선(발백선증,무좀))에 사용합니다.","사용 전에 환부(질환 부위)를 깨끗이 씻고, 완전히 건조시킨후 환부(질환 부위)와 그 주위가 충분히 적셔지도록 충분한 양을 단 1회 적용합니다.병소(아픈부위)가 나타나지 않은 쪽 발이라 할지라도, 양쪽 발에 발가락 사이 모두 얇게 펴 바르고 발바닥 전체와 발바닥으로부터 약 1.5 cm 높이까지 이 약을 적용하고, 필름이 될 때까지 1~2분간 건조시킵니다.이 약 적용 시에는 문질러 바르지 않습니다.이 약의 효과를 높이려면 적용 후 24시간 동안 씻지 않고 그대로 두어야 하기 때문에 샤워 또는 목욕 후에 바르기를 권장하고 그 다음날의 같은 시간 까지 기다린 후 발을 다시 씻으십시오.",,,"매우 드물게 발진, 가려움, 물집피부염 및 두드러기, 흔하지 않게 피부 건조함, 피부 자극 또는 작열감(화끈감) 등이 나타나는 경우 사용을 즉각 중지하고 의사 또는 약사와 상의하십시오.",15~30℃에서 보관하십시오.어린이의 손이 닿지 않는 곳에 보관하십시오.화기 근처에 두지 마십시오.
0108806439038117,티어실 쿨크림 20g,"3,000",6439038117,6439,0381,8806439038117,8806439038117,64390381,OK,201603039,OK,"이 약은 피부사상균에 의한 피부진균(곰팡이)감염증(무좀, 완선(사타구니백선), 백선)에 사용합니다.",1일 1회 적당량을 환부(질환 부위)에 도포합니다.,,,"발진 및 발적(충혈되어 붉어짐), 가려움, 부기, 자극감, 열감, 인비늘, 낙설(비듬이나 대와 같은 피부의 벗겨짐), 짓무름, 피부건조 및 피부가 당겨지는 느낌, 피부의 갈라짐 등이 나타나는 경우 사용을 즉각 중지하고 의사 또는 약사와 상의하십시오.",습기와 빛을 피해 실온에서 보관하십시오.어린이의 손이 닿지 않는 곳에 보관하십시오.
0108806441004810172711301025137212513701243,에스로반,"2,500",6441004810172711301025137212513701243,6441,0048,8806441004810172711301025137212513701243,8806441004810172711301025137212513701243,64410048,OK,,NO_ITEMSEQ,,,,,,
0108806441004810172711301025137212513719157,에스로반 10g,"2,500",6441004810172711301025137212513719157,6441,0048,8806441004810172711301025137212513719157,8806441004810172711301025137212513719157,64410048,OK,,NO_ITEMSEQ,,,,,,
01088064410048651727060810250222,에스로반연고,"3,000",64410048651727060810250222,6441,0048,88064410048651727060810250222,88064410048651727060810250222,64410048,OK,,NO_ITEMSEQ,,,,,,
01088064410048651727060810250232,에스로반,"3,000",64410048651727060810250232,6441,0048,88064410048651727060810250232,88064410048651727060810250232,64410048,OK,,NO_ITEMSEQ,,,,,,
01088064410353331727101710240052170424005000841,징코턴정 240mg 60T,"35,000",64410353331727101710240052170424005000841,6441,0353,88064410353331727101710240052170424005000841,88064410353331727101710240052170424005000841,64410353,OK,,NO_ITEMSEQ,,,,,,
0108806445007831,[유유]베노플러스 겔 15g,"8,000",6445007831,6445,0078,8806445007831,8806445007831,64450078,OK,198700152,OK,"이 약은 정맥류상 부종(부기), 표재성(표면에 있는) 정맥염, 사고시 외상(상처), 운동시 부상(타박상), 건초염(힘줄윤활막염)의 진통·소염에 사용합니다.
","상처나 감염된 부위에 1일 수회 엷게 바른후 피부를 가볍게 문질러 줍니다.
",,"다른 혈액응고저지제(예, 쿠마린, 아스피린, 디피리다몰, 덱스트란, 스트렙토키나제 등)와 함께 사용 시 출혈이 증가 할 수 있으므로 의사 또는 약사와 상의하십시오.
","드물게 피부염, 접촉 알레르기, 청각장애를 동반한 이명(귀울림)증, 코피, 구역, 구토, 가려움 및 피부 점막의 건조증 등이 나타나는 경우 사용을 즉각 중지하고 의사 또는 약사와 상의하십시오.
","습기와 빛을 피해 실온에서 보관하십시오.

어린이의 손이 닿지 않는 곳에 보관하십시오.
"
0108806445012316,[유유]피지오머 비강세척액 스프레이 노즐(베이비) 115ml,"18,000",6445012316,6445,0123,8806445012316,8806445012316,64450123,OK,200108738,OK,이 약은 코점막 분비물 또는 화농(곪음)성으로 인한 코막힘에 비강(코안)세척에 사용합니다.,"스프레이 노즐은 1~24개월 영아에게, 젯 노즐은 6세 이상 어린이 및 성인에게 아침과 저녁에 각 비강에 2회씩 분사합니다.액이 후두나 인두로 흘러 들어가지 않도록 옆으로 비스듬히 눕거나 일어선 상태로 머리를 기울여서 투여 합니다.",젯 노즐은 영유아가 사용 시 분사압력이 커서 잘못된 곳으로 들어가거나 후두 경련이 일어날 위험이 있습니다.,,코에 염증이 생긴 경우 일시적으로 따끔거림 등이 나타날 수 있습니다.따끔거림이 지속되는 경우 의사 또는 약사와 상의하십시오.,실온에서 보관하십시오.어린이의 손이 닿지 않는 곳에 보관하십시오.
0108806445012323,피지오머 젯노즐(젠틀) 135ml,"19,500",6445012323,6445,0123,8806445012323,8806445012323,64450123,OK,200108738,OK,이 약은 코점막 분비물 또는 화농(곪음)성으로 인한 코막힘에 비강(코안)세척에 사용합니다.,"스프레이 노즐은 1~24개월 영아에게, 젯 노즐은 6세 이상 어린이 및 성인에게 아침과 저녁에 각 비강에 2회씩 분사합니다.액이 후두나 인두로 흘러 들어가지 않도록 옆으로 비스듬히 눕거나 일어선 상태로 머리를 기울여서 투여 합니다.",젯 노즐은 영유아가 사용 시 분사압력이 커서 잘못된 곳으로 들어가거나 후두 경련이 일어날 위험이 있습니다.,,코에 염증이 생긴 경우 일시적으로 따끔거림 등이 나타날 수 있습니다.따끔거림이 지속되는 경우 의사 또는 약사와 상의하십시오.,실온에서 보관하십시오.어린이의 손이 닿지 않는 곳에 보관하십시오.
0108806447022283,트라스트패취 30매,"18,000",6447022283,6447,0222,8806447022283,8806447022283,64470222,OK,199401576,OK,"이 약은 퇴행성관절염(골관절염), 건초염(힘줄윤활막염), 근육통, 골관절통, 외상후 동통(통증) 및 골절 치유후의 동통(통증)에 사용합니다.
","환부(질환부위)에 2일마다 1매씩 부착합니다.

단, 목욕이나 샤워 후 또는 땀이 날 경우에는 1일 1매씩 부착할 수 있습니다.

환부(질환부위)를 깨끗이 하고 건조시키며 약면의 박리지를 떼어낸 후 피부에 견고하게 부착시키고 손바닥으로 잘 눌러 줍니다. 특히 패취 가장자리 부분이 잘 붙었는지 확인합니다.
",,,"때때로 국소의 가려움, 발적, 발진, 인설, 습진ㆍ피부염, 접촉피부염, 홍반, 드물게 광과민증 등이 나타나는 경우 사용을 즉각 중지하고 의사 또는 약사와 상의하십시오.
","실온에서 보관하십시오.
"
0108806448002215,노비프록스1.5% 100g,"9,000",6448002215,6448,0022,8806448002215,8806448002215,64480022,OK,200606745,OK,이 약은 지루성피부염에 사용합니다.,"이 약은 일주일에 2~3회 또는 두피 질환 치료시 필요할 때마다 머리를 물로 적신 후 거품이 날 정도의 충분한 양을 적용하여 손가락 끝으로 충분히 마사지하고, 3~5분 후 모발을 물로 여러 번 헹구어 완전히 씻어냅니다.",,,"피부 자극, 미란(피부자극)이 나타나는 경우 사용을 즉각 중지하고 의사 또는 약사와 상의하십시오.흔하게 가려움증, 작열감(화끈감), 홍반, 적용부위 발진, 드물게 적용부위 과민증, 피부박리, 습진, 탈모증, 머리카락 변색 및 모발의 질감 변화 등이 나타날 수 있습니다.",습기와 빛을 피해 25℃ 이하에서 보관하십시오.어린이의 손이 닿지 않는 곳에 보관하십시오.화기 근처에 두지 마십시오.
0108806448003113,도미나크림(히드라퀴논4%) 60g,"41,000",6448003113,6448,0031,8806448003113,8806448003113,64480031,OK,199101003,OK,"이 약은 간반, 흑피증(기미), 주근깨, 노인성 검은반점, 기타 불필요한 부위의 과도한 멜라닌 색소 침착 피부의 점차적인 표백에 사용합니다.
","1일 1~2회(아침, 취침 전) 환부에 바릅니다.
","이 약 사용중 또는 사용후에는 자외선 차단제를 사용하거나 햇빛에 대한 노출을 차단하십시오. 피부가 변색될 수 있습니다.

동물실험에서 변이원성 및 발암성이 관찰되었으므로 장기간 사용하지 마십시오.
",,"접촉피부염과 같은 과민반응 등이 나타나는 경우 사용을 즉각 중지하고 의사 또는 약사와 상의하십시오.
","습기와 빛을 피해 30℃ 이하 건냉암소에서 보관하십시오.

어린이의 손이 닿지 않는 곳에 보관하십시오.
"
0108806448003168,도미나크림(히드라퀴논4%) 50g,"40,000",6448003168,6448,0031,8806448003168,8806448003168,64480031,OK,199101003,OK,"이 약은 간반, 흑피증(기미), 주근깨, 노인성 검은반점, 기타 불필요한 부위의 과도한 멜라닌 색소 침착 피부의 점차적인 표백에 사용합니다.
","1일 1~2회(아침, 취침 전) 환부에 바릅니다.
","이 약 사용중 또는 사용후에는 자외선 차단제를 사용하거나 햇빛에 대한 노출을 차단하십시오. 피부가 변색될 수 있습니다.

동물실험에서 변이원성 및 발암성이 관찰되었으므로 장기간 사용하지 마십시오.
",,"접촉피부염과 같은 과민반응 등이 나타나는 경우 사용을 즉각 중지하고 의사 또는 약사와 상의하십시오.
","습기와 빛을 피해 30℃ 이하 건냉암소에서 보관하십시오.

어린이의 손이 닿지 않는 곳에 보관하십시오.
"
0108806448006510,메카인 2T,900,6448006510,6448,0065,8806448006510,8806448006510,64480065,OK,199100996,OK,이 약은 멀미에 의한 어지러움·구토·두통 등의 예방 및 완화에 사용합니다.,만 15세 이상 및 성인은 멀미의 예방에는 승차 30분에서 1시간 전에 1회 1정을 복용합니다.필요시 추가복용 할 경우에는 1회 1정을 4시간 이상 간격을 두고 복용하며 1일 복용회수는 2회를 한도로 합니다.,,"다른 진토제, 감기약, 해열진통제, 항히스타민제, 진정제, 진해거담제, 위장진통·진경제 등과 함께 복용하지 마십시오.복용 중에는 알코올성 음료를 피하십시오.","발진, 발적, 가려움, 심계항진(두근거림), 두통, 안면홍조, 눈부심, 배뇨장애, 구갈 또는 변비 등이 나타나는 경우 복용을 즉각 중지하고 의사 또는 약사와 상의하십시오.",습기와 빛을 피해 실온에서 보관하십시오.어린이의 손이 닿지 않는 곳에 보관하십시오.
0108806448009016,박트리안 10g,"3,000",6448009016,6448,0090,8806448009016,8806448009016,64480090,OK,200300813,OK,"이 약은 메치실린 내성균주를 포함한 황색포도상구균(포도알균), 기타 포도상구균(포도알균), 연쇄상구균과 같은 대부분의 피부감염증의 원인균, 대장균 및 인플루엔자균과 같은 그람음성균에 감염된 농가진(고름딱지증), 모낭염, 종기증, 감염성 습진과 외상 및 화상에서의 세균성 피부 감염증에 사용합니다.",감염부위를 1일 2~3회 10일간 소량을 바릅니다.필요한 경우 바른 부위를 드레싱하거나 밀봉할 수 있습니다.,,,"작열감(화끈감), 자통(찌르는 것 같은 아픔) 또는 동통(통증), 가려움, 발진, 홍반(붉은 반점) 등의 피부과민반응, 때때로 구역, 피부건조, 압통(누르는 통증), 부종(부기), 접촉성 피부염, 삼출물 증가, 드물게 전신적인 알레르기 반응이 나타나는 경우 사용을 즉각 중지하고 의사 또는 약사와 상의하십시오.",실온에서 보관하십시오.어린이의 손이 닿지 않는 곳에 보관하십시오.
0108806448009412,베이덤 50g,"4,000",6448009412,6448,0094,8806448009412,8806448009412,64480094,OK,200607815,OK,"이 약은 진행성 지장각피증(주부습진의 건조형), 손·발바닥 각피증, 어린선(魚鱗蘚), 노인성 건피증, 모공성 태선, 아토피피부에 사용합니다.",1일 1~수회 환부를 씻은 다음 이 약을 바른 후 충분히 문지릅니다.,,"코르티코이드, 디트라놀, 5-플루오로우라실과 함께 사용 시 의사 또는 약사와 상의하십시오.","과민증상, 때때로 습진화, 피부의 균열(갈라짐), 구진, 따끔따끔한 느낌, 작열감, 인설, 드물게 부종, 건조화가 나타나는 경우 사용을 즉각 중지하고 의사 또는 약사와 상의하십시오.통증, 열감, 때때로 홍조, 가려움 등이 나타날 수 있습니다.",실온에서 보관하십시오.어린이의 손이 닿지 않는 곳에 보관하십시오.
0108806448009641,벤트락스 20g,"14,000",6448009641,6448,0096,8806448009641,8806448009641,64480096,OK,200501060,OK,"이 약은 수술, 절단, 화상, 사고 후의 비대성 및 켈로이드성, 운동제한성 또는 미용적 피부손상시의 상처 및 흉터, 외상성 경축, 상흔성 협착에 사용합니다.",상처 부위에 충분히 침투할 때까지 1일 수회 가볍게 마사지합니다.상처가 심하거나 오래된 흉터일 경우 드레싱으로 고정하여 하루 저녁을 지내십시오.,,,"매우 드물게 국소 피부자극(예: 가려움, 과민반응) 등이 나타날 수 있습니다.",실온에서 보관하십시오.어린이의 손이 닿지 않는 곳에 보관하십시오.
0108806448012313,아비나 10g,"4,000",6448012313,6448,0123,8806448012313,8806448012313,64480123,OK,198700657,OK,"이 약은 만성 박리성 치은염, 미란 또는 궤양을 수반하는 난치성 구내염 및 설염에 의한 염증의 완화에 사용합니다.","1일 1~수회 환부에 적당량을 바릅니다.연령, 증상에 따라 적절히 증감할 수 있습니다.",,,"구강내에 마비감 등의 경미한 불쾌감, 미각의 이상이나 감퇴, 사용 부위의 이화감 등이 나타날 수 있습니다.구강의 진균성 및 세균성 감염증, 드물게 알레르기성 피부반응 등이 나타나는 경우 사용을 즉각 중지하고 의사 또는 약사와 상의하십시오.",실온에서 보관하십시오.
0108806448014713,엘린플러스크림 20g,"4,000",6448014713,6448,0147,8806448014713,8806448014713,64480147,OK,200300836,OK,"이 약은 염증, 가려움 및 습진 등의 임상증상을 수반하는 피부 진균증(백선, 피부 칸디다증, 어루러기)에 사용합니다.","1일 1~2회(아침 또는 아침, 저녁) 적당량을 환부(질환 부위)에 바릅니다.",,,"피부의 세균성(전염성 농가진(고름딱지증), 모낭염) 감염증, 안검(눈꺼풀)피부에 사용 시 안압 상승, 녹내장 등이 나타날 수 있습니다.때때로 작열감(화끈감), 피부자극, 발진, 발적(충혈되어 붉어짐), 알레르기성 접촉피부염, 따끔따끔한 감, 부종(부기) 등이 나타나는 경우 사용을 즉각 중지하고 의사 또는 약사와 상의하십시오.",습기와 빛을 피해 실온에서 보관하십시오.어린이의 손이 닿지 않는 곳에 보관하십시오.
0108806448016427,제올라에스액 60g,"4,000",6448016427,6448,0164,8806448016427,8806448016427,64480164,OK,200100920,OK,"이 약은 습진, 피부염, 땀띠, 옻 등에 의한 피부염, 가려움, 벌레물린데, 두드러기에 사용합니다.",1일 수회(여러차례) 질환 부위에 적당량을 바릅니다.,,,"발진, 발적, 가려움, 부기 등이 나타나는 경우 사용을 즉각 중지하고 의사 또는 약사와 상의하십시오.",습기와 빛을 피해 실온에서 보관하십시오.어린이의 손이 닿지 않는 곳에 보관하십시오.
0108806448016519,제올라크림 15g,"3,000",6448016519,6448,0165,8806448016519,8806448016519,64480165,OK,199500818,OK,"이 약은 벌레 물린데, 피부가려움, 습진, 두드러기, 피부염, 땀띠, 동창에 사용합니다.",1일 수회 환부에 적당량을 바릅니다.,,,"발진, 발적, 가려움, 부종 등이 나타나는 경우 사용을 즉각 중지하고 의사 또는 약사와 상의하십시오.",습기와 빛을 피해 실온에서 보관하십시오.어린이의 손이 닿지 않는 곳에 보관하십시오.
0108806448016724,[태극] 지스톤 30g,"3,000",6448016724,6448,0167,8806448016724,8806448016724,64480167,OK,200401143,OK,"이 약은 2차 감염된 알레르기성 또는 염증성 피부질환 (습진, 접촉피부염, 지루피부염, 아토피피부염, 광피부염, 만성단순태선, 간찰진(피부스침증), 박탈피부염, 가려움, 건선(마른비늘증)), 1도 화상에 사용합니다.",1일 1~3회 환부(질환분위)에 적당량을 바릅니다.,,,"전염성 농가진(고름딱지증), 모낭염, 바이러스성 감염, 부스럼, 피부자극, 자통(찌름 통증), 발열, 작열감(화끈감), 가려움, 발진, 발적(충혈되어 붉어짐), 홍조, 부종, 구진, 소수포(물집), 피부건조, 농포(고름물집)성피부염, 땀띠, 상처 악화, 욕창, 농포(고름물집)증, 과민증, 피부변색, 다모(털과다)증, 여드름상발진, 색소침착저하증, 입주위피부염, 알레르기성접촉피부염, 피부짓무름, 2차감염, 피부위축, 줄무늬, 안검피부에 사용 시 안압 상승, 녹내장(시야흐림) 등이 나타나는 경우 사용을 즉각 중지하고 의사 또는 약사와 상의하십시오.",실온에서 보관하십시오.어린이의 손이 닿지 않는 곳에 보관하십시오.
0108806448022718,아즈렌 에스크림 30g,"5,000",6448022718,6448,0227,8806448022718,8806448022718,64480227,OK,200501105,OK,"이 약은 습진, 열상(화상), 그 외의 질환에 따른 미란 및 궤양에 사용합니다.",1일 수회(여러 차례) 환부에 도포합니다.,,,"열감, 소양감, 따끔따끔한 감 등의 피부의 자극증상이 나타날 수 있습니다.",습기와 빛을 피해 실온에서 보관하십시오.
0108806448023913,[태극] 케토코나졸 크림 20g,"3,000",6448023913,6448,0239,8806448023913,8806448023913,64480239,OK,199301086,OK,"이 약은 백선(체부백선, 완선, 족부백선), 피부칸디다증, 어루러기, 지루피부염의 피부진균증에 사용합니다.",보통 1일 1회 또는 감염의 심한 정도에 따라 1일 2회 바를 수 있습니다.증상이 소실된 후에도 수일간 계속 바르십시오.,,"동종의 항진균제(미코나졸, 에코나졸, 이소코나졸 등)와 함께 사용 시 의사 또는 약사와 상의하십시오.","적용 부위에 때때로 접촉성 피부염, 발진, 피부화끈감, 피부탈락, 물집발진, 끈적끈적한 피부, 과민성, 홍반, 가려움, 건조, 자극, 출혈, 불쾌감, 염증, 감각이상, 매우 드물게 두드러기, 통증, 화상 등이 나타날 수 있습니다.",습기와 빛을 피해 실온에서 보관하십시오.어린이의 손이 닿지 않는 곳에 보관하십시오.
0108806448028123,파티마겔 2.5% 30g,"5,000",6448028123,6448,0281,8806448028123,8806448028123,64480281,OK,200200844,OK,이 약은 심상성 여드름(보통여드름)에 사용합니다.,"환부를 깨끗이 씻어내고 이 약을 보통 1일 1~2회 가볍게 두드리면서 바릅니다.치료를 시작할 때에는 1일 1회(취침전) 바르고, 환자가 적응이 잘되면 1일 2회 (아침,저녁)로 증가시킵니다.",,다른 국소 여드름약(비타민A 유도체 함유 여드름약 포함)과 함께 사용하지 마십시오.,"중증 또는 지속적인 자극 증상 등이 나타나는 경우 사용을 즉각 중지하고 의사 또는 약사와 상의하십시오.접촉피부염, 알레르기성 접촉피부염 및 상처를 남기는 심한 홍반, 안면의 일시적 부종, 피부염, 피부발진, 치료 초기 자극증상(예: 가벼운 작열감), 치료 후기 발적 또는 박리, 모발과 유색 섬유의 표백, 태양광선에 대한 감수성 증가 등이 나타날 수 있습니다.갑작스런 피부의 건조 및 박리현상이 1~2주 후에 나타날 수 있으나 이러한 피부박리작용은 정상적 치료과정이며 치료를 일시적으로 중지하면 1~2일 내에 감소합니다. ",실온에서 보관하십시오.어린이의 손이 닿지 않는 곳에 보관하십시오.
0108806448030911,하이로손 20g,"2,500",6448030911,6448,0309,8806448030911,8806448030911,64480309,OK,200300822,OK,"이 약은 습진ㆍ피부염군, 피부가려움, 벌레물린데에 사용합니다.",1일 1~3회 적당량을 환부에 바르고 증상에 따라 적절히 증감합니다.,,,"전염성 농가진, 모낭염, 칸디다증, 백선, 부스럼, 피부자극, 자통(찌르는 것 같은 아픔), 발열, 작열감(화끈감), 발진, 발적(충혈되어 붉어짐), 홍조, 가려움, 피부건조, 농포(고름물집)성피부염, 알레르기성 접촉피부염, 땀띠, 상처악화, 욕창, 농포(고름물집)증, 안검피부에 사용시 안압 상승, 녹내장(시야흐림, 시력장애) 등이 나타나는 경우 사용을 즉각 중지하고 의사 또는 약사와 상의하십시오.전신 흡수로 인해 가역적인 시상하부-뇌하수체-부신축의 억제, 쿠싱증후군, 과혈당증, 당뇨와 시력장애, 빈도불명의 시야흐림 등이 나타날 수 있습니다.",실온에서 보관하십시오.어린이의 손이 닿지 않는 곳에 보관하십시오.
0108806448033028,벤트플라 15g,"7,000",6448033028,6448,0330,8806448033028,8806448033028,64480330,OK,200800170,OK,"이 약은 정맥류상 부종, 표재성 정맥염, 사고시 외상, 운동시 부상(타박상), 건초염의 진통·소염에 사용합니다.",상처나 감염된 부위에 1일 수회 엷게 바른후 피부를 가볍게 문질러 줍니다.,,"다른 혈액응고저지제(예, 쿠마린, 아스피린, 디피리다몰, 덱스트란, 스트렙토키나제 등)와 함께 사용 시 출혈이 증가 할 수 있으므로 의사 또는 약사와 상의하십시오.","드물게 피부염, 접촉 알레르기, 청각장애를 동반한 이명(귀울림)증, 코피, 구역, 구토, 가려움 및 피부 점막의 건조증 등이 나타나는 경우 사용을 즉각 중지하고 의사 또는 약사와 상의하십시오.",습기와 빛을 피해 실온에서 보관하십시오.어린이의 손이 닿지 않는 곳에 보관하십시오.
0108806448033417,[태극]나프졸 크림 30g,"5,000",6448033417,6448,0334,8806448033417,8806448033417,64480334,OK,200803287,OK,"이 약은 백선(족부백선, 수부백선, 고부백선(완선), 체부백선), 피부칸디다증, 어루러기, 조갑(손톱, 발톱) 진균증에 사용합니다.","피부진균증에 사용하는 경우 1일 1회(가능하면 취침시) 환부를 깨끗이 닦고 완전히 건조시킨 후 환부 및 그 주위의 피부에 얇게 바르고 부드럽게 문지르십시오.조갑(손톱, 발톱) 진균증에 사용하는 경우 손톱, 발톱을 짧게 깎고, 1일 1회(가능하면 취침시) 또는 필요에 따라 1일 2회(아침, 저녁) 얇게 바릅니다. 재발 방지를 위해 모든 증상이 소실된 후에도 약 2주간 더 사용합니다.",,다른 국소 적용 약물과 함께 사용 시 의사 또는 약사와 상의하십시오.,"자극 또는 민감성 등이 나타나는 경우 사용을 즉각 중지하고 의사 또는 약사와 상의하십시오.드물게 작열감, 찔린 상처, 건조감, 홍반, 가려움, 국소자극 등이 나타날 수 있습니다.",실온에서 보관하십시오.어린이의 손이 닿지 않는 곳에 보관하십시오.
0108806448039938,이클린탁스130g,"7,000",6448039938,6448,0399,8806448039938,8806448039938,64480399,OK,200811134,NO_ITEM,,,,,,
0108806448046622,티트로신 10g,"4,000",6448046622,6448,0466,8806448046622,8806448046622,64480466,OK,201405690,OK,"이 약은 티로트리신 감수성 균에 감염된 외상(예, 찰과상), 곪은 피부감염의 개선에 사용합니다.",감염된 부위에 1일 2~3회 적당량을 바릅니다.가벼운 상처나 점막 부위의 감염에는 드레싱이 필요하지 않으나 심한 삼출성 상처에는 드레싱이 권장되며 이 약을 1~2회 사용시마다 드레싱을 교체하는 것이 권장됩니다.,,,피부 화끈감 등의 과민반응이 나타나는 경우 사용을 즉각 중지하고 의사 또는 약사와 상의하십시오.,실온에서 보관하십시오.어린이의 손이 닿지 않는 곳에 보관하십시오.
0108806448055419,목앤탁 30ml,"7,000",6448055419,6448,0554,8806448055419,8806448055419,64480554,OK,201803016,OK,"이 약은 목(인후)의 염증으로 인한 목의 통증, 목의 부종, 목의 불쾌감, 목이 쉼, 구내염에 사용합니다.","1일 수회 적당량을 환부에 분사 도포합니다.목의 염증에 사용하는 경우 용기의 분사구가 목의 환부를 향하게 하고 가볍게 숨을 내쉬면서 1회 3~4번 분사하고, 1일 3~5회 사용합니다.처음 사용하는 경우 약액이 나올 때까지 4~5회 분사 후 사용합니다.호흡을 들이마실 때 이 약을 사용하면 약액이 기관지 또는 폐로 들어갈 수 있으므로, 용기 분사구를 목의 환부로 향하게 하고 ‘아’하고 목소리를 내면서(가볍게 숨을 내쉬면서) 분사합니다.",,,"입에 자극감, 피부에 발진·발적(충혈되어 붉어짐), 가려움, 위부 불쾌감, 메스꺼움 등이 나타나는 경우 사용을 즉각 중지하고 의사 또는 약사와 상의하십시오.",습기와 빛을 피해 실온에서 보관하십시오.어린이의 손이 닿지 않는 곳에 보관하십시오.뚜껑을 닫아 보관하십시오.화기 근처에 두지 마십시오.
0108806448057314,[태극] 우레아 60g,"4,500",6448057314,6448,0573,8806448057314,8806448057314,64480573,OK,201905384,OK,"이 약은 진행성 지장각피증(주부습진의 건조형), 손·발바닥 각피증, 어린선(魚鱗蘚), 노인성 건피증, 모공성태선, 아토피 피부에 사용합니다.",환부를 씻은 다음 1일 1~수회 이 약을 바른 후 충분히 문지릅니다.,,"코르티코이드, 디트라놀, 5-플루오로우라실을 함께 사용 시 의사 또는 약사와 상의하십시오.","통증, 열감, 때때로 홍조, 가려움 등이 나타날 수 있습니다.과민증상, 때때로 습진화, 피부의 균열(갈라짐), 구진, 따끔따끔한 느낌, 작열감, 인설, 드물게 부종, 건조화 등이 나타나는 경우 사용을 즉각 중지하고 의사 또는 약사와 상의하십시오.",실온에서 보관하십시오.어린이의 손이 닿지 않는 곳에 보관하십시오.
0108806448058823,아크스카클리어 20g,"12,000",6448058823,6448,0588,8806448058823,8806448058823,64480588,OK,201908266,OK,"이 약은 상처 조직의 치료 후 처치(비대성ㆍ켈로이드성 흉터, 여드름 흉터, 수술 흉터)에 사용합니다.
","만 2세 이상 및 성인은 상처 및 주변 피부에 1일 수회 적용하여 가볍게 마사지합니다.

성인의 경우, 비후성 흉터에 대해서는 전날 두껍게 바르고 붕대로 고정하여, 하루 저녁 동안 적용할 수 있습니다.
",,"항응고제(쿠마린, 아스피린, 디피리다몰, 덱스트란, 스트렙토키나제)와 함께 사용하지 마십시오.
","알레르기 반응 등이 나타나는 경우 사용을 즉각 중지하고 의사 또는 약사와 상의하십시오.
","실온에서 보관하십시오.

어린이의 손이 닿지 않는 곳에 보관하십시오.
"
0108806448063612,아나파베 10T,"2,000",6448063612,6448,0636,8806448063612,8806448063612,64480636,OK,201601581,OK,"이 약은 위통, 복통(배아픔), 산통, 위산과다, 속쓰림에 사용합니다.","만 15세 이상 및 성인은 1회 2정 1일 2~3회, 만 8세 이상~만 15세 미만은 1회 1정 1일 2~3회 식후 또는 식간에 복용합니다.다만, 1일 2회 이상 복용시에는 4시간 이상의 간격을 두고 복용합니다.",,"스코폴리아엑스를 함유하는 제제, 위장진통·진경제와 함께 복용하지 마십시오.","발진, 가려움, 구갈, 변비, 두통, 안면홍조, 눈부심, 배뇨장애 등이 나타나는 경우 복용을 즉각 중지하고 의사 또는 약사와 상의하십시오.",습기와 빛을 피해 실온에서 보관하십시오.어린이의 손이 닿지 않는 곳에 보관하십시오.
0108806448064510,미녹시딜 바이그루트액 3% 200ml,"25,000",6448064510,6448,0645,8806448064510,8806448064510,64480645,OK,201800970,OK,"이 약은 남성형 탈모증(안드로젠탈모증) 및 여성형 탈모증(안드로젠탈모증)의 치료에 사용합니다.
","남성은 모발과 두피를 완전히 건조시킨 후 1회 0.5~1 mL씩, 1일 2회(아침, 저녁) 최소 4개월 동안 환부에만 바릅니다.
1일 총 투여량은 2 mL를 초과하지 마십시오.

여성은 모발과 두피를 완전히 건조시킨 후 1회 0.5 mL씩, 1일 2회(아침, 저녁) 최소 4개월 동안 환부에만 바릅니다.
1일 총 투여량은 1.3 mL를 초과하지 마십시오.
",,"다른 두피용 약물, 외용 코르티코이드, 레티노이드, 바셀린, 디트라놀 또는 경피흡수를 촉진시킨다고 알려진 약물과 함께 사용하지 마십시오.
","가려움, 인설, 홍반, 발적, 피부염, 피부건조, 이 약을 바른 부위 이외의 다모증(여성의 경우 안면털 성장), 모낭염, 작열감 및 피진을 포함한 국소 자극, 박리, 탈모, 피부 농양, 여드름, 조갑장애, 지루, 습진, 모발이상, 때때로 설사, 구역, 구토, 흉통, 혈압변화, 맥박변화, 심계항진, 심박동의 증가, 심낭삼출, 심막염, 전색, 빈맥, 협심증의 악화 또는 유발, 기관지염, 상기도 감염증, 부비동염, 호흡곤란, 호흡의 단축, 골절, 배통, 건염, 동통, 신경염(다발성 신경염 등), 쇠약, 어지럼, 두통, 몽롱함, 실신, 간염, 부종, 신결석, 염 및 체액저류, 열, 두드러기, 알레르기비염, 전신성 홍반 및 안면부종, 오한, 안구자극, 쓴맛, 이염(특히 외이염), 미각변화, 시력장애, 발기부전, 찌르는 것 같은 아픔, 갑작스러운 원인불명의 체중증가 등이 나타나는 경우 사용을 즉각 중지하고 의사 또는 약사와 상의하십시오.
","실온에서 보관하십시오.

어린이의 손이 닿지 않는 곳에 보관하십시오.

화기 근처에 두지 마십시오.
"
0108806448064633,미녹시딜 바이그루트액 5% 200ml,"25,000",6448064633,6448,0646,8806448064633,8806448064633,64480646,OK,201800971,OK,"이 약은 남성형 탈모증(안드로젠탈모증)의 치료에 사용합니다.
","모발과 두피를 완전히 건조시킨 후 1회 0.5~1 mL씩, 1일 2회(아침, 저녁) 최소 4개월 동안 환부에만 바릅니다.

1일 총 투여량은 2 mL를 초과하지 마십시오.

이 약의 사용 중단 후에는 탈모가 재발될 수 있습니다.
",,"외용 코르티코이드, 레티노이드, 바셀린, 디트라놀 또는 경피흡수를 촉진시킨다고 알려진 약물, 다른 두피용 약물과 함께 사용하지 마십시오.
","가려움, 인설, 홍반, 발적, 피부염, 피부건조, 이 약을 바른 부위 이외의 다모증(여성의 경우 안면털 성장), 모낭염, 작열감 및 피진을 포함한 국소 자극, 박리, 탈모, 피부 농양, 여드름, 조갑장애, 지루, 습진, 모발이상, 때때로 설사, 구역, 구토, 흉통, 혈압변화, 맥박변화, 심계항진, 심박동의 증가, 심낭삼출, 심막염, 전색, 빈맥, 협심증의 악화 또는 유발, 기관지염, 상기도 감염증, 부비동염, 호흡곤란, 호흡의 단축, 골절, 배통, 건염, 동통, 신경염(다발성 신경염 등), 쇠약, 어지럼, 두통, 몽롱함, 실신, 간염, 부종, 신결석, 염 및 체액저류, 열, 두드러기, 알레르기비염, 전신성 홍반 및 안면부종, 오한, 안구자극, 쓴맛, 이염(특히 외이염), 미각변화, 시력장애, 발기부전, 찌르는 것 같은 아픔, 갑작스러운 원인불명의 체중증가 등이 나타나는 경우 사용을 즉각 중지하고 의사 또는 약사와 상의하십시오.
","실온에서 보관하십시오.

어린이의 손이 닿지 않는 곳에 보관하십시오.

화기 근처에 두지 마십시오.
"
0108806448065821,아크클리어크림 20g,"10,000",6448065821,6448,0658,8806448065821,8806448065821,64480658,OK,202203168,OK,"이 약은 여드름, 뾰루지에 사용합니다.
","비누 등으로 세안 후 적당량을 1일 수회 환부(질환 부위)에 도포합니다.
",,,"국소적인 피부자극감(발진(충혈되어 붉어짐), 가려움, 건조, 작열감(화끈감), 자극감(따끔따끔), 부기) 등이 나타날 경우 사용을 즉각 중지하고 의사 또는 약사와 상의하십시오.
","습기와 빛을 피해 실온에서 보관하십시오.

어린이의 손이 닿지 않는 곳에 보관하십시오.

사용기간을 넘긴 제품은 사용하지 마십시오.
"
0108806448066156,도미나 라이트(히드라퀴논2%) 40g,"20,000",6448066156,6448,0661,8806448066156,8806448066156,64480661,OK,202200063,OK,"이 약은 간반, 흑피증(기미), 주근깨, 노인성 검은반점, 기타 불필요한 부위의 과도한 멜라닌 색소 침착 피부의 점차적인 표백에 사용합니다.
","일 1~2회(아침, 취침 전) 적당량을 환부에 바릅니다.
","이 약 사용중 또는 사용후에는 자외선 차단제를 사용하거나 햇빛에 대한 노출을 차단하십시오. 피부가 변색될 수 있습니다.
동물실험(고용량 경구투여)에서 변이원성 및 발암성이 관찰되었으므로 치료효과에 따라 투여 기간을 적절히 조절하고 장기간 사용하지 마십시오.
",,"아황산 아나필락시와 같은 알레르기를 일으킬 수 있으며, 일부 감수성 환자에서는 생명을 위협할 정도 또는 이보다 약한 천식발작을 일으킬 수 있습니다.
접촉피부염과 같은 과민반응이 나타날 수 있으므로 이러한 경우에는 투여를 중지하고 의사 또는 약사와 상의하십시오.
가려움, 수포, 과도한 염증이 나타날 수 있습니다. 
","어린이의 손이 닿지 않는 곳에 보관하십시오. 빛을 피해 실온에서 보관하십시오.
"
0108806448067214,메타리빈액 15ml,"6,000",6448067214,6448,0672,8806448067214,8806448067214,64480672,OK,202303044,OK,"이 약은 코감기, 알레르기성 비염, 또는 부비동염에 의한 코막힘, 콧물, 재채기, 머리무거움 증상의 완화에 사용합니다.
","만 2세 이상에서 만 12세 미만의 어린이에게 1회 1번씩, 1일 3회의 범위 안에서 각각의 코 안에 뿌리십시오.

적용 간격은 8시간 이상으로 하십시오.
",,"우울증, 파킨슨병 치료 등에 사용되는 MAO억제제를 복용하고 있거나 복용을 중단한 후 2주 이내의 사람은 이 약을 사용하지 마십시오.

이 약을 사용하기 전에 삼환계 혹은 사환계 항우울제를 투여하는 환자는 의사 또는 약사와 상의하십시오.

사용시에는 음주하지 마십시오.
","발진 및 충혈되어 붉어지는 발적, 부종, 자극감, 가려움 등이 나타나는 경우 이 약의 사용을 즉각 중지하고 의사 또는 약사와 상의하십시오.

급작스런 심한 두통, 구역, 구토 및 시각장애 등의 가역적 후뇌 병증 증후군 및 가역적 뇌혈관 수축 증후군의 증상이 나타나는 경우 이 약의 사용을 즉각 중지하고 의사 또는 약사와 상의하십시오.

이 약에는 벤잘코늄염화물이 함유되어 있어 기관지 경련을 일으킬 수 있습니다.
","습기와 빛을 피해 섭씨 25도 이하에서 보관하십시오.

어린이의 손이 닿지 않는 곳에 보관하십시오.
"
0108806453030715,호르반 30ml,"4,000",6453030715,6453,0307,8806453030715,8806453030715,64530307,OK,198902513,OK,"이 약은 자양강장, 육체피로, 병중, 병후 ,발열성.소모성 질환, 식욕부진, 영양장해 등의 경우의 영양보급, 자양강장, 허약체질에 사용합니다.","성인은 1회 1병(30mL), 1일 1~2회 복용합니다.",로얄젤리가 함유된 제제 사용으로 천식 및 심각한 알레르기 증상이 나타날 수 있습니다. 천식 및 알레르기 환자는 복용하지 마십시오.,"칼륨함유제제, 감초함유제제, 글리시리진산 또는 그 염류 함유제제, 루프계 이뇨제(푸로세미드, 에타크린산) 또는 티아지드계 이뇨제(트리클로르메티아지드)를 함께 사용 시 의사 또는 약사와 상의하십시오.","뇨량이 감소하거나, 얼굴이나 손발이 붓거나, 눈꺼풀이 무겁거나, 손이 굳어지거나, 혈압이 오르거나, 두통, 무력감, 사지경련, 마비 등이 나타나는 경우 복용을 즉각 중지하고 의사 또는 약사와 상의하십시오.",습기와 빛을 피해 서늘한 곳에 보관하십시오.어린이의 손이 닿지 않는 곳에 보관하십시오.
0108806453033839,티어클린(순) 15ml,"3,000",6453033839,6453,0338,8806453033839,8806453033839,64530338,OK,200809299,OK,"이 약은 소프트콘택트렌즈 또는 하드콘택트렌즈를 착용하고 있을 때의 불쾌감, 눈물 보충 (눈의 건조), 눈의 피로, 눈의 흐림 (눈곱이 많을 때)에 사용합니다.
","1회 2~3적, 1일 5~6회 점안(눈에 넣음)합니다.
",,,"발진, 발적(충혈되어 붉어짐), 가려움, 부기, 하드콘택트렌즈를 장착한 환자에서 눈곱 등의 분비물이 많고, 렌즈가 흐려지는 경우 사용을 즉각 중지하고 의사 또는 약사와 상의하십시오.
","습기와 빛을 피해 실온에서 보관하십시오.

어린이의 손이 닿지 않는 곳에 보관하십시오.
"
0108806453060521,티어클린 0.5ml x 30관,"7,000",6453060521,6453,0605,8806453060521,8806453060521,64530605,OK,200809299,OK,"이 약은 소프트콘택트렌즈 또는 하드콘택트렌즈를 착용하고 있을 때의 불쾌감, 눈물 보충 (눈의 건조), 눈의 피로, 눈의 흐림 (눈곱이 많을 때)에 사용합니다.
","1회 2~3적, 1일 5~6회 점안(눈에 넣음)합니다.
",,,"발진, 발적(충혈되어 붉어짐), 가려움, 부기, 하드콘택트렌즈를 장착한 환자에서 눈곱 등의 분비물이 많고, 렌즈가 흐려지는 경우 사용을 즉각 중지하고 의사 또는 약사와 상의하십시오.
","습기와 빛을 피해 실온에서 보관하십시오.

어린이의 손이 닿지 않는 곳에 보관하십시오.
"
0108806457011918,탄툼 베르데 네뷸라이저(30ml),"7,000",6457011918,6457,0119,8806457011918,8806457011918,64570119,OK,200210575,OK,"이 약은 인후, 구강, 잇몸, 발치 전후의 염증치료 및 진통에 사용합니다.","12세 이상 및 성인은 1회 4~8번, 6세이상 12세 미만은 1회 4번, 6세 미만은 각 횟수마다 아이의 몸무게 4 kg당 1번씩 최대한도 4번까지 1일 2회~6회 분무합니다.","매일 세잔 이상 정기적 음주자가 이 약 또는 다른 해열진통제를 복용(사용)할 때는 의사 또는 약사와 상의하십시오. 위장출혈을 일으킬 수 있습니다.장기간 사용 시 과민증을 일으킬 수 있으며, 과민증 발생시 사용을 중지하고 의사와 상의하십시오.",해열진통제를 사용하는 경우 의사 또는 약사와 상의하십시오.,"트림, 구역, 구토, 때때로 구강마비감, 자상감, 작열감, 드물게 과민반응 등이 나타날 수 있습니다.",실온에서 보관하십시오.어린이의 손이 닿지 않는 곳에 보관하십시오.
0108806457027919,[삼아] 리도멕스 0.15% 15g,"4,000",6457027919,6457,0279,8806457027919,8806457027919,64570279,OK,201801272,OK,"이 약은 습진, 피부염, 두드러기, 벌레물린데, 가려움, 땀띠에 사용합니다.",1일 수회(여러 차례) 질환 부위에 적당량을 바릅니다.,,,"발진, 발적(충혈되어 붉어짐), 가려움증, 무좀·백선 등의 백선, 여드름, 화농(곪음)증상, 지속적인 자극감, 빈도불명의 시야흐림 등이 나타나는 경우 사용을 즉각 중지하고 의사 또는 약사와 상의하십시오.",습기와 빛을 피해 실온에서 보관하십시오.어린이의 손이 닿지 않는 곳에 보관 하십시오.
0108806458039621,[바이넥스] 티나청포르테 점안액 14ml,"3,000",6458039621,6458,0396,8806458039621,8806458039621,64580396,OK,201402327,OK,"이 약은 눈의 피로, 결막충혈, 수영 후 눈의 불쾌감 또는 먼지나 땀이 눈에 들어갔을 때 자외선 및 기타광선에 의한 눈의 염증, 눈꺼풀의 짓무름, 하드콘택트렌즈를 착용시 불쾌감, 눈의 가려움, 눈의 침침함(눈곱이 많을 때 등)에 사용합니다.
","1회 2~3방울씩, 1일 5~6회 점안합니다.
",,,,
0108806470004935,안티포스 10g,"3,000",6470004935,6470,0049,8806470004935,8806470004935,64700049,OK,201602741,OK,"이 약은 베임, 창상, 화상에 의한 감염증 예방 및 통증완화에 사용합니다.",2세 이상은 1일 1~3회 질환 부위에 적당량을 바릅니다.,,,"발진, 가려움증, 발적(충혈되어 붉어짐), 종창(부기), 구진, 소수포(물집), 발육과다 등이 나타나는 경우 사용을 즉각 중지하고 의사 또는 약사와 상의하십시오.",습기와 빛을 피해 실온에서 보관하십시오.어린이의 손이 닿지 않는 곳에 보관하십시오.
0108806470007110,안티클로크림 5g,"4,000",6470007110,6470,0071,8806470007110,8806470007110,64700071,OK,202000951,OK,이 약은 재발성 구순포진(입술물집)의 초기 치료에 사용합니다.,"성인은 환부(질환 부위)의 가장자리까지 충분히 적용할 수 있는 적당량으로 하여 1일 5회, 5일동안 사용합니다.치료는 초기증상 및 증후가 보이는 즉시 가능한 빨리 시작합니다.",,,"흔하게 건조감, 피부 벗겨짐, 때때로 일시적인 작열감(화끈감), 저림, 드물게 홍반(붉은 반점), 색소침착, 염증의 증상 및 증후 등이 나타나는 경우 사용을 즉각 중지하고 의사 또는 약사와 상의하십시오.전신 흡수로 인해 가역적인 시상하부-뇌하수체-부신축의 억제, 쿠싱증후군, 고혈당증, 당뇨와 시력장애 등이 나타날 수 있습니다.",실온에서 보관하십시오.어린이의 손이 닿지 않는 곳에 보관하십시오.
0108806478049129,돌체락 5ml x 20P,"12,000",6478049129,6478,0491,8806478049129,8806478049129,64780491,OK,201907041,OK,"이 약은 만성변비, 영·유아 및 소아의 변비, 분만 후의 변비에 사용합니다.","만성변비에는 성인은 처음 2~3일간 1일 15~30 mL를 아침식전에 복용하고, 그 후 계속 1일 10~15 mL를 복용합니다. 심할 경우 45 mL까지 복용할 수 있습니다. 소아(7∼14세)는 처음 2~3일간 1일 15 mL를 복용하고 그 후 계속 1일 10 mL를 복용합니다. 유아(1~6세)는 1일 5~10 mL, 영아(12개월 미만)는 1일 5 mL를 복용합니다.",,"아카보즈 등의 α-글리코시다아제 저해제, 광범위 항균 스펙트럼 항생제, 이뇨제, 코르티코이드, 암포테리신 B, 강심배당체, 제산제를 복용하는 환자는 의사 또는 약사와 상의하십시오.","묽은 변 또는 설사가 나타나는 경우 복용을 즉각 중지하고 의사 또는 약사와 상의하십시오.트림, 경련성 복부불쾌감, 때때로 복명, 복부팽만감, 복통, 식욕부진, 구역, 구토가 나타날 수 있습니다.",실온에서 보관하십시오.어린이의 손이 닿지 않는 곳에 보관하십시오.
01088064780571241727100310IKMA00,아이스콘 0.5ml x 30관,"7,000",6478057124172710031000,6478,0571,8806478057124172710031000,8806478057124172710031000,64780571,OK,,NO_ITEMSEQ,,,,,,
0108806481013247,코졸텍 10T,"1,500",6481013247,6481,0132,8806481013247,8806481013247,64810132,OK,199702105,OK,"이 약은 계절성 및 다년성 알레르기성 비염, 알레르기성 결막염, 만성 특발성 두드러기, 피부소양증과 하이드로코티손 외용제와 병용에 의한 습진, 피부염에 사용합니다.
","성인 및 6세 이상의 소아는 1일 1회 1정(10 mg)을 취침 전에 복용하고, 이상반응에 민감한 환자의 경우는 1/2정(5 mg)씩을 아침, 저녁에 분할 복용합니다.

연령, 증상에 따라 적절히 증감합니다.

신장애 환자의 투여 간격은 환자의 신기능에 따라 조절되어야 하고, 신장애를 가진 소아 환자는 환자의 신 청소율과 체중을 고려하여 개별적으로 용량을 조절해야 하므로 자세한 사항은 허가사항을 참고하십시오.
",,"이 약을 복용하는 동안 테오필린, 리토나비어, 과량의 알코올과 함께 복용하지 마십시오. 
","졸음, 두통, 때때로 권태감, 마비감, 무력증, 초조, 감각이상, 드물게 가볍고 일시적인 나른함, 피로, 어지러움, 머리무거움, 흥분, 경련, 운동이상, 근육긴장이상, 실신, 떨림, 공격성, 혼돈, 우울, 환각, 불면증, 틱 장애, 기억상실, 기억장애, 자살관념, 악몽, 때때로 목마름, 입술건조감, 구역, 식욕부진, 위부불쾌감, 소화불량, 복통, 위통, 복부불쾌감, 설사, 드물게 구토, 위장장애, 입술염, 미각이상, 식욕증진, 드물게 빠른맥, 부정맥, 혈압상승, 때때로 두근거림, 혈관염, 때때로 백혈구 감소, 호중구 감소, 림프구 증가, 호산구 증가, 드물게 단구 증가, 혈소판 증가, 혈소판 감소, 광과민증, 드물게 과민증 및 과민성 쇼크, 때때로 부기, 가려움, 발진, 드물게 두드러기, 혈관신경성부종, 고정약물발진, 급성전신발진농포증, 드물게 시야 흐림, 결막충혈, 안조절 장애, 안운동발작, 현기증, 때때로 AST, ALT, ALP, 총빌리루빈, -GTP, LDH의 상승 등 간기능 장애, 황달, 간염, BUN 상승, 당뇨, 피섞인 소변, 드물게 배뇨 곤란, 야뇨증, 소변고임, 관절통, 근육통, 인두염, 기침, 코피, 기관지경련, 청력이상, 시각이상, 때때로 가슴통증, 드물게 월경불순, 귀울림, 비염, 체중 증가가 나타나는 경우 복용을 즉각 중지하고 의사 또는 약사와 상의하십시오.

이 약 복용 중단 후 가려움증, 두드러기 등이 나타날 수 있습니다.
","실온에서 보관하십시오.

어린이의 손이 닿지 않는 곳에 보관하십시오.
"
0108806481013568,속엔쿨 10T,"1,500",6481013568,6481,0135,8806481013568,8806481013568,64810135,OK,199302106,OK,"이 약은 소화불량, 식욕감퇴(식욕부진), 과식, 체함, 소화촉진, 소화불량으로 인한 위부(상복부)팽만감에 사용합니다.
","만 15세 이상 및 성인은 1회 2정씩, 1일 3회 식후에 복용합니다.
",,"지질성 유제, 다른 정주용 지질제와 함께 복용 시 의사 또는 약사와 상의하십시오.
",,"습기와 빛을 피해 실온에서 보관하십시오.

어린이의 손이 닿지 않는 곳에 보관하십시오.
"
0108806481027619,그날엔큐 10T,"2,000",6481027619,6481,0276,8806481027619,8806481027619,64810276,OK,200906330,OK,"이 약은 두통, 치통, 발치(이를 뽑음)후 동통(통증), 인후(목구멍)통, 귀의 통증, 관절통, 신경통, 요(허리)통, 근육통, 견통(어깨통증), 타박통, 골절통, 염좌통(삔 통증), 생리통, 외상(상처)통의 진통, 오한, 발열시의 해열에 사용합니다.
","15세 이상 성인은 1회 2정 1일 3회 공복(빈 속)을 피하여 복용하며 복용간격은 4시간 이상이 되도록 합니다.
","매일 세잔 이상 정기적 음주자가 이 약 또는 다른 해열진통제를 복용할 때는 의사 또는 약사와 상의하십시오. 위장출혈을 일으킬 수 있습니다.

이 약 복용 시 치명적일 수 있는 중대한 심혈관계 혈전 반응, 심근경색증, 뇌졸중의 위험이 증가하며, 위장관 출혈, 궤양 및 천공 등 심각한 위장관계 이상반응이 나타날 수 있습니다.

조절되지 않는 고혈압, 울혈심부전증, 확립된 허혈성 심장질환, 말초동맥질환, 뇌혈관질환을 가진 환자는 고용량 이부프로펜(1일 2,400 mg) 복용을 피해야 하며, 심혈관계 위험 요소(고혈압, 고지혈증, 당뇨병, 흡연 등)를 가지고 있는 환자는 고용량 이부프로펜(1일 2,400 mg) 복용이 필요한 경우 이 약을 복용하기 전에 의사 또는 약사와 상의하십시오.
","다른 해열진통제, 감기약, 진정제, 멀미약, 프로베네시드, 설핀피라존, 디곡신, 페니토인, 바크로펜, 이뇨제, 항고혈압제, ACE 저해제(억제제), 푸로세미드, 아스피린, 리튬, 메토트렉세이트, 경구용 항응혈제(와파린 등)와 함께 복용하지 마십시오.
","구역, 복부팽만감, 위통, 가슴앓이, 식욕부진, 설사, 변비, 구토, 위염, 잠재성 출혈 과다, 드물게 출혈을 동반한 소화성궤양, 때때로 중추신경 이상반응(두통, 우울, 현기증, 불면, 공포, 의식장애), 이명(귀울림), 난청, 약시, 드물게 두드러기, 자반, 가려움증, 발진, 매우 드물게 스티븐스-존슨증후군(피부점막안증후군), 광민감 반응(빈도불명), 다형성 홍반, 탈락 피부염, 독성표피괴사용해(리엘증후군), 빈도불명의 호산구증가 및 전신 증후군을 동반한 약물발진(DRESS 증후군)과 급성전신발진고름물집증, 황달, GOT, GPT, ALP의 상승, 재생불량성빈혈, 용혈성빈혈, 자가면역 출혈성빈혈, 출혈, 과립구감소, 혈소판감소, 혈소판기능저하(출혈시간 연장), 급성신부전, 핍뇨(소변감소), 혈뇨, 요단백, BUN, 혈중크레아티닌의 상승, 고칼륨혈증, 빈도불명의 코니스 증후군 등이 나타나는 경우 복용을 즉각 중지하고 의사 또는 약사와 상의하십시오.
","습기와 빛을 피해 실온에서 보관하십시오.

어린이의 손이 닿지 않는 곳에 보관하십시오.
"
0108806481037717,애니메디 5ml,"4,000",6481037717,6481,0377,8806481037717,8806481037717,64810377,OK,201604643,OK,"이 약은 질 세균 감염, 구내염 및 치육염(잇몸염)에 사용합니다.",질 세균 감염에는 용액을 적신 거즈를 질 안에 넣고 가벼운 압력으로 해당부위를 1~3분간 누릅니다. 3~4일 간격으로 두 번 사용하십시오.구내염 및 치육염에는 이 약을 적신 면봉 등을 이용해 여러번 반복하여 발라줍니다.,,다른 외용제와 함께 사용하지 마십시오.,"국소적인 자극 및 알레르기반응, 치아의 법랑질에 손상 등이 나타나는 경우 사용을 즉각 중지하고 의사 또는 약사와 상의하십시오.",빛을 피해 실온에서 보관하십시오.어린이의 손이 닿지 않는 곳에 보관하십시오.이 약의 적용 시 쓰이는 기구 등은 사용한 직후 소독할 때까지 물(경우에 따라 1~2% 탄산수소나트륨을 첨가)을 담은 용기에 보관하십시오.
0108806481044517,[경동] 애니큐어 10g,"2,500",6481044517,6481,0445,8806481044517,8806481044517,64810445,OK,202002056,OK,"이 약은 베임, 창상, 화상에 의한 감염증 예방 및 통증완화에 사용합니다.",2세 이상은 1일 1~3회 질환 부위에 적당량을 바릅니다.,,,"발진, 가려움증, 발적(충혈되어 붉어짐), 종창(부기), 구진, 소수포(물집), 발육과다 등이 나타나는 경우 사용을 즉각 중지하고 의사 또는 약사와 상의하십시오.",습기와 빛을 피해 실온에서 보관하십시오.어린이의 손이 닿지 않는 곳에 보관하십시오.
0108806481047419,그날엔 더블유 12C,"2,500",6481047419,6481,0474,8806481047419,8806481047419,64810474,OK,202107347,OK,"이 약은 두통, 치통, 발치후 동통(통증), 인후(목구멍)통, 귀의 통증, 관절통, 신경통, 요통, 근육통, 견통(어깨결림), 타박통, 골절통, 염좌통(삠통증), 월경통(생리통), 외상통의 진통, 오한(춥고 떨리는 증상), 발열시의 해열에 사용합니다.
","만 15세 이상 및 성인은 1회 1~2캡슐씩, 1일 1~3회 공복(빈 속)시를 피하여 복용합니다.

복용간격은 4시간 이상으로 합니다.
","매일 세 잔 이상 정기적 음주자가 이 약 또는 다른 해열진통제를 복용할  때는 의사 또는 약사와 상의하십시오. 위장출혈을 일으킬 수 있습니다.

조절되지 않는 고혈압, 울혈심부전증, 확립된 허혈성 심장질환, 말초동맥질환, 뇌혈관질환을 가진 환자는 고용량 이부프로펜(1일 2,400 mg) 복용을 피해야 하며, 심혈관계 위험 요소(고혈압, 고지혈증, 당뇨병, 흡연 등)를 가지고 있는 환자는 고용량 이부프로펜(1일 2,400 mg) 복용이 필요한 경우 이 약을 복용하기 전에 의사 또는 약사와 상의하십시오.
","다른 해열진통제, 감기약, 진정제와 함께 복용하지 마십시오.
","발진·발적(충혈되어 붉어짐), 가려움, 구역·구토, 식욕부진, 변비, 위통, 소화관출혈, 위부불쾌감, 어지러움, 부종(부기), 드물게 아나필락시쇽(과민성쇼크 : 복용후 바로 두드러기, 부종, 가슴답답함 등과 함께 안색이 창백하고, 손발이 차고, 식은땀, 숨쉬기 곤란함), 피부점막안증후군(스티븐스-존슨증후군), 독성표피괴사용해(리엘증후군 : 고열을 동반하고, 발진·발적(충혈되어 붉어짐), 화상과 같이 물집이 생기는 등의 심한 증상), 천식, 매우 드물게 다형성 홍반, 탈락 피부염, 빈도불명의 광민감 반응, 호산구 증가 및 전신 증후군을 동반한 약물 반응(DRESS 증후군), 급성전신발진고름물집증이 나타날 경우 복용을 즉각 중지하고 의사 또는 약사와 상의하십시오.
","습기와 빛을 피해 실온에서 보관하십시오.

어린이의 손이 닿지 않는 곳에 보관하십시오.
"
0108806481049512,코투루텐 20ml,"6,000",6481049512,6481,0495,8806481049512,8806481049512,64810495,OK,202302474,OK,"이 약은 코감기, 알레르기성 비염 또는 부비동염에 의한 코막힘, 콧물, 재채기, 머리 무거움 증상의 완화에 사용합니다.
","만 7세 이상 및 성인은 1회 1~2번씩, 1일 1~2회로 각 코 안에 뿌리십시오.

10~12시간의 간격을 두고 뿌리고, 24시간 동안 2회를 초과하지 마십시오.
",,"우울증, 파킨슨병 치료 등에 사용되는 MAO 억제제를 복용하고 있거나 복용을 중단한 후 2주 이내인 사람은 이 약을 사용하지 마십시오.

사용 시에는 음주하지 마십시오.
","발진 및 발적, 부종, 자극감, 가려움 등이 나타나는 경우 이 약의 사용을 즉각 중지하고 의사 또는 약사와 상의하십시오.

이 약은 벤잘코늄염화물을 함유하고 있어 기관지 경련을 일으킬 수 있습니다.
","습기와 빛을 피해 실온에서 보관하십시오.

어린이의 손이 닿지 않는 곳에 보관하십시오.
"
0108806483002232,포비돈스틱스왑 2p,360,6483002232,6483,0022,8806483002232,8806483002232,64830022,OK,200611367,OK,"이 약은 찢긴 상처, 화상, 창상의 살균소독, 궤양, 농양의 살균소독, 감염피부면의 소독, 수술부위의 살균소독, 주사 및 카테터부위의 소독에 사용합니다.",1일 수회(여러 차례) 환부(질환 부위)에 적당량을 바릅니다.,,"과산화수소를 함께 사용하지 마십시오.리튬제제, 클로르헥시딘, 설파디아진 은화합물, 알칼리, 수은을 함유한 제제, 효소성분의 상처치료제를 함께 사용 시 의사 또는 약사와 상의하십시오.","드물게 아나필락시양 증상(호흡곤란, 조홍, 두드러기 등), 요오드진, 때때로 동통, 가려움, 자극감, 발진, 발적, 피부염, 드물게 작열감, 피부궤양, 접촉피부염, 피부변색이 나타나는 경우 사용을 즉각 중지하고 의사 또는 약사와 상의하십시오.",빛을 피해 실온에서 보관하십시오.
0108806486004264,(보령)리메부틴정 10T,"2,000",6486004264,6486,0042,8806486004264,8806486004264,64860042,OK,200003409,OK,"이 약은 식도역류 및 열공헤르니아, 위 십이지장염, 위ㆍ십이지장궤양에 있어서의 소화기능이상 (복통, 소화불량,구역, 구토), 과민성대장증후군 및 경련성 결장, 소아 질환(습관성 구토, 비감염성 장관통과장애 (변비, 설사))에 사용합니다.","성인은 1회 1~2정(100-200mg) 1일 3회 식전에 복용합니다.연령, 증상에 따라 적절히 증감합니다.",,,"드물게 변비, 설사, 복명, 구역, 구토, 소화장애, 구갈, 구내마비감, 심계항진, 피로감, 졸음, 현기, 권태감, 두통, GOT, GPT상승이 나타날 수 있습니다.드물게 발진 등이 나타나는 경우 복용을 즉각 중지하고 의사 또는 약사와 상의하십시오.",실온에서 보관하십시오.
0108806486021711,젠타졸정 2T,800,6486021711,6486,0217,8806486021711,8806486021711,64860217,OK,200901319,OK,"이 약은 회충, 요충, 십이지장충, 편충, 아메리카 구충, 분선충의 감염 및 이들 혼합감염의 치료에 사용합니다.","성인 및 24개월 이상의 소아는 요충에 1일 1회 1정(400 mg)을 복용합니다. 박멸을 위하여 7일 뒤, 한번만 더 1정(400 mg)을 복용합니다.회충, 십이지장충, 편충, 아메리카구충에 1회 1정(400 mg)을 단회 복용합니다.분선충의 다른 기생충(조충)과 중증 혼합 감염시에 1일 1회 1정(400 mg) 씩 3일간 복용합니다.삼키기 어려울 경우 씹거나 소량의 물로 복용할 수 있으며 식사를 중단하거나 하제를 쓰는 등의 특별한 과정은 필요하지 않습니다.치료 3주 후 검사를 하여 치료되지 않았으면 경우에 따라 2차 투여를 실시할 수 있습니다.",이 약은 체내에서 페닐알라닌으로 대사되는 아스파탐이 함유되어 페닐알라닌의 섭취를 규제할 필요가 있는 페닐케톤뇨증 환자는 복용하지 마십시오.,"이 약을 복용하는 동안 테오필린, 시메티딘, 프라지콴텔, 덱사메타손, 리토나비르, 페니토인, 카르바마제핀, 페노바르비탈을 함께 복용하지 마십시오.","피부점막안증후군(스티븐스-존슨증후군), 다형홍반(여러 모양의 붉은 반점), 구역, 구토, 속쓰림, 설사, 상복부 또는 복부(배부분) 통증 등의 위장관 장애 또는 두통 및 어지럼, 드물게 발열, 전신 발적(충혈되어 붉어짐), 발진, 가려움, 두드러기 등의 과민반응, 가역적인(회복 가능한) 탈모증 등이 나타나는 경우 복용을 즉각 중지하고 의사 또는 약사와 상의하십시오.",습기와 빛을 피해 실온에서 보관하십시오.어린이의 손이 닿지 않는 곳에 보관하십시오.
0108806495025311,유니센타액 60V(20ml x 30V x 2EA),"200,000",6495025311,6495,0253,8806495025311,8806495025311,64950253,OK,200512334,OK,"이 약은 자양강장, 허약체질, 육체피로, 병후의 체력저하, 식욕부진, 영양장애, 발열성·소모성질환에 사용합니다.",성인 1일 1회 1병(20 mL)을 복용합니다.이 약은 경구용으로만 사용하고 주사용으로는 사용하지 마십시오.,사람 태반을 원재료로 사용하여 제조한 것이므로 그 유익성이 위험성을 웃도는 경우에만 복용하십시오.,레보도파와 함께 복용하지 마십시오.,"구역, 구토, 묽은 변, 속쓰림 등이 나타나는 경우 복용을 즉각 중지하고 의사 또는 약사와 상의하십시오.",습기와 빛을 피해 실온에서 보관하십시오.어린이의 손이 닿지 않는 곳에 보관하십시오.
0108806495071325,앗센 20ml x 30V,"50,000",6495071325,6495,0713,8806495071325,8806495071325,64950713,OK,201600290,OK,이 약은 정신적·신체적 기능무력 증상의 보조요법으로 사용합니다.,"19세 이상의 성인은 1회 1.0 g씩 1일 2~3회, 12~18세는 1회 1.0 g씩 1일 1~2회 식전에 복용합니다.",,"항정신병약, 수면제와 함께 복용하지 마십시오.",알레르기 반응이 나타나는 경우 복용을 즉각 중지하고 의사 또는 약사와 상의하십시오.,습기와 빛을 피해 실온에서 보관하십시오.
0108806495071332,앗센액 20ml x 60V(30V x 2EA),"100,000",6495071332,6495,0713,8806495071332,8806495071332,64950713,OK,201600290,OK,이 약은 정신적·신체적 기능무력 증상의 보조요법으로 사용합니다.,"19세 이상의 성인은 1회 1.0 g씩 1일 2~3회, 12~18세는 1회 1.0 g씩 1일 1~2회 식전에 복용합니다.",,"항정신병약, 수면제와 함께 복용하지 마십시오.",알레르기 반응이 나타나는 경우 복용을 즉각 중지하고 의사 또는 약사와 상의하십시오.,습기와 빛을 피해 실온에서 보관하십시오.
0108806497006646,지엘 소브레롤 10C,"2,000",6497006646,6497,0066,8806497006646,8806497006646,64970066,OK,198701672,OK,"이 약은 급·만성기관지염, 호흡장애(천식, 기침)를 수반한 기관지염, 비인두염, 후두기관염 등 분비기능이 항진된 급·만성 호흡기 장애에 사용합니다.","성인은 1회 2캡슐(200 mg)씩, 1일 2회 복용합니다.",,,"드물게 전신적 알레르기증상(피부발적, 가려움, 작열감) 및 국소반응 등이 나타나는 경우 복용을 즉각 중지하고 의사 또는 약사와 상의하십시오.",습기와 빛을 피해 실온에서 보관하십시오.어린이의 손이 닿지 않는 곳에 보관하십시오.
0108806497024015,애크논 크림 13g,"10,000",6497024015,6497,0240,8806497024015,8806497024015,64970240,OK,201901721,OK,"이 약은 여드름, 뾰루지에 사용합니다.
","비누 등으로 세안 후 적당량을 1일 수회 환부(질환 부위)에 도포합니다.
",,,"국소적인 피부자극감(발진, 가려움, 건조, 작열감, 자극감, 부기)이 나타나는 경우 사용을 즉각 중지하고 의사 또는 약사와 상의하십시오.
","습기와 빛을 피해 실온에서 보관하십시오.

어린이의 손이 닿지 않는 곳에 보관하십시오.
"
0108806498018518,[명문]베라스톤크림 20g,"2,500",6498018518,6498,0185,8806498018518,8806498018518,64980185,OK,200612692,OK,"이 약은 2차 감염된 알레르기성 또는 염증성 피부질환 (습진, 접촉피부염, 지루피부염, 아토피피부염, 광피부염, 만성단순태선, 간찰진(피부스침증), 박탈피부염, 가려움, 건선(마른비늘증)), 1도 화상에 사용합니다.",1일 1~3회 환부(질환분위)에 적당량을 바릅니다.,,,"전염성 농가진(고름딱지증), 모낭염, 바이러스성 감염, 부스럼, 피부자극, 자통(찌름 통증), 발열, 작열감(화끈감), 가려움, 발진, 발적(충혈되어 붉어짐), 홍조, 부종, 구진, 소수포(물집), 피부건조, 농포(고름물집)성피부염, 땀띠, 상처 악화, 욕창, 농포(고름물집)증, 과민증, 피부변색, 다모(털과다)증, 여드름상발진, 색소침착저하증, 입주위피부염, 알레르기성접촉피부염, 피부짓무름, 2차감염, 피부위축, 줄무늬, 안검피부에 사용 시 안압 상승, 녹내장(시야흐림) 등이 나타나는 경우 사용을 즉각 중지하고 의사 또는 약사와 상의하십시오.",실온에서 보관하십시오.어린이의 손이 닿지 않는 곳에 보관하십시오.
0108806498027015,제나콤정 2T,800,6498027015,6498,0270,8806498027015,8806498027015,64980270,OK,200502661,OK,"이 약은 회충, 요충, 십이지장충, 편충, 아메리카 구충, 분선충의 감염 및 이들 혼합감염의 치료에 사용합니다.","성인 및 24개월 이상의 소아는 요충에 감염된 경우 1일 1회 1정(400 mg) 복용합니다. 박멸을 위하여 7일 뒤, 한번만 더 1정(400 mg)을 복용합니다.회충, 십이지장충, 편충, 아메리카구충에 감염된 경우 1정(400 mg)을 단회(1회) 복용합니다.분선충의 다른 기생충(조충)과 중증(심한증상) 혼합 감염시 1일 1회 1정(400 mg)씩 3일간 복용합니다.삼키기 어려울 경우 씹거나 소량의 물로 복용할 수 있으며 식사를 중단하거나 하제를 쓰는 등의 특별한 과정은 필요하지 않습니다.치료 3주 후 검사를 하여 치료되지 않았으면 경우에 따라 2차 투여를 실시할 수 있습니다.",,"이 약을 복용하는 동안 테오필린, 시메티딘, 프라지콴텔, 덱사메타손, 리토나비르, 페니토인, 카르바마제핀, 페노바르비탈을 함께 복용하지 마십시오.","피부점막안증후군(스티븐스-존슨증후군), 다형홍반(여러 모양의 붉은 반점), 구역, 구토, 속쓰림, 설사, 상복부(배부분) 또는 복부(배부분) 통증, 두통 및 어지럼, 발열, 전신 발적(충혈되어 붉어짐), 발진, 가려움, 두드러기 등의 과민반응, 가역적인(회복 가능한) 탈모증 등이 나타나는 경우 복용을 즉각 중지하고 의사 또는 약사와 상의하십시오.",습기와 빛을 피해 실온에서 보관하십시오.어린이의 손이 닿지 않는 곳에 보관하십시오.
0108806498052727,옵트클린 14ml,"3,000",6498052727,6498,0527,8806498052727,8806498052727,64980527,OK,201101771,OK,"이 약은 결막염(유행성결막염), 다래끼, 눈꺼풀의 짓무름, 눈의 가려움에 사용합니다.
","1회 1~3방울씩, 1일 3~6회 점안합니다.
",,,"눈의 충혈, 가려움, 부기 등이 나타나는 경우 사용을 즉각 중지하고 의사 또는 약사와 상의하십시오.
","습기와 빛을 피해 실온에서 보관하십시오.

어린이의 손이 닿지 않는 곳에 보관하십시오.
"
0108806516002376,뮤테란과립 200mg,"6,000",6516002376,6516,0023,8806516002376,8806516002376,65160023,OK,198701129,OK,"이 약은 급ㆍ만성기관지염, 기관지천식, 후두염, 부비동염, 낭성섬유증의 질환에서 객담배출곤란에 사용합니다.","급성질환에 성인은 1회 1포(200 mg)씩, 1일 3회, 6~14세는 1회 1포(200 mg)씩, 1일 2회, 2~5세는 1회 1/2 포(100 mg)씩, 1일 3회 소량의 물과 함께 복용합니다.만성질환에 성인은 1회 1포(200 mg)씩, 1일 2회, 6~14세는 1회  1/2 포(100 mg)씩, 1일 3회 소량의 물과 함께 복용합니다.낭성섬유증에 6세 이상은 1회 1포(200 mg)씩, 1일 3회, 2~5세는 1회 1/2 포(100 mg)씩, 1일 4회 소량의 물과 함께 복용합니다.",이 약은 체내에서 페닐알라닌으로 대사되는 아스파탐이 함유되어 페닐알라닌의 섭취를 규제할 필요가 있는 페닐케톤뇨증 환자는 복용하지 마십시오.,"경구용 항생물질(아목시실린, 세푸록심, 독시사이클린, 에리트로마이신, 티암페니콜)과 함께 복용 시 적어도 2시간 간격을 두고 복용하십시오.이 약의 용액에 다른 약물의 첨가는 피하십시오.","드물게 구역, 구토, 구내염, 가슴쓰림, 설사, 두드러기, 가려움, 발진, 두통, 이명, 기관지경련(특히 천식 환자), 빈맥, 고혈압 등이 나타나는 경우 즉각 복용을 중지하고 의사 또는 약사와 상담하십시오.",실온에서 보관하십시오.어린이의 손이 닿지 않는 곳에 보관하십시오.
0108806516014416,에키나포스 프로텍트 정 10T,"5,000",6516014416,6516,0144,8806516014416,8806516014416,65160144,OK,200907385,NO_ITEM,,,,,,
0108806519017131,이가탄F 60C,"19,000",6519017131,6519,0171,8806519017131,8806519017131,65190171,OK,200300913,OK,"이 약은 치주치료 후 치은염, 경·중등도 치주염의 보조치료에 사용합니다.","성인은 1회 1캡슐, 1일 3회 식후에 복용합니다.",,이 약을 복용하기 전에 다른 약물을 복용하고 있는 경우 의사 또는 약사와 상의하십시오.,"발진, 발적, 설사, 식욕부진, 위부불쾌감, 구역, 구토, 구내염, 피부점막안증후군(스티븐스-존슨증후군) 또는 독성표피괴사용해(리엘증후군)의 증상(예: 발열, 홍반, 가려움, 안충혈, 구내염 등의 증상, 전신의 피부, 입과 목의 점막에 고열을 동반하는 발진·발적, 화상모양의 수종 등의 중증의 증상) 등이 나타나는 경우 복용을 즉각 중지하고 의사 또는 약사와 상의하십시오.",실온에서 보관하십시오.어린이의 손이 닿지 않는 곳에 보관하십시오.
0108806519041013,메이킨Q 20T,"4,500",6519041013,6519,0410,8806519041013,8806519041013,65190410,OK,201405042,OK,"이 약은 변비와 변비에 수반하는 식욕부진(식욕감퇴), 복부(배부분)팽만, 장내이상발효, 치질의 완화에 사용합니다.
","만 15세 이상은 1회 1~3정씩, 만 11세 이상 ~ 만 15세 미만은 1회 1~2정씩, 1일 1회 취침 시에 복용합니다.

다만, 초회는 최소량을 복용하고 변의 모양과 상태를 보면서 조금씩 증량 또는 감량합니다.
",,"제산제 또는 우유 섭취 후 1시간 이내에 이 약을 복용하지 마십시오.

이 약을 복용하기 전에 다른 약물을 복용하는 경우 의사 또는 약사와 상의하십시오.
","발진ㆍ충혈되어 붉어짐, 가려움, 심한 복통(배 아픔), 설사, 구토, 복부불쾌감, 경련이 나타나는 경우 복용을 즉각 중지하고 의사 또는 약사와 상의하십시오.
","습기와 빛을 피해 실온에서 보관하십시오.

어린이의 손이 닿지 않는 곳에 보관하십시오.
"
0108806519041037,메이킨Q 40T,"8,500",6519041037,6519,0410,8806519041037,8806519041037,65190410,OK,201405042,OK,"이 약은 변비와 변비에 수반하는 식욕부진(식욕감퇴), 복부(배부분)팽만, 장내이상발효, 치질의 완화에 사용합니다.
","만 15세 이상은 1회 1~3정씩, 만 11세 이상 ~ 만 15세 미만은 1회 1~2정씩, 1일 1회 취침 시에 복용합니다.

다만, 초회는 최소량을 복용하고 변의 모양과 상태를 보면서 조금씩 증량 또는 감량합니다.
",,"제산제 또는 우유 섭취 후 1시간 이내에 이 약을 복용하지 마십시오.

이 약을 복용하기 전에 다른 약물을 복용하는 경우 의사 또는 약사와 상의하십시오.
","발진ㆍ충혈되어 붉어짐, 가려움, 심한 복통(배 아픔), 설사, 구토, 복부불쾌감, 경련이 나타나는 경우 복용을 즉각 중지하고 의사 또는 약사와 상의하십시오.
","습기와 빛을 피해 실온에서 보관하십시오.

어린이의 손이 닿지 않는 곳에 보관하십시오.
"
0108806534029720,위스콘 더블액션 10ml x 4ea,"2,000",6534029720,6534,0297,8806534029720,8806534029720,65340297,OK,201403112,OK,"이 약은 산 역류, 속쓰림, 위 내용물의 역류로 인한 소화불량(예를 들어 식사 후, 임신 중, 역류성 식도염과 동반하는 경우)개선에 사용합니다.
","성인 및 12세 이상의 소아는 1회 10~20mL을 1일 4회(식후 및 취침전) 복용합니다.
",,"테트라사이클린, 디곡신, 플루오로퀴놀론, 철염, 케토코나졸, 신경이완제, 티록신, 페니실라민, 베타차단제(아테놀올, 메토프로롤, 프로프라놀롤), 글루코코르티코이드, 클로로퀸, 에스트라무스틴 및 디포스포네이이트 등과 함께 복용 시 적어도 2시간의 간격을 두고 복용하십시오.
","가려움이나 기관지 수축, 아나필락시스 반응과 같은 알레르기 반응 등이 나타나는 경우 복용을 즉각 중지하고 의사 또는 약사와 상의하십시오.
","빛을 피해 실온에서 보관하십시오.

어린이의 손이 닿지 않는 곳에 보관하십시오.
"
0108806534049124,리클란 0.5ml x 30관,"9,000",6534049124,6534,0491,8806534049124,8806534049124,65340491,OK,201707283,OK,"이 약은 영양부족으로 인한 각막, 결막의 궤양성 질환에 영양공급, 콘택트렌즈 착용 등으로 인한 각막, 결막의 미세손상에 사용합니다.","1일 2~4회, 1회 2~3방울 점안합니다.점안 후 남은액과 용기는 버립니다.",,,과민반응이 나타나는 경우 사용을 즉각 중지하고 의사 또는 약사와 상의하십시오.,습기와 빛을 피해 실온에서 보관하십시오.어린이의 손이 닿지 않는 곳에 보관하십시오.
0108806538016139,[신일]클로닉신리시네이트 10T,"2,000",6538016139,6538,0161,8806538016139,8806538016139,65380161,OK,199501954,OK,"이 약은 근육통, 신경통, 외상후 및 수술후 통증, 두통, 치통, 귀통증의 경증 또는 중등도 통증의 완화에 사용합니다.","성인은 1회 1~2정(125∼250 mg), 1일 3회 복용합니다.",,"이 약을 복용하는 동안 다른 비스테로이드성 소염진통제, ACE 억제제 또는 안지오텐신Ⅱ 수용체 길항제, 아스피린, 이뇨제, 리튬, 메토트렉세이트, 쿠마린계 항응고제(와파린 등), 시클로스포린 및 타크로리무스, 항혈소판제 및 선택적 세로토닌 재흡수 억제제(SSRI), 코르티코스테로이드를 함께 복용하지 마십시오.이 약을 복용하기 전에 미소프로스톨 등으로 소화성궤양 치료를 병행하고 있는 환자는 의사 또는 약사와 상의하십시오.","구역, 구토, 설사, 변비, 복통, 위장출혈, 소화성궤양 및 천공, 드물게 쇼크, 발진, 가려움, 빈혈, AST와 ALT의 상승, 졸음, 두통, 어지러움, 식은땀, 한기, 이상황홀감 등이 나타나면 복용을 즉각 중지하고 의사 또는 약사와 상의하십시오.",실온에서 보관하십시오.어린이의 손이 닿지 않는 곳에 보관하십시오.
0108806538047416,아미나엑스 100T,"50,000",6538047416,6538,0474,8806538047416,8806538047416,65380474,OK,201110262,OK,"이 약은 니코틴산아미드 결핍의 치료에 사용합니다.
","성인 1회 1정씩, 1일 1회 물과 함께 복용합니다.
",,,"홍조, 가려움증 등이 나타나는 경우 복용을 즉각 중지하고 의사 또는 약사와 상의하십시오.
","습기와 빛을 피해 실온에서 보관하십시오.

어린이의 손이 닿지 않는 곳에 보관하십시오.
"
0108806538050157,트레스오릭스 포르테 30C,"10,000",6538050157,6538,0501,8806538050157,8806538050157,65380501,OK,201405939,OK,이 약은 식욕부진에 사용합니다.,"성인은 1일 2회, 1회 1캡슐을 아침ㆍ저녁 식전에 8일간 복용하고, 이후부터는 1일 2회, 1회 2캡슐을 아침ㆍ저녁 식전에 복용합니다.",,MAO 저해제(억제제) 및 알코올 등 및 기타 중추신경억제제와 함께 복용하지 마십시오. ,"어지러움, 구역, 발진, 권태감, 정신적 혼란, 식욕부진, 드물게 두통, 구갈(목마름), 대사성 산증 등이 나타나는 경우 복용을 즉각 중지하고 의사 또는 약사와 상의하십시오.",실온에서 보관하십시오.
0108806538050324,니코에이패취 2단계 15mg 7매,"10,000",6538050324,6538,0503,8806538050324,8806538050324,65380503,OK,201506144,OK,이 약은 금연시 보조 요법제로 사용합니다.,"매일 아침에 일어나자마자 패취 1매를 부착하고 취침 시에 떼어냅니다.깨끗하게 씻은 손으로 패취의 박리지 한쪽을 떼어내고 털이 없는 피부의 건조하고 손상되지 않은 부위 (엉덩이, 상완, 가슴 등)에 부착하고 나머지 박리지를 떼어내어 완전히 부착합니다.권장용량과 권장기간은 허가사항을 참고하십시오.","이 약 사용 중에 담배를 계속 피우면 니코틴에 의하여 심혈관 부작용이 더 자주, 더 뚜렷하게 나타날 수 있으므로 완전히 금연한 환자만 사용하십시오.","파라세타몰, 카페인, 이미프라민, 옥사제팜, 펜타조신, 프로프라놀롤, 테오필린, 와파린, 에스트로겐, 리그노카인, 페나세틴, 인슐린, 아드레날린성 길항제(프라조신, 라베탈롤 등), 플레카이니드, 아드레날린성 효능제(이소프레날린, 페닐레프린), 프로폭시펜, 푸로세미드 이뇨제, H2길항제, 베타차단제, 테오필린, 타크린, 클로자핀, 로피니롤과 함께 사용 시 의사 또는 약사와 상의하십시오.","홍반(붉은 반점), 작열감(화끈감), 수포, 피부 발진 또는 적용 부위의 조임, 초조, 불안, 신경과민, 불면, 비정상적 꿈, 두통, 어지러움, 운동이상, 주의력장애, 기면(졸음), 정서불안, 과민, 우울, 혼돈상태, 진전(떨림), 두근거림, 고혈압, 홍조, 가슴 통증, 호흡곤란, 부정맥, 기침, 상기도감염, 오심(구역), 복통(배아픔), 소화불량, 구토, 변비, 설사, 복부(배부분)팽만, 구강(입안) 건조, 적용부위 피부반응, 다한증(땀과다증), 피부 탈색, 경피혈관염, 적용부위 통증 및 불쾌감, 근육통, 관절염, 무력증, 관절통, 근 경축(경련과 수축이 일어나 수축상태가 지속되는 현상), 요통(허리통증), 두드러기, 발진, 가려움증, 혈관부종(부기), 아나필락시스양반응 등이 나타나는 경우 사용을 즉각 중지하고 의사 또는 약사와 상의하십시오.",습기와 빛을 피해 25℃ 이하에서 보관하십시오.어린이의 손이 닿지 않는 곳에 보관하십시오.
0108806538050423,니코에이패취 3단계 10mg 7매,"9,500",6538050423,6538,0504,8806538050423,8806538050423,65380504,OK,201506144,OK,이 약은 금연시 보조 요법제로 사용합니다.,"매일 아침에 일어나자마자 패취 1매를 부착하고 취침 시에 떼어냅니다.깨끗하게 씻은 손으로 패취의 박리지 한쪽을 떼어내고 털이 없는 피부의 건조하고 손상되지 않은 부위 (엉덩이, 상완, 가슴 등)에 부착하고 나머지 박리지를 떼어내어 완전히 부착합니다.권장용량과 권장기간은 허가사항을 참고하십시오.","이 약 사용 중에 담배를 계속 피우면 니코틴에 의하여 심혈관 부작용이 더 자주, 더 뚜렷하게 나타날 수 있으므로 완전히 금연한 환자만 사용하십시오.","파라세타몰, 카페인, 이미프라민, 옥사제팜, 펜타조신, 프로프라놀롤, 테오필린, 와파린, 에스트로겐, 리그노카인, 페나세틴, 인슐린, 아드레날린성 길항제(프라조신, 라베탈롤 등), 플레카이니드, 아드레날린성 효능제(이소프레날린, 페닐레프린), 프로폭시펜, 푸로세미드 이뇨제, H2길항제, 베타차단제, 테오필린, 타크린, 클로자핀, 로피니롤과 함께 사용 시 의사 또는 약사와 상의하십시오.","홍반(붉은 반점), 작열감(화끈감), 수포, 피부 발진 또는 적용 부위의 조임, 초조, 불안, 신경과민, 불면, 비정상적 꿈, 두통, 어지러움, 운동이상, 주의력장애, 기면(졸음), 정서불안, 과민, 우울, 혼돈상태, 진전(떨림), 두근거림, 고혈압, 홍조, 가슴 통증, 호흡곤란, 부정맥, 기침, 상기도감염, 오심(구역), 복통(배아픔), 소화불량, 구토, 변비, 설사, 복부(배부분)팽만, 구강(입안) 건조, 적용부위 피부반응, 다한증(땀과다증), 피부 탈색, 경피혈관염, 적용부위 통증 및 불쾌감, 근육통, 관절염, 무력증, 관절통, 근 경축(경련과 수축이 일어나 수축상태가 지속되는 현상), 요통(허리통증), 두드러기, 발진, 가려움증, 혈관부종(부기), 아나필락시스양반응 등이 나타나는 경우 사용을 즉각 중지하고 의사 또는 약사와 상의하십시오.",습기와 빛을 피해 25℃ 이하에서 보관하십시오.어린이의 손이 닿지 않는 곳에 보관하십시오.
0108806538050522,니코에이패취 1단계 25mg 7매,"11,000",6538050522,6538,0505,8806538050522,8806538050522,65380505,OK,201506144,OK,이 약은 금연시 보조 요법제로 사용합니다.,"매일 아침에 일어나자마자 패취 1매를 부착하고 취침 시에 떼어냅니다.깨끗하게 씻은 손으로 패취의 박리지 한쪽을 떼어내고 털이 없는 피부의 건조하고 손상되지 않은 부위 (엉덩이, 상완, 가슴 등)에 부착하고 나머지 박리지를 떼어내어 완전히 부착합니다.권장용량과 권장기간은 허가사항을 참고하십시오.","이 약 사용 중에 담배를 계속 피우면 니코틴에 의하여 심혈관 부작용이 더 자주, 더 뚜렷하게 나타날 수 있으므로 완전히 금연한 환자만 사용하십시오.","파라세타몰, 카페인, 이미프라민, 옥사제팜, 펜타조신, 프로프라놀롤, 테오필린, 와파린, 에스트로겐, 리그노카인, 페나세틴, 인슐린, 아드레날린성 길항제(프라조신, 라베탈롤 등), 플레카이니드, 아드레날린성 효능제(이소프레날린, 페닐레프린), 프로폭시펜, 푸로세미드 이뇨제, H2길항제, 베타차단제, 테오필린, 타크린, 클로자핀, 로피니롤과 함께 사용 시 의사 또는 약사와 상의하십시오.","홍반(붉은 반점), 작열감(화끈감), 수포, 피부 발진 또는 적용 부위의 조임, 초조, 불안, 신경과민, 불면, 비정상적 꿈, 두통, 어지러움, 운동이상, 주의력장애, 기면(졸음), 정서불안, 과민, 우울, 혼돈상태, 진전(떨림), 두근거림, 고혈압, 홍조, 가슴 통증, 호흡곤란, 부정맥, 기침, 상기도감염, 오심(구역), 복통(배아픔), 소화불량, 구토, 변비, 설사, 복부(배부분)팽만, 구강(입안) 건조, 적용부위 피부반응, 다한증(땀과다증), 피부 탈색, 경피혈관염, 적용부위 통증 및 불쾌감, 근육통, 관절염, 무력증, 관절통, 근 경축(경련과 수축이 일어나 수축상태가 지속되는 현상), 요통(허리통증), 두드러기, 발진, 가려움증, 혈관부종(부기), 아나필락시스양반응 등이 나타나는 경우 사용을 즉각 중지하고 의사 또는 약사와 상의하십시오.",습기와 빛을 피해 25℃ 이하에서 보관하십시오.어린이의 손이 닿지 않는 곳에 보관하십시오.
0108806538050713,니코에이껌 2mg 30개입,"11,000",6538050713,6538,0507,8806538050713,8806538050713,65380507,OK,201504059,OK,"이 약은 금연보조제로서 흡연량을 감소시키며, 담배를 끊을 수 있도록 도와주기 위해 사용합니다.","성인은 하루 20개비 이하를 피우는 흡연자에게는 2 mg 껌이 권장되며, 하루 20개비를 초과하여 피우는 심한 흡연가이거나 2 mg 용량으로 실패하였을 때 4 mg 껌이 권장됩니다.다음 순서에 따라 30분간 껌을 씹은 후에는 사용한 껌을 버립니다.니코틴엘 껌 1개를 입안에 넣고 수초 간격으로 천천히 씹습니다.강한 맛이나 약간의 얼얼한 느낌이 느껴질 때까지 씹은 후, 강한 맛이나 얼얼한 느낌이 진정될 때까지 껌을 잠시 볼 안에 둡니다.다시 천천히 껌을 씹고, 위와 같이 반복합니다.이와 같은 방법으로 30분간 계속 씹습니다.껌의 맛에 익숙해지면, 필요에 따라 씹는 속도를 증가시킵니다.완전한 금연을 유지하기 위해 흡연 충동이 있을 때마다 니코틴엘 껌을 사용합니다.통상 하루에 2 mg 껌 혹은 4 mg 껌으로 8~12개를 씹고, 하루 총 사용량이 15개를 넘지 않도록 합니다.흡연에 대한 욕구가 점차 감소되면 1일 수량을 줄이면서 투여합니다.일반적으로 3개월 정도 투여합니다.",,"파라세타몰, 카페인, 이미프라민, 옥사제팜, 펜타조신, 프로프라놀롤, 테오필린, 와파린, 에스트로겐, 리그노카인, 페나세틴, 인슐린, 아드레날린성 길항제(프라조신, 라베탈롤 등), 플레카이니드, 아드레날린성 효능제(이소프레날린, 페닐레프린), 프로폭시펜, 푸로세미드 이뇨제, H2길항제, 베타차단제, 테오필린, 타크린, 클로자핀, 로피니롤과 함께 사용 시 의사 또는 약사와 상의하십시오.","두통, 현기증(어지러움), 수면 장애, 불안, 감정의 불안정, 초조, 비정상적인 꿈, 혼몽(정신이 흐릿하고 가물가물함), 동요(안절부절), 집중장애, 피로, 편두통, 연축(수축과 이완), 하지(다리)경련, 혈압의 변화, 고혈압, 심계항진(두근거림), 가역적(회복가능한) 심방세동, 심방부정맥, 구역, 구토, 상복부 통증, 복부 동통(배부분 통증), 소화불량, 고창(복부팽만), 위궤양 등의 위장관 장애, 연하 곤란(삼킴 곤란), 구갈(목마름), 배변 이상, 변비, 설사, 식욕증가, 감기 및 인플루엔자 증상, 기침, 인두염, 비염(코염), 부비강염, 상부 호흡기증상, 기관지염, 호흡곤란, 알러지, 피진(피부발진), 헤르페스진, 가려움증, 두드러기, 여드름, 홍반(붉은 반점), 미각도착(맛을 제대로 못느낌), 시야이상, 구강(입안) 및 인후(목구멍)의 자극(통증), 턱관절 및 근육의 통증, 치은염(잇몸염), 월경곤란증, 근육통, 관절통, 치통, 배통(등통증), 흉통(가슴통증), 동통(통증), 이통(귀통증), 안면(얼굴)홍조, 국소부종(부기), 체중증가, 갑상선 기능장애, 임파선 동통(통증), 방광염, 발한(땀이 남)증가, 딸국질, 혈관부종(부기) 등이 나타나는 경우 사용을 즉각 중지하고 의사 또는 약사와 상의하십시오.",습기와 빛을 피해 25℃ 이하에서 보관하십시오.어린이의 손이 닿지 않는 곳에 보관하십시오.
0108806538051727,하나로겔 20g,"8,000",6538051727,6538,0517,8806538051727,8806538051727,65380517,OK,201601514,NO_ITEM,,,,,,
0108806538051765,하나로 50g,"15,000",6538051765,6538,0517,8806538051765,8806538051765,65380517,OK,201601514,NO_ITEM,,,,,,
0108806538052014,젠스트린 멘톨&페퍼민트향 12T,"4,000",6538052014,6538,0520,8806538052014,8806538052014,65380520,OK,201507425,OK,"이 약은 인후염의 단기 증상 완화에 사용합니다.
","성인, 12세 이상 어린이 및 청소년은 이 약 1개를 입안에서 서서히 녹여서 복용합니다.

국소 자극을 피하기 위해 입안에서 굴리면서 복용합니다.

필요시 3~6시간 간격으로 1일 최대 5개를 복용하며 최대 3일간 사용하십시오.
",,"COX-2 저해제를 포함하여 다른 비스테로이드성 소염진통제, 아스피린 등 혈소판 응집 억제제, 글루코코르티코이드, 칼륨보전이뇨제, 안지오텐신전환효소 억제제, 안지오텐신 II 길항제, 싸이클로스포린, 메토트렉세이트, 디곡신, 페니토인, 퀴놀론계 항균제, 푸로세미드 이뇨제, 경구용 항응혈제(예: 와파린), 항고혈압제, 리튬제제, 미페프리스톤, 프로베네시드, 설핀피라존을 함께 복용하지 마십시오.

비스테로이드성 소염제(NSAIDs)와 함께 복용 시 의사 또는 약사와 상의하십시오.
","두통, 어지러움, 불면증, 졸림, 시각장애, 미각이상, 구역, 구토, 변비, 설사, 고창, 소화성 궤양 및 천공 및 출혈, 궤양성 구내염, 소화불량, 복통, 혈변, 위염, 천공 악화, 혀종창, 구강내 열감 및 화끈감, 구강궤양, 구강건조, 매우 드물게 황달, 간기능 수치의 상승, 치명적 전격성 간염, 간괴사, 간부전, 심부전증 등 심장애, 고혈압, 백혈구감소증, 매우 드물게 재생불량빈혈, 매우 드물게 무과립구증, 매우 드물게 저혈소판증, 출혈시간 연장, 기도협착을 동반한 내부후두종창, 호흡곤란, 부종, 급성신부전증, 신증후군, 간질성신장염, 체액저류, 탈모증, 탈락성피부염, 스티븐스-존슨증후군, 독성표피괴사용해(리엘증후군)와 같은 수포성 질환, 안면종창, 두드러기, 발진, 볼점막의 일시적인 자극, 과민성 반응(발진 및 가려움증, 천식 발작), 심혈관계 혈전반응, 심근경색증, 뇌졸증 등이 나타나는 경우 복용을 즉각 중지하고 의사 또는 약사와 상의하십시오.
","실온에서 보관하십시오.

어린이의 손이 닿지 않는 곳에 보관하십시오.
"
0108806538052021,젠스트린 레몬향 12T,"4,000",6538052021,6538,0520,8806538052021,8806538052021,65380520,OK,201507425,OK,"이 약은 인후염의 단기 증상 완화에 사용합니다.
","성인, 12세 이상 어린이 및 청소년은 이 약 1개를 입안에서 서서히 녹여서 복용합니다.

국소 자극을 피하기 위해 입안에서 굴리면서 복용합니다.

필요시 3~6시간 간격으로 1일 최대 5개를 복용하며 최대 3일간 사용하십시오.
",,"COX-2 저해제를 포함하여 다른 비스테로이드성 소염진통제, 아스피린 등 혈소판 응집 억제제, 글루코코르티코이드, 칼륨보전이뇨제, 안지오텐신전환효소 억제제, 안지오텐신 II 길항제, 싸이클로스포린, 메토트렉세이트, 디곡신, 페니토인, 퀴놀론계 항균제, 푸로세미드 이뇨제, 경구용 항응혈제(예: 와파린), 항고혈압제, 리튬제제, 미페프리스톤, 프로베네시드, 설핀피라존을 함께 복용하지 마십시오.

비스테로이드성 소염제(NSAIDs)와 함께 복용 시 의사 또는 약사와 상의하십시오.
","두통, 어지러움, 불면증, 졸림, 시각장애, 미각이상, 구역, 구토, 변비, 설사, 고창, 소화성 궤양 및 천공 및 출혈, 궤양성 구내염, 소화불량, 복통, 혈변, 위염, 천공 악화, 혀종창, 구강내 열감 및 화끈감, 구강궤양, 구강건조, 매우 드물게 황달, 간기능 수치의 상승, 치명적 전격성 간염, 간괴사, 간부전, 심부전증 등 심장애, 고혈압, 백혈구감소증, 매우 드물게 재생불량빈혈, 매우 드물게 무과립구증, 매우 드물게 저혈소판증, 출혈시간 연장, 기도협착을 동반한 내부후두종창, 호흡곤란, 부종, 급성신부전증, 신증후군, 간질성신장염, 체액저류, 탈모증, 탈락성피부염, 스티븐스-존슨증후군, 독성표피괴사용해(리엘증후군)와 같은 수포성 질환, 안면종창, 두드러기, 발진, 볼점막의 일시적인 자극, 과민성 반응(발진 및 가려움증, 천식 발작), 심혈관계 혈전반응, 심근경색증, 뇌졸증 등이 나타나는 경우 복용을 즉각 중지하고 의사 또는 약사와 상의하십시오.
","실온에서 보관하십시오.

어린이의 손이 닿지 않는 곳에 보관하십시오.
"
0108806538052038,젠스트린 복숭아향 12T,"4,000",6538052038,6538,0520,8806538052038,8806538052038,65380520,OK,201507425,OK,"이 약은 인후염의 단기 증상 완화에 사용합니다.
","성인, 12세 이상 어린이 및 청소년은 이 약 1개를 입안에서 서서히 녹여서 복용합니다.

국소 자극을 피하기 위해 입안에서 굴리면서 복용합니다.

필요시 3~6시간 간격으로 1일 최대 5개를 복용하며 최대 3일간 사용하십시오.
",,"COX-2 저해제를 포함하여 다른 비스테로이드성 소염진통제, 아스피린 등 혈소판 응집 억제제, 글루코코르티코이드, 칼륨보전이뇨제, 안지오텐신전환효소 억제제, 안지오텐신 II 길항제, 싸이클로스포린, 메토트렉세이트, 디곡신, 페니토인, 퀴놀론계 항균제, 푸로세미드 이뇨제, 경구용 항응혈제(예: 와파린), 항고혈압제, 리튬제제, 미페프리스톤, 프로베네시드, 설핀피라존을 함께 복용하지 마십시오.

비스테로이드성 소염제(NSAIDs)와 함께 복용 시 의사 또는 약사와 상의하십시오.
","두통, 어지러움, 불면증, 졸림, 시각장애, 미각이상, 구역, 구토, 변비, 설사, 고창, 소화성 궤양 및 천공 및 출혈, 궤양성 구내염, 소화불량, 복통, 혈변, 위염, 천공 악화, 혀종창, 구강내 열감 및 화끈감, 구강궤양, 구강건조, 매우 드물게 황달, 간기능 수치의 상승, 치명적 전격성 간염, 간괴사, 간부전, 심부전증 등 심장애, 고혈압, 백혈구감소증, 매우 드물게 재생불량빈혈, 매우 드물게 무과립구증, 매우 드물게 저혈소판증, 출혈시간 연장, 기도협착을 동반한 내부후두종창, 호흡곤란, 부종, 급성신부전증, 신증후군, 간질성신장염, 체액저류, 탈모증, 탈락성피부염, 스티븐스-존슨증후군, 독성표피괴사용해(리엘증후군)와 같은 수포성 질환, 안면종창, 두드러기, 발진, 볼점막의 일시적인 자극, 과민성 반응(발진 및 가려움증, 천식 발작), 심혈관계 혈전반응, 심근경색증, 뇌졸증 등이 나타나는 경우 복용을 즉각 중지하고 의사 또는 약사와 상의하십시오.
","실온에서 보관하십시오.

어린이의 손이 닿지 않는 곳에 보관하십시오.
"
0108806538055916,디펜 코인 30P,"2,500",6538055916,6538,0559,8806538055916,8806538055916,65380559,OK,201601308,OK,"이 약은 타박상, 삠, 근육통, 관절통, 요(허리)통, 어깨결림, 신경통, 류마티스통증의 진통ㆍ소염(항염)에 사용합니다.
","1일 1매~수매를 환부(질환 부위)에 적당히 붙입니다.
",,,"발진ㆍ발적, 가려움, 부종, 통증 등이 나타나는 경우 사용을 즉각 중지하고 의사 또는 약사와 상의하십시오.
","습기와 빛을 피해 실온에서 보관하십시오.

어린이의 손이 닿지 않는 곳에 보관하십시오.
"
0108806538060019,스티모린 에스크림 5g,"4,000",6538060019,6538,0600,8806538060019,8806538060019,65380600,OK,202201211,NO_ITEM,,,,,,
0108806538060026,스티모린 에스크림 10g,"7,000",6538060026,6538,0600,8806538060026,8806538060026,65380600,OK,202201211,NO_ITEM,,,,,,
0108806538065120,디펜 파워 투어펜 쿨 12매,"3,000",6538065120,6538,0651,8806538065120,8806538065120,65380651,OK,202102673,NO_ITEM,,,,,,
01088065410011151728022510416785,[유씨] 지르텍10mg 10T,"4,500",65410011151728022510416785,6541,0011,88065410011151728022510416785,88065410011151728022510416785,65410011,OK,,NO_ITEMSEQ,,,,,,
01088065410011151728032610419333,[유씨] 지르텍10mg 10T,"4,500",65410011151728032610419333,6541,0011,88065410011151728032610419333,88065410011151728032610419333,65410011,OK,,NO_ITEMSEQ,,,,,,
01088065410011461728030210416788,[유씨]지르텍정 10mg 100정,"25,000",65410011461728030210416788,6541,0011,88065410011461728030210416788,88065410011461728030210416788,65410011,OK,,NO_ITEMSEQ,,,,,,
0108806542004610,아졸 10T,"1,500",6542004610,6542,0046,8806542004610,8806542004610,65420046,OK,198601284,OK,"이 약은 불면증의 보조치료 및 진정에 사용합니다.
","성인은 1일 1회 1정(25 mg)을 반드시 수면 30분 전에 복용합니다.

연령과 증상에 따라 적절히 증강할 수 있습니다.
",,"이 약을 복용하는 동안 이미프라민계 항우울약, 항파킨슨제, 디소피라미드와 함께 복용하지 마십시오.

복용 중에는 음주하지 마십시오.
","때때로 항콜린작용이 나타날 수 있습니다.
","빛을 피해 실온에서 보관하십시오.

어린이의 손이 닿지 않는 곳에 보관하십시오.
"
0108806562053612,멜라트리 10T,"2,000",6562053612,6562,0536,8806562053612,8806562053612,65620536,OK,202402098,NO_ITEM,,,,,,
0108806574015226,맥시부키즈 6ml x 10포,"4,000",6574015226,6574,0152,8806574015226,8806574015226,65740152,OK,201907915,OK,"이 약은 급성 상기도 감염으로 인한 발열 시 해열에 사용합니다.
","생후 6개월 이상의 소아는 1회 0.4~0.6 mL/kg, 4~6시간 간격으로 필요시에 복용하며, 1일 최대 4회(28 mg/kg)를 넘지마십시오.
체중이 30 kg 이하인 소아에게는 1일 최대 25 mL를 초과하지 마십시오.
몸무게를 아는 경우 몸무게에 따른 용량으로 복용하는 것이 더 적절하므로 자세한 사항은 허가사항을 참고하십시오.
","매일 세잔 이상 정기적 음주자가 이 약 또는 다른 해열진통제를 복용할 때는 의사 또는 약사와 상의하십시오. 위장출혈을 일으킬 수 있습니다.
이 약 복용 시 치명적일 수 있는 중대한 심혈관계 혈전 반응, 심근경색증, 뇌졸중의 위험이 증가하며, 위장관 출혈, 궤양 및 천공 등 심각한 위장관계 이상반응이 나타날 수 있습니다.
","다른 비스테로이드성 소염진통제와 함께 사용하지 마십시오.

글루코코르티코이드, 알코올, 디곡신, 페니토인, 프로베네시드, 설핀피라존, 설포닐우레아제, 이뇨제, 항고혈압제, ACE 저해제, 푸로세미드, 아스피린, 리튬, 메토트렉세이트, 쿠마린계 항응고제(와파린 등)와 함께 사용 시 의사 또는 약사와 상담하십시오.
","드물게 쇽(흉내고민, 오한, 호흡곤란, 혈압저하 등), 재생불량성빈혈, 용혈성빈혈, 과립구감소, 혈소판감소, 혈소판기능저하(출혈시간 연장), 호산구증가 등의 혈액장애, 소화성궤양 위장출혈, 천공, 궤양성대장염, 혈변, 위염, 췌장염, 식욕부진, 구역, 구토, 복통, 소화불량, 설사, 위부불쾌감이나 매우 드물게 구갈, 구내염, 복부팽만감, 변비, 피부점막안증후군(스티븐스-존슨증후군) 또는 독성표피괴사용해(리엘증후군), 빈도불명의 호산구 증가 및 전신 증후군을 동반한 약물 발진(DRESS 증후군), 급성전신발진고름물집증, 황달, GOT, GPT, AL-P 상승 등, 천식발작의 유발, 두드러기, 습진, 자반, 때때로 발진, 가려움증, 드물게 무시, 암침 등의 시각장애, 난청, 이명, 미각이상 등, 무균성 수막염, 심한 두통, 구역, 구토, 불면, 목이 뻣뻣함, 발열 또는 의식장애, 혈압저하, 혈압상승, 심계항진 등, 급성신부전, 핍뇨, 혈뇨 등의 증상 및 뇨단백, BUN, 혈중 크레아티닌의 상승, 고칼륨혈증, 요량감소, 전신부종 및 이에 수반한 숨가쁨, 나른함, 급성 폐부종, 때때로 안와주위부종, 또한 매우 드물게 권태감, 발열, 비출혈 등이 나타나는 경우 즉각 복용을 중지하고 의사 또는 약사와 상담하십시오.
","빛을 피해 실온에서 보관하십시오.

어린이의 손이 닿지 않는 곳에 보관하십시오.
"
0108806574015318,헤리엔톡크림 5g,"6,000",6574015318,6574,0153,8806574015318,8806574015318,65740153,OK,201908393,OK,"이 약은 재발성 구순포진의 초기 치료에 사용합니다.
","성인은 환부의 가장자리까지 충분히 적용할 수 있는 적당량으로 하여 1일 5회, 5일동안 사용합니다.

이 약의 치료기간은 5일 이내로 제한합니다.

치료는 초기증상 및 증후가 보이는 즉시 가능한 빨리 시작합니다.
",,"프로베네시드와 함께 사용 시 의사 또는 약사와 상담하십시오.
","흔하게 건조감, 피부 벗겨짐, 때때로 일시적인 작열감, 저림, 드물게 홍반, 색소침착, 염증의 증상 및 증후를 포함하는 적용부위반응, 접촉성피부염, 전염성 농가진, 모낭염, 칸디다증, 백선, 모낭염, 부스럼, 피부자극, 자통, 발열, 작열감, 발진, 발적, 홍조, 가려움, 피부건조, 농포성피부염, 알레르기성 접촉피부염, 땀띠, 한진, 상처악화, 욕창, 농포증, 안검피부에 사용시 안압 상승, 녹내장, 빈도불명의 시야흐림 등이 나타나는 경우 사용을 즉각 중지하고 의사 또는 약사와 상의하십시오.
","실온에서 보관하십시오.

어린이의 손이 닿지 않는 곳에 보관하십시오.
"
0108806574015523,페리톡 10g,"7,000",6574015523,6574,0155,8806574015523,8806574015523,65740155,OK,202001085,OK,이 약은 의치 자극이나 입안의 궤양으로 인한 통증 완화에 사용합니다.,"면봉이나 깨끗한 손으로 소량을 덜어 통증 부위에 바릅니다.20분 이상 기다려도 통증이 계속되는 경우에는 추가로 이 약을 사용할 수 있으며, 그 후에는 3시간 이상 간격을 두고 사용합니다.",,"시메티딘, 프로프라놀롤, 이뇨제와 함께 사용 시 의사 또는 약사와 상의하십시오.",,습기와 빛을 피해 실온(1~25 ℃)에서 보관하십시오.어린이의 손이 닿지 않는 곳에 보관하십시오.
0108806581056519,엑스콜 코프 10c,"3,000",6581056519,6581,0565,8806581056519,8806581056519,65810565,OK,201309853,OK,"이 약은 기침, 가래, 천식에 사용합니다.
","만 15세 이상 및 성인은 1회 2캡슐씩, 1일 3회 식후에 복용합니다.
",,"다른 진해거담제, 감기약, 항히스타민제를 함유하는 내복약(비염용 경구제, 멀미약, 알레르기용약), 진정제와 함께 복용하지 마십시오.

칼륨함유제제, 감초함유제제, 글리시리진산 또는 그 염류 함유제제, 루프계 이뇨제(푸로세미드, 에타크린산) 또는 티아지드계 이뇨제(트리클로르메티아지드)와 함께 복용 시 의사 또는 약사와 상의하십시오.

복용 중에는 음주하지 마십시오.
","발진·발적(충혈되어 붉어짐), 가려움, 구역·구토, 식욕부진, 어지러움, 배뇨곤란, 목마름(지속적이거나 심한), 불안, 떨림, 불면, 드물게 위알도스테론증(요량이 감소하거나 얼굴과 손발이 붓고, 눈꺼풀이 무거워지고, 손이 굳어지고, 혈압이 높아지거나 두통 등), 근병증(무력감, 사지경련, 마비) 등이 나타나는 경우 복용을 즉각 중지하고 의사 또는 약사와 상의하십시오.
","습기와 빛을 피해 실온에서 보관하십시오.

어린이의 손이 닿지 않는 곳에 보관하십시오.
"
0108806581057431,엑스콜 콜드 에프 10c,"2,500",6581057431,6581,0574,8806581057431,8806581057431,65810574,OK,201405635,OK,"이 약은 감기의 여러 증상(콧물, 코막힘, 재채기, 인후(목구멍)통, 기침, 가래, 오한(춥고 떨리는 증상), 발열, 두통, 관절통, 근육통)의 완화에 사용합니다.
","만 15세 이상 성인은 1회 2캡슐씩, 1일 3회 식후 30분에 복용합니다.
","매일 세잔 이상 정기적 음주자가 이 약 또는 다른 해열진통제를 복용할 때는 의사 또는 약사와 상의하십시오. 간손상을 일으킬 수 있습니다.

매우 드물게 치명적일 수 있는 급성전신발진고름물집증, 스티븐스-존슨증후군, 독성표피괴사용해와 같은 중대한 피부반응이 보고되었고 이 약 복용 후 피부발진 또는 다른 과민반응의 징후가 나타나는 경우 즉시 복용을 중단하십시오.

아세트아미노펜으로 일일 최대 용량(4,000 mg)을 초과하여 복용하지 마십시오. 간손상을 일으킬 수 있습니다. 아세트아미노펜을 포함하는 다른 제품과 함께 복용하지 마십시오.

급성전신발진고름물집증과 같은 중증 피부 이상반응이 나타나는 경우 복용을 중단하고 의사 또는 약사와 상의하십시오.
","아세트아미노펜을 포함하는 다른 제품, MAO억제제(항우울제, 항정신병제, 감정조절제, 항파킨슨제 등), 진해(기침을 그치게 함)거담제(가래약), 다른 감기약, 해열진통제, 진정제, 항히스타민제를 함유하는 내복약(비염용 경구제, 멀미약, 알레르기용약)과 함께 복용하지 마십시오.

MAO억제제(항우울제, 항정신병제, 감정조절제, 항파킨슨제 등) 복용을 중단한 후 2주 이내의 사람은 이 약을 복용하지 마십시오.

바르비탈계 약물, 삼환계 항우울제, 알코올을 투여한 환자, 칼륨함유제제, 감초함유제제, 글리시리진산 또는 그 염류 함유제제, 루프계 이뇨제(푸로세미드, 에타크린산) 또는 티아지드계 이뇨제(트리클로르메티아지드)와 함께 복용 시 의사 또는 약사와 상의하십시오.

복용 중에는 음주하지 마십시오.
","발진·발적, 가려움, 구역·구토, 식욕부진, 변비, 부종, 배뇨곤란, 목마름(지속적이거나 심한), 어지러움, 불안, 떨림, 불면, 쇽 증상(드물게 복용후 두드러기, 부종, 가슴답답함 등과 함께 안색이 창백하고, 손발이 차고, 식은땀, 숨쉬기 곤란함), 피부점막안증후군(스티븐스-존슨증후군), 독성표피괴사용해(고열을 동반하고, 발진·발적, 화상과 같이 물집이 생기는 심한 증상), 피부점막안증후군(스티븐스-존슨증후군), 중독성표피괴사용해(리엘증후군), 천식, 전신의 나른함, 황달, 간질성폐렴(기침을 동반하고, 숨이 차고, 호흡곤란, 발열), 요량이 감소하거나 얼굴과 손발이 붓고, 눈꺼풀이 무거워지고, 손이 굳어지고, 혈압이 높아지거나 두통, 근병증(무력감, 사지경련, 마비 등), 허혈성 대장염의 증상(급격한 복통, 직장 출혈 등), 가역적 후뇌 병증 증후군 및 가역적 뇌혈관 수축 증후군(갑작스러운 심한 두통, 번개 두통, 구역, 구토, 혼돈, 발작, 시각 장애 등) 등이 나타나는 경우 복용을 즉각 중지하고 의사 또는 약사와 상의하십시오.
","습기와 빛을 피해 실온에서 보관하십시오.

어린이의 손이 닿지 않는 곳에 보관하십시오.
"
0108806581063036,엑스콜디 과립 (스틱) 6p,"3,000",6581063036,6581,0630,8806581063036,8806581063036,65810630,OK,201900045,OK,"이 약은 감기의 제증상(인후통, 오한, 발열, 두통, 관절통, 근육통)의 완화에 사용합니다.
","보통 성인(만 15세 이상)은 1회 1포(1회 용량)씩, 만 11세 이상~만 15세 미만은 1회 2/3포(성인 1회 용량의 2/3)씩, 만 7세 이상~만 11세 미만은 1회 1/2포(성인 1회 용량의 1/2)씩, 1일 3회 식후 30분에 복용합니다.
","매일 세잔 이상 정기적 음주자가 이 약 또는 다른 해열진통제를 복용할 때는 의사 또는 약사와 상의하십시오. 간손상을 일으킬 수 있습니다.
매우 드물게 치명적일 수 있는 급성전신발진고름물집증, 피부점막안증후군(스티븐스-존슨증후군), 독성표피괴사용해(리엘증후군)와 같은 중대한 피부반응이 보고되었고 이 약 복용 후 피부발진 또는 다른 과민반응의 징후가 나타나는 경우 즉시 복용을 중단하십시오.
아세트아미노펜으로 일일 최대 용량(4,000 mg)을 초과하여 복용하지 마십시오. 간손상을 일으킬 수 있습니다. 아세트아미노펜을 포함하는 다른 제품과 함께 복용하지 마십시오.
이 약은 체내에서 페닐알라닌으로 대사되는 아스파탐이 함유되어 페닐알라닌의 섭취를 규제할 필요가 있는 페닐케톤뇨증 환자는 복용하지 마십시오.
","MAO억제제(항우울제, 항정신병제, 감정조절제, 항파킨슨제 등), 진해거담제, 다른 감기약, 해열진통제, 진정제, 항히스타민제를 함유하는 내복약(비염용 경구제, 멀미약, 알레르기용약)과 함께 복용하지 마십시오.

당뇨약, 통풍약, 관절염약, 항응고제, 스테로이드제, 바르비탈계 약물, 삼환계 항우울제 및 알코올, 칼륨함유제제, 감초함유제제, 글리시리진산 또는 그 염류 함유제제, 루프계 이뇨제(푸로세미드, 에타크린산) 또는 티아지드계 이뇨제(트리클로르메티아지드)와 함께 복용 시 의사 또는 약사와 상의하십시오.

복용 중에는 음주하지 마십시오.
","발진·발적, 가려움, 구역·구토, 식욕부진, 변비, 부종, 어지러움, 불안, 떨림, 불면, 드물게 쇽 증상(복용후 바로 두드러기, 부종(부기), 가슴 답답함 등과 함께 안색이 창백하고, 손발이 차고, 식은땀, 숨쉬기 곤란함), 피부점막안증후군(스티븐스-존슨증후군), 독성표피괴사용해(리엘증후군)(고열을 동반하고 발진·발적, 화상과 같이 물집이 생기는 등의 심한 증상이 전신피부, 입이나 눈점막에 나타남), 천식, 간기능장애(전신의 나른함, 황달 등), 간질성폐렴(기침을 동반하고, 숨이 차고, 호흡곤란, 발열 등), 위알도스테론증(요량이 감소하거나 얼굴과 손발이 붓고, 눈꺼풀이 무거워지고, 손이 굳어지고, 혈압이 높아지거나 두통 등), 근병증(무력감, 사지경련, 마비) 등이 나타나는 경우 복용을 즉각 중지하고 의사 또는 약사와 상의하십시오.
","습기와 빛을 피해 실온에서 보관하십시오.

어린이의 손이 닿지 않는 곳에 보관하십시오.
"
0108806581086110,엑스콜디 정 10c,"3,000",6581086110,6581,0861,8806581086110,8806581086110,65810861,OK,202402327,NO_ITEM,,,,,,
0108806628001236,리쥬비넥스 10g,"35,000",6628001236,6628,0012,8806628001236,8806628001236,66280012,OK,201405771,OK,"이 약은 피부 및 결합조직의 영양부족 또는 영양부족으로 인한 궤양이 생기기 쉬운 질환(예: 상처, 영양보급)에 사용합니다.",환부에 1일 1~2회 적량 도포합니다.,,,,실온에서 보관하십시오.어린이의 손이 닿지 않는 곳에 보관하십시오.
0108806628002523,리안점안액,"12,000",6628002523,6628,0025,8806628002523,8806628002523,66280025,OK,201504166,OK,"이 약은 영양부족으로 인한 각막, 결막의 궤양성 질환에 영양공급, 콘택트렌즈 착용 등으로 인한 각막, 결막의 미세손상에 사용합니다.","1일 2~4회, 1회 2~3방울 점안합니다.점안 후 남은액과 용기는 버립니다.",,,과민반응이 나타나는 경우 사용을 즉각 중지하고 의사 또는 약사와 상의하십시오.,습기와 빛을 피해 실온에서 보관하십시오.어린이의 손이 닿지 않는 곳에 보관하십시오.
0108806641015319,트립라인정[하이플생명과학],"2,000",6641015319,6641,0153,8806641015319,8806641015319,66410153,OK,200002714,OK,"이 약은 수술 및 외상후, 유즙울체의 염증성 부종의 완화에 사용합니다.
","성인은 첫날 1회 2정씩, 1일 4회, 이후 유지량으로 1회 1정씩, 1일 4회 복용합니다.

체내에서의 작용기전은 아직 해명되지 않은 점이 많고 용량, 효과관계도 밝혀진 것이 아니므로 목적 없이 투여하지 않습니다.
",,"항응고제를 함께 사용 시 의사 또는 약사와 상의하십시오.
","발진, 발적, 설사, 변비, 때때로 식욕부진, 배가 거북함, 구역, 구토, 드물게 코피, 혈액가래 등의 출혈 경향이 나타나는 경우 복용을 즉각 중지하고 의사 또는 약사와 상의하십시오.
","실온에서 보관하십시오.

어린이의 손이 닿지 않는 곳에 보관하십시오.
"
0108806641015517,파이에온 10T,"2,000",6641015517,6641,0155,8806641015517,8806641015517,66410155,OK,200301589,OK,"이 약은 두드러기, 습진, 가려움증, 옻에 사용합니다.","성인은 1회 1정, 1일 3회 식후에 복용합니다.",,"다른 설사약, 알레르기용약, 항히스타민제를 함유하는 약(멀미약, 감기약, 진해거담제)과 함께 복용하지 마십시오.다른 한방제제(특히 대황함유제제)와 함께 복용 시 의사 또는 약사와 상의하십시오.","발진, 발적, 구갈, 구역, 구토, 식욕부진, 위부불쾌감, 복통, 심한 복통을 수반하는 설사 등이 나타나는 경우 복용을 즉각 중지하고 의사 또는 약사와 상의하십시오.묽은 변 등이 나타날 수 있습니다.",습기와 빛을 피해 실온에서 보관하십시오.어린이의 손이 닿지 않는 곳에 보관하십시오.
0108806644000312,바슈 리포직 점안겔 10g,"4,500",6644000312,6644,0003,8806644000312,8806644000312,66440003,OK,200511290,OK,"이 약은 눈의 건조증상 완화에 사용합니다.
","성인은 증상의 정도에 따라 1회 1방울씩, 1일 2~5회 결막낭 내에 점안하고, 취침 시에는 약 30분 전에 점안합니다.

일반적으로 건조성 각결막염 치료는 장기간 또는 지속적인 치료가 필요하므로 안과의사와 상담하여야 합니다.
",,,"가벼운 자극감, 눈의 충혈, 안검 거대유두결막염, 각막반점, 공막바깥염, 시야흐림, 가려움, 불편감 등이 나타날 수 있습니다.

경우에 따라 발열 현상이 나타나거나 눈썹이 붙을 수 있습니다.
","습기와 빛을 피해 실온에서 보관하십시오.

어린이의 손이 닿지 않는 곳에 보관하십시오.

이 약의 용기를 최초 개봉한 후 28일이 경과하면 남은 약은 버리십시오.
"
0108806704022230,오큐시스 0.5ml x 60관,"10,000",6704022230,6704,0222,8806704022230,8806704022230,67040222,OK,201904717,OK,"이 약은 바람, 연기, 공해, 먼지, 건조한 열, 에어컨, 항공여행, 장시간 컴퓨터 사용으로 인해 발생하는 눈의 건조(불쾌감, 찌르는듯한 통증, 자극)나 눈의 피로에 사용합니다.",필요 시 각각의 눈에 1회 1방울 1일 수회 점안합니다.점안 후 남은액과 용기는 버립니다.,,,드물게 눈 자극이 나타나는 경우 사용을 즉각 중지하고 의사 또는 약사와 상의하십시오.,습기와 빛을 피해 실온에서 보관하십시오.어린이의 손이 닿지 않는 곳에 보관하십시오.
0108806704024524,오큐시스 리커버리 0.5ml x 30관,"8,500",6704024524,6704,0245,8806704024524,8806704024524,67040245,OK,202301937,OK,"이 약은 영양부족으로 인한 각막, 결막의 궤양성 질환에 영양공급과 콘택트렌즈 착용 등으로 인한 각막, 결막의 미세손상에 사용합니다.
","1일 2~4회, 1회 2~3방울 점안합니다.

점안 후 남은 액과 용기는 버리십시오.
",,,"과민반응이 나타나거나, 2주 정도 투여 후에도 증상의 개선이 보이지 않는 경우 사용을 즉각 중지하고 의사 또는 약사와 상의하십시오.
","습기와 빛을 피해 실온에서 보관하십시오.

어린이의 손이 닿지 않는 곳에 보관하십시오.

이 약은 개봉한 후에는 1회만 사용하십시오.
"
01088067060919131025050131727090,니조랄2%,"16,000",67060919131025050131727090,6706,0919,88067060919131025050131727090,88067060919131025050131727090,67060919,OK,,NO_ITEMSEQ,,,,,,
0108806717071027,오큐리스 0.5ml x 30관,"5,500",6717071027,6717,0710,8806717071027,8806717071027,67170710,OK,202202835,OK,"이 약은 바람, 연기, 공해, 먼지, 건조한 열, 에어컨, 항공 여행, 장시간 컴퓨터 사용 등으로 인해 발생하는 불쾌감, 찌르는듯한 통증, 자극 등이 생기는 눈의 건조 및 눈의 피로에 사용합니다.
","필요 시 각각의 눈에 1회 1방울씩, 1일 수회 눈에 넣으십시오.

이때 눈에는 아래 눈꺼풀을 부드럽게 아래로 당기고, 위를 보는 동안 아래 결막낭에 한 방울 넣으십시오.
",,"이 약을 다른 점안제와 동시에 사용할 경우, 다른 점안제를 먼저 사용하고 약 10분 후에 이 약을 사용하십시오.
","드물게 눈 자극이 나타나는 경우 이 약의 사용을 즉각 중지하고 의사 또는 약사와 상의하십시오.
","습기와 빛을 피해 실온에서 보관하십시오.

어린이의 손이 닿지 않는 곳에 보관하십시오.
"
0108806741012,오에수 케토핀프리 0.5ml*12관,"4,500",6741012,,,8806741012,8806741012,,OK,,NO_ITEMSEQ,,,,,,
01088067410202201727073010240022,오에수 트레할로스,"6,000",67410202201727073010240022,6741,0202,88067410202201727073010240022,88067410202201727073010240022,67410202,OK,,NO_ITEMSEQ,,,,,,
0108806744015131,노이텍 90T,"24,000",6744015131,6744,0151,8806744015131,8806744015131,67440151,OK,201801617,OK,"이 약은 이명증에 사용합니다.
","성인 및 만 15세 이상 청소년은 1회 2~3정씩, 1일 3회 식사 후 물과 함께 복용합니다.
",,"멀미약, 감기약, 해열진통제, 진정제, 진해거담제, 항히스타민제 성분의 내복약(비염 또는 알레르기용 약)과 함께 복용하지 마십시오.
","발진, 발적, 가려움, 배뇨곤란, 혈압상승, 입마름, 변비, 설사, 드물게 재생불량성 빈혈 증상(파란멍, 코피, 잇몸출혈, 발열, 피부와 점막이 창백해짐, 피로감, 가슴의 두근거림, 호흡곤란, 빈혈, 혈뇨), 무과립구증 증상(갑작스런 고열, 오한, 인후통) 등이 나타나는 경우 복용을 즉각 중지하고 의사 또는 약사와 상의하십시오.
","습기와 빛을 피해 실온에서 보관하십시오.

어린이의 손이 닿지 않는 곳에 보관하십시오.
"
0108806780003611,한국 베타딘 50ml,"10,000",6780003611,6780,0036,8806780003611,8806780003611,67800036,OK,201401964,OK,"이 약은 구강내 살균소독, 인두염, 후두염, 구내염, 발치 후 및 구내수술 후 살균소독, 구취증에 사용합니다.
","1일 수회 적당량을 분사도포합니다.
",,,"발진, 드물게 쇽(사용 후 갑자기 가려움, 부기, 가슴쓰림 등과 동시에 안색창백, 손발이 차가움, 식은 땀, 숨가쁨 등의 중증의 증상) 등이 나타나는 경우 사용을 즉각 중지하고 의사 또는 약사와 상의하십시오.

때때로 구강, 인두의 자극감, 드물게 구강점막미란(짓무름), 입안의 헐음, 때때로 구역, 드물게 접촉 피부염, 매우 드물게 혈관부종, 폐렴, 드물게 불쾌감 등이 나타날 수 있습니다.
","습기와 빛을 피해 실온에서 보관하십시오.

어린이의 손이 닿지 않는 곳에 보관하십시오.

사용 전 열을 가하지 마십시오.
"
0108806939034619,화이투벤 0.1%(성인용) 10ml,"7,500",6939034619,6939,0346,8806939034619,8806939034619,69390346,OK,201309223,OK,"이 약은 코감기(급성비염), 알레르기성 비염 또는 부비동염에 의한 코막힘, 콧물, 재채기, 머리무거움의 완화에 사용합니다.
","만 12세 이상 청소년 또는 성인은 1일 1~3회, 1회 1번 각 코안에 뿌립니다.

적용간격은 8시간 이상으로 합니다.
",,"MAO 억제제(항우울제, 항정신병제, 감정조절제, 항파킨슨제 등)를 복용하고 있거나 복용을 중단한 후 2주 이내의 사람은 이 약을 사용하지 마십시오.

이 약을 사용하기 전에 삼환계 혹은 사환계 항우울제를 투여 중인 환자는 의사 또는 약사와 상의하십시오.

사용 중에는 음주하지 마십시오.
","발진ㆍ발적, 부종, 자극감, 가려움, 가역적 후뇌 병증 증후군 또는 가역적 뇌혈관 수축 증후군의 징후/증상(급작스런 심한 두통, 구역, 구토, 시각 장애 등) 등이 나타나는 경우 사용을 즉각 중지하고 의사 또는 약사와 상의하십시오.
","습기와 빛을 피해 실온에서 보관하십시오.

어린이의 손이 닿지 않는 곳에 보관하십시오.
"
0108806942060124,자모 10g x 6P,"4,500",6942060124,6942,0601,8806942060124,8806942060124,69420601,OK,195900045,OK,"이 약은 기침, 가래, 천식에 사용합니다.
","성인은 1회 10 g, 11~14세는 1회 7 g, 8~10세는 1회 5 g, 5~7세는 1회 3 g씩, 1일 3회 식후에 복용합니다.
",,"이 약을 복용하는 동안 다른 진해거담제, 감기약, 항히스타민제를 함유하는 내복약(비염용 경구제, 멀미약, 알레르기용약), 진정제 등을 복용하지 마십시오.

MAO 억제제(항우울제, 항정신병제, 감정조절제, 항파킨슨제 등)를 복용하고 있거나 복용을 중단한 후 2주 이내의 사람은 이 약을 복용하지 마십시오.

복용시에는 음주하지 마십시오.
","발진, 발적, 가려움, 구역, 구토, 식욕부진, 어지러움, 어지러움, 불안, 떨림, 불면 등이 나타나는 경우 복용을 즉각 중지하고 의사 또는 약사와 상의하십시오.
","습기와 빛을 피해 실온에서 보관하십시오.

어린이의 손이 닿지 않는 곳에 보관하십시오.
"
0108809034589800,핑크퐁 베이비파우더 플러스 100g,"9,000",9034589800,9034,5898,8809034589800,8809034589800,90345898,OK,,NO_ITEMSEQ,,,,,,
0108809306547941,맨담 쿨파워 220ml,"3,500",9306547941,9306,5479,8809306547941,8809306547941,93065479,OK,,NO_ITEMSEQ,,,,,,
0108809629300070,하트세이버 츄어블 S 6T,"22,500",9629300070,9629,3000,8809629300070,8809629300070,96293000,OK,,NO_ITEMSEQ,,,,,,
0108809629300087,하트세이버 츄어블 M 6T,"29,700",9629300087,9629,3000,8809629300087,8809629300087,96293000,OK,,NO_ITEMSEQ,,,,,,
0108809629300094,하트세이버 츄어블 L 6T,"34,200",9629300094,9629,3000,8809629300094,8809629300094,96293000,OK,,NO_ITEMSEQ,,,,,,
0108809629300100,하트세이버 츄어블 Mini  6T,"19,800",9629300100,9629,3001,8809629300100,8809629300100,96293001,OK,,NO_ITEMSEQ,,,,,,
0108809629300117,하트세이버 정 Mini 10T,"13,500",9629300117,9629,3001,8809629300117,8809629300117,96293001,OK,,NO_ITEMSEQ,,,,,,
0108809629300124,하트세이버 정 S 10T,"16,200",9629300124,9629,3001,8809629300124,8809629300124,96293001,OK,,NO_ITEMSEQ,,,,,,
0108809629300131,하트세이버 정 M 10T,"19,800",9629300131,9629,3001,8809629300131,8809629300131,96293001,OK,,NO_ITEMSEQ,,,,,,
0108809629300148,하트세이버 정 L 10T,"27,000",9629300148,9629,3001,8809629300148,8809629300148,96293001,OK,,NO_ITEMSEQ,,,,,,
0118806218039448,[광동] 파비시드 240T,"30,000",,,,8806218039448,8806218039448,62180394,OK,,NO_ITEMSEQ,,,,,,
0118806265017918,디오라인 정 600ml 60정,"30,000",,,,8806265017918,8806265017918,62650179,OK,,NO_ITEMSEQ,,,,,,
0118806417038310,본엔디 120C,"40,000",,,,8806417038310,8806417038310,64170383,OK,,NO_ITEMSEQ,,,,,,
0118806427035125,판콜에스 내복액 1박스(30ml x 30EA),"15,000",,,,8806427035125,8806427035125,64270351,OK,,NO_ITEMSEQ,,,,,,
0118806433074514,젠빅플러스 120C,"35,000",,,,8806433074514,8806433074514,64330745,OK,,NO_ITEMSEQ,,,,,,
0118806448059612,비오딜정 5mg 60T(30T x 2EA),"30,000",,,,8806448059612,8806448059612,64480596,OK,,NO_ITEMSEQ,,,,,,
0118806448062018,센테라 120T(60T x 2EA),"35,000",,,,8806448062018,8806448062018,64480620,OK,,NO_ITEMSEQ,,,,,,
0118806448066153,도미나 라이트(히드로퀴논2%) 40g,"100,000",,,,8806448066153,8806448066153,64480661,OK,,NO_ITEMSEQ,,,,,,
0118806490021414,디오맥스 600mg 60T(30T x 2EA),"30,000",,,,8806490021414,8806490021414,64900214,OK,,NO_ITEMSEQ,,,,,,
0118806519017138,이가탄F 180C(60C x 3EA),"57,000",,,,8806519017138,8806519017138,65190171,OK,,NO_ITEMSEQ,,,,,,
0118806538011087,트리메부틴 말레산염 180T (90T x 2ea),"30,000",,,,8806538011087,8806538011087,65380110,OK,,NO_ITEMSEQ,,,,,,
0118806538045419,디펜 쿨 40매,"8,000",,,,8806538045419,8806538045419,65380454,OK,,NO_ITEMSEQ,,,,,,
0118806538045440,디펜 핫 40매입,"8,500",,,,8806538045440,8806538045440,65380454,OK,,NO_ITEMSEQ,,,,,,
0118806538053117,디펜 쿨 엑티브 80매(20매 x 4P),"10,000",,,,8806538053117,8806538053117,65380531,OK,,NO_ITEMSEQ,,,,,,
0118806538064311,앤도민액트800 60T,"40,000",,,,8806538064311,8806538064311,65380643,OK,,NO_ITEMSEQ,,,,,,
022679157188,"구트할로 발포비타민C(레몬맛) 4,500mg","3,800",,,,022679157188,,,NO_880,,NO_ITEMSEQ,,,,,,
022679157195,구트할로 멀티발포비타민(오렌지맛),"3,800",,,,022679157195,,,NO_880,,NO_ITEMSEQ,,,,,,
047144054339,보스톤 심플러스액(다기능용액) 120ml,"9,500",,,,047144054339,,,NO_880,,NO_ITEMSEQ,,,,,,
0734598325299,코랄(산호)칼슘 마그네슘 2:1 180T(90T x 2EA),"40,000",,,,0734598325299,,,NO_880,,NO_ITEMSEQ,,,,,,
073626600015,퀵스탑 지혈제 파우더 14g,"20,000",,,,073626600015,,,NO_880,,NO_ITEMSEQ,,,,,,
0785249454417,당엔파워 프로바이오틱스 120C(60C x 2EA),"60,000",,,,0785249454417,,,NO_880,,NO_ITEMSEQ,,,,,,
0803261523,포텐스틱1포,"2,000",,,,0803261523,,,NO_880,,NO_ITEMSEQ,,,,,,
08806524000425,[한국알콘] 듀라티얼즈안연고 3.5g,"3,500",,,,8806524000425,8806524000425,65240004,OK,199403254,OK,"이 약은 건성 각막염(야간에 사용), 안과 수술시, 수술하지 않은 눈의 보호, 윤활할 때, 수술후 윤활제, 안과 이외 수술시 눈을 보호, 윤활할 때 눈을 보호하거나 윤활하게 하기 위한 윤활 보조제로 사용합니다.",소량(0.5 cm)을 결막낭 내에 투여합니다.,,"이 약을 사용하는 동안 방부제, 세정제를 사용하지 마십시오.","눈의 통증, 불편감, 자극감, 부종(부기), 눈의 충혈, 눈물분비 증가, 두통, 시력 변화, 지속 충혈이 나타나는 경우 사용을 즉각 중지하고 의사 또는 약사와 상의하십시오.",습기와 빛을 피해 실온에서 보관하십시오.어린이의 손이 닿지 않는 곳에 보관하십시오.
08806706086926,세비안관류제 20ml x 20EA,"6,500",,,,8806706086926,8806706086926,67060869,OK,202008345,OK,"이 약은 관류, 피부, 창상(상처)면, 점막의 세정, 습포(적셔서 대는 것), 함수(양치질), 분무흡입제로서 점막세정, 객담(가래)배출 촉진, 의료용구의 세정에 사용합니다.
","관류액으로 사용시에는 의사의 지시에 따라 적량 사용합니다.

피부, 창상(상처)면, 점막의 세정, 습포(적셔서 대는 것), 함수(양치질), 분무흡입에 적량 사용합니다.

의료용 기구의 세정에 사용합니다.
",,,"이상반응, 체액과잉 등이 나타나는 경우 사용을 즉각 중지하고 의사 또는 약사와 상의하십시오.
","실온에서 보관하십시오.
"
1 ,아이톡쿨 라이트 점안액 14ml,"3,500",,,,1,,,NO_880,,NO_ITEMSEQ,,,,,,
1 88 06581 05681 3,비맥스골드(120t),"35,000",,,,8806581056813,8806581056813,65810568,OK,,NO_ITEMSEQ,,,,,,
1 88 06581 05891 6,비맥스액티브(120t),"35,000",,,,8806581058916,8806581058916,65810589,OK,,NO_ITEMSEQ,,,,,,
1 88 06581 06311 8,비맥스메타(120t),"39,000",,,,8806581063118,8806581063118,65810631,OK,,NO_ITEMSEQ,,,,,,
1 88 06581 08201 0,비맥스메타비(120t),"44,000",,,,8806581082010,8806581082010,65810820,OK,,NO_ITEMSEQ,,,,,,
1 88 06581 08444 1,비맥스제트(100t),"52,000",,,,8806581084441,8806581084441,65810844,OK,,NO_ITEMSEQ,,,,,,
1 88 06581 08511 0,비맥스에버프리미엄(120t),"42,000",,,,8806581085110,8806581085110,65810851,OK,,NO_ITEMSEQ,,,,,,
1000000000009 ,테스트,100,,,,1000000000009,,,NO_880,,NO_ITEMSEQ,,,,,,
1000001600000 ,RX 롱 덕용(24매),"10,000",,,,1000001600000,,,NO_880,,NO_ITEMSEQ,,,,,,
1000005000004 ,타세놀500mg,"1,500",,,,1000005000004,,,NO_880,,NO_ITEMSEQ,,,,,,
1000028500000 ,메디터치 2,"7,000",,,,1000028500000,,,NO_880,,NO_ITEMSEQ,,,,,,
1000029300005 ,키드큐 홍삼젤리,"50,000",,,,1000029300005,,,NO_880,,NO_ITEMSEQ,,,,,,
1000029700003 ,메디터치 H 번 5*7,"9,000",,,,1000029700003,,,NO_880,,NO_ITEMSEQ,,,,,,
1000030800006 ,메디터치 H 리퀴드,"9,000",,,,1000030800006,,,NO_880,,NO_ITEMSEQ,,,,,,
1000031000009 ,메디터치 A(1mm) 10*10 1매,"9,000",,,,1000031000009,,,NO_880,,NO_ITEMSEQ,,,,,,
1000032100005 ,메디터치 A(1mm) 4*9 3매,"9,000",,,,1000032100005,,,NO_880,,NO_ITEMSEQ,,,,,,
1000032400006 ,키드큐 키즈플러스 젤리,"42,000",,,,1000032400006,,,NO_880,,NO_ITEMSEQ,,,,,,
1000033700006 ,키드큐 쾌변젤리,"42,000",,,,1000033700006,,,NO_880,,NO_ITEMSEQ,,,,,,
1000035100002 ,더마큐15g 연고,"2,500",,,,1000035100002,,,NO_880,,NO_ITEMSEQ,,,,,,
1000035400003 ,메디터치 탄력밴드(중형),"7,500",,,,1000035400003,,,NO_880,,NO_ITEMSEQ,,,,,,
1000035600007 ,"메디터치탄력밴드(혼합형)일반, 소형, 타원","8,000",,,,1000035600007,,,NO_880,,NO_ITEMSEQ,,,,,,
1000036200008 ,아로나민골드300정,"85,000",,,,1000036200008,,,NO_880,,NO_ITEMSEQ,,,,,,
1000036400002 ,더마틱스울트라 키즈,"18,000",,,,1000036400002,,,NO_880,,NO_ITEMSEQ,,,,,,
1000036600006 ,메디터치 엄마마음,"8,000",,,,1000036600006,,,NO_880,,NO_ITEMSEQ,,,,,,
1000039200005 ,케이팜,"10,000",,,,1000039200005,,,NO_880,,NO_ITEMSEQ,,,,,,
1000041100003 ,제나콤,800,,,,1000041100003,,,NO_880,,NO_ITEMSEQ,,,,,,
1000041400004 ,멜라트리,"2,000",,,,1000041400004,,,NO_880,,NO_ITEMSEQ,,,,,,
1000041500001 ,리메부틴,"2,000",,,,1000041500001,,,NO_880,,NO_ITEMSEQ,,,,,,
1000041600008 ,유니쎈타,"250,000",,,,1000041600008,,,NO_880,,NO_ITEMSEQ,,,,,,
1000046200005 ,메디폼밴드소형-75*55[O],"9,000",,,,1000046200005,,,NO_880,,NO_ITEMSEQ,,,,,,
1000047100007 ,메디폼밴드중형-100*70,"10,000",,,,1000047100007,,,NO_880,,NO_ITEMSEQ,,,,,,
1000047500005 ,광동쌍화탕(신형) 100ml,"1,000",,,,1000047500005,,,NO_880,,NO_ITEMSEQ,,,,,,
1000047900003 ,메디폼밴드일반-70*30[O],"9,000",,,,1000047900003,,,NO_880,,NO_ITEMSEQ,,,,,,
1000062100006 ,서근령24매,"8,000",,,,1000062100006,,,NO_880,,NO_ITEMSEQ,,,,,,
1000073000005 ,드리클로액,"11,000",,,,1000073000005,,,NO_880,,NO_ITEMSEQ,,,,,,
1000074400002 ,메디터치 H 리퀴드,"9,000",,,,1000074400002,,,NO_880,,NO_ITEMSEQ,,,,,,
1000094000008 ,세레니아 정 (24㎎) [4정],"18,000",,,,1000094000008,,,NO_880,,NO_ITEMSEQ,,,,,,
1000094100005 ,옴니쿠어 산 250g,"16,200",,,,1000094100005,,,NO_880,,NO_ITEMSEQ,,,,,,
1000094200002 ,파나쿠어 250㎎ [20정],"13,500",,,,1000094200002,,,NO_880,,NO_ITEMSEQ,,,,,,
1000094300009 ,파나쿠어 500㎎ 20T,"21,600",,,,1000094300009,,,NO_880,,NO_ITEMSEQ,,,,,,
1000094400006 ,옥시마이신 아쿠아 100g,"9,000",,,,1000094400006,,,NO_880,,NO_ITEMSEQ,,,,,,
1000094500003 ,삼양연고 100g,"6,300",,,,1000094500003,,,NO_880,,NO_ITEMSEQ,,,,,,
1000094600000 ,클로시딘 250ml,"8,000",,,,1000094600000,,,NO_880,,NO_ITEMSEQ,,,,,,
1000094700007 ,티어젠 30g,"45,000",,,,1000094700007,,,NO_880,,NO_ITEMSEQ,,,,,,
1000094800004 ,애견용 옥시마이신 100g,"5,400",,,,1000094800004,,,NO_880,,NO_ITEMSEQ,,,,,,
1000095000007 ,세레니아 정 (16㎎) [4정],"13,500",,,,1000095000007,,,NO_880,,NO_ITEMSEQ,,,,,,
1000095600009 ,외유내간120c(행사),"60,000",,,,1000095600009,,,NO_880,,NO_ITEMSEQ,,,,,,
1000097100002 ,하버드치약(3개),"29,000",,,,1000097100002,,,NO_880,,NO_ITEMSEQ,,,,,,
1000100500003 ,포텐시에이터 40P(20P x 2EA),"48,000",,,,1000100500003,,,NO_880,,NO_ITEMSEQ,,,,,,
1000103900008 ,설사머지 50g,"8,100",,,,1000103900008,,,NO_880,,NO_ITEMSEQ,,,,,,
1000109100006 ,미등록상품,100,,,,1000109100006,,,NO_880,,NO_ITEMSEQ,,,,,,
1000110400003 ,봉투,100,,,,1000110400003,,,NO_880,,NO_ITEMSEQ,,,,,,
1000113300003 ,에스로반,"3,000",,,,1000113300003,,,NO_880,,NO_ITEMSEQ,,,,,,
1000119500001 ,민티크프레시민트플러스치약2+1행사상품,"29,000",,,,1000119500001,,,NO_880,,NO_ITEMSEQ,,,,,,
1000119600008 ,비타500낱개1병,600,,,,1000119600008,,,NO_880,,NO_ITEMSEQ,,,,,,
1000123600001 ,콘트라민정 600mg,"50,000",,,,1000123600001,,,NO_880,,NO_ITEMSEQ,,,,,,
1000123700008 ,콘트라민정,"50,000",,,,1000123700008,,,NO_880,,NO_ITEMSEQ,,,,,,
1000125500002 ,세레니아 정 (24㎎) [4정],"18,000",,,,1000125500002,,,NO_880,,NO_ITEMSEQ,,,,,,
1000125600009 ,옴니쿠어 산 (250g) [250g],"16,200",,,,1000125600009,,,NO_880,,NO_ITEMSEQ,,,,,,
1000125700006 ,[판매기록부] 옥시마이신 아쿠아 (100g) [100g],"9,000",,,,1000125700006,,,NO_880,,NO_ITEMSEQ,,,,,,
1000125800003 ,파나쿠어 250㎎ 20T,"12,000",,,,1000125800003,,,NO_880,,NO_ITEMSEQ,,,,,,
1000125900000 ,파나쿠어 500㎎ [20정],"21,600",,,,1000125900000,,,NO_880,,NO_ITEMSEQ,,,,,,
1000126000006 ,삼양연고 (100g) [100g],"6,300",,,,1000126000006,,,NO_880,,NO_ITEMSEQ,,,,,,
1000126100003 ,클로시딘 (250㎖) [250㎖],"8,000",,,,1000126100003,,,NO_880,,NO_ITEMSEQ,,,,,,
1000126200000 ,[판매기록부] 티어젠 (30g) [30g],"45,000",,,,1000126200000,,,NO_880,,NO_ITEMSEQ,,,,,,
1000126300007 ,세레니아 정 (16㎎) [4정],"13,500",,,,1000126300007,,,NO_880,,NO_ITEMSEQ,,,,,,
1000126400004 ,[판매기록부] 오리더밀 (10g) *유효기한(일/월/년) [10g],"16,200",,,,1000126400004,,,NO_880,,NO_ITEMSEQ,,,,,,
1000126500001 ,[판매기록부] 애견용 옥시마이신 (100g) [100g],"5,400",,,,1000126500001,,,NO_880,,NO_ITEMSEQ,,,,,,
1000126600008 ,옴니쿠어 산 (250g) [250g],"16,200",,,,1000126600008,,,NO_880,,NO_ITEMSEQ,,,,,,
1000126700005 ,세레니아 정 (24㎎) [4정],"18,000",,,,1000126700005,,,NO_880,,NO_ITEMSEQ,,,,,,
1000126800002 ,[판매기록부] 옥시마이신 아쿠아 (100g) [100g],"9,000",,,,1000126800002,,,NO_880,,NO_ITEMSEQ,,,,,,
1000127000005 ,파나큐어 500㎎ [20정],"21,600",,,,1000127000005,,,NO_880,,NO_ITEMSEQ,,,,,,
1000127100002 ,삼양연고 (100g) [100g],"6,300",,,,1000127100002,,,NO_880,,NO_ITEMSEQ,,,,,,
1000127200009 ,클로시딘 (250㎖) [250㎖],"8,000",,,,1000127200009,,,NO_880,,NO_ITEMSEQ,,,,,,
1000127300006 ,[판매기록부] 티어젠 (30g) [30g],"45,000",,,,1000127300006,,,NO_880,,NO_ITEMSEQ,,,,,,
1000127400003 ,세레니아 정 (16㎎) [4정],"13,500",,,,1000127400003,,,NO_880,,NO_ITEMSEQ,,,,,,
1000127500000 ,[판매기록부] 오리더밀 (10g) *유효기한(일/월/년) [10g],"16,200",,,,1000127500000,,,NO_880,,NO_ITEMSEQ,,,,,,
1000127600007 ,[판매기록부] 애견용 옥시마이신 (100g) [100g],"5,400",,,,1000127600007,,,NO_880,,NO_ITEMSEQ,,,,,,
1000129400001 ,솔표 쌍감탕액,"13,000",,,,1000129400001,,,NO_880,,NO_ITEMSEQ,,,,,,
1000134500000 ,생강상화,"7,000",,,,1000134500000,,,NO_880,,NO_ITEMSEQ,,,,,,
1000134600007 ,로게인,"70,000",,,,1000134600007,,,NO_880,,NO_ITEMSEQ,,,,,,
1000140100003 ,겔포스엘현탁액 4포,"4,500",,,,1000140100003,,,NO_880,,NO_ITEMSEQ,,,,,,
1000141200009 ,미등록상품,"12,000",,,,1000141200009,,,NO_880,,NO_ITEMSEQ,,,,,,
1000141300006 ,미등록상품,"12,000",,,,1000141300006,,,NO_880,,NO_ITEMSEQ,,,,,,
1000141400003 ,파나큐어250,"12,000",,,,1000141400003,,,NO_880,,NO_ITEMSEQ,,,,,,
1000141700004 ,류파프 핫 (4개 묶음),"10,000",,,,1000141700004,,,NO_880,,NO_ITEMSEQ,,,,,,
1000141800001 ,류파프 (4개묶움),"10,000",,,,1000141800001,,,NO_880,,NO_ITEMSEQ,,,,,,
1000141900008 ,케이팜플라스타 10매입(7개묶음),"10,000",,,,1000141900008,,,NO_880,,NO_ITEMSEQ,,,,,,
1000142000004 ,케토크린 (7묶음),"10,000",,,,1000142000004,,,NO_880,,NO_ITEMSEQ,,,,,,
1000142100001 ,록소크린 (4개묶음),"10,000",,,,1000142100001,,,NO_880,,NO_ITEMSEQ,,,,,,
1000142200008 ,페르빈(펠비낙)5개묶음,"10,000",,,,1000142200008,,,NO_880,,NO_ITEMSEQ,,,,,,
1000143100000 ,플러스인사포르테,"50,000",,,,1000143100000,,,NO_880,,NO_ITEMSEQ,,,,,,
1000146500005 ,오에수 트레할로스,"6,000",,,,1000146500005,,,NO_880,,NO_ITEMSEQ,,,,,,
1000146700009 ,삼영연고,"6,300",,,,1000146700009,,,NO_880,,NO_ITEMSEQ,,,,,,
1000152600003 ,메디터치리퀴드,"9,000",,,,1000152600003,,,NO_880,,NO_ITEMSEQ,,,,,,
1000162100005 ,H2Ome! 가습마스크 (아이보리),"3,150",,,,1000162100005,,,NO_880,,NO_ITEMSEQ,,,,,,
1000162400006 ,H2Ome! 가습마스크(다크그레이),"3,150",,,,1000162400006,,,NO_880,,NO_ITEMSEQ,,,,,,
1000205400000 ,자하골드 20ml x 4병,"15,000",,,,1000205400000,,,NO_880,,NO_ITEMSEQ,,,,,,
1000206100008 ,돌체락 15ml x 5P,"3,500",,,,1000206100008,,,NO_880,,NO_ITEMSEQ,,,,,,
1000206400009 ,비타바이브 수면 유산균 프로바이오틱스 30p,"32,000",,,,1000206400009,,,NO_880,,NO_ITEMSEQ,,,,,,
1000209100005 ,에너리버 120C,"40,000",,,,1000209100005,,,NO_880,,NO_ITEMSEQ,,,,,,
1000210600006 ,피로회복제,"8,000",,,,1000210600006,,,NO_880,,NO_ITEMSEQ,,,,,,
1000219100002 ,숙취해소제,"8,000",,,,1000219100002,,,NO_880,,NO_ITEMSEQ,,,,,,
10106970280851064,브라운 귀적외선 체온계,"80,000",,,,10106970280851064,,,NO_880,,NO_ITEMSEQ,,,,,,
10108806416052310,임팩타민 프리미엄정 60T,"20,000",,,,8806416052310,8806416052310,64160523,OK,201102450,OK,"이 약은 육체피로, 임신ㆍ수유기, 병중ㆍ병후(병을 앓는 동안이나 회복 후)의 체력 저하 시, 노년기의 비타민 B1, B2, B6, E, C의 보급과 신경통, 근육통, 관절통(요통, 어깨결림 등), 구각염(입꼬리염), 구순염(입술염), 구내염(입안염), 설염(혀염), 습진, 피부염 증상의 완화, 각기, 눈의 피로와 아연의 보급에 사용합니다.
","12세 이상 어린이 및 성인은 1회 1~2정씩, 1일 1회 식후에 복용합니다.
",,"이 약을 복용하는 동안 인산염, 칼슘염, 경구용 테트라사이클린계 제제, 제산제, 레보도파와 함께 사용하지 마십시오.

이 약을 복용하기 전에 에스트로겐을 포함한 경구용 피임제, 항알도스테론제, 트리암테렌과 함께 사용 시 의사 또는 약사와 상의하십시오.

녹차, 홍차 등 탄닌을 함유하는 차는 복용 중, 복용 전후에는 피하십시오.
","위부불쾌감, 설사, 변비, 발진, 발적, 구역, 구토, 묽은 변, 피부염, 땀 • 호흡시 악취, 탈모, 조급증, 위장관장애, 소화장애, 상복부통증, 저혈압, 폐부종, 생리가 예정보다 빨라지거나 양이 점점 많아질 수 있으며, 출혈이 오래 지속되는 경우 복용을 즉각 중지하고 의사 또는 약사와 상담하십시오.
","습기와 빛을 피해 실온에서 보관하십시오.

어린이의 손이 닿지 않는 곳에 보관하십시오.
"
108806453060521 ,티어클린점안액 30점안액,"7,000",6453060521,6453,0605,8806453060521,8806453060521,64530605,OK,200809299,OK,"이 약은 소프트콘택트렌즈 또는 하드콘택트렌즈를 착용하고 있을 때의 불쾌감, 눈물 보충 (눈의 건조), 눈의 피로, 눈의 흐림 (눈곱이 많을 때)에 사용합니다.
","1회 2~3적, 1일 5~6회 점안(눈에 넣음)합니다.
",,,"발진, 발적(충혈되어 붉어짐), 가려움, 부기, 하드콘택트렌즈를 장착한 환자에서 눈곱 등의 분비물이 많고, 렌즈가 흐려지는 경우 사용을 즉각 중지하고 의사 또는 약사와 상의하십시오.
","습기와 빛을 피해 실온에서 보관하십시오.

어린이의 손이 닿지 않는 곳에 보관하십시오.
"
108806495071332 ,앗센액 20ml/60개,"100,000",6495071332,6495,0713,8806495071332,8806495071332,64950713,OK,201600290,OK,이 약은 정신적·신체적 기능무력 증상의 보조요법으로 사용합니다.,"19세 이상의 성인은 1회 1.0 g씩 1일 2~3회, 12~18세는 1회 1.0 g씩 1일 1~2회 식전에 복용합니다.",,"항정신병약, 수면제와 함께 복용하지 마십시오.",알레르기 반응이 나타나는 경우 복용을 즉각 중지하고 의사 또는 약사와 상의하십시오.,습기와 빛을 피해 실온에서 보관하십시오.
108806718070555000000000000000,[사용X] 뉴베인액 7ml 28p,"45,000",6718070555000000000000000,6718,0705,8806718070555000000000000000,8806718070555000000000000000,67180705,OK,,NO_ITEMSEQ,,,,,,
12345 ,[행사가] 마이녹실폼5% 60g x 3개,"42,000",,,,12345,,,NO_880,,NO_ITEMSEQ,,,,,,
124555 ,미등록상품티어클린,"3,000",,,,124555,,,NO_880,,NO_ITEMSEQ,,,,,,
18800543000913 ,제일 롱파프 24매,"10,000",,,,8800543000913,8800543000913,05430009,OK,,NO_ITEMSEQ,,,,,,
18800543004614 ,센실라 120T,"30,000",,,,8800543004614,8800543004614,05430046,OK,,NO_ITEMSEQ,,,,,,
18800543005024 ,제일 디쿨24(7 x 10cm) 40매,"8,000",,,,8800543005024,8800543005024,05430050,OK,,NO_ITEMSEQ,,,,,,
18800543012411 ,투엑스비 추어블 240T,"40,000",,,,8800543012411,8800543012411,05430124,OK,,NO_ITEMSEQ,,,,,,
18800543013012 ,투엑스비 트리플 120T,"58,000",,,,8800543013012,8800543013012,05430130,OK,,NO_ITEMSEQ,,,,,,
18800551028817 ,오큐에이 240C(120C x 2ea),"45,000",,,,8800551028817,8800551028817,05510288,OK,,NO_ITEMSEQ,,,,,,
18800724005317 ,조인본 콘드로 800 60T,"50,000",,,,8800724005317,8800724005317,07240053,OK,,NO_ITEMSEQ,,,,,,
18800732001714 ,콘트라민 600mg 120T(60T x 2ea),"50,000",,,,8800732001714,8800732001714,07320017,OK,,NO_ITEMSEQ,,,,,,
18800732004623 ,콘드라맥스800 90T,"60,000",,,,8800732004623,8800732004623,07320046,OK,,NO_ITEMSEQ,,,,,,
18806011435638 ,박카스 젤리 50g x 10개입,"12,000",,,,8806011435638,8806011435638,60114356,OK,,NO_ITEMSEQ,,,,,,
18806011615450 ,박카스D 1박스(100ml x 20EA),"11,400",,,,8806011615450,8806011615450,60116154,OK,,NO_ITEMSEQ,,,,,,
18806052407823 ,조아엉겅퀴골드 100ml 10병,"20,000",,,,8806052407823,8806052407823,60524078,OK,,NO_ITEMSEQ,,,,,,
18806119291464 ,스토마큐정(반하사심탕) {10T*50},"100,000",,,,8806119291464,8806119291464,61192914,OK,,NO_ITEMSEQ,,,,,,
18806228008120 ,콘티600 90T,"40,000",,,,8806228008120,8806228008120,62280081,OK,,NO_ITEMSEQ,,,,,,
18806228012233 ,이탄돌정 240T,"40,000",,,,8806228012233,8806228012233,62280122,OK,,NO_ITEMSEQ,,,,,,
18806228030930 ,[일양]헤파톡시온정 90T,"45,000",,,,8806228030930,8806228030930,62280309,OK,,NO_ITEMSEQ,,,,,,
18806258013415 ,메코비 120T,"50,000",,,,8806258013415,8806258013415,62580134,OK,,NO_ITEMSEQ,,,,,,
18806265001320 ,판피린큐 1박스(20ml x 30EA),"15,000",,,,8806265001320,8806265001320,62650013,OK,,NO_ITEMSEQ,,,,,,
18806265002518 ,멕시롱액 75ml 1박스(10병),"8,000",,,,8806265002518,8806265002518,62650025,OK,,NO_ITEMSEQ,,,,,,
18806265002839 ,베나치오 1박스(20ml x 30EA),"23,000",,,,8806265002839,8806265002839,62650028,OK,,NO_ITEMSEQ,,,,,,
18806265014320 ,멜라토닝(히드로퀴논2%) 30g 1box,"200,000",,,,8806265014320,8806265014320,62650143,OK,,NO_ITEMSEQ,,,,,,
18806265019431 ,맥스 콘드로이틴 1200mg 60포,"150,000",,,,8806265019431,8806265019431,62650194,OK,,NO_ITEMSEQ,,,,,,
18806265020215 ,디오라인 티 600ml 30P,"35,000",,,,8806265020215,8806265020215,62650202,OK,,NO_ITEMSEQ,,,,,,
18806265021113 ,타치온100mg 90T,"50,000",,,,8806265021113,8806265021113,62650211,OK,,NO_ITEMSEQ,,,,,,
18806265021922 ,판피린 나이트 1박스(20ml x 30EA),"21,000",,,,8806265021922,8806265021922,62650219,OK,,NO_ITEMSEQ,,,,,,
18806265022011 ,베나치오 프로액 1박스(75ml x 10EA),"7,000",,,,8806265022011,8806265022011,62650220,OK,,NO_ITEMSEQ,,,,,,
18806417009815 ,[일양] 아미노피 240T,"40,000",,,,8806417009815,8806417009815,64170098,OK,,NO_ITEMSEQ,,,,,,
18806417013010 ,원비디 1박스(100ml x 10EA),"6,500",,,,8806417013010,8806417013010,64170130,OK,,NO_ITEMSEQ,,,,,,
18806417024115 ,파워아민 240C,"40,000",,,,8806417024115,8806417024115,64170241,OK,,NO_ITEMSEQ,,,,,,
18806417026713 ,헤모콤 플러스 120C,"40,000",,,,8806417026713,8806417026713,64170267,OK,,NO_ITEMSEQ,,,,,,
18806417028113 ,가네탑플러스 180C,"50,000",,,,8806417028113,8806417028113,64170281,OK,,NO_ITEMSEQ,,,,,,
18806417044519 ,도담도담 츄어블 240T,"30,000",,,,8806417044519,8806417044519,64170445,OK,,NO_ITEMSEQ,,,,,,
18806417048616 ,노루모 에프 내복액 1박스(75ml x 10EA),"6,500",,,,8806417048616,8806417048616,64170486,OK,,NO_ITEMSEQ,,,,,,
18806417055317 ,조인탑600 90T (45T x 2ea),"40,000",,,,8806417055317,8806417055317,64170553,OK,,NO_ITEMSEQ,,,,,,
18806417057717 ,황력골드 1박스(100ml x 10EA),"18,000",,,,8806417057717,8806417057717,64170577,OK,,NO_ITEMSEQ,,,,,,
18806417062919 ,보나링 스피드 20ml x 5P,"3,000",,,,8806417062919,8806417062919,64170629,OK,,NO_ITEMSEQ,,,,,,
18806417064517 ,메코엠지 프리미엄 120T,"39,000",,,,8806417064517,8806417064517,64170645,OK,,NO_ITEMSEQ,,,,,,
18806417065316 ,누네탑에프 240C,"40,000",,,,8806417065316,8806417065316,64170653,OK,,NO_ITEMSEQ,,,,,,
18806418005212 ,[광동] 쌍화탕(신형) 1박스(100ml x 10EA),"5,000",,,,8806418005212,8806418005212,64180052,OK,,NO_ITEMSEQ,,,,,,
18806418006516 ,[광동] 우황청심원(사향) 10환,"132,000",,,,8806418006516,8806418006516,64180065,OK,,NO_ITEMSEQ,,,,,,
18806418006615 ,[광동] 우황청심원(영묘향) 10환,"100,000",,,,8806418006615,8806418006615,64180066,OK,,NO_ITEMSEQ,,,,,,
18806418007612 ,[광동] 원탕 1박스(100ml x 10EA),"7,000",,,,8806418007612,8806418007612,64180076,OK,,NO_ITEMSEQ,,,,,,
18806418032225 ,페리비타캡슐 60C,"50,000",,,,8806418032225,8806418032225,64180322,OK,,NO_ITEMSEQ,,,,,,
18806418068118 ,[광동] 평위천 프라임액 1박스(75ml x 10EA),"7,000",,,,8806418068118,8806418068118,64180681,OK,,NO_ITEMSEQ,,,,,,
18806418072924 ,마이메가플러스정 130정,"40,000",,,,8806418072924,8806418072924,64180729,OK,,NO_ITEMSEQ,,,,,,
18806421001829 ,덴타자임 240C,"35,000",,,,8806421001829,8806421001829,64210018,OK,,NO_ITEMSEQ,,,,,,
18806421031512 ,에너리버 120C,"40,000",,,,8806421031512,8806421031512,64210315,OK,,NO_ITEMSEQ,,,,,,
18806421043614 ,마그비 120C,"28,000",,,,8806421043614,8806421043614,64210436,OK,,NO_ITEMSEQ,,,,,,
18806421043713 ,덴타퀵 300T,"40,000",,,,8806421043713,8806421043713,64210437,OK,,NO_ITEMSEQ,,,,,,
18806421043911 ,메가트루 골드 120T,"50,000",,,,8806421043911,8806421043911,64210439,OK,,NO_ITEMSEQ,,,,,,
18806421046530 ,[유한] 이지케어 네일라카 6ml x 2개,"19,900",,,,8806421046530,8806421046530,64210465,OK,,NO_ITEMSEQ,,,,,,
18806421047926 ,메가트루 포커스 120T,"40,000",,,,8806421047926,8806421047926,64210479,OK,,NO_ITEMSEQ,,,,,,
18806421050629 ,마그비 액티브 120T,"30,000",,,,8806421050629,8806421050629,64210506,OK,,NO_ITEMSEQ,,,,,,
18806421051121 ,메가트루 파워 120T,"50,000",,,,8806421051121,8806421051121,64210511,OK,,NO_ITEMSEQ,,,,,,
18806421052548 ,마그비 스피드 30V,"40,000",,,,8806421052548,8806421052548,64210525,OK,,NO_ITEMSEQ,,,,,,
18806421054245 ,삐콤씨 파워정 120T,"25,000",,,,8806421054245,8806421054245,64210542,OK,,NO_ITEMSEQ,,,,,,
18806421055112 ,유한 비타민씨디 240T(120T x 2EA),"20,000",,,,8806421055112,8806421055112,64210551,OK,,NO_ITEMSEQ,,,,,,
18806421057819 ,마그비 맥스 120C,"40,000",,,,8806421057819,8806421057819,64210578,OK,,NO_ITEMSEQ,,,,,,
18806421061618 ,메가트루 633 120T,"55,000",,,,8806421061618,8806421061618,64210616,OK,,NO_ITEMSEQ,,,,,,
18806421062011 ,마그비 이엑스 120C,"50,000",,,,8806421062011,8806421062011,64210620,OK,,NO_ITEMSEQ,,,,,,
18806421062219 ,카리포맨 120C,"55,000",,,,8806421062219,8806421062219,64210622,OK,,NO_ITEMSEQ,,,,,,
18806421062417 ,[유한] 메가비타 1박스(100ml x 10EA),"20,000",,,,8806421062417,8806421062417,64210624,OK,,NO_ITEMSEQ,,,,,,
18806422038718 ,메가바이 120T,"34,000",,,,8806422038718,8806422038718,64220387,OK,,NO_ITEMSEQ,,,,,,
18806422039623 ,[부광] 네일스타 네일라카 6ml x 2EA,"17,000",,,,8806422039623,8806422039623,64220396,OK,,NO_ITEMSEQ,,,,,,
18806422044917 ,레가리버350 120C,"40,000",,,,8806422044917,8806422044917,64220449,OK,,NO_ITEMSEQ,,,,,,
18806422046607 ,엠지멕스 플러스비 120C (60C x 2ea),"40,000",,,,8806422046607,8806422046607,64220466,OK,,NO_ITEMSEQ,,,,,,
18806422046911 ,비타엔 츄어블 240T(120T x 2EA),"40,000",,,,8806422046911,8806422046911,64220469,OK,,NO_ITEMSEQ,,,,,,
18806427000918 ,까스활명수큐 1박스(75ml x 10EA),"9,900",,,,8806427000918,8806427000918,64270009,OK,,NO_ITEMSEQ,,,,,,
18806427016810 ,부채표쌍화탕 1박스(100ml x 10EA),"4,500",,,,8806427016810,8806427016810,64270168,OK,,NO_ITEMSEQ,,,,,,
18806428008425 ,산타몬 플러스 8ml x 60V,"60,000",,,,8806428008425,8806428008425,64280084,OK,,NO_ITEMSEQ,,,,,,
18806428008524 ,산타몬플러스캡슐 120C,"60,000",,,,8806428008524,8806428008524,64280085,OK,,NO_ITEMSEQ,,,,,,
18806428009828 ,[고려제약] 에너골드 60V(10ml x 30V x 2EA),"90,000",,,,8806428009828,8806428009828,64280098,OK,,NO_ITEMSEQ,,,,,,
18806428011227 ,이뮤골드 10g x 60V,"70,000",,,,8806428011227,8806428011227,64280112,OK,,NO_ITEMSEQ,,,,,,
18806428028829 ,로이코비에스 60V(15ml x 30V x 2EA),"80,000",,,,8806428028829,8806428028829,64280288,OK,,NO_ITEMSEQ,,,,,,
18806428030518 ,아미푸렉스골드 240T(120T x 2EA),"50,000",,,,8806428030518,8806428030518,64280305,OK,,NO_ITEMSEQ,,,,,,
18806428031539 ,멀티큐텐플러스 120C(60T x 2ea),"50,000",,,,8806428031539,8806428031539,64280315,OK,,NO_ITEMSEQ,,,,,,
18806429000947 ,덴큐 240T(120T x 2EA),"40,000",,,,8806429000947,8806429000947,64290009,OK,,NO_ITEMSEQ,,,,,,
18806429039213 ,실리세프 연질캡슐 120C,"50,000",,,,8806429039213,8806429039213,64290392,OK,,NO_ITEMSEQ,,,,,,
18806429042114 ,플라도반액 20ml x 20V,"70,000",,,,8806429042114,8806429042114,64290421,OK,,NO_ITEMSEQ,,,,,,
18806429045016 ,엑세라민 비 120T,"37,000",,,,8806429045016,8806429045016,64290450,OK,,NO_ITEMSEQ,,,,,,
18806429053219 ,아로나민 실버 프리미엄 120T,"35,000",,,,8806429053219,8806429053219,64290532,OK,,NO_ITEMSEQ,,,,,,
18806429055817 ,엑세라민 엑소 120T,"47,000",,,,8806429055817,8806429055817,64290558,OK,,NO_ITEMSEQ,,,,,,
18806429059020 ,에너라민파워액 60V(10ml x 30V x 2EA),"130,000",,,,8806429059020,8806429059020,64290590,OK,,NO_ITEMSEQ,,,,,,
18806429061511 ,아로나민 이맥스 플러스 120T,"40,000",,,,8806429061511,8806429061511,64290615,OK,,NO_ITEMSEQ,,,,,,
18806429068718 ,엑세라민 에이 120T,"64,000",,,,8806429068718,8806429068718,64290687,OK,,NO_ITEMSEQ,,,,,,
18806429068817 ,푸레파센600 60T(30T x 2ea),"35,000",,,,8806429068817,8806429068817,64290688,OK,,NO_ITEMSEQ,,,,,,
18806429068916 ,콘센비타 프리미엄800 60T,"60,000",,,,8806429068916,8806429068916,64290689,OK,,NO_ITEMSEQ,,,,,,
18806432011510 ,티스롤 270T,"30,000",,,,8806432011510,8806432011510,64320115,OK,,NO_ITEMSEQ,,,,,,
18806432014535 ,랑스씨씨 360T(180T x 2EA),"50,000",,,,8806432014535,8806432014535,64320145,OK,,NO_ITEMSEQ,,,,,,
18806432029317 ,가네타인 20ml x 30병,"45,000",,,,8806432029317,8806432029317,64320293,OK,,NO_ITEMSEQ,,,,,,
18806432030740 ,동성 비오틴 120T,"50,000",,,,8806432030740,8806432030740,64320307,OK,,NO_ITEMSEQ,,,,,,
18806432034618 ,코드에이 240C,"50,000",,,,8806432034618,8806432034618,64320346,OK,,NO_ITEMSEQ,,,,,,
18806432035028 ,이엠지스피드 더블액션 30P,"50,000",,,,8806432035028,8806432035028,64320350,OK,,NO_ITEMSEQ,,,,,,
18806433025011 ,젠빅 120C(60C x 2ea),"20,000",,,,8806433025011,8806433025011,64330250,OK,,NO_ITEMSEQ,,,,,,
18806433050211 ,펜잘큐정(정규)(PTP) 200T(10T*20EA),"2,500",,,,8806433050211,8806433050211,64330502,OK,,NO_ITEMSEQ,,,,,,
18806433051911 ,액티리버 모닝 120C,"40,000",,,,8806433051911,8806433051911,64330519,OK,,NO_ITEMSEQ,,,,,,
18806433062719 ,인코라민 스페셜 120T(60T*2),"35,000",,,,8806433062719,8806433062719,64330627,OK,,NO_ITEMSEQ,,,,,,
18806433062818 ,모드코에스연질캡슐 500C(10C*50EA),"125,000",,,,8806433062818,8806433062818,64330628,OK,,NO_ITEMSEQ,,,,,,
18806433062917 ,모드콜에스연질캡슐 500C(10C*50EA),"2,000",,,,8806433062917,8806433062917,64330629,OK,,NO_ITEMSEQ,,,,,,
18806433063013 ,모드코프에스연질캡슐 500C(10C*50EA),"125,000",,,,8806433063013,8806433063013,64330630,OK,,NO_ITEMSEQ,,,,,,
18806433063419 ,고운자임맘 120T(60T x 2EA),"38,000",,,,8806433063419,8806433063419,64330634,OK,,NO_ITEMSEQ,,,,,,
18806433065512 ,파미딘정 10MG(정규)(PTP) 100T(10T*10EA),"2,000",,,,8806433065512,8806433065512,64330655,OK,,NO_ITEMSEQ,,,,,,
18806433065529 ,파미딘정 10MG(정규)(PTP) 300T(30T*10EA),"3,500",,,,8806433065529,8806433065529,64330655,OK,,NO_ITEMSEQ,,,,,,
18806433067714 ,시미도나 120T,"45,000",,,,8806433067714,8806433067714,64330677,OK,,NO_ITEMSEQ,,,,,,
18806433074514 ,젠빅플러스연질캡슐 120C(60C*2EA),"40,000",,,,8806433074514,8806433074514,64330745,OK,,NO_ITEMSEQ,,,,,,
18806433076310 ,벤포벨 120T(60T*2EA),"35,000",,,,8806433076310,8806433076310,64330763,OK,,NO_ITEMSEQ,,,,,,
18806433083516 ,벤포벨지 120T(60T*2EA),"40,000",,,,8806433083516,8806433083516,64330835,OK,,NO_ITEMSEQ,,,,,,
18806433085916 ,이튼큐 플러스 200T(100T x 2EA),"30,000",,,,8806433085916,8806433085916,64330859,OK,,NO_ITEMSEQ,,,,,,
18806433087415 ,속청케어 1박스(75ml x 10EA),"6,000",,,,8806433087415,8806433087415,64330874,OK,,NO_ITEMSEQ,,,,,,
18806433087613 ,파미딘플러스정 100T(10T*10EA),"2,500",,,,8806433087613,8806433087613,64330876,OK,,NO_ITEMSEQ,,,,,,
18806433089518 ,종근당 비타민씨 골드정 1000mg 200T,"12,000",,,,8806433089518,8806433089518,64330895,OK,,NO_ITEMSEQ,,,,,,
18806433089716 ,벤포벨에스 120T(60T*2EA),"50,000",,,,8806433089716,8806433089716,64330897,OK,,NO_ITEMSEQ,,,,,,
18806433089723 ,벤포벨에스 180T(90T*2EA),"70,000",,,,8806433089723,8806433089723,64330897,OK,,NO_ITEMSEQ,,,,,,
18806433092723 ,포텐스틱 1박스(20ml x 5P x 10EA),"75,000",,,,8806433092723,8806433092723,64330927,OK,,NO_ITEMSEQ,,,,,,
18806433092730 ,포텐스틱 20ml x 40p,"60,000",,,,8806433092730,8806433092730,64330927,OK,,NO_ITEMSEQ,,,,,,
18806433094017 ,조인트 콘드로 60T,"50,000",,,,8806433094017,8806433094017,64330940,OK,,NO_ITEMSEQ,,,,,,
18806433100817 ,벤포벨아이 60C,"40,000",,,,8806433100817,8806433100817,64331008,OK,,NO_ITEMSEQ,,,,,,
18806433100930 ,키포벨산 3G(정규) 60P(30P*2EA),"150,000",,,,8806433100930,8806433100930,64331009,OK,,NO_ITEMSEQ,,,,,,
18806435028812 ,텐텐츄정 1박스(10p x 20개),"40,000",,,,8806435028812,8806435028812,64350288,OK,,NO_ITEMSEQ,,,,,,
18806435055313 ,프리비 60T(30T x 2EA),"30,000",,,,8806435055313,8806435055313,64350553,OK,,NO_ITEMSEQ,,,,,,
18806435081725 ,한미치쏙 600mg 60T(30T x 2ea),"30,000",,,,8806435081725,8806435081725,64350817,OK,,NO_ITEMSEQ,,,,,,
18806435088526 ,마그네비 스피드 20ml x 30P,"33,000",,,,8806435088526,8806435088526,64350885,OK,,NO_ITEMSEQ,,,,,,
18806436056319 ,티라노골드 플러스 츄어블 240T,"40,000",,,,8806436056319,8806436056319,64360563,OK,,NO_ITEMSEQ,,,,,,
18806441004862 ,에스로반 티트리오일첨가 10g,"3,000",,,,8806441004862,8806441004862,64410048,OK,,NO_ITEMSEQ,,,,,,
18806446001965 ,리보테인 100T x 2ea,"30,000",,,,8806446001965,8806446001965,64460019,OK,,NO_ITEMSEQ,,,,,,
18806446004911 ,비티엘라 120C(60C x 2EA),"35,000",,,,8806446004911,8806446004911,64460049,OK,,NO_ITEMSEQ,,,,,,
18806446007752 ,에바치온 90포,"65,000",,,,8806446007752,8806446007752,64460077,OK,,NO_ITEMSEQ,,,,,,
18806446014361 ,폴시드 120T(60C x 2EA),"15,000",,,,8806446014361,8806446014361,64460143,OK,,NO_ITEMSEQ,,,,,,
18806446015719 ,훼마틴 60C,"55,000",,,,8806446015719,8806446015719,64460157,OK,,NO_ITEMSEQ,,,,,,
18806446044818 ,마그스 더블액션 120C (60C x 2ea),"40,000",,,,8806446044818,8806446044818,64460448,OK,,NO_ITEMSEQ,,,,,,
18806448003110 ,도미나크림(히드로퀴논4%) 60g,"205,000",,,,8806448003110,8806448003110,64480031,OK,,NO_ITEMSEQ,,,,,,
18806449123121 ,볼두민 270C(90C x 3EA),"70,000",,,,8806449123121,8806449123121,64491231,OK,,NO_ITEMSEQ,,,,,,
18806458002844 ,한솔 연통환(강활유풍탕) 90P,"80,000",,,,8806458002844,8806458002844,64580028,OK,,NO_ITEMSEQ,,,,,,
18806458002936 ,옥미인단 120P,"70,000",,,,8806458002936,8806458002936,64580029,OK,,NO_ITEMSEQ,,,,,,
18806458003322 ,[한솔] 장편환 90P (45P x 2ea),"30,000",,,,8806458003322,8806458003322,64580033,OK,,NO_ITEMSEQ,,,,,,
18806458003936 ,한솔 치위환 60포,"40,000",,,,8806458003936,8806458003936,64580039,OK,200503057,NO_ITEM,,,,,,
18806458014427 ,한솔 근골환(양혈장근건보환) 120포,"45,000",,,,8806458014427,8806458014427,64580144,OK,,NO_ITEMSEQ,,,,,,
18806476037323 ,비타메드레모나산 10포,"2,500",,,,8806476037323,8806476037323,64760373,OK,,NO_ITEMSEQ,,,,,,
18806478034313 ,외유내간 120C,"40,000",,,,8806478034313,8806478034313,64780343,OK,,NO_ITEMSEQ,,,,,,
18806478049713 ,리멘시아 180C,"35,000",,,,8806478049713,8806478049713,64780497,OK,,NO_ITEMSEQ,,,,,,
18806483000426 ,퍼슨 관장약 30mg 50개(박스),"20,000",,,,8806483000426,8806483000426,64830004,OK,,NO_ITEMSEQ,,,,,,
18806516002376 ,뮤테란 20포,"6,000",,,,8806516002376,8806516002376,65160023,OK,198701129,OK,"이 약은 급ㆍ만성기관지염, 기관지천식, 후두염, 부비동염, 낭성섬유증의 질환에서 객담배출곤란에 사용합니다.","급성질환에 성인은 1회 1포(200 mg)씩, 1일 3회, 6~14세는 1회 1포(200 mg)씩, 1일 2회, 2~5세는 1회 1/2 포(100 mg)씩, 1일 3회 소량의 물과 함께 복용합니다.만성질환에 성인은 1회 1포(200 mg)씩, 1일 2회, 6~14세는 1회  1/2 포(100 mg)씩, 1일 3회 소량의 물과 함께 복용합니다.낭성섬유증에 6세 이상은 1회 1포(200 mg)씩, 1일 3회, 2~5세는 1회 1/2 포(100 mg)씩, 1일 4회 소량의 물과 함께 복용합니다.",이 약은 체내에서 페닐알라닌으로 대사되는 아스파탐이 함유되어 페닐알라닌의 섭취를 규제할 필요가 있는 페닐케톤뇨증 환자는 복용하지 마십시오.,"경구용 항생물질(아목시실린, 세푸록심, 독시사이클린, 에리트로마이신, 티암페니콜)과 함께 복용 시 적어도 2시간 간격을 두고 복용하십시오.이 약의 용액에 다른 약물의 첨가는 피하십시오.","드물게 구역, 구토, 구내염, 가슴쓰림, 설사, 두드러기, 가려움, 발진, 두통, 이명, 기관지경련(특히 천식 환자), 빈맥, 고혈압 등이 나타나는 경우 즉각 복용을 중지하고 의사 또는 약사와 상담하십시오.",실온에서 보관하십시오.어린이의 손이 닿지 않는 곳에 보관하십시오.
18806534061314 ,메가콘드로업 800정 60T,"40,000",,,,8806534061314,8806534061314,65340613,OK,,NO_ITEMSEQ,,,,,,
18806574001325 ,퍼슨 관장약 30mg 50개(박스),"20,000",,,,8806574001325,8806574001325,65740013,OK,,NO_ITEMSEQ,,,,,,
18806575008859 ,이모나캡슐 240C,"40,000",,,,8806575008859,8806575008859,65750088,OK,,NO_ITEMSEQ,,,,,,
18806581011416 ,아시원 360T(180T x 2EA),"80,000",,,,8806581011416,8806581011416,65810114,OK,,NO_ITEMSEQ,,,,,,
18806581056813 ,비맥스골드 120T,"35,000",,,,8806581056813,8806581056813,65810568,OK,,NO_ITEMSEQ,,,,,,
18806581058916 ,비맥스액티브정 120T,"35,000",,,,8806581058916,8806581058916,65810589,OK,,NO_ITEMSEQ,,,,,,
18806581063118 ,비맥스메타 120T,"39,000",,,,8806581063118,8806581063118,65810631,OK,,NO_ITEMSEQ,,,,,,
18806581079713 ,투엑스비 듀얼 120T,"38,000",,,,8806581079713,8806581079713,65810797,OK,,NO_ITEMSEQ,,,,,,
18806581082010 ,비맥스메타비 120T,"44,000",,,,8806581082010,8806581082010,65810820,OK,,NO_ITEMSEQ,,,,,,
18806581082119 ,액트에버 90T,"40,000",,,,8806581082119,8806581082119,65810821,OK,,NO_ITEMSEQ,,,,,,
18806581083826 ,라라포텐 30p(6p x 5EA),"45,000",,,,8806581083826,8806581083826,65810838,OK,,NO_ITEMSEQ,,,,,,
18806581084113 ,키드칼 플러스 240T(120T x 2EA),"40,000",,,,8806581084113,8806581084113,65810841,OK,,NO_ITEMSEQ,,,,,,
18806581084441 ,비맥스제트 100T,"52,000",,,,8806581084441,8806581084441,65810844,OK,,NO_ITEMSEQ,,,,,,
18806581085110 ,비맥스에버프리미엄 120T,"42,000",,,,8806581085110,8806581085110,65810851,OK,,NO_ITEMSEQ,,,,,,
18806582029113 ,리버타인 20ml x 30V,"46,000",,,,8806582029113,8806582029113,65820291,OK,,NO_ITEMSEQ,,,,,,
18806585002410 ,[익수] 용표 우황청심원 10환,"120,000",,,,8806585002410,8806585002410,65850024,OK,,NO_ITEMSEQ,,,,,,
18806585002519 ,[익수] 용표 우황청심원(엘무스콘) 10환,"80,000",,,,8806585002519,8806585002519,65850025,OK,,NO_ITEMSEQ,,,,,,
18806613000104 ,가쁘레엑스과립(인삼패독산)스틱{5P*40},"120,000",,,,8806613000104,8806613000104,66130001,OK,,NO_ITEMSEQ,,,,,,
18806613000609 ,건양탕(반하후박탕엑스과립)스틱{5P*40},"120,000",,,,8806613000609,8806613000609,66130006,OK,,NO_ITEMSEQ,,,,,,
18806613001316 ,경방 갈근탕액 75ml x 10포,"9,000",,,,8806613001316,8806613001316,66130013,OK,,NO_ITEMSEQ,,,,,,
18806613013210 ,경방 쌍화탕액 75ml x 10포,"9,000",,,,8806613013210,8806613013210,66130132,OK,,NO_ITEMSEQ,,,,,,
18806613020348 ,향성파적환스틱 (5P*40),"120,000",,,,8806613020348,8806613020348,66130203,OK,,NO_ITEMSEQ,,,,,,
18806613022007 ,경혈환(계지복령환) 30P(10P x 3EA),"16,000",,,,8806613022007,8806613022007,66130220,OK,,NO_ITEMSEQ,,,,,,
18806613024605 ,브르럭엑스과립(청폐탕)스틱 {5P*40},"120,000",,,,8806613024605,8806613024605,66130246,OK,,NO_ITEMSEQ,,,,,,
18806613026104 ,소폐탕엑스과립(소청룡탕)스틱 {5P*40},"100,000",,,,8806613026104,8806613026104,66130261,OK,,NO_ITEMSEQ,,,,,,
18806613026593 ,스토마큐(반하사심탕엑스과립)스틱 (5P*40),"120,000",,,,8806613026593,8806613026593,66130265,OK,,NO_ITEMSEQ,,,,,,
18806613029402 ,용패탕(용담사간탕엑스과립)스틱{5P*40},"120,000",,,,8806613029402,8806613029402,66130294,OK,,NO_ITEMSEQ,,,,,,
18806613030200 ,윤폐탕엑스과립(맥문동탕엑스과립) 스틱{5P*40},"120,000",,,,8806613030200,8806613030200,66130302,OK,,NO_ITEMSEQ,,,,,,
18806613032303 ,치감엑스과립(갈근탕엑스과립)스틱(5P*40),"120,000",,,,8806613032303,8806613032303,66130323,OK,,NO_ITEMSEQ,,,,,,
1880661305 ,패독산엑스과립스틱{5P*40},"120,000",,,,880661305,880661305,,OK,,NO_ITEMSEQ,,,,,,
18806613052301 ,센코프액(5P*10),"30,000",,,,8806613052301,8806613052301,66130523,OK,,NO_ITEMSEQ,,,,,,
18806613052721 ,소렉신연조엑스(구풍해독탕){5P*40},"120,000",,,,8806613052721,8806613052721,66130527,OK,,NO_ITEMSEQ,,,,,,
18806613052738 ,소렉신연조엑스(구풍해독탕){10P*30},"165,000",,,,8806613052738,8806613052738,66130527,OK,,NO_ITEMSEQ,,,,,,
18806613055302 ,이치원캡슐(청위산){20C*50},"150,000",,,,8806613055302,8806613055302,66130553,OK,,NO_ITEMSEQ,,,,,,
18806613064809 ,평심액(천왕보심단){10P*10},"120,000",,,,8806613064809,8806613064809,66130648,OK,,NO_ITEMSEQ,,,,,,
18806613072606 ,경방반하사심탕시럽(5P*10),"50,000",,,,8806613072606,8806613072606,66130726,OK,,NO_ITEMSEQ,,,,,,
18806616007735 ,시스틴500 180C,"50,000",,,,8806616007735,8806616007735,66160077,OK,,NO_ITEMSEQ,,,,,,
18806616017512 ,[녹십자] 헤모퀸탑 120C(60C x 2EA),"40,000",,,,8806616017512,8806616017512,66160175,OK,,NO_ITEMSEQ,,,,,,
18806616051523 ,엠지 플러스큐 120C,"35,000",,,,8806616051523,8806616051523,66160515,OK,,NO_ITEMSEQ,,,,,,
18806650002512 ,덴티몬 240C,"40,000",,,,8806650002512,8806650002512,66500025,OK,,NO_ITEMSEQ,,,,,,
18806703051511 ,마그포스 트리플 120T(60T x 2EA),"39,000",,,,8806703051511,8806703051511,67030515,OK,,NO_ITEMSEQ,,,,,,
18806718070552 ,뉴베인액 7ml x 28P,"50,000",,,,8806718070552,8806718070552,67180705,OK,,NO_ITEMSEQ,,,,,,
18809 3304 79017,파워텐 골드 100ml 1병,"2,000",,,,8809330479017,8809330479017,93304790,OK,,NO_ITEMSEQ,,,,,,
18809432535291 ,레스큐라이트 플러스액 100ml x 12P,"25,000",,,,8809432535291,8809432535291,94325352,OK,,NO_ITEMSEQ,,,,,,
2 ,아이톡쿨 순 점안액 14ml,"3,500",,,,2,,,NO_880,,NO_ITEMSEQ,,,,,,
202508001290V,OMRON 7141혈압계,"70,000",,,,202508001290,,,NO_880,,NO_ITEMSEQ,,,,,,
25001250370151 ,[광동] 경옥고 60P(23.5g x 30P x 2EA),"155,000",,,,25001250370151,,,NO_880,,NO_ITEMSEQ,,,,,,
28806119291461 ,스토마큐정(반하사심탕) {20T*50},"200,000",,,,8806119291461,8806119291461,61192914,OK,,NO_ITEMSEQ,,,,,,
28806265005912 ,카필러스 180C,"50,000",,,,8806265005912,8806265005912,62650059,OK,,NO_ITEMSEQ,,,,,,
28806416052314 ,임팩타민 프리미엄 120T,"39,000",,,,8806416052314,8806416052314,64160523,OK,,NO_ITEMSEQ,,,,,,
28806416061132 ,임팩타민 파워에이플러스 120T,"39,000",,,,8806416061132,8806416061132,64160611,OK,,NO_ITEMSEQ,,,,,,
28806416064218 ,임팩타민 케어 120T,"39,000",,,,8806416064218,8806416064218,64160642,OK,,NO_ITEMSEQ,,,,,,
28806416077119 ,임팩타민 원스 120T,"45,000",,,,8806416077119,8806416077119,64160771,OK,,NO_ITEMSEQ,,,,,,
28806417025010 ,프로엑스피엑 20ml x 60V,"200,000",,,,8806417025010,8806417025010,64170250,OK,,NO_ITEMSEQ,,,,,,
28806417026611 ,헤모콤 15ml x 30V,"55,000",,,,8806417026611,8806417026611,64170266,OK,,NO_ITEMSEQ,,,,,,
28806417055420 ,[일양] 경옥고 60P(20g x 30P x 2EA),"99,000",,,,8806417055420,8806417055420,64170554,OK,,NO_ITEMSEQ,,,,,,
28806417057516 ,라라포션액 30V,"55,000",,,,8806417057516,8806417057516,64170575,OK,,NO_ITEMSEQ,,,,,,
28806417061216 ,위제로 알파정 270T,"50,000",,,,8806417061216,8806417061216,64170612,OK,,NO_ITEMSEQ,,,,,,
28806421015427 ,유한 비타민씨 600T,"30,000",,,,8806421015427,8806421015427,64210154,OK,,NO_ITEMSEQ,,,,,,
28806421060212 ,마그비 스피드 더블액션 30V,"60,000",,,,8806421060212,8806421060212,64210602,OK,,NO_ITEMSEQ,,,,,,
28806428012924 ,큐업액 60V,"84,000",,,,8806428012924,8806428012924,64280129,OK,,NO_ITEMSEQ,,,,,,
28806429042111 ,플라도반액 20ml x 60V,"210,000",,,,8806429042111,8806429042111,64290421,OK,,NO_ITEMSEQ,,,,,,
28806433069319 ,낙센연질캡슐 300C(10C*30EA),"2,000",,,,8806433069319,8806433069319,64330693,OK,,NO_ITEMSEQ,,,,,,
28806438020155 ,[신신] 아렉스 소형 42매,"7,000",,,,8806438020155,8806438020155,64380201,OK,,NO_ITEMSEQ,,,,,,
28806438035111 ,원케어 네일라카 5ml x 2EA,"18,000",,,,8806438035111,8806438035111,64380351,OK,,NO_ITEMSEQ,,,,,,
28806534041214 ,사라펜 중형 40매,"8,000",,,,8806534041214,8806534041214,65340412,OK,,NO_ITEMSEQ,,,,,,
28806581063221 ,[한풍] 경옥고 60P(23g x 30P x 2EA),"99,000",,,,8806581063221,8806581063221,65810632,OK,,NO_ITEMSEQ,,,,,,
28806582 029110,리버타인,"2,000",,,,8806582029110,8806582029110,65820291,OK,,NO_ITEMSEQ,,,,,,
28806582029110 ,리버타인액 20ml 60병,"90,000",,,,8806582029110,8806582029110,65820291,OK,,NO_ITEMSEQ,,,,,,
28806585020411 ,공진단 현탁액 50ml 30병,"1,200,000",,,,8806585020411,8806585020411,65850204,OK,,NO_ITEMSEQ,,,,,,
28806613030801 ,장통환(정장제)(5P*18),"54,000",,,,8806613030801,8806613030801,66130308,OK,,NO_ITEMSEQ,,,,,,
28806613035608 ,소체환스틱(5P*18),"54,000",,,,8806613035608,8806613035608,66130356,OK,,NO_ITEMSEQ,,,,,,
2922825015B0084,[광동] 파워라센액 20ml x 60V,"200,000",,,,29228250150084,,,NO_880,,NO_ITEMSEQ,,,,,,
3 ,아이톡쿨 쿨 점안액 14ml,"3,500",,,,3,,,NO_880,,NO_ITEMSEQ,,,,,,
300653145456 ,옵티프리 익스프레스 355ml,"6,000",,,,300653145456,,,NO_880,,NO_ITEMSEQ,,,,,,
310119034903 ,리뉴 후레쉬용액 355ml,"5,000",,,,310119034903,,,NO_880,,NO_ITEMSEQ,,,,,,
3564300001879 ,[유유]피지오머 베이비 코 흡인기,"13,000",,,,3564300001879,,,NO_880,,NO_ITEMSEQ,,,,,,
3564300002210 ,[유유]피지오머 베이비 코 흡인기 필터팩 20매,"8,000",,,,3564300002210,,,NO_880,,NO_ITEMSEQ,,,,,,
38806418067511 ,[광동] 벤포파워Z 1박스(100ml x 10EA),"20,000",,,,8806418067511,8806418067511,64180675,OK,,NO_ITEMSEQ,,,,,,
38806421045223 ,안티푸라민 더블파워 대형 30매,"12,500",,,,8806421045223,8806421045223,64210452,OK,,NO_ITEMSEQ,,,,,,
38806421045230 ,안티푸라민 더블파워 중형 28매,"8,000",,,,8806421045230,8806421045230,64210452,OK,,NO_ITEMSEQ,,,,,,
38806427063320 ,바르지오 네일라카 5.0ml x 2EA,"18,000",,,,8806427063320,8806427063320,64270633,OK,,NO_ITEMSEQ,,,,,,
38806433087419 ,속청케어액 75ML 60B(10B*6EA),600,,,,8806433087419,8806433087419,64330874,OK,,NO_ITEMSEQ,,,,,,
38806438007221 ,[신신] 인타신 40매,"8,000",,,,8806438007221,8806438007221,64380072,OK,,NO_ITEMSEQ,,,,,,
38806613022001 ,경혈환(계지복령환)스틱{30P*3},"48,000",,,,8806613022001,8806613022001,66130220,OK,,NO_ITEMSEQ,,,,,,
4022679157188 ,구트할로 발포비타민C (레몬맛) 20T,"4,500",,,,4022679157188,,,NO_880,,NO_ITEMSEQ,,,,,,
4022679157195 ,구트할로 멀티발포비타민 (오렌지맛) 20T,"4,500",,,,4022679157195,,,NO_880,,NO_ITEMSEQ,,,,,,
4029787436105 ,비타하임 비타민(오렌지),"4,500",,,,4029787436105,,,NO_880,,NO_ITEMSEQ,,,,,,
4975479419966 ,오므론 혈압계 HEM-7127,"90,000",,,,4975479419966,,,NO_880,,NO_ITEMSEQ,,,,,,
4975479497049 ,오므론 혈압계 HEM-7141T1,"70,000",,,,4975479497049,,,NO_880,,NO_ITEMSEQ,,,,,,
4975479497056 ,오므론 혈압계 HEM-7140T1,"75,000",,,,4975479497056,,,NO_880,,NO_ITEMSEQ,,,,,,
5000159514194 ,몰티져스 트뤼플 200g,"9,900",,,,5000159514194,,,NO_880,,NO_ITEMSEQ,,,,,,
5000159559348 ,[마즈] 트윅스 싱글 50g,"1,500",,,,5000159559348,,,NO_880,,NO_ITEMSEQ,,,,,,
5000223490881 ,시카케어(12 x 3cm) 1매,"25,000",,,,5000223490881,,,NO_880,,NO_ITEMSEQ,,,,,,
629262002722 ,스페셜 알티지 오메가-3 180C(90C x 2EA),"70,000",,,,629262002722,,,NO_880,,NO_ITEMSEQ,,,,,,
6685972354661 ,액티벳 50mg,"5,400",,,,6685972354661,,,NO_880,,NO_ITEMSEQ,,,,,,
669416491767 ,라이브 피비100 120C(60C x 2EA),"60,000",,,,669416491767,,,NO_880,,NO_ITEMSEQ,,,,,,
6789572212120 ,[판매기록부] 액티벳50mg (10정) [10정],"5,400",,,,6789572212120,,,NO_880,,NO_ITEMSEQ,,,,,,
68806438004610 ,[신신] 아렉스 대형 30매,"10,000",,,,8806438004610,8806438004610,64380046,OK,,NO_ITEMSEQ,,,,,,
68806447041729 ,기넥신에프 120mg 180C,"45,000",,,,8806447041729,8806447041729,64470417,OK,,NO_ITEMSEQ,,,,,,
68806447046816 ,기넥신에프 120mg 200T,"40,000",,,,8806447046816,8806447046816,64470468,OK,,NO_ITEMSEQ,,,,,,
68806453030717 ,호르반 1박스(30ml x 30EA),"90,000",,,,8806453030717,8806453030717,64530307,OK,,NO_ITEMSEQ,,,,,,
6914973111660 ,[마즈] 스키틀즈 사워 40g,"1,500",,,,6914973111660,,,NO_880,,NO_ITEMSEQ,,,,,,
6914973603035 ,[마즈] 스키틀즈 오리지널 45g,"1,500",,,,6914973603035,,,NO_880,,NO_ITEMSEQ,,,,,,
6914973603189 ,[마즈] 엠앤엠즈 밀크 37g,"1,500",,,,6914973603189,,,NO_880,,NO_ITEMSEQ,,,,,,
6914973603202 ,[마즈] 엠앤엠즈 피넛 37g,"1,500",,,,6914973603202,,,NO_880,,NO_ITEMSEQ,,,,,,
6914973607149 ,스니커즈 미니스 500g + 160g,"11,900",,,,6914973607149,,,NO_880,,NO_ITEMSEQ,,,,,,
6914973610675 ,[마즈] 엠앤엠즈 튜브토퍼 28g,"2,500",,,,6914973610675,,,NO_880,,NO_ITEMSEQ,,,,,,
7262707001923 ,헬스엔 프로폴리스 스프레이 30ml,"15,000",,,,7262707001923,,,NO_880,,NO_ITEMSEQ,,,,,,
7350012554866 ,바이오가이아 프로덱티스 베이비드롭 5ml,"25,000",,,,7350012554866,,,NO_880,,NO_ITEMSEQ,,,,,,
7350012554873 ,바이오가이아 프로텍티스 이지드롭 10ml,"48,000",,,,7350012554873,,,NO_880,,NO_ITEMSEQ,,,,,,
7350012555474 ,바이오가이아 프로텍티스(오렌지향) 60T,"39,500",,,,7350012555474,,,NO_880,,NO_ITEMSEQ,,,,,,
7350012555917 ,바이오가이아 프로텍티스(하츄핑/레몬향) 60T,"39,000",,,,7350012555917,,,NO_880,,NO_ITEMSEQ,,,,,,
7350012555993 ,바이오가이아 프로텍티스(하츄핑/오렌지향) 60T,"39,500",,,,7350012555993,,,NO_880,,NO_ITEMSEQ,,,,,,
7350012556006 ,바이오가이아 프로텍티스(하츄핑/딸기향) 60T,"39,000",,,,7350012556006,,,NO_880,,NO_ITEMSEQ,,,,,,
7350012556716 ,가스트러스 타블렛(감귤향) 30T,"40,000",,,,7350012556716,,,NO_880,,NO_ITEMSEQ,,,,,,
768455106912 ,듀오덤 엑스트라 씬 10매,"20,000",,,,768455106912,,,NO_880,,NO_ITEMSEQ,,,,,,
8 806436 016712,탁센나프록센 (10c),"2,000",6436016712,6436,0167,8806436016712,8806436016712,64360167,OK,200710782,OK,"이 약은 류마티양 관절염, 골관절염(퇴행성 관절질환), 강직성 척추염, 건염(힘줄염), 급성통풍, 월경곤란증과 활액(윤활)낭염, 골격근장애(염좌(삠), 좌상(타박상), 외상(상처), 요천통(허리통증), 수술 후 동통(통증), 편두통, 발치(이를 뽑음)후 동통(통증)에 사용합니다.
","류마티양 관절염, 골관절염, 강직성 척추염에 성인은 1회 1~2캡슐(250~500 mg)씩, 1일 2회 12시간마다 복용합니다.

급성통풍에 성인은 처음 복용량으로 3캡슐(750 mg)을 복용하고 발작이 없어질 때까지 8시간 간격으로 1캡슐(250 mg)씩 복용합니다.

골격근장애, 수술후 동통(통증), 발치(이를 뽑음)후 동통(통증), 월경곤란증, 건염(힘줄염), 활액(윤활)낭염에 성인은 처음 복용량으로 2캡슐(500 mg)을 복용하고 6~8시간 간격으로 1캡슐(250 mg)씩 복용합니다.

편두통에 성인은 처음 복용량으로 3캡슐(750 mg)을 복용합니다. 필요 시, 1일 1~2캡슐(250~500 mg)을 더 복용할 수 있으며 처음 복용량의 복용 30분 후에 복용합니다.

1일 총용량이 5캡슐(1,250 mg)을 초과하지 않도록 합니다.

연령, 증상에 따라 적절히 증감할 수 있습니다.
","매일 세 잔 이상 정기적 음주자가 이 약 또는 다른 해열진통제를 복용할 때는 의사 또는 약사와 상의하십시오. 위장출혈을 일으킬 수 있습니다.

이 약 복용 시 치명적일 수 있는 중대한 심혈관계 혈전 반응, 심근경색증 및 뇌졸중의 위험이 증가하며, 위장관 출혈, 궤양 및 천공 등 심각한 위장관계 이상반응이 나타날 수 있습니다.
","다른 비스테로이드성 소염진통제, 나프록센 유도체, 고용량의 메토트렉세이트와 함께 복용하지 마십시오.

히단토인계 항뇌전증약, 설파제, 설포닐요소계 혈당강하제, 프로프라놀롤 및 다른 -차단제, ACE억제제(캅토프릴 등), 루프계 이뇨제 및 티아지드계 이뇨제, 프로베네시드, 아스피린, 리튬, 저용량의 메토트렉세이트, 쿠마린계 혈액응고저지제(와파린 등), 지도부딘, 뉴퀴놀론계 항생물질(에녹사신 등)과 함께 복용 시 의사 또는 약사와 상의하십시오.
","드물게 쇽 증상(호흡곤란, 혈압강하, 느린 맥, 식은땀, 부기), PIE증후군(호산구증가를 수반하는 폐침윤: 발열, 숨을 쌕쌕거림, 기침, 가래를 동반함), 두드러기, 때때로 발진, 가려움 등의 과민증상, 혈액구토, 위장출혈, 소화성궤양, 뚫림, 무과립구증, 호산구증가, 백혈구감소, 혈소판감소, 재생불량성빈혈, 적혈구파괴성빈혈, 혈소판기능저하(출혈시간의 연장), 무균성 수막염(심한 두통, 구역, 구토, 불면, 목이 뻣뻣함, 발열 또는 의식장애 등), 습진, 땀이 남, 자주색 반점, 광과민증, 탈모, 발적(충혈되어 붉어짐), 괴사성용해, 여러 모양의 붉은 반점, 피부점막안증후군(스티븐스-존슨증후군), 두드러기, 표피 수포증, 호산구 증가 및 전신 증상 동반 약물 반응, 고정약물발진, 독성 표피괴사 등이 나타나는 경우 복용을 즉각 중지하고 의사 또는 약사와 상의하십시오.

때때로 위부불쾌감, 위통, 복통, 구역, 구토, 식욕부진, 소화불량, 가슴쓰림, 설사, 변비, 입안염, 드물게 복부팽만감, 흑변, 구갈, GOT, GPT 수치의 상승, 황달, 간염, 신장애, 사구체 신염, 혈뇨, 고칼륨 혈증, 간질성 신염, 신증후군, 콩팥 유두괴사, 단백질이 섞인 오줌, 신부전, 때때로 졸음, 인식기능장애, 드물게 어지러움, 두통, 수족저림, 정력감퇴, 피로, 우울, 비정상적인 꿈, 집중능력 상실, 방향감각장애, 불면, 근육통, 근쇠약, 귀울림, 청각장애, 시각장애, 부기, 호흡곤란, 두근거림, 근육무력증, 울혈성심부전, 호산구성 폐렴, 아나필락시양 반응, 월경장애, 오한(춥고 떨리는 증상)과 발열, 혈관염, 고혈당, 저혈당 등이 나타날 수 있습니다.
","실온에서 보관하십시오.

어린이의 손이 닿지 않는 곳에 보관하십시오.
"
8 806436 016736,탁센나프록센 30캡,"5,200",6436016736,6436,0167,8806436016736,8806436016736,64360167,OK,200710782,OK,"이 약은 류마티양 관절염, 골관절염(퇴행성 관절질환), 강직성 척추염, 건염(힘줄염), 급성통풍, 월경곤란증과 활액(윤활)낭염, 골격근장애(염좌(삠), 좌상(타박상), 외상(상처), 요천통(허리통증), 수술 후 동통(통증), 편두통, 발치(이를 뽑음)후 동통(통증)에 사용합니다.
","류마티양 관절염, 골관절염, 강직성 척추염에 성인은 1회 1~2캡슐(250~500 mg)씩, 1일 2회 12시간마다 복용합니다.

급성통풍에 성인은 처음 복용량으로 3캡슐(750 mg)을 복용하고 발작이 없어질 때까지 8시간 간격으로 1캡슐(250 mg)씩 복용합니다.

골격근장애, 수술후 동통(통증), 발치(이를 뽑음)후 동통(통증), 월경곤란증, 건염(힘줄염), 활액(윤활)낭염에 성인은 처음 복용량으로 2캡슐(500 mg)을 복용하고 6~8시간 간격으로 1캡슐(250 mg)씩 복용합니다.

편두통에 성인은 처음 복용량으로 3캡슐(750 mg)을 복용합니다. 필요 시, 1일 1~2캡슐(250~500 mg)을 더 복용할 수 있으며 처음 복용량의 복용 30분 후에 복용합니다.

1일 총용량이 5캡슐(1,250 mg)을 초과하지 않도록 합니다.

연령, 증상에 따라 적절히 증감할 수 있습니다.
","매일 세 잔 이상 정기적 음주자가 이 약 또는 다른 해열진통제를 복용할 때는 의사 또는 약사와 상의하십시오. 위장출혈을 일으킬 수 있습니다.

이 약 복용 시 치명적일 수 있는 중대한 심혈관계 혈전 반응, 심근경색증 및 뇌졸중의 위험이 증가하며, 위장관 출혈, 궤양 및 천공 등 심각한 위장관계 이상반응이 나타날 수 있습니다.
","다른 비스테로이드성 소염진통제, 나프록센 유도체, 고용량의 메토트렉세이트와 함께 복용하지 마십시오.

히단토인계 항뇌전증약, 설파제, 설포닐요소계 혈당강하제, 프로프라놀롤 및 다른 -차단제, ACE억제제(캅토프릴 등), 루프계 이뇨제 및 티아지드계 이뇨제, 프로베네시드, 아스피린, 리튬, 저용량의 메토트렉세이트, 쿠마린계 혈액응고저지제(와파린 등), 지도부딘, 뉴퀴놀론계 항생물질(에녹사신 등)과 함께 복용 시 의사 또는 약사와 상의하십시오.
","드물게 쇽 증상(호흡곤란, 혈압강하, 느린 맥, 식은땀, 부기), PIE증후군(호산구증가를 수반하는 폐침윤: 발열, 숨을 쌕쌕거림, 기침, 가래를 동반함), 두드러기, 때때로 발진, 가려움 등의 과민증상, 혈액구토, 위장출혈, 소화성궤양, 뚫림, 무과립구증, 호산구증가, 백혈구감소, 혈소판감소, 재생불량성빈혈, 적혈구파괴성빈혈, 혈소판기능저하(출혈시간의 연장), 무균성 수막염(심한 두통, 구역, 구토, 불면, 목이 뻣뻣함, 발열 또는 의식장애 등), 습진, 땀이 남, 자주색 반점, 광과민증, 탈모, 발적(충혈되어 붉어짐), 괴사성용해, 여러 모양의 붉은 반점, 피부점막안증후군(스티븐스-존슨증후군), 두드러기, 표피 수포증, 호산구 증가 및 전신 증상 동반 약물 반응, 고정약물발진, 독성 표피괴사 등이 나타나는 경우 복용을 즉각 중지하고 의사 또는 약사와 상의하십시오.

때때로 위부불쾌감, 위통, 복통, 구역, 구토, 식욕부진, 소화불량, 가슴쓰림, 설사, 변비, 입안염, 드물게 복부팽만감, 흑변, 구갈, GOT, GPT 수치의 상승, 황달, 간염, 신장애, 사구체 신염, 혈뇨, 고칼륨 혈증, 간질성 신염, 신증후군, 콩팥 유두괴사, 단백질이 섞인 오줌, 신부전, 때때로 졸음, 인식기능장애, 드물게 어지러움, 두통, 수족저림, 정력감퇴, 피로, 우울, 비정상적인 꿈, 집중능력 상실, 방향감각장애, 불면, 근육통, 근쇠약, 귀울림, 청각장애, 시각장애, 부기, 호흡곤란, 두근거림, 근육무력증, 울혈성심부전, 호산구성 폐렴, 아나필락시양 반응, 월경장애, 오한(춥고 떨리는 증상)과 발열, 혈관염, 고혈당, 저혈당 등이 나타날 수 있습니다.
","실온에서 보관하십시오.

어린이의 손이 닿지 않는 곳에 보관하십시오.
"
8 806436 017214,페리덱스(6g),"3,000",6436017214,6436,0172,8806436017214,8806436017214,64360172,OK,198902460,OK,이 약은 미란(짓무름) 또는 궤양을 수반하는 난치성 구내염(입안염) 및 설염(혀염)에 의한 염증의 완화에 사용합니다.,"1일 1~수회 환부(질환 부위)에 적당량을 바릅니다.연령(나이), 증상에 따라 적절히 증감할 수 있습니다.",,,"구강(입안)의 진균(곰팡이)성 및 세균성 감염증, 과민증상, 빈도불명의 시야흐림, 시력장애 등이 나타나는 경우 사용을 즉각 중지하고 의사 또는 약사와 상의하십시오.",빛을 피해 실온에서 보관하십시오.
8 806436 033115,제놀한방(5매),"2,500",6436033115,6436,0331,8806436033115,8806436033115,64360331,OK,200713744,OK,"이 약은 삠, 타박상, 근육통, 관절통, 골절통, 요(허리)통, 어깨결림, 동창(언 상처)의 진통ㆍ소염(항염)에 사용합니다.
","성인은 1일 1~2회 약면의 비닐을 떼어버리고 나서 환부(질환 부위)에 붙입니다.
",,,"발진ㆍ발적(충혈되어 붉어짐), 가려움, 부종 등이 나타나는 경우 사용을 즉각 중지하고 의사 또는 약사와 상의하십시오.
","습기와 빛을 피해 서늘한 곳에 보관하십시오.

어린이의 손이 닿지 않는 곳에 보관하십시오.
"
8 806436 036413,쿨드림(10c),"2,000",6436036413,6436,0364,8806436036413,8806436036413,64360364,OK,200903737,OK,"이 약은 일시적 불면증의 완화에 사용합니다.
","성인은 1회 1캡슐(50 mg)씩, 1일 1회 취침 전에 복용합니다.

개인에 따라 1캡슐(50 mg) 복용 시 과도한 진정작용이 나타날 경우 ½캡슐(25 mg)을 취침 전에 복용합니다.
",,"이 약과 동일한 성분을 함유한 다른 제제, 다른 최면진정제, MAO억제제, 감기약, 해열진통제, 진해거담제, 항히스타민제를 함유하고 있는 내복약(비염용 내복약, 멀미약, 알러지용약)과 함께 복용하지 마십시오.

복용 중에는 음주하지 마십시오.
","발진, 발적, 가려움, 구갈, 위통, 오심ㆍ구토, 식욕부진, 설사, 어지러움, 두통, 기상시의 두중감, 활동중의 졸음, 불쾌감, 신경과민, 일시적인 의식장해(주의력의 저하, 잠이 덜깨는 증상, 판단력의 저하, 말ㆍ행동의 이상 등), 두근거림, 권태감, 배뇨곤란, 시야혼란, 폐쇄각 녹내장 등이 나타나는 경우 복용을 즉각 중지하고 의사 또는 약사와 상의하십시오.
","실온에서 보관하십시오.

어린이의 손이 닿지 않는 곳에 보관하십시오.
"
8 806436 044814,알러샷(10c),"2,500",6436044814,6436,0448,8806436044814,8806436044814,64360448,OK,200906254,OK,"이 약은 계절성 및 다년성 알레르기성 비염(코염), 알레르기성 결막염, 만성 특발성(원인 불명의) 두드러기, 피부 소양증(가려움증)에 사용합니다.
","성인 및 6세 이상의 소아는 1회 1캡슐(10mg)씩, 1일 1회 취침 전에 복용하고, 이상반응에 민감한 환자의 경우는 1/2캡슐(5 mg)씩을 아침, 저녁에 분할 복용합니다.

연령, 증상에 따라 적절히 증감할 수 있습니다.

신장애 환자의 복용 간격은 환자의 신기능에 따라 조절되어야 하고, 신장애를 가진 소아 환자는 환자의 신 청소율과 체중을 고려하여 개별적으로 용량을 조절해야 하므로 자세한 사항은 허가사항을 참고하십시오.
",,"테오필린, 리토나비르, 과량의 알코올과 함께 복용하지 마십시오.
","졸음, 두통, 때때로 권태감, 마비감, 무력증, 초조, 감각이상, 드물게 가볍고 일시적인 나른함, 피로, 어지러움, 머리무거움, 흥분, 경련, 운동이상, 근육긴장이상, 실신, 떨림, 공격성, 혼돈, 우울, 환각, 불면증, 틱 장애, 기억상실, 기억장애, 자살관념, 악몽, 때때로 목마름, 입술건조감, 구역, 식욕부진, 위부불쾌감, 소화불량, 복통, 위통, 복부불쾌감, 설사, 드물게 구토, 위장장애, 입술염, 미각이상, 식욕증진, 드물게 빠른맥, 부정맥, 혈압상승, 때때로 두근거림, 혈관염, 때때로 백혈구 감소, 호중구 감소, 림프구 증가, 호산구 증가, 드물게 단구 증가, 혈소판 증가, 드물게 혈소판 감소, 광과민증, 드물게 과민성 쇼크, 때때로 부기, 가려움, 발진, 드물게 두드러기, 혈관신경성부종, 고정약물발진, 급성전신발진고름물집증, 드물게 흐린 시력, 결막충혈, 안조절 장애, 전후축의 안구운동, 현기증, 간기능 장애(때때로 AST, ALT, ALP, 총빌리루빈, -GTP, LDH의 상승), 황달, 때때로 BUN 상승, 당뇨, 피섞인 소변, 드물게 배뇨 곤란, 야뇨증, 소변고임, 관절통, 인두염, 기침, 코피, 기관지경련, 청력이상, 시각이상, 때때로 가슴통증, 드물게 월경불순, 귀울림, 비염, 체중 증가가 나타나는 경우 복용을 즉각 중지하고 의사 또는 약사와 상의하십시오.

이 약 투여 중단 후 가려움증, 두드러기가 나타날 수 있습니다.
","실온에서 보관하십시오.

어린이의 손이 닿지 않는 곳에 보관하십시오.
"
8 806436 050211,디어미(21t),"6,000",6436050211,6436,0502,8806436050211,8806436050211,64360502,OK,201401236,OK,"1일 1정씩 21일간 표시된 순서에 따라 복용하고, 7일간 휴약합니다.

복용시간은 가능하면 매일 같은 시간에 복용하는 것이 바람직합니다.

7일의 휴약기간 동안 월경이 나타나며 대개 정제의 마지막 복용 후 2~3일 내에 시작됩니다.

이 약을 계속 복용할 경우 7일간 휴약 후 새 포장의 정제로 복용을 시작하며 새로운 포장을 시작하기 전에 월경이 끝나지 않을 수도 있습니다.

기타 자세한 사항은 허가사항 상세정보를 참고하십시오.
","1일 1정씩 21일간 표시된 순서에 따라 복용하고, 7일간 휴약합니다.

복용시간은 가능하면 매일 같은 시간에 복용하는 것이 바람직합니다.

7일의 휴약기간 동안 월경이 나타나며 대개 정제의 마지막 복용 후 2~3일 내에 시작됩니다.

이 약을 계속 복용할 경우 7일간 휴약 후 새 포장의 정제로 복용을 시작하며 새로운 포장을 시작하기 전에 월경이 끝나지 않을 수도 있습니다.

자세한 사항은 허가사항 상세정보를 참고하십시오.
","혈전증과 같은 심각한 심혈관계 위험이 증가할 수 있어 경구피임제를 복용하는 여성은 흡연을 삼갑니다. 35세 이상 흡연자는 이 약을 복용하지 마십시오.
","C형 간염 직접 작용 항바이러스제, 페니토인, 바르비탈류, 프리미돈, 카르바마제핀, 리팜피신, 루피나미드, 아프레피탄트, 보센탄, 에파비렌즈, 옥스카르바제핀, 토피라메이트, 펠바메이트, 그리세오풀빈과 세인트존스풀, 고지혈증약물, 항생제와 함께 복용하지 마십시오.

자몽주스와 함께 복용하지 마십시오.

기타 자세한 사항은 허가사항 상세정보를 참고하십시오.
","동맥혈전색전증, 정맥혈전색전증, 뇌혈관사고, 혈관폐쇄, 심근경색의 증상이 나타나는 경우 복용을 즉각 중지하고 의사 또는 약사와 상의하십시오.

비뇨생식기계 증상(월경외출혈, 월경량 변화 및 무월경 등), 유방 증상(유방긴장감 및 확대, 유루증, 유방통 등), 소화기계 증상(구역, 구토, 복부팽만감, 간장애 등), 중추신경계 증상(두통, 편두통, 우울증, 어지러움 등), 피부 증상(기미, 여드름, 다형성 홍반 등), 눈 증상(시각장애, 각막굴절변화 등), 청각장애, 대사 증상(나트륨 및 체액저류 등), 체중변화, 식욕변화 등이 나타날 수 있습니다.

기타 자세한 사항은 허가사항 상세정보를 참고하십시오.
","실온에서 보관하십시오.

어린이의 손이 닿지 않는 곳에 보관하십시오.
"
8 806436 051911,탁센이부프로펜400(10c),"2,000",6436051911,6436,0519,8806436051911,8806436051911,64360519,OK,201602703,OK,"이 약은 감기로 인한 발열 및 동통(통증), 요(허리)통, 생리통, 류마티양 관절염, 연소성(어리거나 젊은 나이에 나타나는) 류마티양 관절염, 골(뼈)관절염(퇴행성 관절질환), 수술후 동통(통증)과 두통, 편두통, 치통, 근육통, 신경통, 강직성 척추염, 급성통풍, 건선(마른비늘증)성 관절염, 연조직손상(염좌(삠), 좌상(타박상)), 비관절 류마티스질환(건염(힘줄염), 건초염(힘줄윤활막염), 활액(윤활)낭염)에 사용합니다.
","류마티양 관절염, 골관절염, 강직성 척추염, 연조직손상, 비관절 류마티스질환, 급성통풍, 건선성 관절염에 성인은 1회 1/2 캡슐~1.5캡슐(200~600 mg), 1일 3~4회 복용하며 1일 최고 8캡슐(3,200 mg)까지 복용할 수 있습니다. 

연소성 류마티양 관절염에는 1일 체중 kg당 30~40 mg을 3~4회 분할하여 복용하며, 경증 및 중등도의 동통이나 감기에는 성인 1회 1/2캡슐~1캡슐(200~400 mg), 1일 3~4회 복용합니다.

편두통에 성인은 1회 1/2~1캡슐(200~400 mg)을 복용하고 24시간 동안 1캡슐(400 mg)을 초과하지 않도록 합니다.

연령, 증상에 따라 적절히 증감하십시오.
","매일 세 잔 이상 정기적 음주자가 이 약 또는 다른 해열진통제를 복용할  때는 의사 또는 약사와 상의하십시오. 위장출혈을 일으킬 수 있습니다.

이 약 복용시 치명적일 수 있는 중대한 심혈관계 혈전 반응, 심근경색증, 뇌졸중의 위험이 증가하며, 위장관 출혈, 궤양 및 천공 등 심각한 위장관계 이상반응이 나타날 수 있습니다.
","다른 비스테로이드성 소염진통제, 고용량의 메토트렉세이트와 함께 복용하지 마십시오.

저용량 아스피린, ACE 저해제, 리튬, 푸로세미드 및 티아지드계 이뇨제, 저용량의 메토트렉세이트, 쿠마린계 항응혈제(와파린 등), 선택적 세로토닌 재흡수억제제와 함께 복용 시 의사 또는 약사와 상의하십시오.
","쇽 증상(가슴쓰림, 오한, 호흡곤란, 혈압저하), 헤마토크릿 감소, 헤모글로빈 감소, 빈혈, 재생불량성빈혈, 용혈성빈혈, 무과립구증, 과립구감소, 백혈구감소, 혈소판감소, 혈소판기능저하(출혈시간 연장), 호산구증가 등의 혈액장애, 소화성궤양, 위장관궤양, 위장출혈, 천공(뚫림), 궤양성 대장염, 혈변, 위염, 췌장염, 혈액구토, 크론병, 식욕부진, 구역, 구토, 복통, 소화불량, 설사, 위부불쾌감, 상복부 통증, 구갈, 구내염, 복부팽만감, 구강궤양, 변비, 흑변, 피부점막안증후군(스티븐스-존슨증후군), 독성표피괴사용해(리엘증후군), 광민감 반응, 빈도불명의 호산구 증가 및 전신 증후군을 동반한 약물 발진(DRESS 증후군), 혈관신경성 부종, 수포성피부염, 다형성 홍반, 반구진 발진, 피부 붉어짐, 물집, 발진, 탈락피부염, 급성전신발진고름물집증, 간염, 황달, GOT, GPT, ALP의 상승 등과 같은 간기능이상, 간장애, 과민증 또는 아나필락시스 반응, 천식발작, 두드러기, 습진, 자반(자주색반점), 가려움증, 천식, 기관지수축, 호흡곤란 또는 쌕쌕거림, 시야불능부위 등 시각장애, 난청(귀먹음), 귀울림, 미각이상, 현기증, 졸음, 어지러움, 우울, 두통, 뇌혈관 사고 또는 신경질, 무균성 수막염 또는 수막염(심한 두통, 구역, 구토, 불면, 목이 뻣뻣함, 발열 또는 의식장애 등의 증상), 혈압상승, 심계항진(두근거림), 심부전, 심근경색증 또는 협심증, 급성신부전, 핍뇨(소변감소), 혈뇨, 요단백, BUN, 혈중크레아티닌의 상승, 고칼륨혈증, 간질성 콩팥염, 콩팥염증후군, 콩팥유두괴사, 요량 감소, 전신부종 및 이에 수반하는 숨가쁨, 나른함, 눈주변 부기, 얼굴부기, 권태감, 발열, 코피, 말초부종 등이 나타나는 경우 복용을 즉각 중지하고 의사 또는 약사와 상의하십시오.
","실온에서 보관하십시오.

어린이의 손이 닿지 않는 곳에 보관하십시오.
"
8 806436 056022,백초(10포),"5,500",6436056022,6436,0560,8806436056022,8806436056022,64360560,OK,200502778,NO_ITEM,,,,,,
8 806436 058613,탁센덱시(10c),"2,500",6436058613,6436,0586,8806436058613,8806436058613,64360586,OK,202001495,OK,"이 약은 만성 다발성 관절염, 류마티스관절염, 관절증, 강직척추염, 외상 및 수술 후 통증성 부종 또는 염증, 감염증(염증, 통증 및 발열을 수반)의 치료보조에 사용합니다.
","성인은 1회 300 mg을 1일 2～4회 경구투여하십시오. 단, 1일 1,200 mg을 초과하지 마십시오.
","매일 세잔 이상 정기적 음주자가 이 약 또는 다른 해열진통제를 복용할 때는 의사 또는 약사와 상의하십시오. 위장출혈을 일으킬 수 있습니다.
이 약 복용 시 치명적일 수 있는 중대한 심혈관계 혈전 반응, 심근경색증, 뇌졸중의 위험이 증가하며, 위장관 출혈, 궤양 및 천공 등 심각한 위장관계 이상반응이 나타날 수 있습니다.
","아스피린, 다른 비스테로이드성 소염진통제와 함께 사용하지 마십시오.
항응고제, 코르티코스테로이드, 알코올, 디곡신, 페니토인, 프로베네시드, 설핀피라존, 설포닐우레아제, ACE 억제제 또는 안지오텐신Ⅱ 수용체 길항제, 이뇨제, 리튬, 쿠마린계 항응고제(와르파린 등), 바클로펜, 면역억제제(시클로스포린, 타크로리무스, 시롤리무스), 혈전용해제, 티클로피딘, 항혈전제, 혈중 칼륨농도를 증가시키는 약물(칼륨 저류형 이뇨제, ACE 억제제, 안지오텐신-Ⅱ 수용체 길항제, 시클로스포린과 타크로리무스와 같은 면역억제제, 트리메토프림, 헤파린 등), CYP2C8, CYP2C9의 유도제(리팜피신, 페노바르비탈), 저용량(15 mg/주 미만)의 메토트렉세이트, 항혈소판제 및 선택적 세로토닌 재흡수 억제제(SSRI)와 함께 사용 시 의사 또는 약사와 상담하십시오.
","드물게 쇽(흉부불쾌감, 오한, 호흡곤란, 혈압저하 등), 재생불량성빈혈, 용혈성(적혈구 파괴성)빈혈, 과립백혈구감소, 백혈구감소, 무과립증, 범혈구감소, 혈소판감소, 혈소판기능저하(출혈시간 연장), 호산구중다 등의 혈액장애, 소화불량, 복부팽만, 속쓰림, 상복부의 통증, 설사나 변비, 때때로 식욕부진, 구역, 구토, 복통, 위부불쾌감이나 드물게 식도염, 식도협착, 게실악화, 비특이성 출혈성 대장염, 궤양성 대장염 또는 크론병, 소화성궤양 위장출혈, 천공, 혈변, 위염, 췌장염 매우 드물게 구갈, 구내염, 다형홍반, 전신홍반루프스(SLE), 탈모, 때때로 혈관부종, 드물게 피부점막안증후군(스티븐스-존슨증후군) 및 독성표피괴사용해(리엘증후군), 빈도불명의 호산구 증가 및 전신 증후군을 동반한 약물 발진(DRESS 증후군), 급성전신발진고름물집증, 발진, 두드러기, 가려움, 자색반, 드물게 천식발작의 유발, 습진, 아나필락시스 반응, 광민감반응, 황달, ALT 상승, AST 상승, ALP 상승, 간기능 이상, 간염 등, 비염, 기관지경련, 드물게 심부전 환자의 경우에 급성 폐렴의 위험, 드물게 무시, 암침 등의 시각장애, 난청, 이명, 미각이상 등, 피로, 졸음, 두통, 어지러움, 때때로 불안, 안절부절, 착란, 우울증, 드물게 무균성 수막염, 심한 두통, 구역, 구토, 불면, 목이 뻣뻣함, 발열 또는 의식장애, 혈압저하, 혈압상승, 심계항진 등, 급성신부전, 핍뇨, 혈뇨 등의 증상 및 요단백, BUN, 혈중 크레아티닌의 상승, 고칼륨혈증, 요량감소, 전신부종 및 이에 수반한 숨가쁨, 나른함, 드물게 신장유두괴사, 신증후군, 간질신장염, 말초부종, 급성 폐부종, 여성의 생식능력 감소, 때때로 안와주위부종, 또한 매우 드물게 권태감, 발열, 코피, 염증악화 등이 나타나는 경우 즉각 복용을 중지하고 의사 또는 약사와 상담하십시오.
","빛을 피해 실온에서 보관하십시오.

어린이의 손이 닿지 않는 곳에 보관하십시오.
"
8 806436 058811,디어미순(28t),"8,000",6436058811,6436,0588,8806436058811,8806436058811,64360588,OK,202001726,OK,"이 약은 피임에 사용합니다.
","1일 1정씩 28일간 표시된 순서에 따라 복용(24일동안은 노란색 정제(활성약), 이후 4일 동안은 흰색 정제(위약))합니다. 

복용시간은 가능하면 매일 같은 시간에 복용하는 것이 바람직합니다.

자세한 사항은 허가사항 상세정보를 참고하십시오.
","흡연은 경구피임제로 인한 중증의 심혈관계 이상반응의 위험성을 증대시키며 이 위험성은 나이와 흡연량(1일 15개 이상)에 따라 증가되고, 특히 35세 이상의 여성에게 현저하게 나타나므로 경구피임제를 복용하는 여성은 흡연을 삼가십시오.
","간 마이크로좀 효소를 유도하는 약물, 바르비탈류, 항전간제, 리파부틴, 리팜피신, 항생물질, 루피나미드, 아프레피탄트, 보센탄, 에파비렌즈 등이 있으며, 옥스카르바제핀, 토피라메이트, 펠바메이트, 단백분해효소 저해제, 약용탄, 완하제, 세인트존스워트, 항생제, 경구피임제, 리토나비르, 세인트존스풀, 모다피닐, 플루나리진, HIV 프로테아제 저해제, 에스트로겐/프로게스토겐 복합제, 담즙산 제거제와 함께 복용하지 마십시오.
","혈전성 정맥염, 혈전증 및 동맥성 혈전색전증, 뇌졸중, 뇌출혈, 뇌혈전증, 심근경색, 폐색전증, 혈압상승, 고혈압, 정맥류 악화, 일시적 허혈 발작, 월경외출혈, 월경량 변화 및 무월경, 질분비물변화, 자궁근종 크기의 증가, 자궁경부미란, 질칸디다증, 질염, 월경전증후군, 용혈성 요독증후군, 월경곤란, 자궁경부암, 유방긴장감 및 확대, 유루증, 양성유선병증, 구역, 구토, 복부 팽만감, 복부 경련, 위장장애, 담즙 분비, 무황달성 간염, 담즙울체성 황달, 악성 및 양성 간종양, 간기능장애, 포르피린증의 악화, 만성 염증성 장질환, 궤양대장염, 복통, 췌장염, 간세포성 종양, 담석증을 포함한 담낭 질환, 허혈성 대장염, 간세포성 손상, 우울증, 어지러움, 신경과민, 시덴함 무도병의 악화, 뇌전증, 지각능력감소, 허탈, 조절장애, 기분변화, 성욕변화, 기미 및 기미의 지속, 여드름, 다형성 홍반, 결절성 홍반, 전신성 홍반성 루푸스의 악화, 출혈성, 알레르기성 발진, 부종, 가려움, 지루, 조모증, 탈모, 다모, 임신포진, 시각장애, 각막굴절변화, 망막혈전증, 시신경염, 이경화증 관련 청각장애, 나트륨 및 체액저류, 내당력 변화, 말초 인슐린저항성에 대한 영향, 당뇨병, 고트리글리세리드혈증, 고콜레스테롤혈증, 식욕변화, 언어장애 등이 나타날 경우 복용을 즉각 중지하고 의사 또는 약사와 상의하십시오.

기타 자세한 사항은 허가사항 상세정보를 확인하십시오.
","실온에서 보관하십시오.

어린이의 손이 닿지 않는 곳에 보관하십시오.
"
8 806436 062719,탁센레이디(10c),"2,000",6436062719,6436,0627,8806436062719,8806436062719,64360627,OK,202107327,OK,"이 약은 두통, 치통, 발치후 동통(통증), 인후(목구멍)통, 귀의 통증, 관절통, 신경통, 요통, 근육통, 견통(어깨결림), 타박통, 골절통, 염좌통(삠통증), 월경통(생리통), 외상통의 진통, 오한(춥고 떨리는 증상), 발열시의 해열에 사용합니다.
","만 15세 이상 및 성인은 1회 1~2캡슐씩, 1일 1~3회, 만 8세 이상 ~ 만 15세 미만은 1회 1캡슐씩, 1일 1~3회 공복(빈 속)시를 피하여 복용합니다.

복용간격은 4시간 이상으로 합니다.
","매일 세 잔 이상 정기적 음주자가 이 약 또는 다른 해열진통제를 복용할  때는 의사 또는 약사와 상의하십시오. 위장출혈을 일으킬 수 있습니다.

조절되지 않는 고혈압, 울혈심부전증, 확립된 허혈성 심장질환, 말초동맥질환, 뇌혈관질환을 가진 환자는 고용량 이부프로펜(1일 2,400 mg) 복용을 피해야 하며, 심혈관계 위험 요소(고혈압, 고지혈증, 당뇨병, 흡연 등)를 가지고 있는 환자는 고용량 이부프로펜(1일 2,400 mg) 복용이 필요한 경우 이 약을 복용하기 전에 의사 또는 약사와 상의하십시오.
","다른 해열진통제, 감기약, 진정제와 함께 복용하지 마십시오.
","발진·발적(충혈되어 붉어짐), 가려움, 구역·구토, 식욕부진, 변비, 위통, 소화관출혈, 위부불쾌감, 어지러움, 부종(부기), 드물게 아나필락시쇽(과민성쇼크 : 복용후 바로 두드러기, 부종, 가슴답답함 등과 함께 안색이 창백하고, 손발이 차고, 식은땀, 숨쉬기 곤란함), 피부점막안증후군(스티븐스-존슨증후군), 독성표피괴사용해(리엘증후군 : 고열을 동반하고, 발진·발적(충혈되어 붉어짐), 화상과 같이 물집이 생기는 등의 심한 증상), 천식, 매우 드물게 다형성 홍반, 탈락 피부염, 빈도불명의 광민감 반응, 호산구 증가 및 전신 증후군을 동반한 약물 반응(DRESS 증후군), 급성전신발진고름물집증이 나타날 경우 복용을 즉각 중지하고 의사 또는 약사와 상의하십시오.
","습기와 빛을 피해 실온에서 보관하십시오.

어린이의 손이 닿지 않는 곳에 보관하십시오.
"
8 806436 062726,탁센레이디 30캡,"5,500",6436062726,6436,0627,8806436062726,8806436062726,64360627,OK,202107327,OK,"이 약은 두통, 치통, 발치후 동통(통증), 인후(목구멍)통, 귀의 통증, 관절통, 신경통, 요통, 근육통, 견통(어깨결림), 타박통, 골절통, 염좌통(삠통증), 월경통(생리통), 외상통의 진통, 오한(춥고 떨리는 증상), 발열시의 해열에 사용합니다.
","만 15세 이상 및 성인은 1회 1~2캡슐씩, 1일 1~3회, 만 8세 이상 ~ 만 15세 미만은 1회 1캡슐씩, 1일 1~3회 공복(빈 속)시를 피하여 복용합니다.

복용간격은 4시간 이상으로 합니다.
","매일 세 잔 이상 정기적 음주자가 이 약 또는 다른 해열진통제를 복용할  때는 의사 또는 약사와 상의하십시오. 위장출혈을 일으킬 수 있습니다.

조절되지 않는 고혈압, 울혈심부전증, 확립된 허혈성 심장질환, 말초동맥질환, 뇌혈관질환을 가진 환자는 고용량 이부프로펜(1일 2,400 mg) 복용을 피해야 하며, 심혈관계 위험 요소(고혈압, 고지혈증, 당뇨병, 흡연 등)를 가지고 있는 환자는 고용량 이부프로펜(1일 2,400 mg) 복용이 필요한 경우 이 약을 복용하기 전에 의사 또는 약사와 상의하십시오.
","다른 해열진통제, 감기약, 진정제와 함께 복용하지 마십시오.
","발진·발적(충혈되어 붉어짐), 가려움, 구역·구토, 식욕부진, 변비, 위통, 소화관출혈, 위부불쾌감, 어지러움, 부종(부기), 드물게 아나필락시쇽(과민성쇼크 : 복용후 바로 두드러기, 부종, 가슴답답함 등과 함께 안색이 창백하고, 손발이 차고, 식은땀, 숨쉬기 곤란함), 피부점막안증후군(스티븐스-존슨증후군), 독성표피괴사용해(리엘증후군 : 고열을 동반하고, 발진·발적(충혈되어 붉어짐), 화상과 같이 물집이 생기는 등의 심한 증상), 천식, 매우 드물게 다형성 홍반, 탈락 피부염, 빈도불명의 광민감 반응, 호산구 증가 및 전신 증후군을 동반한 약물 반응(DRESS 증후군), 급성전신발진고름물집증이 나타날 경우 복용을 즉각 중지하고 의사 또는 약사와 상의하십시오.
","습기와 빛을 피해 실온에서 보관하십시오.

어린이의 손이 닿지 않는 곳에 보관하십시오.
"
8 806436 067219,그린노즈플러스(10c),"2,500",6436067219,6436,0672,8806436067219,8806436067219,64360672,OK,202401758,NO_ITEM,,,,,,
8 806503 037619,써버쿨플라스타30매,"4,500",6503037619,6503,0376,8806503037619,8806503037619,65030376,OK,201801542,OK,"이 약은 벌레물린데, 가려움, 동창(언 상처)에 사용합니다.","1일 1~ 수회(여러 차례), 1회 1매씩 환부(질환부위)에 붙입니다.",,,"이 약의 사용으로 인해 발진·발적, 종창, 가려움, 통증, 부종 등의 증상이 나타나는 경우 사용을 즉각 중지하고 의사 또는 약사와 상의하십시오.",습기와 빛을 피해 실온에서 보관하십시오.어린이의 손이 닿지 않는 곳에 보관하십시오.
8 807007 353670,모스케어(80ml),"8,000",7007353670,7007,3536,8807007353670,8807007353670,70073536,OK,,NO_ITEMSEQ,,,,,,
809626921582 ,링티 플러스활력 117g,"16,000",,,,809626921582,,,NO_880,,NO_ITEMSEQ,,,,,,
809708798668 ,(신)내가그린빠른허브헤어칼라1호(튜브),"9,000",,,,809708798668,,,NO_880,,NO_ITEMSEQ,,,,,,
809708798675 ,(신)내가그린빠른허브헤어칼라2호(튜브),"9,000",,,,809708798675,,,NO_880,,NO_ITEMSEQ,,,,,,
812441 039743,인사포르테,"50,000",,,,812441039743,,,NO_880,,NO_ITEMSEQ,,,,,,
812441038524 ,슈퍼프로바이오틱스5000프로 120C,"50,000",,,,812441038524,,,NO_880,,NO_ITEMSEQ,,,,,,
812441039743 ,인사 포르테 파워정 120T(60T x 2EA),"50,000",,,,812441039743,,,NO_880,,NO_ITEMSEQ,,,,,,
8260090 010989,스페셜 알티지 오메가,"80,000",,,,8260090010989,,,NO_880,,NO_ITEMSEQ,,,,,,
840531400104 ,관절연골맥스 콘드로이친 1500,"80,000",,,,840531400104,,,NO_880,,NO_ITEMSEQ,,,,,,
850013 484607,디플러스오메가 180c,"40,000",,,,850013484607,,,NO_880,,NO_ITEMSEQ,,,,,,
850013484591 ,프리미엄 디플러스 오메가3 1310 180C,"35,000",,,,850013484591,,,NO_880,,NO_ITEMSEQ,,,,,,
850013484607 ,프리미엄디플러스오메가3 1310 180캡슐x2,"70,000",,,,850013484607,,,NO_880,,NO_ITEMSEQ,,,,,,
8713184098283 ,옵티뮨 2mg 3.5g,"36,000",,,,8713184098283,,,NO_880,,NO_ITEMSEQ,,,,,,
873101 ,부스코판 플러스,"3,300",,,,873101,,,NO_880,,NO_ITEMSEQ,,,,,,
8800021300286 ,이케어 클린스왑 100P,"2,800",0021300286,0021,3002,8800021300286,8800021300286,00213002,OK,,NO_ITEMSEQ,,,,,,
8800040100171 ,코코퓨어 코세정분말 60P,"5,000",0040100171,0040,1001,8800040100171,8800040100171,00401001,OK,,NO_ITEMSEQ,,,,,,
8800048007533 ,하이맘폼 액티브케어 중형(4 x 8cm) 5매,"9,500",0048007533,0048,0075,8800048007533,8800048007533,00480075,OK,,NO_ITEMSEQ,,,,,,
8800048007557 ,하이맘폼 액티브케어 소형(3.4 x 6cm) 6매,"9,500",0048007557,0048,0075,8800048007557,8800048007557,00480075,OK,,NO_ITEMSEQ,,,,,,
8800048012858 ,하이맘 폼 에이프리,"9,000",0048012858,0048,0128,8800048012858,8800048012858,00480128,OK,,NO_ITEMSEQ,,,,,,
8800048013060 ,하이맘폼 액티브케어 대형(7.5 x 7.5cm) 4매,"9,500",0048013060,0048,0130,8800048013060,8800048013060,00480130,OK,,NO_ITEMSEQ,,,,,,
8800048017211 ,하이맘밴드 뷰티스팟 48매,"9,000",0048017211,0048,0172,8800048017211,8800048017211,00480172,OK,,NO_ITEMSEQ,,,,,,
8800154800080 ,크린클 코세정기,"7,000",0154800080,0154,8000,8800154800080,8800154800080,01548000,OK,,NO_ITEMSEQ,,,,,,
8800254770016 ,프로바이오틱스 프라임 120C,"70,000",0254770016,0254,7700,8800254770016,8800254770016,02547700,OK,,NO_ITEMSEQ,,,,,,
8800254770092 ,[부광]쏘팔메토옥타코사놀메가프라임 120T,"80,000",0254770092,0254,7700,8800254770092,8800254770092,02547700,OK,,NO_ITEMSEQ,,,,,,
8800254770139 ,에스키모 알티지오메가3 프라임 120C,"80,000",0254770139,0254,7701,8800254770139,8800254770139,02547701,OK,,NO_ITEMSEQ,,,,,,
8800280731449 ,촉촉어린 콜라겐 비오틴 3.5g x 30P,"45,000",0280731449,0280,7314,8800280731449,8800280731449,02807314,OK,,NO_ITEMSEQ,,,,,,
8800295960001 ,리쥬비온 PDRN 1000 Plus 20g,"30,000",0295960001,0295,9600,8800295960001,8800295960001,02959600,OK,,NO_ITEMSEQ,,,,,,
8800326271090 ,프리미엄 골드 알부민 맥스 25ml*5병,"9,000",0326271090,0326,2710,8800326271090,8800326271090,03262710,OK,,NO_ITEMSEQ,,,,,,
8800326870002 ,덱스판톨 립크림 10g,"5,500",0326870002,0326,8700,8800326870002,8800326870002,03268700,OK,,NO_ITEMSEQ,,,,,,
8800330330080 ,닥터리쥬올 Retino 멜라세럼 50ml,"48,000",0330330080,0330,3300,8800330330080,8800330330080,03303300,OK,,NO_ITEMSEQ,,,,,,
8800330330103 ,닥터리쥬올 세라마이드 베리어 크림 90ml,"39,000",0330330103,0330,3301,8800330330103,8800330330103,03303301,OK,,NO_ITEMSEQ,,,,,,
8800330330233 ,닥터리쥬올 PDRN 리쥬비네이팅 크림 30ml,"45,000",0330330233,0330,3302,8800330330233,8800330330233,03303302,OK,,NO_ITEMSEQ,,,,,,
8800330330417 ,닥터 리쥬올 어스밴스드 PDRN 리뷰비네이팅 립 세럼 10ml,"13,000",0330330417,0330,3304,8800330330417,8800330330417,03303304,OK,,NO_ITEMSEQ,,,,,,
8800516001629 ,볼타겐 에멀겔 50g,"6,000",0516001629,0516,0016,8800516001629,8800516001629,05160016,OK,200108778,OK,"이 약은 건(힘줄), 인대, 근육 및 관절의 외상(상처)성 염증(삠, 타박상 등), 연조직 류마티스 질환의 국소형(건초염(힘줄윤활막염), 어깨손증후군, 점액낭염, 관절주위염 등), 류마티스 질환의 국소형(말초관절 및 척추의 골(뼈)관절증 등)의 진통ㆍ소염에 사용합니다.
","만 12세 이상 및 성인은 1회 2~4 g씩, 1일 3~4회 통증 부위의 면적에 따라 질환 부위에 바르고 가볍게 문지릅니다.

의사의 지시가 없는 경우 근육 및 관절 손상에 이 약을 7일 이상 사용해서는 안되며 이 약은 14일 이상 사용하지 않습니다.
",,"루프 이뇨제(푸로세미드 등), 티아자이드계 이뇨제, 지혈을 방해하는 약물(와파린 등), 항혈소판제(아스피린 등), 선택적 세로토닌 재흡수 억제제, 세로토닌 노르에피네프린 재흡수 억제제를 투여하는 환자는 의사 또는 약사와 상의하십시오.
","흔하게 발진, 습진, 홍반(붉은 반점) 및 피부염(접촉성 피부염 포함), 가려움증, 드물게 수포(물집)성 피부염, 매우 드물게 과민반응(두드러기 포함), 혈관신경성 부종(부기), 천식, 광과민반응, 농포(고름물집)성 발진 등이 나타나는 경우 사용을 즉각 중지하고 의사 또는 약사와 상의하십시오.

탈락성 피부염, 스티븐스-존슨 증후군 및 독성 표피괴사 같은 중대한 피부 이상반응, 위 또는 장관의 출혈, 궤양 및 천공을 포함한 중대한 위장관계 이상반응이 나타나는 경우 사용을 즉각 중지하고 의사 또는 약사와 상의하십시오.

피부에 손상이 있을 경우 사용하면 일시적인 자극 및 저린감을 일으킬 수 있으므로 주의하십시오.
","25℃ 이하에서 보관하십시오.

어린이의 손이 닿지 않는 곳에 보관하십시오.
"
8800516001711 ,오트리빈 소아용 0.05% 10ml,"10,000",0516001711,0516,0017,8800516001711,8800516001711,05160017,OK,200209700,OK,"이 약은 코감기(급성비염), 알레르기성 비염 또는 부비동염에 의한 코막힘, 콧물, 재채기, 머리무거움의 완화에 사용합니다.
","만 2세 이상~만 12세 미만의 어린이는 1회 1번씩, 1일 3회의 범위 내에서 각 코안에 뿌립니다.

적용간격은 8시간 이상으로 합니다.
",,"사용 중에는 음주하지 마십시오.
","발진·발적(충혈되어 붉어짐), 부기, 자극감, 가려움, 가역적 후뇌 병증 증후군(PRES), 가역적 뇌혈관 수축 증후군(RCVS)의 징후 및 증상 등이 나타나는 경우 사용을 즉각 중지하고 의사 또는 약사와 상의하십시오.
","습기와 빛을 피해 30℃ 이하에서 보관하십시오.

어린이의 손이 닿지 않는 곳에 보관하십시오.
"
8800516001940 ,니코틴엘 껌 2mg 24개입,"8,500",0516001940,0516,0019,8800516001940,8800516001940,05160019,OK,200603856,OK,"이 약은 금연보조제로서 흡연량을 감소시키며, 담배를 끊을 수 있도록 도와주기 위해 사용합니다.","성인은 하루 20개비 이하를 피우는 흡연자에게는 2 mg 껌이 권장되며, 하루 20개비를 초과하여 피우는 심한 흡연가이거나 2 mg 용량으로 실패하였을 때 4 mg 껌이 권장됩니다.다음 순서에 따라 30분간 껌을 씹은 후에는 사용한 껌을 버립니다.니코틴엘 껌 1개를 입안에 넣고 수초 간격으로 천천히 씹습니다.강한 맛이나 약간의 얼얼한 느낌이 느껴질 때까지 씹은 후, 강한 맛이나 얼얼한 느낌이 진정될 때까지 껌을 잠시 볼 안에 둡니다.다시 천천히 껌을 씹고, 위와 같이 반복합니다.이와 같은 방법으로 30분간 계속 씹습니다.껌의 맛에 익숙해지면, 필요에 따라 씹는 속도를 증가시킵니다.완전한 금연을 유지하기 위해 흡연 충동이 있을 때마다 니코틴엘 껌을 사용합니다.통상 하루에 2 mg 껌 혹은 4 mg 껌으로 8~12개를 씹고, 하루 총 사용량이 15개를 넘지 않도록 합니다.흡연에 대한 욕구가 점차 감소되면 1일 수량을 줄이면서 투여합니다.일반적으로 3개월 정도 투여합니다.","보철 및 틀니에 달라붙을 수 있고, 드문 경우에 손상시킬 수 있습니다.","파라세타몰, 카페인, 이미프라민, 옥사제팜, 펜타조신, 프로프라놀롤, 테오필린, 와파린, 에스트로겐, 리그노카인, 페나세틴, 인슐린, 아드레날린성 길항제(프라조신, 라베탈롤 등), 플레카이니드, 아드레날린성 효능제(이소프레날린, 페닐레프린), 프로폭시펜, 푸로세미드 이뇨제, H2길항제, 베타차단제, 테오필린, 타크린, 클로자핀, 로피니롤과 함께 사용 시 의사 또는 약사와 상의하십시오.","두통, 현기증(어지러움), 수면 장애, 불안, 감정의 불안정, 초조, 비정상적인 꿈, 혼몽(정신이 흐릿하고 가물가물함), 동요(안절부절), 집중장애, 피로, 편두통, 연축(수축과 이완), 하지(다리)경련, 혈압의 변화, 고혈압, 심계항진(두근거림), 가역적(회복가능한) 심방세동, 심방부정맥, 구역, 구토, 상복부 통증, 복부 동통(배부분 통증), 소화불량, 고창(복부팽만), 위궤양 등의 위장관 장애, 연하 곤란(삼킴 곤란), 구갈(목마름), 배변 이상, 변비, 설사, 식욕증가, 감기 및 인플루엔자 증상, 기침, 인두염, 비염(코염), 부비강염, 상부 호흡기증상, 기관지염, 호흡곤란, 알러지, 피진(피부발진), 헤르페스진, 가려움증, 두드러기, 여드름, 홍반(붉은 반점), 미각도착(맛을 제대로 못느낌), 시야이상, 구강(입안) 및 인후(목구멍)의 자극(통증), 턱관절 및 근육의 통증, 치은염(잇몸염), 월경곤란증, 근육통, 관절통, 치통, 배통(등통증), 흉통(가슴통증), 동통(통증), 이통(귀통증), 안면(얼굴)홍조, 국소부종(부기), 체중증가, 갑상선 기능장애, 임파선 동통(통증), 방광염, 발한(땀이 남)증가, 딸국질, 혈관부종(부기) 등이 나타나는 경우 사용을 즉각 중지하고 의사 또는 약사와 상의하십시오",습기와 빛을 피해 25℃ 이하에서 보관하십시오.어린이의 손이 닿지 않는 곳에 보관하십시오.
8800516002022 ,니코틴엘 TTS20 7매,"9,500",0516002022,0516,0020,8800516002022,8800516002022,05160020,OK,199806463,OK,이 약은 금연시 보조 요법제로 사용합니다.,"성인 1일 1회 1매씩 털이 없는 신체부분(엉덩이, 팔안쪽 등)에 부착하되, 매일 부착부위를 바꾸어 사용합니다.니코틴엘 TTS 30은 일반적으로 하루 담배 20개비 이상 흡연가에게 적용하고 니코틴엘 TTS 20은 하루 20개비까지의 흡연가에게 적용합니다.니코틴엘 TTS 10은 마지막 단계에 니코틴 보충을 감소시키는데 적용합니다.심한 흡연가의 경우 니코틴엘 TTS 30으로 시작하고 그 다음에는 니코틴엘 TTS 20, 그리고 마지막으로 니코틴엘 TTS 10의 순서로 각각 4주동안 적용합니다.보통 흡연가의 경우 니코틴엘 TTS 20을 8주동안 적용하고, 그 후 니코틴엘 TTS 10을 4주간 적용합니다.치료는 3개월을 초과하지 마십시오.","이 약 사용 중에 담배를 계속 피우면 니코틴에 의하여 심혈관 부작용이 더 자주, 더 뚜렷하게 나타날 수 있으므로 완전히 금연한 환자만 사용하십시오.","파라세타몰, 카페인, 이미프라민, 옥사제팜, 펜타조신, 프로프라놀롤, 테오필린, 와파린, 에스트로겐, 리그노카인, 페나세틴, 인슐린, 아드레날린성 길항제(프라조신, 라베탈롤 등), 플레카이니드, 아드레날린성 효능제(이소프레날린, 페닐레프린), 프로폭시펜, 푸로세미드 이뇨제, H2길항제, 베타차단제, 테오필린, 타크린, 클로자핀, 로피니롤과 함께 사용 시 의사 또는 약사와 상의하십시오.","홍반(붉은 반점), 작열감(화끈감), 수포, 피부 발진 또는 적용 부위의 조임, 초조, 불안, 신경과민, 불면, 비정상적 꿈, 두통, 어지러움, 운동이상, 주의력장애, 기면(졸음), 정서불안, 과민, 우울, 혼돈상태, 진전(떨림), 두근거림, 고혈압, 홍조, 가슴 통증, 호흡곤란, 부정맥, 기침, 상기도감염, 오심(구역), 복통(배아픔), 소화불량, 구토, 변비, 설사, 복부(배부분)팽만, 구강(입안) 건조, 적용부위 피부반응, 다한증(땀과다증), 피부 탈색, 경피혈관염, 적용부위 통증 및 불쾌감, 근육통, 관절염, 무력증, 관절통, 근 경축(경련과 수축이 일어나 수축상태가 지속되는 현상), 요통(허리통증), 두드러기, 발진, 가려움증, 혈관부종(부기), 아나필락시스양반응 등이 나타나는 경우 사용을 즉각 중지하고 의사 또는 약사와 상의하십시오.",습기와 빛을 피해 실온에서 보관하십시오.어린이의 손이 닿지 않는 곳에 보관하십시오.
8800516002121 ,니코틴엘 TTS30 7매,"11,000",0516002121,0516,0021,8800516002121,8800516002121,05160021,OK,199806464,OK,이 약은 금연시 보조 요법제로 사용합니다.,"성인 1일 1회 1매씩 털이 없는 신체부분(엉덩이, 팔안쪽 등)에 부착하되, 매일 부착부위를 바꾸어 사용합니다.니코틴엘 TTS 30은 일반적으로 하루 담배 20개비 이상 흡연가에게 적용하고 니코틴엘 TTS 20은 하루 20개비까지의 흡연가에게 적용합니다.니코틴엘 TTS 10은 마지막 단계에 니코틴 보충을 감소시키는데 적용합니다.심한 흡연가의 경우 니코틴엘 TTS 30으로 시작하고 그 다음에는 니코틴엘 TTS 20, 그리고 마지막으로 니코틴엘 TTS 10의 순서로 각각 4주동안 적용합니다.보통 흡연가의 경우 니코틴엘 TTS 20을 8주동안 적용하고, 그 후 니코틴엘 TTS 10을 4주간 적용합니다.치료는 3개월을 초과하지 마십시오.","이 약 사용 중에 담배를 계속 피우면 니코틴에 의하여 심혈관 부작용이 더 자주, 더 뚜렷하게 나타날 수 있으므로 완전히 금연한 환자만 사용하십시오.","파라세타몰, 카페인, 이미프라민, 옥사제팜, 펜타조신, 프로프라놀롤, 테오필린, 와파린, 에스트로겐, 리그노카인, 페나세틴, 인슐린, 아드레날린성 길항제(프라조신, 라베탈롤 등), 플레카이니드, 아드레날린성 효능제(이소프레날린, 페닐레프린), 프로폭시펜, 푸로세미드 이뇨제, H2길항제, 베타차단제, 테오필린, 타크린, 클로자핀, 로피니롤과 함께 사용 시 의사 또는 약사와 상의하십시오.","홍반(붉은 반점), 작열감(화끈감), 수포, 피부 발진 또는 적용 부위의 조임, 초조, 불안, 신경과민, 불면, 비정상적 꿈, 두통, 어지러움, 운동이상, 주의력장애, 기면(졸음), 정서불안, 과민, 우울, 혼돈상태, 진전(떨림), 두근거림, 고혈압, 홍조, 가슴 통증, 호흡곤란, 부정맥, 기침, 상기도감염, 오심(구역), 복통(배아픔), 소화불량, 구토, 변비, 설사, 복부(배부분)팽만, 구강(입안) 건조, 적용부위 피부반응, 다한증(땀과다증), 피부 탈색, 경피혈관염, 적용부위 통증 및 불쾌감, 근육통, 관절염, 무력증, 관절통, 근 경축(경련과 수축이 일어나 수축상태가 지속되는 현상), 요통(허리통증), 두드러기, 발진, 가려움증, 혈관부종(부기), 아나필락시스양반응 등이 나타나는 경우 사용을 즉각 중지하고 의사 또는 약사와 상의하십시오.",습기와 빛을 피해 실온에서 보관하십시오.어린이의 손이 닿지 않는 곳에 보관하십시오.
8800516002220 ,니코틴엘 TTS10 7매,"9,000",0516002220,0516,0022,8800516002220,8800516002220,05160022,OK,199806462,OK,이 약은 금연시 보조 요법제로 사용합니다.,"성인 1일 1회 1매씩 털이 없는 신체부분(엉덩이, 팔안쪽 등)에 부착하되, 매일 부착부위를 바꾸어 사용합니다.니코틴엘 TTS 30은 일반적으로 하루 담배 20개비 이상 흡연가에게 적용하고 니코틴엘 TTS 20은 하루 20개비까지의 흡연가에게 적용합니다.니코틴엘 TTS 10은 마지막 단계에 니코틴 보충을 감소시키는데 적용합니다.심한 흡연가의 경우 니코틴엘 TTS 30으로 시작하고 그 다음에는 니코틴엘 TTS 20, 그리고 마지막으로 니코틴엘 TTS 10의 순서로 각각 4주동안 적용합니다.보통 흡연가의 경우 니코틴엘 TTS 20을 8주동안 적용하고, 그 후 니코틴엘 TTS 10을 4주간 적용합니다.치료는 3개월을 초과하지 마십시오.","이 약 사용 중에 담배를 계속 피우면 니코틴에 의하여 심혈관 부작용이 더 자주, 더 뚜렷하게 나타날 수 있으므로 완전히 금연한 환자만 사용하십시오.","파라세타몰, 카페인, 이미프라민, 옥사제팜, 펜타조신, 프로프라놀롤, 테오필린, 와파린, 에스트로겐, 리그노카인, 페나세틴, 인슐린, 아드레날린성 길항제(프라조신, 라베탈롤 등), 플레카이니드, 아드레날린성 효능제(이소프레날린, 페닐레프린), 프로폭시펜, 푸로세미드 이뇨제, H2길항제, 베타차단제, 테오필린, 타크린, 클로자핀, 로피니롤과 함께 사용 시 의사 또는 약사와 상의하십시오.","홍반(붉은 반점), 작열감(화끈감), 수포, 피부 발진 또는 적용 부위의 조임, 초조, 불안, 신경과민, 불면, 비정상적 꿈, 두통, 어지러움, 운동이상, 주의력장애, 기면(졸음), 정서불안, 과민, 우울, 혼돈상태, 진전(떨림), 두근거림, 고혈압, 홍조, 가슴 통증, 호흡곤란, 부정맥, 기침, 상기도감염, 오심(구역), 복통(배아픔), 소화불량, 구토, 변비, 설사, 복부(배부분)팽만, 구강(입안) 건조, 적용부위 피부반응, 다한증(땀과다증), 피부 탈색, 경피혈관염, 적용부위 통증 및 불쾌감, 근육통, 관절염, 무력증, 관절통, 근 경축(경련과 수축이 일어나 수축상태가 지속되는 현상), 요통(허리통증), 두드러기, 발진, 가려움증, 혈관부종(부기), 아나필락시스양반응 등이 나타나는 경우 사용을 즉각 중지하고 의사 또는 약사와 상의하십시오.",습기와 빛을 피해 실온에서 보관하십시오.어린이의 손이 닿지 않는 곳에 보관하십시오.
8800516002428 ,테라플루 데이타임 6포,"7,000",0516002428,0516,0024,8800516002428,8800516002428,05160024,OK,200807251,OK,"이 약은 감기의 여러 증상(콧물, 코막힘, 재채기, 인후통(목구멍의 통증), 오한(춥고 떨리는 증상), 발열, 두통, 관절통, 근육통)의 완화에 사용합니다.","만 12세 이상의 청소년 및 성인은 매 4~6시간마다 필요시 1포씩 복용합니다.24시간 동안 최대 4포를 초과하여 복용하지 마십시오.1회 1포를 끓지 않는 정도의 뜨거운 물 약 250 mL에 녹여, 10~15분 내에 복용합니다.","매일 세잔 이상 정기적 음주자가 이 약 또는 다른 해열진통제를 복용할 때는 의사 또는 약사와 상의하십시오. 간손상을 일으킬 수 있습니다.매우 드물게 치명적일 수 있는 급성전신발진고름물집증, 스티븐스- 존슨증후군, 독성표피괴사용해와 같은 중대한 피부반응이 보고되었고 이 약 복용 후 피부발진 또는 다른 과민반응의 징후가 나타나는 경우 즉시 복용을 중단하십시오.아세트아미노펜으로 일일 최대 용량(4,000 mg)을 초과하여 복용하지 마십시오. 간손상을 일으킬 수 있습니다. 아세트아미노펜을 포함하는 다른 제품과 함께 복용하지 마십시오.","아세트아미노펜을 포함하는 다른 제품, MAO 억제제(항우울제, 항정신병제, 감정조절제, 항파킨슨제 등), 진해거담제, 다른 감기약, 해열진통제, 진정제, 항히스타민제, 다른 교감신경성 약물, 삼환계 항우울제, 항고혈압약(혈관확장제, 베타차단제, 데브리소퀸, 구아네티딘, 레세르핀, 메틸도파 등), 바르비탈계 약물, 메토클로프라미드, 돔페리돈, 콜레스티라민, 와파린, 쿠마린계 항응고제, 클로람페니콜, 지도부딘, 프로베네시드, 디곡신 및 강심배당체, 맥각알칼로이드(에르고타민, 메티세르자이드)와 함께 복용하지 마십시오.","급성전신발진농포증, 스티븐스-존슨증후군, 독성표피괴사용해, 인후통(목구멍 통증)이 심하거나, 발열, 두통, 발진, 구역 또는 구토를 동반한 인후통 증상이 2일 이상 지속되는 경우, 기침, 비충혈, 졸음, 어지러움, 구강건조감, 피로, 두통, 불면, 과민성, 신경과민, 빈맥, 심계항진, 수면장애, 변비, 설사, 복부팽만, 쇽 증상(호흡곤란, 온몸이 붉어짐, 혈관부기, 두드러기 등), 혈소판감소, 과립구감소, 용혈성(적혈구 파괴성)빈혈, 메트헤모글로빈혈증, 혈소판기능저하(출혈시간연장), 과민증상(안면부기, 땀이 남, 저혈압, 쇼크), 구역, 식욕부진, 위장출혈, 소화성궤양 및 천공, 과도한 체온강하, 허탈, 사지(팔다리)냉각, 혈압상승, 반사성 서맥, 산동, 배뇨지연, 배뇨통, 동계 등이 나타나는 경우 복용을 즉각 중지하고 의사 또는 약사와 상의하십시오.",습기와 빛을 피해 25℃ 이하에서 보관하십시오.어린이의 손이 닿지 않는 곳에 보관하십시오.
8800516002435 ,테라플루 데이타임 10포,"9,500",0516002435,0516,0024,8800516002435,8800516002435,05160024,OK,200807251,OK,"이 약은 감기의 여러 증상(콧물, 코막힘, 재채기, 인후통(목구멍의 통증), 오한(춥고 떨리는 증상), 발열, 두통, 관절통, 근육통)의 완화에 사용합니다.","만 12세 이상의 청소년 및 성인은 매 4~6시간마다 필요시 1포씩 복용합니다.24시간 동안 최대 4포를 초과하여 복용하지 마십시오.1회 1포를 끓지 않는 정도의 뜨거운 물 약 250 mL에 녹여, 10~15분 내에 복용합니다.","매일 세잔 이상 정기적 음주자가 이 약 또는 다른 해열진통제를 복용할 때는 의사 또는 약사와 상의하십시오. 간손상을 일으킬 수 있습니다.매우 드물게 치명적일 수 있는 급성전신발진고름물집증, 스티븐스- 존슨증후군, 독성표피괴사용해와 같은 중대한 피부반응이 보고되었고 이 약 복용 후 피부발진 또는 다른 과민반응의 징후가 나타나는 경우 즉시 복용을 중단하십시오.아세트아미노펜으로 일일 최대 용량(4,000 mg)을 초과하여 복용하지 마십시오. 간손상을 일으킬 수 있습니다. 아세트아미노펜을 포함하는 다른 제품과 함께 복용하지 마십시오.","아세트아미노펜을 포함하는 다른 제품, MAO 억제제(항우울제, 항정신병제, 감정조절제, 항파킨슨제 등), 진해거담제, 다른 감기약, 해열진통제, 진정제, 항히스타민제, 다른 교감신경성 약물, 삼환계 항우울제, 항고혈압약(혈관확장제, 베타차단제, 데브리소퀸, 구아네티딘, 레세르핀, 메틸도파 등), 바르비탈계 약물, 메토클로프라미드, 돔페리돈, 콜레스티라민, 와파린, 쿠마린계 항응고제, 클로람페니콜, 지도부딘, 프로베네시드, 디곡신 및 강심배당체, 맥각알칼로이드(에르고타민, 메티세르자이드)와 함께 복용하지 마십시오.","급성전신발진농포증, 스티븐스-존슨증후군, 독성표피괴사용해, 인후통(목구멍 통증)이 심하거나, 발열, 두통, 발진, 구역 또는 구토를 동반한 인후통 증상이 2일 이상 지속되는 경우, 기침, 비충혈, 졸음, 어지러움, 구강건조감, 피로, 두통, 불면, 과민성, 신경과민, 빈맥, 심계항진, 수면장애, 변비, 설사, 복부팽만, 쇽 증상(호흡곤란, 온몸이 붉어짐, 혈관부기, 두드러기 등), 혈소판감소, 과립구감소, 용혈성(적혈구 파괴성)빈혈, 메트헤모글로빈혈증, 혈소판기능저하(출혈시간연장), 과민증상(안면부기, 땀이 남, 저혈압, 쇼크), 구역, 식욕부진, 위장출혈, 소화성궤양 및 천공, 과도한 체온강하, 허탈, 사지(팔다리)냉각, 혈압상승, 반사성 서맥, 산동, 배뇨지연, 배뇨통, 동계 등이 나타나는 경우 복용을 즉각 중지하고 의사 또는 약사와 상의하십시오.",습기와 빛을 피해 25℃ 이하에서 보관하십시오.어린이의 손이 닿지 않는 곳에 보관하십시오.
8800516002527 ,테라플루 나이트타임 6포,"7,000",0516002527,0516,0025,8800516002527,8800516002527,05160025,OK,200807357,OK,"이 약은 감기의 여러 증상(콧물, 코막힘, 재채기, 인후통(목구멍의 통증), 오한(춥고 떨리는 증상), 발열, 두통, 관절통, 근육통의 완화)과 고초열(꽃가루 알레르기비염) 및 기타 상기도 알레르기에 의한 여러 증상(콧물, 재채기, 눈, 코 및 목의 가려움, 눈물)의 완화에 사용합니다.","만 12세 이상의 청소년 및 성인은 매 4~6시간마다 필요시 1포씩 복용합니다.24시간 동안 최대 4포를 초과하여 복용하지 마십시오.1회 1포를 끓지 않는 정도의 뜨거운 물 약 250 mL에 녹여, 10~15분 내에 복용합니다.","매일 세잔 이상 정기적 음주자가 이 약 또는 다른 해열진통제를 복용할 때는 의사 또는 약사와 상의하십시오. 간손상을 일으킬 수 있습니다.매우 드물게 치명적일 수 있는 급성전신발진고름물집증, 스티븐스- 존슨증후군, 독성표피괴사용해와 같은 중대한 피부반응이 보고되었고 이 약 복용 후 피부발진 또는 다른 과민반응의 징후가 나타나는 경우 즉시 복용을 중단하십시오.아세트아미노펜으로 일일 최대 용량(4,000 mg)을 초과하여 복용하지 마십시오. 간손상을 일으킬 수 있습니다. 아세트아미노펜을 포함하는 다른 제품과 함께 복용하지 마십시오.","아세트아미노펜을 포함하는 다른 제품, MAO 억제제(항우울제, 항정신병제, 감정조절제, 항파킨슨제 등), 진해거담제, 다른 감기약, 해열진통제, 진정제, 항히스타민제, 다른 교감신경성 약물, 삼환계 항우울제, 항고혈압약(혈관확장제, 베타차단제, 데브리소퀸, 구아네티딘, 레세르핀, 메틸도파 등), 바르비탈계 약물, 메토클로프라미드, 돔페리돈, 콜레스티라민, 와파린, 쿠마린계 항응고제, 클로람페니콜, 지도부딘, 프로베네시드, 디곡신 및 강심배당체, 맥각알칼로이드(에르고타민, 메티세르자이드)와 함께 복용하지 마십시오.","급성전신발진농포증, 스티븐스-존슨증후군, 독성표피괴사용해, 인후통(목구멍 통증)이 심하거나, 발열, 두통, 발진, 구역 또는 구토를 동반한 인후통 증상이 2일 이상 지속되는 경우, 기침, 비충혈, 졸음, 어지러움, 구강건조감, 피로, 두통, 불면, 과민성, 신경과민, 빈맥, 심계항진, 수면장애, 변비, 설사, 복부팽만, 쇽 증상(호흡곤란, 온몸이 붉어짐, 혈관부기, 두드러기 등), 혈소판감소, 과립구감소, 용혈성(적혈구 파괴성)빈혈, 메트헤모글로빈혈증, 혈소판기능저하(출혈시간연장), 과민증상(안면부기, 땀이 남, 저혈압, 쇼크), 구역, 식욕부진, 위장출혈, 소화성궤양 및 천공, 과도한 체온강하, 허탈, 사지(팔다리)냉각, 혈압상승, 반사성 서맥, 산동(동공확대), 배뇨지연, 배뇨통, 동계(두근거림) 등이 나타나는 경우 복용을 즉각 중지하고 의사 또는 약사와 상의하십시오.",습기와 빛을 피해 25℃ 이하에서 보관하십시오.어린이의 손이 닿지 않는 곳에 보관하십시오.
8800516002534 ,테라플루 나이트타임 10포,"9,500",0516002534,0516,0025,8800516002534,8800516002534,05160025,OK,200807357,OK,"이 약은 감기의 여러 증상(콧물, 코막힘, 재채기, 인후통(목구멍의 통증), 오한(춥고 떨리는 증상), 발열, 두통, 관절통, 근육통의 완화)과 고초열(꽃가루 알레르기비염) 및 기타 상기도 알레르기에 의한 여러 증상(콧물, 재채기, 눈, 코 및 목의 가려움, 눈물)의 완화에 사용합니다.","만 12세 이상의 청소년 및 성인은 매 4~6시간마다 필요시 1포씩 복용합니다.24시간 동안 최대 4포를 초과하여 복용하지 마십시오.1회 1포를 끓지 않는 정도의 뜨거운 물 약 250 mL에 녹여, 10~15분 내에 복용합니다.","매일 세잔 이상 정기적 음주자가 이 약 또는 다른 해열진통제를 복용할 때는 의사 또는 약사와 상의하십시오. 간손상을 일으킬 수 있습니다.매우 드물게 치명적일 수 있는 급성전신발진고름물집증, 스티븐스- 존슨증후군, 독성표피괴사용해와 같은 중대한 피부반응이 보고되었고 이 약 복용 후 피부발진 또는 다른 과민반응의 징후가 나타나는 경우 즉시 복용을 중단하십시오.아세트아미노펜으로 일일 최대 용량(4,000 mg)을 초과하여 복용하지 마십시오. 간손상을 일으킬 수 있습니다. 아세트아미노펜을 포함하는 다른 제품과 함께 복용하지 마십시오.","아세트아미노펜을 포함하는 다른 제품, MAO 억제제(항우울제, 항정신병제, 감정조절제, 항파킨슨제 등), 진해거담제, 다른 감기약, 해열진통제, 진정제, 항히스타민제, 다른 교감신경성 약물, 삼환계 항우울제, 항고혈압약(혈관확장제, 베타차단제, 데브리소퀸, 구아네티딘, 레세르핀, 메틸도파 등), 바르비탈계 약물, 메토클로프라미드, 돔페리돈, 콜레스티라민, 와파린, 쿠마린계 항응고제, 클로람페니콜, 지도부딘, 프로베네시드, 디곡신 및 강심배당체, 맥각알칼로이드(에르고타민, 메티세르자이드)와 함께 복용하지 마십시오.","급성전신발진농포증, 스티븐스-존슨증후군, 독성표피괴사용해, 인후통(목구멍 통증)이 심하거나, 발열, 두통, 발진, 구역 또는 구토를 동반한 인후통 증상이 2일 이상 지속되는 경우, 기침, 비충혈, 졸음, 어지러움, 구강건조감, 피로, 두통, 불면, 과민성, 신경과민, 빈맥, 심계항진, 수면장애, 변비, 설사, 복부팽만, 쇽 증상(호흡곤란, 온몸이 붉어짐, 혈관부기, 두드러기 등), 혈소판감소, 과립구감소, 용혈성(적혈구 파괴성)빈혈, 메트헤모글로빈혈증, 혈소판기능저하(출혈시간연장), 과민증상(안면부기, 땀이 남, 저혈압, 쇼크), 구역, 식욕부진, 위장출혈, 소화성궤양 및 천공, 과도한 체온강하, 허탈, 사지(팔다리)냉각, 혈압상승, 반사성 서맥, 산동(동공확대), 배뇨지연, 배뇨통, 동계(두근거림) 등이 나타나는 경우 복용을 즉각 중지하고 의사 또는 약사와 상의하십시오.",습기와 빛을 피해 25℃ 이하에서 보관하십시오.어린이의 손이 닿지 않는 곳에 보관하십시오.
8800516002619 ,오트리빈 멘톨 0.1%,"7,500",0516002619,0516,0026,8800516002619,8800516002619,05160026,OK,199806459,OK,"이 약은 코감기(급성비염), 알레르기성 비염 또는 부비동염에 의한 코막힘, 콧물, 재채기, 머리무거움의 완화에 사용합니다.
","만 12세 이상의 청소년 또는 성인은 1일 3회의 범위 내에서, 1회 1번 각 비강(코안)에 뿌립니다.

적용 간격은 8시간 이상으로 합니다.
",,"사용 중에는 음주하지 마십시오.
","발진·발적(충혈되어 붉어짐), 부기, 자극감, 가려움, 가역적 후뇌 병증 증후군(PRES), 가역적 뇌혈관 수축 증후군(RCVS)의 징후 및 증상이 나타나는 경우 사용을 즉각 중지하고 의사 또는 약사와 상의하십시오.
","습기와 빛을 피해 25℃ 이하에서 보관하십시오.

어린이의 손이 닿지 않는 곳에 보관하십시오.
"
8800516002718 ,오트리빈 베이비 내추럴 15ml,"8,000",0516002718,0516,0027,8800516002718,8800516002718,05160027,OK,200410068,OK,"이 약은 코점막 건조 증상의 완화에 사용합니다.
","2세 미만의 소아는 각각의 콧구멍에 1회씩 뿌립니다.

2세 이상의 소아는 하루에 2~4회씩 또는 필요할 때마다 각각의 콧구멍에 1~2회씩 뿌립니다.
",,,,"열기를 피해 실온에서 보관하십시오.

사용기한이 지난 제품은 사용하지 마십시오.

어린이의 손이 닿지 않는 곳에 보관하십시오.
"
8800516002824 ,테라플루 콜드앤코프 데이타임 10포,"9,500",0516002824,0516,0028,8800516002824,8800516002824,05160028,OK,201101293,OK,"이 약은 감기의 여러 증상(콧물, 코막힘, 재채기, 인후(목구멍)통, 기침, 오한(춥고 떨리는 증상), 발열, 두통, 관절통, 근육통)의 완화에 사용합니다.","성인은 1회 1포씩, 1일 3회 복용합니다. 최소 4시간 간격으로 정해진 최소한의 양만 복용합니다.1회 1포를 끓지 않는 정도의 뜨거운 물 약 250 mL에 녹여, 10~15분 내에 복용합니다.","매일 세잔 이상 정기적 음주자가 이 약 또는 다른 해열진통제를 복용할 때는 의사 또는 약사와 상의하십시오. 간손상을 일으킬 수 있습니다.매우 드물게 치명적일 수 있는 급성전신발진고름물집증, 스티븐스-존슨증후군, 독성표피괴사용해와 같은 중대한 피부반응이 보고되었고 이 약 복용 후 피부발진 또는 다른 과민반응의 징후가 나타나는 경우 즉시 복용을 중단하십시오.아세트아미노펜으로 일일 최대 용량(4,000 mg)을 초과하여 복용하지 마십시오. 간손상을 일으킬 수 있습니다. 아세트아미노펜을 포함하는 다른 제품과 함께 복용하지 마십시오.","아세트아미노펜을 포함하는 다른 제품, MAO 억제제(항우울제, 항정신병제, 감정조절제, 항파킨슨제 등), 진해거담제, 다른 감기약, 해열진통제, 진정제, 항히스타민제, 바르비탈계 약물, 삼환계 항우울제, 알코올, 다른 교감신경성 약물(충혈제거제, 식욕억제제, 암페타민 등), 항고혈압약(혈관확장제, 베타차단제, 데브리소퀸, 구아네티딘, 레세르핀, 메틸도파 등), 메토클로프라미드, 돔페리돈, 콜레스티라민, 와파린, 쿠마린계 항응고제, 클로람페니콜, 지도부딘, 프로베네시드, 디곡신 및 강심배당체, 맥각알칼로이드(에르고타민, 메티세르자이드), 아미오다론, 할로페리돌, 퀴니딘과 함께 복용하지 마십시오.","인후통(목구멍 통증)이 심하거나, 발열, 두통, 발진, 구역 또는 구토를 동반한 인후통 증상이 2일 이상 지속되는 경우, 발열이 3일 이상, 기침 또는 비충혈(코막힘)이 7일 이상 지속되는 경우, 매우 드물게 쇽 증상(과민성유사증상 : 호흡곤란, 온몸이 붉어짐, 혈관부기, 두드러기 등), 천식발작, 혈소판 감소, 과립구감소, 용혈성빈혈, 메트헤모글로빈혈증, 혈소판기능 저하(출혈시간 연장), 청색증, 과민증상(얼굴부기, 호흡곤란, 땀이 남, 저혈압, 쇼크), 혈압상승, 반사성서맥(느린맥), 빈맥(빠른맥), 어지러움, 졸음, 신경과민, 불면, 진정, 권태감, 지속적인 두통, 경련, 감각이상, 운동이상증, 근육경련, 구역, 구토, 식욕부진, 장기복용시 위장출혈, 소화성궤양, 천공(뚫림) 등의 위장관계 이상 반응, 발진, 알레르기 반응, 급성전신발진고름물집증, 피부점막안증후군(스티븐스-존슨증후군), 독성표피괴사용해(리엘증후군), AST 상승, ALT 상승, 고정(固定)발진 등이 나타나는 경우 복용을 즉각 중지하고 의사 또는 약사와 상의하십시오.",습기와 빛을 피해 실온에서 보관하십시오.어린이의 손이 닿지 않는 곳에 보관하십시오.
8800516002923 ,테라플루 콜드앤코프 나이트타임 10포,"9,500",0516002923,0516,0029,8800516002923,8800516002923,05160029,OK,201101292,OK,"이 약은 감기의 여러 증상(콧물, 코막힘, 재채기, 인후통(목구멍의 통증), 오한(춥고 떨리는 증상)(추위), 발열, 두통, 관절통, 근육통)의 완화에 사용합니다.","성인은 1일 3회, 1회 1포씩 최소 4시간 간격으로 정해진 최소의 양만 복용합니다.1회 1포를 끓지 않는 정도의 뜨거운 물 약 250 mL에 녹여, 10~15분 내에 복용합니다.","매일 세잔 이상 정기적 음주자가 이 약 또는 다른 해열진통제를 복용할 때는 의사 또는 약사와 상의하십시오. 간손상을 일으킬 수 있습니다.매우 드물게 치명적일 수 있는 급성전신발진고름물집증, 스티븐스- 존슨증후군, 독성표피괴사용해와 같은 중대한 피부반응이 보고되었고 이 약 복용 후 피부발진 또는 다른 과민반응의 징후가 나타나는 경우 즉시 복용을 중단하십시오.아세트아미노펜으로 일일 최대 용량(4,000 mg)을 초과하여 복용하지 마십시오. 간손상을 일으킬 수 있습니다. 아세트아미노펜을 포함하는 다른 제품과 함께 복용하지 마십시오.","아세트아미노펜을 포함하는 다른 제품, MAO 억제제(항우울제, 항정신병제, 감정조절제, 항파킨슨제 등), 디펜히드라민을 포함하는 다른 제품, 진해거담제, 다른 감기약, 해열진통제, 진정제, 수면제, 항히스타민제, 바르비탈계 약물, 삼환계 항우울제, 알코올, 다른 교감신경성 약물(충혈제거제, 식욕억제제, 암페타민 등), 항고혈압약(혈관확장제, 베타차단제, 데브리소퀸, 구아네티딘, 레세르핀, 메틸도파 등), 메토클로프라미드, 돔페리돈, 콜레스티라민, 와파린, 쿠마린계 항응고제, 항콜린성 약물, 클로람페니콜, 지도부딘, 프로베네시드, 디곡신 및 강심배당체, 맥각알칼로이드(에르고타민, 메티세르자이드)와 함께 복용하지 마십시오.","급성전신발진고름물집증, 스티븐스-존슨증후군, 독성표피괴사용해, 인후통(목구멍 통증)이 심하거나, 발열, 두통, 발진, 구역 또는 구토를 동반한 인후통 증상이 2일 이상 지속되는 경우, 발열이 3일 이상, 기침 또는 비충혈(코막힘)이 7일 이상 지속되는 경우, 쇽 증상(호흡곤란, 온몸이 붉어짐, 혈관부기, 두드러기 등), 천식, 혈소판감소, 과립구감소, 용혈성(적혈구 파괴성)빈혈, 메트헤모글로빈혈증, 혈소판기능저하(출혈시간연장), 청색증, 과민증상(얼굴부기, 호흡곤란, 땀이 남, 저혈압), 어지러움, 졸음, 신경과민, 불면, 진정, 권태감, 두중, 경련, 감각이상, 운동이상증, 근육경련, 식욕부진, 설사, 구갈(목마름), 과도한 체온강하, 허탈, 사지(팔다리)냉각, 혈압상승, 반사성 서맥 등이 나타나는 경우 복용을 즉각 중지하고 의사 또는 약사와 상의하십시오.",습기와 빛을 피해 실온에서 보관하십시오.어린이의 손이 닿지 않는 곳에 보관하십시오.
8800516003012 ,오트리빈 에스 0.05% 10ml,"9,000",0516003012,0516,0030,8800516003012,8800516003012,05160030,OK,201903221,OK,"이 약은 코감기(급성 비염), 알레르기성 비염 또는 부비동염에 의한 코막힘, 콧물, 재채기, 머리무거움 증상의 완화에 사용합니다.
","만 12세 이상의 청소년 및 성인은 1회 1~2번씩, 1일 1~2회 각 비강에 분무합니다.

1일 2회를 초과하지 마십시오.

최소 사용 간격은 8시간입니다.

다음 순서대로 사용하십시오.

1. 코를 청결히 합니다

2. 두 손가락 사이에 노즐을 잡고 엄지손가락을 아래에 받치고 병을 위로 세웁니다.

3. 앞으로 약간 기울여 코 안에 노즐을 넣어 코안에 분사 후 동시에 부드럽게 호흡합니다.

4. 사용 후 뚜껑을 닫기 전 노즐을 깨끗이 하고 건조시킵니다.
",,"MAO억제제(항우울제, 항정신병제, 감정조절제, 항파킨슨제 등)와 함께 사용하지 마십시오.

사용 중에는 음주하지 마십시오.
","발진, 발적, 부종, 자극감, 가려움, 드물게 두통, 불면증, 진정, 불안, 과민증, 고혈압, 불규칙한 심박수, 심박수 증가, 구역, 매우 드물게 안절부절, 졸림, 피로, 흔하게 비강(코안)건조, 비강(코안)의 불편함, 재채기, 흔하지 않게 입 안 건조, 입안염, 마른 목구멍, 목구멍 자극 등이 나타나는 경우 사용을 즉각 중지하고 의사 또는 약사와 상의하십시오.
","습기와 빛을 피해 실온에서 보관하십시오.

어린이의 손이 닿지 않는 곳에 보관하십시오.
"
8800516003715 ,애드빌 10T,"3,000",0516003715,0516,0037,8800516003715,8800516003715,05160037,OK,200610785,OK,"이 약은 감기로 인한 발열 및 동통(통증), 요통, 생리통, 류마티양 관절염, 연소성(어리거나 젊은나이에 나타나는) 류마티양 관절염, 골관절염(퇴행성 관절질환), 수술후 동통(통증)과 두통, 편두통, 치통, 근육통, 신경통, 강직성 척추염, 급성통풍, 건선(마른비닐증)성 관절염, 연조직손상(염좌(삠), 좌상(타박상)), 비관절 류마티스질환(건염(힘줄염), 건초염(힘줄윤활막염), 활액(윤활)낭염)에 사용합니다.
","성인은 류마티양 관절염, 골관절염, 강직성 척추염, 연조직손상, 비관절 류마티스질환, 급성통풍, 건선성 관절염에는 1회 1~3캡슐(200~600 mg)씩, 1일 3~4회, 1일 최고 16캡슐(3,200 mg)까지 복용할 수 있으며, 연소성(어리거나 젊은나이에 나타나는) 류마티양 관절염에는 1일 체중 kg당 30~40 mg을 3~4회 분할 복용, 경증 및 중등도의 동통이나 감기에는 성인 1회 1~2캡슐(200~400 mg)씩, 1일 3~4회, 편두통에는 성인 1회 1~2 캡슐(200~400 mg)씩 복용하며 24시간 동안 2캡슐을 초과하지 않습니다.

만 12세 이상 청소년은 1회 1~2캡슐(200~400 mg)씩, 1일 3~4회 복용합니다.

체중이 30 kg 미만인 경우 1일량이 500 mg을 초과해서는 안되며 공복시 복용은 피하는 것이 바람직합니다.
",,"항암요법으로 고용량 메토트렉세이트를 투여중인 환자, 다른 비스테로이드성 소염진통제와 함께 이 약을 복용하지 마십시오.

이 약을 복용하기 전에 저용량 아스피린, ACE 저해제 복용자, 리튬, 푸로세미드 및 티아지드계 이뇨제, 저용량 메토트렉세이트, 쿠마린계 항응혈제(와파린 등), 선택적 세로토닌 재흡수억제제를 복용하는 환자는 의사 또는 약사와 상의하십시오.
","쇽 증상(호흡곤란, 혈압저하 등), 헤마토크리트감소, 헤모글로빈감소, 빈혈, 재생불량성빈혈, 용혈성빈혈, 무과립구증, 과립구감소, 백혈구감소, 혈소판감소, 혈소판기능저하, 호산구증가 등의 혈액장애, 소화성궤양, 위장관궤양, 위장출혈, 천공(뚫림), 궤양성대장염, 혈변, 위염, 췌장염, 혈액구토, 크론병, 식욕부진, 구역, 구토, 복통, 소화불량, 설사, 위부불쾌감, 상복부통증, 구갈, 구내염, 복부팽만감, 구강궤양, 변비, 흑변, 피부점막안증후군(스티븐스-존슨증후군), 독성표피괴사용해, 빈도불명의 호산구증가 및 전신 증후군을 동반한 약물 발진, 혈관신경성 부종, 수포성피부염, 다형성 홍반, DRESS 증후군, 급성전신발진고름물집증, 반구진 발진, 탈락 피부염, 피부 붉어짐, 물집, 발진, 간염, 황달, 간기능이상, 간장애, 과민증 또는 아나필락시스 반응, 천식발작, 두드러기, 습진, 자주색반점, 시각장애, 귀먹음, 귀울림, 미각이상, 현기증, 졸음, 어지러움, 우울, 두통, 뇌혈관사고 또는 신경질, 무균성수막염 또는 수막염(심한 두통, 구역, 구토, 불면, 목이 뻣뻣함, 발열 또는 의식장애, 급성신부전, 소변감소, 혈뇨, 요단백, BUN, 혈중크레아티닌의 상승, 고칼륨혈증, 간질성 콩팥염, 콩팥염증후군, 콩팥유두괴사, 요량감소, 전신부종 및 이에 수반하는 숨가쁨, 나른함, 눈주변부기, 얼굴부기, 권태감, 발열, 코피, 부기, 말초부종 등이 나타나는 경우 즉각 복용을 중지하고 의사 또는 약사와 상의하십시오.
","실온에서 보관하십시오.

어린이의 손이 닿지 않는 곳에 보관하십시오.
"
8800516003722 ,애드빌 30T,"7,000",0516003722,0516,0037,8800516003722,8800516003722,05160037,OK,200610785,OK,"이 약은 감기로 인한 발열 및 동통(통증), 요통, 생리통, 류마티양 관절염, 연소성(어리거나 젊은나이에 나타나는) 류마티양 관절염, 골관절염(퇴행성 관절질환), 수술후 동통(통증)과 두통, 편두통, 치통, 근육통, 신경통, 강직성 척추염, 급성통풍, 건선(마른비닐증)성 관절염, 연조직손상(염좌(삠), 좌상(타박상)), 비관절 류마티스질환(건염(힘줄염), 건초염(힘줄윤활막염), 활액(윤활)낭염)에 사용합니다.
","성인은 류마티양 관절염, 골관절염, 강직성 척추염, 연조직손상, 비관절 류마티스질환, 급성통풍, 건선성 관절염에는 1회 1~3캡슐(200~600 mg)씩, 1일 3~4회, 1일 최고 16캡슐(3,200 mg)까지 복용할 수 있으며, 연소성(어리거나 젊은나이에 나타나는) 류마티양 관절염에는 1일 체중 kg당 30~40 mg을 3~4회 분할 복용, 경증 및 중등도의 동통이나 감기에는 성인 1회 1~2캡슐(200~400 mg)씩, 1일 3~4회, 편두통에는 성인 1회 1~2 캡슐(200~400 mg)씩 복용하며 24시간 동안 2캡슐을 초과하지 않습니다.

만 12세 이상 청소년은 1회 1~2캡슐(200~400 mg)씩, 1일 3~4회 복용합니다.

체중이 30 kg 미만인 경우 1일량이 500 mg을 초과해서는 안되며 공복시 복용은 피하는 것이 바람직합니다.
",,"항암요법으로 고용량 메토트렉세이트를 투여중인 환자, 다른 비스테로이드성 소염진통제와 함께 이 약을 복용하지 마십시오.

이 약을 복용하기 전에 저용량 아스피린, ACE 저해제 복용자, 리튬, 푸로세미드 및 티아지드계 이뇨제, 저용량 메토트렉세이트, 쿠마린계 항응혈제(와파린 등), 선택적 세로토닌 재흡수억제제를 복용하는 환자는 의사 또는 약사와 상의하십시오.
","쇽 증상(호흡곤란, 혈압저하 등), 헤마토크리트감소, 헤모글로빈감소, 빈혈, 재생불량성빈혈, 용혈성빈혈, 무과립구증, 과립구감소, 백혈구감소, 혈소판감소, 혈소판기능저하, 호산구증가 등의 혈액장애, 소화성궤양, 위장관궤양, 위장출혈, 천공(뚫림), 궤양성대장염, 혈변, 위염, 췌장염, 혈액구토, 크론병, 식욕부진, 구역, 구토, 복통, 소화불량, 설사, 위부불쾌감, 상복부통증, 구갈, 구내염, 복부팽만감, 구강궤양, 변비, 흑변, 피부점막안증후군(스티븐스-존슨증후군), 독성표피괴사용해, 빈도불명의 호산구증가 및 전신 증후군을 동반한 약물 발진, 혈관신경성 부종, 수포성피부염, 다형성 홍반, DRESS 증후군, 급성전신발진고름물집증, 반구진 발진, 탈락 피부염, 피부 붉어짐, 물집, 발진, 간염, 황달, 간기능이상, 간장애, 과민증 또는 아나필락시스 반응, 천식발작, 두드러기, 습진, 자주색반점, 시각장애, 귀먹음, 귀울림, 미각이상, 현기증, 졸음, 어지러움, 우울, 두통, 뇌혈관사고 또는 신경질, 무균성수막염 또는 수막염(심한 두통, 구역, 구토, 불면, 목이 뻣뻣함, 발열 또는 의식장애, 급성신부전, 소변감소, 혈뇨, 요단백, BUN, 혈중크레아티닌의 상승, 고칼륨혈증, 간질성 콩팥염, 콩팥염증후군, 콩팥유두괴사, 요량감소, 전신부종 및 이에 수반하는 숨가쁨, 나른함, 눈주변부기, 얼굴부기, 권태감, 발열, 코피, 부기, 말초부종 등이 나타나는 경우 즉각 복용을 중지하고 의사 또는 약사와 상의하십시오.
","실온에서 보관하십시오.

어린이의 손이 닿지 않는 곳에 보관하십시오.
"
8800520000229 ,아이미루 40EX 13ml,"4,500",0520000229,0520,0002,8800520000229,8800520000229,05200002,OK,200711294,OK,"이 약은 눈의 피로, 결막충혈, 눈병예방(수영후 눈의 불쾌감 또는 먼지나 땀이 눈에 들어갔을 때), 자외선 및 기타광선에 의한 눈의 염증, 눈꺼풀의 짓무름, 하드콘택트렌즈를 착용시 불쾌감, 눈의 가려움, 눈의 침침함 (눈곱이 많을 때 등)에 사용합니다.","1일 3~6회, 1회 1~3적 점안합니다.",,,"눈의 충혈, 가려움, 부종 및 피부의 발진, 눈의 침침함이 개선되지 않는 경우 사용을 즉각 중지하고 의사 또는 약사와 상의하십시오.",습기와 빛을 피해 실온에서 보관하십시오.어린이의 손이 닿지 않는 곳에 보관하십시오.
8800520000328 ,아이미루 콘택트퓨어 12ml,"4,500",0520000328,0520,0003,8800520000328,8800520000328,05200003,OK,200711295,OK,"이 약은 눈의 피로, 누액의 보조(눈의 건조), 하드콘택트렌즈 또는 소프트렌즈 착용시 불쾌감, 눈의 침침함(눈곱이 많을 때 등)에 사용합니다.","1일 3~6회, 1회 1~3방울 점안합니다.",,,"눈의 충혈, 가려움, 부종, 하드콘택트렌즈를 착용하는 사람에게서 눈곱 등의 분비물이 많은 경우 또는 렌즈가 흐리게 되는 경우 사용을 즉각 중지하고 의사 또는 약사와 상의하십시오.",습기와 빛을 피해 실온에서 보관하십시오.어린이의 손이 닿지 않는 곳에 보관하십시오.
8800520000410 ,아이미루 40EX 골드 13ml,"5,000",0520000410,0520,0004,8800520000410,8800520000410,05200004,OK,201209481,OK,"이 약은 눈의 피로, 결막충혈, 수영 후 눈의 불쾌감 또는 먼지나 땀이 눈에 들어갔을 때, 자외선 및 기타광선에 의한 눈의 염증, 눈꺼풀의 짓무름, 하드콘택트렌즈를 착용시 불쾌감, 눈의 가려움, 눈의 침침함(눈곱이 많을 때 등)에 사용합니다.","1일 3~6회, 1회 1~3방울 점안합니다.",,,"눈의 충혈, 가려움, 부기, 피부의 발진, 발적(충혈되어 붉어짐), 가려움 등이 나타나는 경우 사용을 즉각 중지하고 의사 또는 약사와 상의하십시오.",습기와 빛을 피해 실온에서 보관하십시오.어린이의 손이 닿지 않는 곳에 보관하십시오.
8800520000519 ,아이미루 40EX 마일드 13ml,"4,500",0520000519,0520,0005,8800520000519,8800520000519,05200005,OK,202100552,OK,"이 약은 눈의 피로, 결막충혈, 수영 후 눈의 불쾌감 또는 먼지나 땀이 눈에 들어갔을 때, 자외선 및 기타광선에 의한 눈의 염증, 눈꺼풀의 짓무름, 하드콘택트렌즈를 착용시 불쾌감, 눈의 가려움, 눈의 침침함(눈곱이 많을 때 등)에 사용합니다.
","1회 1~3방울, 1일 3~6회 점안(눈에 넣음)합니다.
",,,"눈의 충혈, 가려움, 부종, 피부의 발진, 발적(충혈되어 붉어짐), 눈의 침침한 증상이 개선되지 않는 경우 사용을 즉각 중지하고 의사 또는 약사와 상의하십시오.
","습기와 빛을 피해 실온에서 보관하십시오.
어린이의 손이 닿지 않는 곳에 보관하십시오.
서늘한 곳에 뚜껑을 꼭 닫아 보관하십시오.
사용기간이 경과된 제품은 사용하지 마십시오.
"
8800520000618 ,아이미루 40EX 골드콘택트 13ml,"5,000",0520000618,0520,0006,8800520000618,8800520000618,05200006,OK,202301469,OK,"이 약은 눈의 피로, 눈의 침침함(눈곱이 많을 때 등), 하드콘택트렌즈 또는 소프트렌즈 착용시 불쾌감, 수영 후 눈의 불쾌감 또는 먼지나 땀이 눈에 들어갔을 때에 사용합니다.
","1회 1~2방울씩, 1일 3~6회 점안합니다.
",,,"눈의 충혈, 가려움, 부종 및 피부의 발진, 발적, 가려움 등의 증상이 나타날 경우, 하드콘택트렌즈를 착용하는 사람에게서 눈곱 등의 분비물이 많으면서 드물게 렌즈가 흐리게 되는 경우, 눈의 침침함이 개선되지 않는 경우 사용을 즉각 중지하고 의사 또는 약사와 상의하십시오.
","습기와 빛을 피해 실온에서 보관하십시오.

어린이의 손이 닿지 않는 곳에 보관하십시오.
"
8800543000916 ,제일 롱파프(24매),"10,000",0543000916,0543,0009,8800543000916,8800543000916,05430009,OK,201604821,OK,"이 약은 퇴행성관절염(골(뼈)관절염), 근육통, 외상(상처)후의 종창(부기), 통증의 진통ㆍ소염(항염)에 사용합니다.",1일 1회 1매 환부(질환 부위)에 부착합니다.,,,"쇼크 증상(혈압저하, 두드러기, 후두부종, 호흡곤란), 가려움, 홍반(붉은 반점), 접촉피부염 등의 피부질환, 배가 거북함 등의 소화기계 증상, 간 기능 임상검사치 이상이 나타나는 경우 사용을 즉각 중지하고 의사 또는 약사와 상의하십시오.",습기와 빛을 피해 실온에서 보관하십시오.어린이의 손이 닿지 않는 곳에 보관하십시오.
8800543001333 ,제일 쿨파프 5매,"2,000",0543001333,0543,0013,8800543001333,8800543001333,05430013,OK,198400250,OK,"이 약은 삠, 타박상, 근육통, 관절통, 골절통, 요(허리)통, 어깨결림, 신경통, 류마티스통증의 진통ㆍ소염(항염)에 사용합니다.
","1일 1~2회 환부(질환 부위)에 붙입니다.
",,,"발진ㆍ발적(충혈되어 붉어짐), 가려움 등이 나타나는 경우 사용을 즉각 중지하고 의사 또는 약사와 상의하십시오.
","습기와 빛을 피해 실온에서 보관하십시오.

어린이의 손이 닿지 않는 곳에 보관하십시오.
"
8800543001739 ,케펜텍 34매,"9,000",0543001739,0543,0017,8800543001739,8800543001739,05430017,OK,199600561,OK,"이 약은 퇴행성관절염(골관절염), 어깨관절주위염, 건(힘줄)ㆍ건초염(힘줄윤활막염), 건(힘줄)주위염, 상완골(위팔뼈)상과염(테니스 엘보우 등), 근육통, 외상(상처)후의 종창(부기)ㆍ동통(통증)의 진통ㆍ소염(항염)에 사용합니다.
","약면의 박리지를 떼어낸 후 환부에 1일 2회 부착합니다.
",,,"드물게 쇽(두드러기, 호흡곤란, 얼굴부기 등 과민성유사증상), 천식발작(건성수포음, 천명, 호흡곤란), 때때로 발적, 발진, 가려움, 수포, 짓무름, 자극감 및 종창 등의 접촉피부염, 피부건조 및 색소침착, 직사일광에 의한 광과민증, 피부발진이 전신으로 확대되어 나타나는 경우 사용을 즉각 중지하고 의사 또는 약사와 상의하십시오.
","습기와 빛을 피해 실온에서 보관하십시오.

어린이의 손이 닿지 않는 곳에 보관하십시오.
"
8800543002927 ,제일 핫파프 5매,"2,000",0543002927,0543,0029,8800543002927,8800543002927,05430029,OK,198400249,OK,"이 약은 삠, 타박상, 근육통, 관절통, 골절통, 요(허리)통, 어깨결림, 신경통, 류마티스통증의 진통ㆍ소염(항염)에 사용합니다.
","약면의 폴리에스테르필름을 벗기고 환부(질환 부위)에 1일 1~2회 붙입니다.
",,,"발진ㆍ발적(충혈되어 붉어짐), 가려움, 통증 등이 나타나는 경우 사용을 즉각 중지하고 의사 또는 약사와 상의하십시오.
","습기와 빛을 피해 실온에서 보관하십시오.

어린이의 손이 닿지 않는 곳에 보관하십시오.
"
8800543004013 ,한방파프 수에스 6매,"3,000",0543004013,0543,0040,8800543004013,8800543004013,05430040,OK,200905482,OK,"이 약은 삠, 타박상, 근육통, 관절통, 요(허리)통, 어깨결림, 동창(언 상처)의 진통·소염에 사용합니다.",성인은 1일 1~2회 약면의 비닐을 떼어버리고 나서 환부에 붙입니다.,,,"발진ㆍ발적, 가려움 등이 나타나는 경우 사용을 즉각 중지하고 의사 또는 약사와 상의하십시오.",빛을 피해 실온에서 보관하십시오.어린이의 손이 닿지 않는 곳에 보관하십시오.
8800543005027 ,디쿨24(24매),"10,000",0543005027,0543,0050,8800543005027,8800543005027,05430050,OK,201800106,OK,"이 약은 퇴행성 관절염(골관절염), 어깨관절 주위염, 힘줄 및 힘줄윤활막염, 힘줄주위염, 위팔뼈상과염(테니스엘보 등), 근육통(근, 근막성, 허리통증 등), 외상(상처) 후 부기 및 통증의 진통∙소염에 사용합니다.
","15세 이상의 성인은 1회 1매씩, 1일 1회 환부(질환 부위)에 붙이십시오.
",,"이 약을 사용하는 동안 디클로페낙 제제 혹은 비스테로이드 소염제(항염증제)를 국소적으로 적용하거나 복용하지 마십시오.

뉴퀴놀론계 항균제(에녹사신 등), 루프 이뇨제(푸로세미드 등), 티아자이드계 이뇨제, 지혈을 방해하는 약물(와파린 등), 항혈소판제(아스피린 등), 선택적 세로토닌 재흡수 억제제 및 세로토닌 노르에피네프린 재흡수 억제제를 투여하는 환자는 의사 또는 약사와 상의하십시오.
","때때로 피부염, 가려움, 충혈되어 붉어짐, 거칠어짐, 자극감 등이 나타나는 경우 사용을 즉각 중지하고 의사 또는 약사와 상의하십시오.

피부에 손상이 있을 경우 사용하면 일시적인 자극 및 저린감을 일으킬 수 있으므로 주의하십시오.

광선과민반응, 부종(부기), 피부박탈, 습진, 피부건조, 드물게 수포형성, 색소침착, 매우 드물게 과민반응, 혈관신경성 부종(부기), 천식 등이 나타나는 경우 사용을 즉각 중지하고 의사 또는 약사와 상의하십시오.

탈락성 피부염, 스티븐스-존슨 증후군 및 독성 표피괴사 같은 중대한 피부 이상반응, 위 또는 장관의 출혈, 궤양 및 천공을 포함하는 중대한 위장관계 이상반응이 나타나는 경우 사용을 즉각 중지하고 의사 또는 약사와 상의하십시오.
","습기와 빛을 피해 실온에서 보관하십시오.

어린이의 손이 닿지 않는 곳에 보관하십시오.
"
8800543007595 ,케펜텍 핫 34매,"9,900",0543007595,0543,0075,8800543007595,8800543007595,05430075,OK,199600561,OK,"이 약은 퇴행성관절염(골관절염), 어깨관절주위염, 건(힘줄)ㆍ건초염(힘줄윤활막염), 건(힘줄)주위염, 상완골(위팔뼈)상과염(테니스 엘보우 등), 근육통, 외상(상처)후의 종창(부기)ㆍ동통(통증)의 진통ㆍ소염(항염)에 사용합니다.
","약면의 박리지를 떼어낸 후 환부에 1일 2회 부착합니다.
",,,"드물게 쇽(두드러기, 호흡곤란, 얼굴부기 등 과민성유사증상), 천식발작(건성수포음, 천명, 호흡곤란), 때때로 발적, 발진, 가려움, 수포, 짓무름, 자극감 및 종창 등의 접촉피부염, 피부건조 및 색소침착, 직사일광에 의한 광과민증, 피부발진이 전신으로 확대되어 나타나는 경우 사용을 즉각 중지하고 의사 또는 약사와 상의하십시오.
","습기와 빛을 피해 실온에서 보관하십시오.

어린이의 손이 닿지 않는 곳에 보관하십시오.
"
8800543007816 ,트리싹 10T,"2,500",0543007816,0543,0078,8800543007816,8800543007816,05430078,OK,201907458,OK,"이 약은 식도역류 및 열공헤르니아, 위ㆍ십이지장염, 위ㆍ십이지장궤양에 있어서의 소화기능이상(복통, 소화불량, 구역, 구토), 과민성대장증후군, 경련성 결장, 소아 질환(습관성 구토, 비감염성 장관통과장애(변비, 설사))에 사용합니다.
","성인은 1회 100~200 mg씩, 1일 3회 식전에 경구투여합니다.

연령, 증상에 따라 적절히 증감합니다.
",,,"드물게 발진 등이 나타나는 경우 복용을 즉각 중지하고 의사 또는 약사와 상의하십시오.

드물게 변비, 설사, 복명(창자 가스소리), 구역, 구토, 소화장애, 구갈(목마름증), 구내마비감, 심계항진(두근거림), 피로감, 졸음, 현기(어지러움), 권태감, 두통, GOT, GPT 상승 등이 나타날 수 있습니다.
","실온에서 보관하십시오.
"
8800543008059 ,케펜텍 쿨 34매,"9,000",0543008059,0543,0080,8800543008059,8800543008059,05430080,OK,199600561,OK,"이 약은 퇴행성관절염(골관절염), 어깨관절주위염, 건(힘줄)ㆍ건초염(힘줄윤활막염), 건(힘줄)주위염, 상완골(위팔뼈)상과염(테니스 엘보우 등), 근육통, 외상(상처)후의 종창(부기)ㆍ동통(통증)의 진통ㆍ소염(항염)에 사용합니다.
","약면의 박리지를 떼어낸 후 환부에 1일 2회 부착합니다.
",,,"드물게 쇽(두드러기, 호흡곤란, 얼굴부기 등 과민성유사증상), 천식발작(건성수포음, 천명, 호흡곤란), 때때로 발적, 발진, 가려움, 수포, 짓무름, 자극감 및 종창 등의 접촉피부염, 피부건조 및 색소침착, 직사일광에 의한 광과민증, 피부발진이 전신으로 확대되어 나타나는 경우 사용을 즉각 중지하고 의사 또는 약사와 상의하십시오.
","습기와 빛을 피해 실온에서 보관하십시오.

어린이의 손이 닿지 않는 곳에 보관하십시오.
"
8800551016114 ,[일양] 맥쎈 10C,"1,500",0551016114,0551,0161,8800551016114,8800551016114,05510161,OK,201404850,OK,"이 약은 류마티양 관절염, 골관절염(퇴행성 관절질환), 강직성 척추염, 건염(힘줄염), 급성통풍, 월경곤란증과 활액(윤활)낭염, 골격근장애(염좌(삠), 좌상(타박상), 외상(상처), 요천통(허리통증), 수술후 동통(통증), 편두통, 발치(이를 뽑음)후 동통(통증)에 사용합니다.
","성인은 류마티양 관절염, 골관절염, 강직성 척추염에는 1회 1~2캡슐(250~500 mg), 1일 2회(12시간마다), 급성통풍에는 초회량(처음 복용량)으로 3캡슐(750 mg) 복용하고 발작이 소실(없어짐)될 때까지 8시간 간격으로 1캡슐(250 mg)을 복용합니다.

골격근장애, 수술후 동통(통증), 발치(이를 뽑음)후 동통(통증), 월경곤란증, 건염(힘줄염), 활액(윤활)낭염에는 초회량(처음 복용량)으로 2캡슐(500 mg)을 복용한 후 6~8시간 간격으로 1캡슐(250 mg)씩 복용하고 1일 총용량이 5캡슐(1,250 mg)을 초과하지 않도록 합니다.

편두통에는 초회량(처음 복용량)으로 3캡슐(750 mg)을 복용하고 필요하면 1일 1~2캡슐(250 ~ 500 mg)을 더 복용할 수 있으며 초회량(처음 복용량)의 복용 30분 후에 복용합니다. 1일 총용량이 5캡슐(1,250 mg)을 초과하지 않도록 합니다.
",,"다른 비스테로이드성 소염진통제 및 나프록센 유도체와 함께 복용하지 마십시오.

히단토인계 항간질제, 설파제, 설포닐요소계 혈당강하제, 프로프라놀롤 및 다른 -차단제, ACE 저해제(캅토프릴 등), 루프계 및 티아지드계 이뇨제, 프로베네시드, 아스피린, 리튬, 메토트렉세이트, 쿠마린계 항응혈제(와파린 등), 지도부딘, 뉴퀴놀론계 항생물질(에녹사신 등)과 함께 복용 시 의사 또는 약사와 상의하십시오.
","드물게 쇽증상(호흡곤란, 혈압강하, 서맥(느린 맥), 식은땀, 부종(부기) 등), PIE증후군(호산구증가를 수반하는 폐침윤 : 발열, 천명(숨을 쌕쌕거림), 기침, 가래를 동반함), 두드러기, 때때로 발진, 가려움 등의 과민증상, 토혈(혈액구토), 위장출혈, 소화성궤양, 천공(뚫림), 드물게 무과립구증, 호산구증다, 백혈구감소, 혈소판감소, 재생불량성빈혈, 용혈성(적혈구파괴성)빈혈, 혈소판 기능저하, 무균성 수막염(심한 두통, 구역, 구토, 불면, 목이 뻣뻣함, 발열 또는 의식장애), 때때로 습진, 발한(땀이 남), 자반(자주색 반점) 드물게 광과민증, 탈모, 발적(충혈되어 붉어짐), 괴사성용해, 다형성홍반(여러 모양의 붉은 반점), 스티븐스-존슨증후군(피부점막안증후군), 두드러기, 표피수포증등이 나타나는 경우 복용을 즉각 중지하고 의사 또는 약사와 상의하십시오.

때때로 위부불쾌감, 위통, 복통(배아픔), 구역, 구토, 식욕부진, 소화불량, 가슴쓰림, 설사, 변비, 구내염(입안염), 드물게 복부팽만감, 흑변, 구갈, 드물게 GOT, GPT 상승, 황달, 간염, 신장애(신장장애), 사구체 신염(신장염), 혈뇨, 고칼륨혈증, 간질성신염(신장염), 신증후군, 신장(콩팥) 유두괴사, 단백뇨(단백질이 섞인 오줌), 때때로 졸음, 인식기능장애, 드물게 현기(어지러움), 두통, 수족저림, 정력감퇴, 피로, 우울, 비정상적인 꿈, 집중능력 상실, 지남력상실, 불면, 근육통, 근쇠약, 이명(귀울림), 청각장애, 시각장애, 때때로 부종(부기), 호흡곤란, 드물게 심계항진(두근거림), 근무력증(근육무력증), 울혈성심부전, 호산구성 폐렴, 아나필락시양 반응, 월경장애, 오한(춥고 떨리는 증상)과 발열, 맥관염(혈관염), 고혈당, 저혈당 등이 나타날 수 있습니다.
","실온에서 보관하십시오.

어린이의 손이 닿지 않는 곳에 보관하십시오.
"
8800572000512 ,액티넘 이엑스플러스 120T,"28,000",0572000512,0572,0005,8800572000512,8800572000512,05720005,OK,201310917,OK,"이 약은 육체피로, 병중ㆍ병후의 체력 저하 시, 임신ㆍ수유기의 비타민 B1, B6, B12의 보급과 눈의 피로, 근육통, 관절통(어깨결림, 요통, 오십견등), 신경통, 손 발의 저림 증상의 완화에 사용합니다.","15세 이상 1회 2~3정씩, 1일 1회 식후 즉시 씹지 말고 복용합니다.",,레보도파와 함께 복용하지 마십시오.에스트로겐을 포함한 경구용 피임제와 함께 복용 시 의사 또는 약사와 상의하십시오.,"위부불쾌감, 설사, 변비, 발진, 발적, 가려움, 오심/구역, 구토, 묽은 변, 구내염, 생리가 예정보다 빨라지거나 양이 점점 많아지거나, 출혈이 오래 지속될 경우 복용을 즉각 중지하고 의사 또는 약사와 상의하십시오.",습기와 빛을 피해 실온에서 보관하십시오.어린이의 손이 닿지 않는 곳에 보관하십시오.
8800572001410 ,라미실 크림,"4,500",0572001410,0572,0014,8800572001410,8800572001410,05720014,OK,199304286,OK,"이 약은 피부사상균에 의한 피부진균(곰팡이)감염증(족부백선(발백선증, 무좀), 고부백선(대퇴부백선)(완선(사타구니백선)), 체부백선), 어루러기, 피부칸디다증에 사용합니다.
","1일 1~2회 환부(질환부위)에 바릅니다.

질환에 따른 치료기간은 족부백선(발백선증, 무좀)인 경우 1일 1회 1주, 지간(발가락사이)형 족부백선(발백선증, 무좀)인 경우 1일 2회 1주, 족저형(발바닥) 족부백선(발백선증, 무좀)인 경우 1일 2회 2주, 체부백선, 고부백선(대퇴부백선)(완선(사타구니백선))인 경우 1~2주, 피부칸디다증인 경우 1~2주, 어루러기인 경우 2주간 사용합니다.

사용 전에 환부(질환 부위)를 깨끗이 씻고, 완전히 건조시킨후 1일 1~2회 환부(질환부위)에 얇게 펴 부드럽게 문지르면서 바릅니다. 특히 밤에는, 피부가 겹치는 부위의 감염(유방밑, 손·발가락 사이, 둔부(엉덩이, 볼기) 사이, 서혜부)의 영우 도포 부위를 거즈 조각으로 덮을 수 있습니다.
",,,"과민반응, 드물게 눈 자극, 흔하게 피부박리(벗겨짐), 가려움, 흔하지 않게 피부 병변(병에 의한 몸의 변화), 딱지, 피부질환, 색소침착이상, 홍반(붉은 반점), 피부 화끈감, 드물게 피부 건조, 접촉 피부염, 습진, 발진, 흔하지 않게 통증, 적용부위 통증, 적용부위 자극감 등이 나타나는 경우 사용을 즉각 중지하고 의사 또는 약사와 상의하십시오.
","실온에서 보관하십시오.

어린이의 손이 닿지 않는 곳에 보관하십시오.
"
8800572001717 ,라미실원스 4g,"16,000",0572001717,0572,0017,8800572001717,8800572001717,05720017,OK,200710625,OK,"이 약은 피부사상균에 의한 피부진균감염증(족부백선(발백선증,무좀))에 사용합니다.
","사용 전에 환부(질환 부위)를 깨끗이 씻고, 완전히 건조시킨후 환부(질환 부위)와 그 주위가 충분히 적셔지도록 충분한 양을 단 1회 적용합니다.

병소(아픈부위)가 나타나지 않은 쪽 발이라 할지라도, 양쪽 발에 발가락 사이 모두 얇게 펴 바르고 발바닥 전체와 발바닥으로부터 약 1.5 cm 높이까지 이 약을 적용하고, 필름이 될 때까지 1~2분간 건조시킵니다.

이 약 적용 시에는 문질러 바르지 않습니다.

이 약의 효과를 높이려면 적용 후 24시간 동안 씻지 않고 그대로 두어야 하기 때문에 샤워 또는 목욕 후에 바르기를 권장하고 그 다음날의 같은 시간 까지 기다린 후 발을 다시 씻으십시오.
",,,"매우 드물게 발진, 가려움, 물집피부염 및 두드러기, 흔하지 않게 피부 건조함, 피부 자극 또는 작열감(화끈감) 등이 나타나는 경우 사용을 즉각 중지하고 의사 또는 약사와 상의하십시오.
","15~30℃에서 보관하십시오.

어린이의 손이 닿지 않는 곳에 보관하십시오.

화기 근처에 두지 마십시오.
"
8800576000648 ,파인큐 이부펜시럽 20ml x 5P,"2,500",0576000648,0576,0006,8800576000648,8800576000648,05760006,OK,201904193,OK,"이 약은 류마티양 관절염, 연소성(어리거나 젊은나이에 나타나는) 류마티양 관절염, 골관절염(퇴행성 관절질환), 감기로 인한 발열 및 동통, 요통, 월경곤란증, 수술 후 동통과 강직성 척추염, 두통, 치통, 근육통, 신경통, 급성통풍, 건선성 관절염, 연조직손상(염좌, 좌상), 비관절 류마티스질환(건염, 건초염, 활액낭염)에 사용합니다.
","류마티양 관절염, 골관절염, 강직성 척추염, 연조직손상, 비관절 류마티스질환, 급성통풍, 건선성 관절염에 성인은 1회 200~600 mg씩, 1일 3~4회 복용하며 1일 최고 3,200 mg까지 복용할 수 있습니다. 

연소성 류마티양 관절염에는 1일 체중 kg당 30~40 mg씩, 3~4회 분할하여 복용합니다.

경증 및 중등도의 동통, 감기에 성인은 1회 200~400 mg씩, 1일 3~4회, 11~14세 어린이는 1회 200~250 mg(10~13 mL)씩, 7~10세는 1회 150~200 mg(8~10 mL)씩, 3~6세는 1회 100~150 mg(5~8 mL)씩, 1~2세는 1회 50~100 mg(3~5 mL)씩, 1일 3~4회 복용합니다.

체중이 30 kg미만인 어린이는 1일 용량이 500 mg(25 mL)을 초과해서는 안되며 공복시 복용은 피하는 것이 바람직합니다.
","매일 세잔 이상 정기적 음주자가 이 약 또는 다른 해열진통제를 복용할 때는 의사 또는 약사와 상의하십시오. 위장출혈을 일으킬 수 있습니다.
이 약 복용 시 치명적일 수 있는 중대한 심혈관계 혈전 반응, 심근경색증, 뇌졸중의 위험이 증가하며, 위장관 출혈, 궤양 및 천공 등 심각한 위장관계 이상반응이 나타날 수 있습니다.
","다른 비스테로이드성 소염진통제, 항암요법으로 고용량의 메토트렉세이트와 함께 복용하지 마십시오.

저용량 아스피린, ACE 저해제, 리튬, 푸로세미드 및 티아지드계 이뇨제, 저용량의 메토트렉세이트, 쿠마린계 항응혈제(와파린 등), 선택적 세로토닌 재흡수억제제와 함께 복용 시 의사 또는 약사와 상의하십시오.
","쇽 증상(흉내고민(가슴쓰림), 오한, 호흡곤란, 혈압저하 등), 헤마토크릿 감소, 헤모글로빈 감소, 빈혈, 재생불량성빈혈, 용혈성빈혈, 무과립구증, 과립구감소, 백혈구감소, 혈소판감소, 혈소판기능저하(출혈시간 연장), 호산구증가 등의 혈액장애, 소화성궤양, 위장관궤양, 위장출혈, 천공(뚫림), 궤양성 대장염, 혈변, 위염, 췌장염, 토혈(혈액구토), 크론병, 식욕부진, 구역, 구토, 복통, 소화불량, 설사, 위부불쾌감, 상복부 통증, 구갈, 구내염, 복부팽만감, 구강궤양, 변비, 흑변, 피부점막안증후군(스티븐스-존슨증후군), 독성표피괴사용해(리엘증후군), 광민감 반응, 호산구 증가 및 전신 증후군을 동반한 약물 발진(DRESS 증후군), 혈관신경성 부종, 수포성피부염, 다형 홍반, 반구진 발진, 피부 붉어짐, 수포(물집), 발진, 간염, 황달, GOT, GPT, ALP의 상승 등과 같은 간기능이상, 간장애, 과민증 또는 아나필락시스 반응, 천식발작, 두드러기, 습진, 자반(자주색반점), 발진, 가려움증, 천식, 기관지수축, 호흡곤란 또는 쌕쌕거림, 암점(시야불능부위) 등 시각장애, 난청(귀먹음), 이명(귀울림), 미각이상, 현기증, 졸음, 어지러움, 우울, 두통, 뇌혈관 사고 또는 신경질, 무균성 수막염 또는 수막염(심한 두통, 구역, 구토, 불면, 목이 뻣뻣함, 발열 또는 의식장애 등의 증상), 혈압저하, 혈압상승, 심계항진(두근거림), 심부전, 심근경색증 또는 협심증, 급성신부전, 핍뇨(소변감소), 혈뇨, 요단백, BUN, 혈중크레아티닌의 상승, 고칼륨혈증, 간질성 콩팥염, 콩팥염증후군, 콩팥유두괴사, 요량 감소, 전신부종 및 이에 수반하는 숨가쁨, 나른함, 안와주위부종(눈주변 부기), 안면부종(얼굴부기), 권태감, 발열, 비출혈(코피), 부종(부기), 말초부종 등이 나타나는 경우 복용을 즉각 중지하고 의사 또는 약사와 상의하십시오.
","빛을 피해 실온에서 보관하십시오.

어린이의 손이 닿지 않는 곳에 보관하십시오.
"
8800576008927 ,파인큐 아세트펜시럽 20ml x 5P,"2,500",0576008927,0576,0089,8800576008927,8800576008927,05760089,OK,202103611,OK,"이 약은 감기로 인한 발열 및 통증, 두통, 신경통, 근육통, 월경통, 염좌통(삔 통증), 치통, 관절통, 류마티양 통증에 사용합니다. 
","만 12세 이하의 소아는 1회 권장용량을 4~6시간 마다 필요시 복용합니다.

이 약은 가능한 최단기간동안 최소 유효용량으로 복용하며, 1일 5회 (75 mg/kg)를 초과하여 복용하지 않습니다.

연령대별 권장용량은 허가사항을 참고하십시오.
","매일 세잔 이상 정기적 음주자가 이 약 또는 다른 해열진통제를 복용할 때는 의사 또는 약사와 상의하십시오. 간손상을 일으킬 수 있습니다.

매우 드물게 치명적일 수 있는 급성전신발진고름물집증, 스티븐스- 존슨증후군, 독성표피괴사용해와 같은 중대한 피부반응이 보고되었고 이 약 복용 후 피부발진 또는 다른 과민반응의 징후가 나타나는 경우 즉시 복용을 중단하십시오.

아세트아미노펜으로 일일 최대 용량(4,000 mg)을 초과하여 복용하지 마십시오. 간손상을 일으킬 수 있습니다. 아세트아미노펜을 포함하는 다른 제품과 함께 복용하지 마십시오.
","아세트아미노펜을 포함하는 다른 제품, 다른 소염(항염)진통제, 바르비탈계 약물, 삼환계 항우울제, 알코올과 함께 복용하지 마십시오.

와파린, 리튬, 타아지드계 이뇨제와 함께 복용 시 의사 또는 약사와 상의하십시오.
","쇽 증상(호흡곤란, 온몸이 붉어짐, 혈관부기, 두드러기 등), 천식발작, 혈소판 감소, 과립구감소, 용혈성빈혈, 메트헤모글로빈혈증, 혈소판기능 저하(출혈시간 연장), 청색증, 구역, 구토, 식욕부진, 위장출혈, 소화성궤양, 천공(뚫림), 과민증상(얼굴부기, 땀이 남, 저혈압), 발진, 피부점막안증후군(스티븐스-존슨증후군), 독성표피괴사용해(리엘증후군), AST 상승, ALT 상승, 고정발진 등이 나타나는 경우 복용을 즉각 중지하고 의사 또는 약사와 상의하십시오.
 
","습기와 빛을 피해 실온에서 보관하십시오.

어린이의 손이 닿지 않는 곳에 보관하십시오.
"
8800576010128 ,파인큐 나프록센 현탁액 10m l x5P,"2,500",0576010128,0576,0101,8800576010128,8800576010128,05760101,OK,202402681,NO_ITEM,,,,,,
8800724 000520,장엔폴,"2,000",0724000520,0724,0005,8800724000520,8800724000520,07240005,OK,202102399,OK,"이 약은 설사, 복통(배아픔)을 수반하는 설사, 체함, 묽은 변, 토사에 사용합니다.
","만 15세 이상은 1회 2캡슐씩, 1일 3회 식후 30분에 복용합니다.

복용간격은 4시간 이상으로 합니다.
",,"위장진통, 진경제와 함께 복용하지 마십시오.
","알레르기 증상(발진, 가려움 등), 드물게 입이 마르는 증상, 급성의 심한 설사, 구역, 복통(배아픔), 복부팽만 등의 증상을 수반하는 설사를 할 경우 복용을 즉각 중지하고 의사 또는 약사와 상의하십시오.
","습기와 빛을 피해 실온에서 보관하십시오.

어린이의 손이 닿지 않는 곳에 보관하십시오.
"
8800724 004115,알진텍,"2,000",0724004115,0724,0041,8800724004115,8800724004115,07240041,OK,202203876,OK,"이 약은 계절성 및 다년성 알레르기성 비염, 알레르기성 결막염, 만성 특발성 두드러기, 피부가려움증, 습진, 피부염에 사용합니다.
","성인 및 6세 이상의 소아는 1일 1회 10 mg을 취침 전에 복용합니다.

이상반응에 민감한 환자의 경우는 5 mg씩을 아침, 저녁에 나누어 복용합니다.

연령, 증상에 따라 적절히 증감하며, 신장애 환자에 대한 권장용량은 허가사항을 참고하십시오.
",,"테오필린, 리토나비어, 알코올과 함께 복용하지 마십시오.

복용 중 음주하지 마십시오.
","졸음, 두통, 때때로 권태감, 마비감, 무력증, 초조, 감각이상, 드물게 가볍고 일시적인 나른함, 피로, 어지러움, 머리무거움, 흥분, 경련, 운동이상, 근육긴장이상, 실신, 떨림, 공격성, 혼돈, 우울, 환각, 불면증, 틱 장애, 기억상실, 기억장애, 자살관념, 악몽, 때때로 목마름, 입술건조감, 구역, 식욕부진, 위부불쾌감, 소화불량, 복통, 위통, 복부불쾌감, 설사, 드물게 구토, 위장장애, 입술염, 미각이상, 식욕증진, 드물게 빠른맥, 부정맥, 혈압상승, 때때로 두근거림, 혈관염, 때때로 백혈구 감소, 호중구 감소, 림프구 증가, 호산구 증가, 드물게 단구 증가, 혈소판 증가, 혈소판 감소, 광과민증, 드물게 과민증 및 과민성 쇼크, 때때로 부기, 가려움, 발진, 드물게 두드러기, 혈관신경성부종, 고정약물발진, 급성전신반질고름물집증, 드물게 시야 흐림, 결막충혈, 안조절 장애, 안운동발작, 현기증, 때때로 AST, ALT, ALP, 총빌리루빈, -GTP, LDH의 상승 등 간기능 장애, 황달, 간염, 때때로 BUN 상승, 당뇨, 피섞인 소변, 드물게 배뇨 곤란, 야뇨증, 소변고임, 관절통, 근육통, 인두염, 기침, 코피, 기관지경련, 청력이상, 시각이상, 때때로 가슴통증, 드물게 월경불순, 귀울림, 비염, 체중 증가 등이 나타나는 경우 복용을 즉각 중지하고 의사 또는 약사와 상의하십시오.
","실온에서 보관하십시오.

어린이의 손이 닿지 않는 곳에 보관하십시오.
"
8800724000520 ,[보령] 장엔폴 10C,"2,000",0724000520,0724,0005,8800724000520,8800724000520,07240005,OK,202102399,OK,"이 약은 설사, 복통(배아픔)을 수반하는 설사, 체함, 묽은 변, 토사에 사용합니다.
","만 15세 이상은 1회 2캡슐씩, 1일 3회 식후 30분에 복용합니다.

복용간격은 4시간 이상으로 합니다.
",,"위장진통, 진경제와 함께 복용하지 마십시오.
","알레르기 증상(발진, 가려움 등), 드물게 입이 마르는 증상, 급성의 심한 설사, 구역, 복통(배아픔), 복부팽만 등의 증상을 수반하는 설사를 할 경우 복용을 즉각 중지하고 의사 또는 약사와 상의하십시오.
","습기와 빛을 피해 실온에서 보관하십시오.

어린이의 손이 닿지 않는 곳에 보관하십시오.
"
8800724004115 ,(경보)알진텍 10T,"2,000",0724004115,0724,0041,8800724004115,8800724004115,07240041,OK,202203876,OK,"이 약은 계절성 및 다년성 알레르기성 비염, 알레르기성 결막염, 만성 특발성 두드러기, 피부가려움증, 습진, 피부염에 사용합니다.
","성인 및 6세 이상의 소아는 1일 1회 10 mg을 취침 전에 복용합니다.

이상반응에 민감한 환자의 경우는 5 mg씩을 아침, 저녁에 나누어 복용합니다.

연령, 증상에 따라 적절히 증감하며, 신장애 환자에 대한 권장용량은 허가사항을 참고하십시오.
",,"테오필린, 리토나비어, 알코올과 함께 복용하지 마십시오.

복용 중 음주하지 마십시오.
","졸음, 두통, 때때로 권태감, 마비감, 무력증, 초조, 감각이상, 드물게 가볍고 일시적인 나른함, 피로, 어지러움, 머리무거움, 흥분, 경련, 운동이상, 근육긴장이상, 실신, 떨림, 공격성, 혼돈, 우울, 환각, 불면증, 틱 장애, 기억상실, 기억장애, 자살관념, 악몽, 때때로 목마름, 입술건조감, 구역, 식욕부진, 위부불쾌감, 소화불량, 복통, 위통, 복부불쾌감, 설사, 드물게 구토, 위장장애, 입술염, 미각이상, 식욕증진, 드물게 빠른맥, 부정맥, 혈압상승, 때때로 두근거림, 혈관염, 때때로 백혈구 감소, 호중구 감소, 림프구 증가, 호산구 증가, 드물게 단구 증가, 혈소판 증가, 혈소판 감소, 광과민증, 드물게 과민증 및 과민성 쇼크, 때때로 부기, 가려움, 발진, 드물게 두드러기, 혈관신경성부종, 고정약물발진, 급성전신반질고름물집증, 드물게 시야 흐림, 결막충혈, 안조절 장애, 안운동발작, 현기증, 때때로 AST, ALT, ALP, 총빌리루빈, -GTP, LDH의 상승 등 간기능 장애, 황달, 간염, 때때로 BUN 상승, 당뇨, 피섞인 소변, 드물게 배뇨 곤란, 야뇨증, 소변고임, 관절통, 근육통, 인두염, 기침, 코피, 기관지경련, 청력이상, 시각이상, 때때로 가슴통증, 드물게 월경불순, 귀울림, 비염, 체중 증가 등이 나타나는 경우 복용을 즉각 중지하고 의사 또는 약사와 상의하십시오.
","실온에서 보관하십시오.

어린이의 손이 닿지 않는 곳에 보관하십시오.
"
8800732001714 ,콘트라민정[GC녹십자],"60,000",0732001714,0732,0017,8800732001714,8800732001714,07320017,OK,,NO_ITEMSEQ,,,,,,
8800732005319 ,아렉스알파 10T,"2,000",0732005319,0732,0053,8800732005319,8800732005319,07320053,OK,202302045,OK,"이 약은 두통, 치통, 발치후 동통(통증), 인후통, 귀의 통증, 관절통, 신경통, 요통, 근육통, 견통(어깨결림), 타박통, 골절통, 염좌통(삔 통증), 월경통(생리통), 외상통의 진통 및 오한, 발열시의 해열에 사용합니다.
","만 15세 이상 및 성인은 1회 1정, 1일 3회까지로 하고 공복(빈 속)시를 피하여 복용합니다.

복용간격은 4시간 이상으로 하십시오.
","매일 세잔 이상 정기적 음주자가 이 약 또는 다른 해열진통제를 복용할 때는 의사 또는 약사와 상의하십시오. 간손상을 일으킬 수 있습니다.
매우 드물게 치명적일 수 있는 급성전신발진고름물집증, 스티븐스-존슨 증후군, 독성표피괴사용해와 같은 중대한 피부반응이 보고되었고 이 약 복용 후 피부발진 또는 다른 과민반응의 징후가 나타나는 경우 즉시 복용을 중단하십시오.
아세트아미노펜으로 일일 최대 용량(4,000 mg)을 초과하여 복용하지 마십시오. 간손상을 일으킬 수 있습니다. 아세트아미노펜을 포함하는 다른 제품과 함께 복용하지 마십시오.
","다른 해열진통제, 감기약, 진정제와 함께 복용하지 마십시오.

바르비탈계 약물, 삼환계 항우울제와 함께 복용 시 의사 또는 약사와 상의하십시오.

복용 중에는 음주하지 마십시오.
","발진·발적(충혈되어 붉어짐), 가려움, 구역·구토, 식욕부진, 변비, 어지러움, 부종(부기), 쇽 증상(두드러기, 부종(부기), 가슴답답함 등과 함께 안색이 창백하고, 손발이 차고, 식은땀, 숨쉬기 곤란함 등), 피부점막안증후군(스티븐스-존슨증후군), 중독성표피괴사용해(리엘증후군), 천식, 간기능장애(전신의 나른함, 황달(피부 또는 눈의 흰자위가 황색을 띄게 됨)등) 등이 나타나거나 5~6회 복용하여도 증상이 좋아지지 않을 경우는 복용을 즉각 중지하고 의사 또는 약사와 상의하십시오.
","습기와 빛을 피해 실온에서 보관하십시오.

어린이의 손이 닿지 않는 곳에 보관하십시오.
"
8800732006019 ,[일양]엔디펜알파 10T,"2,000",0732006019,0732,0060,8800732006019,8800732006019,07320060,OK,202400151,OK,"이 약은 신경통, 요통(허리통), 어깨결림에 사용합니다.
","성인은 1회 1~2정씩, 1일 2회 동통(통증) 또는 발작시에 복용합니다.
",,"다른 해열진통제, 감기약, 진정약 등과 함께 복용하지 마십시오.
","발진, 발적(충혈되어 붉어짐), 구역, 구토, 변비, 식욕부진, 현기증 등이 나타나는 경우 복용을 즉각 중지하고 의사 또는 약사와 상의하십시오.
","습기와 빛을 피해 실온에서 보관하십시오.

어린이의 손이 닿지 않는 곳에 보관하십시오.
"
8800742000601 ,둘코락스에스장용정 5mg 40정,"10,500",0742000601,0742,0006,8800742000601,8800742000601,07420006,OK,200906478,OK,"이 약은 변비와 변비에 수반하는 식욕부진(식욕감퇴), 복부팽만, 장내이상발효, 치질의 완화에 사용합니다.","만 15세 이상은 1회 2정, 만 11 이상~만 15세 미만은 1회 1~2정, 만 7세 이상~만 11세 미만은 1회 1정, 1일 1회 취침 시에 복용합니다.다만, 초회는 최소량을 복용하고 변의 모양과 상태를 보면서 조금씩 증량 또는 감량합니다.",,"제산제, 우유 섭취 후 1시간 이내, 미네랄 오일을 함께 복용하지 마십시오.이뇨제나 부신피질호르몬제, 다른 완화제를 함께 복용 시 의사 또는 약사와 상의하십시오.","발진ㆍ충혈되어 붉어짐, 가려움, 심한 복통(배 아픔), 설사, 구토, 복부(배부분)불쾌감, 경련, 아나필락시스 반응, 혈관 부종, 과민반응, 탈수, 복부(배부분) 경련, 오심, 혈변, 직장과 항문의 불쾌감, 대장염(허혈성 대장염 포함), 어지러움, 실신이 나타나는 경우 복용을 즉각 중지하고 의사 또는 약사와 상의하십시오.",습기와 빛을 피해 실온에서 보관하십시오.어린이의 손이 닿지 않는 곳에 보관하십시오.
8801206002247 ,비타C젤리 오렌지향 42g,"1,000",1206002247,1206,0022,8801206002247,8801206002247,12060022,OK,,NO_ITEMSEQ,,,,,,
8801206002254 ,비타C젤리 42G(오렌지향) x 10개입,"10,000",1206002254,1206,0022,8801206002254,8801206002254,12060022,OK,,NO_ITEMSEQ,,,,,,
8801206003329 ,비타C젤리 샤인머스켓향 42g,"1,000",1206003329,1206,0033,8801206003329,8801206003329,12060033,OK,,NO_ITEMSEQ,,,,,,
8801206003336 ,비타C젤리 42G(샤인머스킷향) x 10개,"10,000",1206003336,1206,0033,8801206003336,8801206003336,12060033,OK,,NO_ITEMSEQ,,,,,,
8801244508220 ,가드닐 S 0.67ml x 3EA,"22,500",1244508220,1244,5082,8801244508220,8801244508220,12445082,OK,,NO_ITEMSEQ,,,,,,
8801244508237 ,가드닐 M 1.34ml x 3EA,"29,700",1244508237,1244,5082,8801244508237,8801244508237,12445082,OK,,NO_ITEMSEQ,,,,,,
8801244508268 ,가드닐 L 2.68ml x 3EA,"37,800",1244508268,1244,5082,8801244508268,8801244508268,12445082,OK,,NO_ITEMSEQ,,,,,,
8801244508305 ,셀라이트60 SS 0.25ml x 3EA,"24,300",1244508305,1244,5083,8801244508305,8801244508305,12445083,OK,,NO_ITEMSEQ,,,,,,
8801244508312 ,셀라이트120 S 0.25ml x 3EA,"27,000",1244508312,1244,5083,8801244508312,8801244508312,12445083,OK,,NO_ITEMSEQ,,,,,,
8801244508329 ,셀라이트120 M 0.5ml x 3EA,"32,400",1244508329,1244,5083,8801244508329,8801244508329,12445083,OK,,NO_ITEMSEQ,,,,,,
8801244508336 ,심피드 독 S 0.4ml x 3T,"29,700",1244508336,1244,5083,8801244508336,8801244508336,12445083,OK,,NO_ITEMSEQ,,,,,,
8801244508343 ,셀라이트120 L 1.0ml x 3EA,"37,800",1244508343,1244,5083,8801244508343,8801244508343,12445083,OK,,NO_ITEMSEQ,,,,,,
8801244508367 ,셀라이트120 XL 2.0ml x 3EA,"58,500",1244508367,1244,5083,8801244508367,8801244508367,12445083,OK,,NO_ITEMSEQ,,,,,,
8801244508435 ,심피드 독 M 1ml x 3T,"32,400",1244508435,1244,5084,8801244508435,8801244508435,12445084,OK,,NO_ITEMSEQ,,,,,,
8801244508534 ,심피드 독 L 2.5ml x 3T,"43,600",1244508534,1244,5085,8801244508534,8801244508534,12445085,OK,,NO_ITEMSEQ,,,,,,
8801244508633 ,심피드 독 XL 4ml x 3T,"63,000",1244508633,1244,5086,8801244508633,8801244508633,12445086,OK,,NO_ITEMSEQ,,,,,,
8801244508732 ,심피드 캣 S 0.4ml x 3T,"29,700",1244508732,1244,5087,8801244508732,8801244508732,12445087,OK,,NO_ITEMSEQ,,,,,,
8801244508831 ,심피드 캣 M 0.8ml x 3T,"32,400",1244508831,1244,5088,8801244508831,8801244508831,12445088,OK,,NO_ITEMSEQ,,,,,,
8801328313962 ,에프킬라 킨 수성 500ml,"3,300",1328313962,1328,3139,8801328313962,8801328313962,13283139,OK,,NO_ITEMSEQ,,,,,,
8801619047545 ,바세린 립 테라피 로지 립스 케어,"3,200",1619047545,1619,0475,8801619047545,8801619047545,16190475,OK,,NO_ITEMSEQ,,,,,,
8801619047552 ,바세린 립 테라피 오리지날 케어,"3,200",1619047552,1619,0475,8801619047552,8801619047552,16190475,OK,,NO_ITEMSEQ,,,,,,
8801619047576 ,바세린 립 테라피 알로에 베라 케어,"3,200",1619047576,1619,0475,8801619047576,8801619047576,16190475,OK,,NO_ITEMSEQ,,,,,,
8801619052310 ,바세린 립 테라피 민트 케어,"3,200",1619052310,1619,0523,8801619052310,8801619052310,16190523,OK,,NO_ITEMSEQ,,,,,,
8802863131189 ,루테인 지아잔틴 아스타잔틴 플러스 90C,"60,000",2863131189,2863,1311,8802863131189,8802863131189,28631311,OK,,NO_ITEMSEQ,,,,,,
8803463007362 ,VT 프로 시카 리들샷 100 2스텝 에센셀 하이드로겔 마스크팩,"4,000",3463007362,3463,0073,8803463007362,8803463007362,34630073,OK,,NO_ITEMSEQ,,,,,,
8803463007379 ,VT 하이드롭 리들샷 100hl 2스텝 아쿠아 하이드로겔 마스크팩,"4,000",3463007379,3463,0073,8803463007379,8803463007379,34630073,OK,,NO_ITEMSEQ,,,,,,
8803463007386 ,VT 레티-에이 리들샷 100 2스텝 타이트닝 하이드로겔 마스크팩,"4,000",3463007386,3463,0073,8803463007386,8803463007386,34630073,OK,,NO_ITEMSEQ,,,,,,
8803463007409 ,VT 비타-라이트 리들샷 100 2스텝 브라이트닝 하이드로겔 마스크팩,"4,000",3463007409,3463,0074,8803463007409,8803463007409,34630074,OK,,NO_ITEMSEQ,,,,,,
8803463007416 ,VT 콜라겐 리들샷 100 2스텝 퍼밍 하이드로겔 마스크팩,"4,000",3463007416,3463,0074,8803463007416,8803463007416,34630074,OK,,NO_ITEMSEQ,,,,,,
8803463008116 ,VT 피디알엔 크림 알엑스 100 60ml,"46,000",3463008116,3463,0081,8803463008116,8803463008116,34630081,OK,,NO_ITEMSEQ,,,,,,
8803463008123 ,VT 피디알엔 에센스 알엑스 100 40ml,"38,000",3463008123,3463,0081,8803463008123,8803463008123,34630081,OK,,NO_ITEMSEQ,,,,,,
8804947098746 ,브레인 1088 1200mg 120C(60C*2),"70,000",4947098746,4947,0987,8804947098746,8804947098746,49470987,OK,,NO_ITEMSEQ,,,,,,
8804947098777 ,면역 프로 알파칸 120T(60T x 2EA),"80,000",4947098777,4947,0987,8804947098777,8804947098777,49470987,OK,,NO_ITEMSEQ,,,,,,
8804973303913 ,[마즈] 엠앤엠즈 크리스피 30g,"1,500",4973303913,4973,3039,8804973303913,8804973303913,49733039,OK,,NO_ITEMSEQ,,,,,,
8804973304224 ,트윅스 미니스 500g + 160g,"11,900",4973304224,4973,3042,8804973304224,8804973304224,49733042,OK,,NO_ITEMSEQ,,,,,,
8804973304811 ,[마즈] 이클립스 페퍼민트향 34g,"2,900",4973304811,4973,3048,8804973304811,8804973304811,49733048,OK,,NO_ITEMSEQ,,,,,,
8804973304828 ,[마즈] 이클립스 스피어민트향 34g,"2,900",4973304828,4973,3048,8804973304828,8804973304828,49733048,OK,,NO_ITEMSEQ,,,,,,
8804973304835 ,[마즈] 이클립스 피치향 34g,"2,900",4973304835,4973,3048,8804973304835,8804973304835,49733048,OK,,NO_ITEMSEQ,,,,,,
8804973304842 ,[마즈] 이클립스 스트로베리향 34g,"2,900",4973304842,4973,3048,8804973304842,8804973304842,49733048,OK,,NO_ITEMSEQ,,,,,,
8804973306198 ,[마즈] 몰티져스 다크 37g,"1,500",4973306198,4973,3061,8804973306198,8804973306198,49733061,OK,,NO_ITEMSEQ,,,,,,
8804973306204 ,[마즈] 몰티져스 밀크 37g,"1,500",4973306204,4973,3062,8804973306204,8804973306204,49733062,OK,,NO_ITEMSEQ,,,,,,
8804973306488 ,[마즈] 이클립스 쿨링캔디 레몬민트향 45g,"1,500",4973306488,4973,3064,8804973306488,8804973306488,49733064,OK,,NO_ITEMSEQ,,,,,,
8804973307546 ,[마즈] 이클립스 쿨링캔디 청포도향 45g,"1,500",4973307546,4973,3075,8804973307546,8804973307546,49733075,OK,,NO_ITEMSEQ,,,,,,
8804973307959 ,[마즈] 이클립스 워터멜론향 30g,"2,900",4973307959,4973,3079,8804973307959,8804973307959,49733079,OK,,NO_ITEMSEQ,,,,,,
8804973308789 ,[마즈] 이클립스 허브꿀레몬캔디 30g,"3,000",4973308789,4973,3087,8804973308789,8804973308789,49733087,OK,,NO_ITEMSEQ,,,,,,
8804973308802 ,[마즈] 이클립스 허브배비파캔디 30g,"3,000",4973308802,4973,3088,8804973308802,8804973308802,49733088,OK,,NO_ITEMSEQ,,,,,,
8805915676119 ,락토핏 생유산균팜 2g x 60P,"13,000",5915676119,5915,6761,8805915676119,8805915676119,59156761,OK,,NO_ITEMSEQ,,,,,,
8806000001946 ,이지덤뷰티 퀵카밍 6매,"8,000",6000001946,6000,0019,8806000001946,8806000001946,60000019,OK,,NO_ITEMSEQ,,,,,,
8806001089851 ,루테인 지아잔틴 맥스 120C(60C x 2ea),"60,000",6001089851,6001,0898,8806001089851,8806001089851,60010898,OK,,NO_ITEMSEQ,,,,,,
8806002008677 ,광동생강쌍화 120ml,"1,000",6002008677,6002,0086,8806002008677,8806002008677,60020086,OK,,NO_ITEMSEQ,,,,,,
8806002008684 ,[광동] 생강쌍화 1박스(120ml x 10EA),"7,000",6002008684,6002,0086,8806002008684,8806002008684,60020086,OK,,NO_ITEMSEQ,,,,,,
8806002010878 ,[광동] 헛개파워 1박스(100ml x 10EA),"20,000",6002010878,6002,0108,8806002010878,8806002010878,60020108,OK,,NO_ITEMSEQ,,,,,,
8806002013817 ,비타500 100ml(1개),600,6002013817,6002,0138,8806002013817,8806002013817,60020138,OK,,NO_ITEMSEQ,,,,,,
8806002013824 ,비타500 A.C.E. 1박스(100ml x 10EA),"5,000",6002013824,6002,0138,8806002013824,8806002013824,60020138,OK,,NO_ITEMSEQ,,,,,,
8806002013831 ,비타500 A.C.E 1박스(100ml x 20EA),"10,000",6002013831,6002,0138,8806002013831,8806002013831,60020138,OK,,NO_ITEMSEQ,,,,,,
8806002015828 ,서주 비타500 젤리 48g,"1,000",6002015828,6002,0158,8806002015828,8806002015828,60020158,OK,,NO_ITEMSEQ,,,,,,
8806002016214 ,(서주)비타500젤리 48g x 10개입,"10,000",6002016214,6002,0162,8806002016214,8806002016214,60020162,OK,,NO_ITEMSEQ,,,,,,
8806002025131 ,가네스듀얼샷,"2,000",6002025131,6002,0251,8806002025131,8806002025131,60020251,OK,,NO_ITEMSEQ,,,,,,
8806002025148 ,가네스 듀얼샷(10개입),"20,000",6002025148,6002,0251,8806002025148,8806002025148,60020251,OK,,NO_ITEMSEQ,,,,,,
8806006100100 ,엘레나30C,"40,000",6006100100,6006,1001,8806006100100,8806006100100,60061001,OK,,NO_ITEMSEQ,,,,,,
8806006156107 ,안티푸라민 연고 30g,"2,500",6006156107,6006,1561,8806006156107,8806006156107,60061561,OK,,NO_ITEMSEQ,,,,,,
8806006156114 ,안티푸라민 연고 60g,"4,500",6006156114,6006,1561,8806006156114,8806006156114,60061561,OK,,NO_ITEMSEQ,,,,,,
8806006158644 ,센스데이 체크 1Kit,"2,000",6006158644,6006,1586,8806006158644,8806006158644,60061586,OK,,NO_ITEMSEQ,,,,,,
8806006158651 ,센스데이 얼리체크 1Kit,"3,000",6006158651,6006,1586,8806006158651,8806006158651,60061586,OK,,NO_ITEMSEQ,,,,,,
8806006158675 ,코로나19 항원자가검사 2EA,"6,000",6006158675,6006,1586,8806006158675,8806006158675,60061586,OK,,NO_ITEMSEQ,,,,,,
8806006158712 ,매직리얼허브 1호,"8,000",6006158712,6006,1587,8806006158712,8806006158712,60061587,OK,,NO_ITEMSEQ,,,,,,
8806006158729 ,매직리얼허브 2호,"8,000",6006158729,6006,1587,8806006158729,8806006158729,60061587,OK,,NO_ITEMSEQ,,,,,,
8806006201098 ,유한 당체크 개인용 혈당검사지 50개입,"15,000",6006201098,6006,2010,8806006201098,8806006201098,60062010,OK,,NO_ITEMSEQ,,,,,,
8806006201111 ,유한 당체크 측정기세트(측정기1개 + 검사지2개),"30,000",6006201111,6006,2011,8806006201111,8806006201111,60062011,OK,,NO_ITEMSEQ,,,,,,
8806006207038 ,유한 폴리코사놀5 200mg x 56T,"45,000",6006207038,6006,2070,8806006207038,8806006207038,60062070,OK,,NO_ITEMSEQ,,,,,,
8806006252151 ,해피홈 제로 바퀴 에어로솔 500ml,"4,000",6006252151,6006,2521,8806006252151,8806006252151,60062521,OK,,NO_ITEMSEQ,,,,,,
8806006300395 ,해피홈 수성 에어로솔 감귤향 500ml,"3,000",6006300395,6006,3003,8806006300395,8806006300395,60063003,OK,,NO_ITEMSEQ,,,,,,
8806006300401 ,해피홈 수성 에어로솔 피톤치드향 500ml,"2,500",6006300401,6006,3004,8806006300401,8806006300401,60063004,OK,,NO_ITEMSEQ,,,,,,
8806006306250 ,유한 루테인 지아잔틴 플러스 60C,"40,000",6006306250,6006,3062,8806006306250,8806006306250,60063062,OK,,NO_ITEMSEQ,,,,,,
8806006306427 ,유한 알티지 식물성오메가3 120C(60C x 2EA),"63,000",6006306427,6006,3064,8806006306427,8806006306427,60063064,OK,,NO_ITEMSEQ,,,,,,
8806006308506 ,와이즈바이옴프로 위&장 듀얼케어 30P,"25,000",6006308506,6006,3085,8806006308506,8806006308506,60063085,OK,,NO_ITEMSEQ,,,,,,
8806011435631 ,박카스맛 젤리 50g,"1,000",6011435631,6011,4356,8806011435631,8806011435631,60114356,OK,,NO_ITEMSEQ,,,,,,
8806011437086 ,프롬팜 루테인지아잔틴&아스타잔틴 60C,"55,000",6011437086,6011,4370,8806011437086,8806011437086,60114370,OK,,NO_ITEMSEQ,,,,,,
8806011437802 ,프롬팜 프로바이오틱스&아연 60C,"55,000",6011437802,6011,4378,8806011437802,8806011437802,60114378,OK,,NO_ITEMSEQ,,,,,,
8806011439967 ,프롬팜 키즈 칼슘챔피언 90T,"30,000",6011439967,6011,4399,8806011439967,8806011439967,60114399,OK,,NO_ITEMSEQ,,,,,,
8806011441113 ,프롬팜 리스펙타&지노밸런스 60C,"65,000",6011441113,6011,4411,8806011441113,8806011441113,60114411,OK,,NO_ITEMSEQ,,,,,,
8806011441151 ,프롬팜 싱글맥스 오메가900 120C(60C x 2),"70,000",6011441151,6011,4411,8806011441151,8806011441151,60114411,OK,,NO_ITEMSEQ,,,,,,
8806011441175 ,프롬팜 싱글맥스 프로바이오틱스 50 60P,"40,000",6011441175,6011,4411,8806011441175,8806011441175,60114411,OK,,NO_ITEMSEQ,,,,,,
8806011441380 ,프롬팜 포스파티딜세린&메모리포뮬러 60C,"40,000",6011441380,6011,4413,8806011441380,8806011441380,60114413,OK,,NO_ITEMSEQ,,,,,,
8806011442509 ,박카스맛 젤리 42g,"1,000",6011442509,6011,4425,8806011442509,8806011442509,60114425,OK,,NO_ITEMSEQ,,,,,,
8806011521310 ,클리덴트RX 48정,"6,500",6011521310,6011,5213,8806011521310,8806011521310,60115213,OK,,NO_ITEMSEQ,,,,,,
8806011615453 ,박카스D 1박스(100ml x 10EA),"5,700",6011615453,6011,6154,8806011615453,8806011615453,60116154,OK,,NO_ITEMSEQ,,,,,,
8806011618256 ,박카스 D카페인 1박스(120ml x 10EA),"6,500",6011618256,6011,6182,8806011618256,8806011618256,60116182,OK,,NO_ITEMSEQ,,,,,,
8806011618263 ,박카스 D카페인 1박스(120ml x 20EA),"13,000",6011618263,6011,6182,8806011618263,8806011618263,60116182,OK,,NO_ITEMSEQ,,,,,,
8806011820062 ,애크온 딥클렌징폼 100ml,"15,000",6011820062,6011,8200,8806011820062,8806011820062,60118200,OK,,NO_ITEMSEQ,,,,,,
8806012470228 ,고려은단 비타민씨 1000mg 300T(60T x 5EA),"27,000",6012470228,6012,4702,8806012470228,8806012470228,60124702,OK,,NO_ITEMSEQ,,,,,,
8806016185258 ,부채표 배도라지쌍화 1박스(120ml x 10EA),"7,500",6016185258,6016,1852,8806016185258,8806016185258,60161852,OK,,NO_ITEMSEQ,,,,,,
8806016185357 ,부채표 대추생강쌍화 1박스(120ml x 10EA),"6,500",6016185357,6016,1853,8806016185357,8806016185357,60161853,OK,,NO_ITEMSEQ,,,,,,
8806018703214 ,케어리브 아카키레 20매,"5,000",6018703214,6018,7032,8806018703214,8806018703214,60187032,OK,,NO_ITEMSEQ,,,,,,
8806018703221 ,케어리브 방수형m20매,"4,500",6018703221,6018,7032,8806018703221,8806018703221,60187032,OK,,NO_ITEMSEQ,,,,,,
8806018703238 ,케어리브(손끝형),"4,000",6018703238,6018,7032,8806018703238,8806018703238,60187032,OK,,NO_ITEMSEQ,,,,,,
8806018703245 ,"케어리브(혼합형)(소형,중형,대형)","4,500",6018703245,6018,7032,8806018703245,8806018703245,60187032,OK,,NO_ITEMSEQ,,,,,,
8806018703252 ,케어리브(중형)20매,"4,000",6018703252,6018,7032,8806018703252,8806018703252,60187032,OK,,NO_ITEMSEQ,,,,,,
8806018703269 ,케어리브(중형)10매,"2,500",6018703269,6018,7032,8806018703269,8806018703269,60187032,OK,,NO_ITEMSEQ,,,,,,
8806018704662 ,케어리브(대형),"4,500",6018704662,6018,7046,8806018704662,8806018704662,60187046,OK,,NO_ITEMSEQ,,,,,,
8806018704679 ,케어리브(관절용),"4,500",6018704679,6018,7046,8806018704679,8806018704679,60187046,OK,,NO_ITEMSEQ,,,,,,
8806018704990 ,케어리브(소형),"4,500",6018704990,6018,7049,8806018704990,8806018704990,60187049,OK,,NO_ITEMSEQ,,,,,,
8806018705447 ,케어리브(도트형),"4,500",6018705447,6018,7054,8806018705447,8806018705447,60187054,OK,,NO_ITEMSEQ,,,,,,
8806018705454 ,케어리브(발뒤꿈치형),"4,500",6018705454,6018,7054,8806018705454,8806018705454,60187054,OK,,NO_ITEMSEQ,,,,,,
8806018705980 ,메디터치2 2mm폼(5 x 7cm) 3매,"7,000",6018705980,6018,7059,8806018705980,8806018705980,60187059,OK,,NO_ITEMSEQ,,,,,,
8806018706123 ,메디터치A 1mm폼(4 x 9cm) 3매,"9,000",6018706123,6018,7061,8806018706123,8806018706123,60187061,OK,,NO_ITEMSEQ,,,,,,
8806018706147 ,메디터치A 1mm폼(10 x 10cm) 1매,"9,000",6018706147,6018,7061,8806018706147,8806018706147,60187061,OK,,NO_ITEMSEQ,,,,,,
8806018707908 ,메디터치H 썬프로텍션 잘라쓰는타입 2매,"6,000",6018707908,6018,7079,8806018707908,8806018707908,60187079,OK,,NO_ITEMSEQ,,,,,,
8806018707939 ,케어리브(중형)50매,"8,500",6018707939,6018,7079,8806018707939,8806018707939,60187079,OK,,NO_ITEMSEQ,,,,,,
8806018709247 ,메디터치H 썬프로텍션 돗트(베벨링) 48매,"6,000",6018709247,6018,7092,8806018709247,8806018709247,60187092,OK,,NO_ITEMSEQ,,,,,,
8806018709278 ,메디터치 리퀴드 8g,"9,000",6018709278,6018,7092,8806018709278,8806018709278,60187092,OK,,NO_ITEMSEQ,,,,,,
8806018709773 ,일동 비타민D 2000IU 90C,"15,000",6018709773,6018,7097,8806018709773,8806018709773,60187097,OK,,NO_ITEMSEQ,,,,,,
8806018710045 ,메디터치A 5mm폼(10 x 10cm) 1매,"10,000",6018710045,6018,7100,8806018710045,8806018710045,60187100,OK,,NO_ITEMSEQ,,,,,,
8806018711066 ,메디터치 엄마마음 3mm폼 2매,"8,000",6018711066,6018,7110,8806018711066,8806018711066,60187110,OK,,NO_ITEMSEQ,,,,,,
8806018711233 ,케어리브 카카오(라이언) 12매,"4,500",6018711233,6018,7112,8806018711233,8806018711233,60187112,OK,,NO_ITEMSEQ,,,,,,
8806018711240 ,케어리브 카카오(어피치) 12매,"4,500",6018711240,6018,7112,8806018711240,8806018711240,60187112,OK,,NO_ITEMSEQ,,,,,,
8806018711332 ,메디터치 탄력밴드 소형 3매,"7,000",6018711332,6018,7113,8806018711332,8806018711332,60187113,OK,,NO_ITEMSEQ,,,,,,
8806018711356 ,메디터치 탄력밴드 일반형 7매,"7,000",6018711356,6018,7113,8806018711356,8806018711356,60187113,OK,,NO_ITEMSEQ,,,,,,
8806018711363 ,메디터치 탄력밴드 중형 3매,"7,500",6018711363,6018,7113,8806018711363,8806018711363,60187113,OK,,NO_ITEMSEQ,,,,,,
8806018711387 ,메디터치 탄력밴드 혼합형 8매,"8,000",6018711387,6018,7113,8806018711387,8806018711387,60187113,OK,,NO_ITEMSEQ,,,,,,
8806018712988 ,일동 키즈 플러스 유산균 2g x 30P,"30,000",6018712988,6018,7129,8806018712988,8806018712988,60187129,OK,,NO_ITEMSEQ,,,,,,
8806018713213 ,일동 베베 플러스 유산균 1.5g x 30P,"30,000",6018713213,6018,7132,8806018713213,8806018713213,60187132,OK,,NO_ITEMSEQ,,,,,,
8806018714371 ,일동 알티지오메가3 프리미엄 120C(60C x 2),"55,000",6018714371,6018,7143,8806018714371,8806018714371,60187143,OK,,NO_ITEMSEQ,,,,,,
8806018715781 ,일동쏘팔메토코사놀프리미엄 120C,"60,000",6018715781,6018,7157,8806018715781,8806018715781,60187157,OK,,NO_ITEMSEQ,,,,,,
8806018717075 ,코큐텐 에이스 프리미엄 120C(60C x 2EA),"60,000",6018717075,6018,7170,8806018717075,8806018717075,60187170,OK,,NO_ITEMSEQ,,,,,,
8806018717341 ,메디터치 번프로텍션 2mm폼(5 x 7cm) 3매,"9,000",6018717341,6018,7173,8806018717341,8806018717341,60187173,OK,,NO_ITEMSEQ,,,,,,
8806018717440 ,케어리브 방수 손끝,"4,500",6018717440,6018,7174,8806018717440,8806018717440,60187174,OK,,NO_ITEMSEQ,,,,,,
8806018717457 ,케어리브 방수M40매,"8,500",6018717457,6018,7174,8806018717457,8806018717457,60187174,OK,,NO_ITEMSEQ,,,,,,
8806018717464 ,케어리브 방수소형,"5,000",6018717464,6018,7174,8806018717464,8806018717464,60187174,OK,,NO_ITEMSEQ,,,,,,
8806018717471 ,케어리브 방수L14매,"4,500",6018717471,6018,7174,8806018717471,8806018717471,60187174,OK,,NO_ITEMSEQ,,,,,,
8806018717891 ,[일동] 글루타치온 화이트85 120T(60T x 2EA),"40,000",6018717891,6018,7178,8806018717891,8806018717891,60187178,OK,,NO_ITEMSEQ,,,,,,
8806018719079 ,키드큐 키즈플러스 15g x 15P,"22,000",6018719079,6018,7190,8806018719079,8806018719079,60187190,OK,,NO_ITEMSEQ,,,,,,
8806018719086 ,키드큐 키즈플러스젤리 30P(15g x 15P x 2EA),"40,000",6018719086,6018,7190,8806018719086,8806018719086,60187190,OK,,NO_ITEMSEQ,,,,,,
8806018719123 ,키드큐 면역젤리 15g x 15P,"22,000",6018719123,6018,7191,8806018719123,8806018719123,60187191,OK,,NO_ITEMSEQ,,,,,,
88060187191231 ,키드큐 면역젤리 15g x 15포,"20,000",60187191231,6018,7191,88060187191231,88060187191231,60187191,OK,,NO_ITEMSEQ,,,,,,
8806018719130 ,키드큐 면역젤리 30P(15g x 15P x 2EA),"40,000",6018719130,6018,7191,8806018719130,8806018719130,60187191,OK,,NO_ITEMSEQ,,,,,,
8806018719154 ,키드큐 비타젤리 15g x 15P,"22,000",6018719154,6018,7191,8806018719154,8806018719154,60187191,OK,,NO_ITEMSEQ,,,,,,
8806018719161 ,키드큐 비타젤리 30P(15g x 15p x 2EA),"40,000",6018719161,6018,7191,8806018719161,8806018719161,60187191,OK,,NO_ITEMSEQ,,,,,,
8806018719185 ,키드큐 홍삼젤리 15g x 15P,"23,000",6018719185,6018,7191,8806018719185,8806018719185,60187191,OK,,NO_ITEMSEQ,,,,,,
8806018719192 ,키드큐 홍삼젤리 30P(15g x 15p x 2EA),"45,000",6018719192,6018,7191,8806018719192,8806018719192,60187191,OK,,NO_ITEMSEQ,,,,,,
8806018719369 ,[일동] 멜라케어 트리플 60T(30T x 2EA),"30,000",6018719369,6018,7193,8806018719369,8806018719369,60187193,OK,,NO_ITEMSEQ,,,,,,
8806018719420 ,키드큐 쾌변젤리 20g x 15P,"22,000",6018719420,6018,7194,8806018719420,8806018719420,60187194,OK,,NO_ITEMSEQ,,,,,,
8806018719437 ,키드큐 쾌변젤리 30P(20g x 15P x 2EA),"40,000",6018719437,6018,7194,8806018719437,8806018719437,60187194,OK,,NO_ITEMSEQ,,,,,,
8806018719642 ,[일동] 하이퍼 비타민C 3000mg 80P,"35,000",6018719642,6018,7196,8806018719642,8806018719642,60187196,OK,,NO_ITEMSEQ,,,,,,
8806018719697 ,"리쥬닉 15,000ppm 20ml","30,000",6018719697,6018,7196,8806018719697,8806018719697,60187196,OK,,NO_ITEMSEQ,,,,,,
8806018719710 ,일동 관절진보원 프리미엄 70ml x 30P,"60,000",6018719710,6018,7197,8806018719710,8806018719710,60187197,OK,,NO_ITEMSEQ,,,,,,
8806022160591 ,비오킬 500ml,"8,000",6022160591,6022,1605,8806022160591,8806022160591,60221605,OK,,NO_ITEMSEQ,,,,,,
8806022165213 ,세븐에이트 60g 4호 / 밤색,"8,000",6022165213,6022,1652,8806022165213,8806022165213,60221652,OK,,NO_ITEMSEQ,,,,,,
8806022165220 ,세븐에이트 60g 5호 / 진한밤색,"8,000",6022165220,6022,1652,8806022165220,8806022165220,60221652,OK,,NO_ITEMSEQ,,,,,,
8806022165237 ,세븐에이트 60g 6호 / 갈색,"8,000",6022165237,6022,1652,8806022165237,8806022165237,60221652,OK,,NO_ITEMSEQ,,,,,,
8806022165244 ,세븐에이트 60g 7호 / 흑갈색,"8,000",6022165244,6022,1652,8806022165244,8806022165244,60221652,OK,,NO_ITEMSEQ,,,,,,
8806022165572 ,세븐에이트 40g 7호 / 흑갈색,"7,000",6022165572,6022,1655,8806022165572,8806022165572,60221655,OK,,NO_ITEMSEQ,,,,,,
8806022165589 ,세븐에이트 40g 6호 / 갈색,"7,000",6022165589,6022,1655,8806022165589,8806022165589,60221655,OK,,NO_ITEMSEQ,,,,,,
8806022165596 ,세븐에이트 40g 5호 / 진한밤색,"7,000",6022165596,6022,1655,8806022165596,8806022165596,60221655,OK,,NO_ITEMSEQ,,,,,,
8806022165602 ,세븐에이트 40g 4호 / 밤색,"7,000",6022165602,6022,1656,8806022165602,8806022165602,60221656,OK,,NO_ITEMSEQ,,,,,,
8806022169457 ,비오킬 98ML,"7,000",6022169457,6022,1694,8806022169457,8806022169457,60221694,OK,,NO_ITEMSEQ,,,,,,
8806022173645 ,훼미닌실키 76호 / 다크브라운,"5,000",6022173645,6022,1736,8806022173645,8806022173645,60221736,OK,,NO_ITEMSEQ,,,,,,
8806022173652 ,훼미닌실키 84호 / 갈색,"5,000",6022173652,6022,1736,8806022173652,8806022173652,60221736,OK,,NO_ITEMSEQ,,,,,,
8806022173669 ,훼미닌실키 85호 / 진한밤색,"5,000",6022173669,6022,1736,8806022173669,8806022173669,60221736,OK,,NO_ITEMSEQ,,,,,,
8806022173676 ,훼미닌실키 87호 / 자연흑갈색,"5,000",6022173676,6022,1736,8806022173676,8806022173676,60221736,OK,,NO_ITEMSEQ,,,,,,
8806022201430 ,허브1호70G,"9,000",6022201430,6022,2014,8806022201430,8806022201430,60222014,OK,,NO_ITEMSEQ,,,,,,
8806022201447 ,허브2호70G,"9,000",6022201447,6022,2014,8806022201447,8806022201447,60222014,OK,,NO_ITEMSEQ,,,,,,
8806022202420 ,미녹스샴푸 120ml,"9,000",6022202420,6022,2024,8806022202420,8806022202420,60222024,OK,,NO_ITEMSEQ,,,,,,
8806022202581 ,허브3호70G,"9,000",6022202581,6022,2025,8806022202581,8806022202581,60222025,OK,,NO_ITEMSEQ,,,,,,
8806022202680 ,비오킬 휴대용 98ml,"6,000",6022202680,6022,2026,8806022202680,8806022202680,60222026,OK,,NO_ITEMSEQ,,,,,,
8806035107422 ,멸균에이덤 반창고 혼합형 2EA,"2,000",6035107422,6035,1074,8806035107422,8806035107422,60351074,OK,,NO_ITEMSEQ,,,,,,
8806037006037 ,[신신] 에어파스F 220ml,"3,000",6037006037,6037,0060,8806037006037,8806037006037,60370060,OK,,NO_ITEMSEQ,,,,,,
8806037006785 ,[신신] 에어파스F 300ml,"3,500",6037006785,6037,0067,8806037006785,8806037006785,60370067,OK,,NO_ITEMSEQ,,,,,,
8806037006983 ,뉴쿨링시트 6매,"5,000",6037006983,6037,0069,8806037006983,8806037006983,60370069,OK,,NO_ITEMSEQ,,,,,,
8806037006990 ,모스키토 아웃도어 에어로솔 100ml,"5,000",6037006990,6037,0069,8806037006990,8806037006990,60370069,OK,,NO_ITEMSEQ,,,,,,
8806037007171 ,모스키토 밀크에스 50ml,"8,000",6037007171,6037,0071,8806037007171,8806037007171,60370071,OK,,NO_ITEMSEQ,,,,,,
8806037007195 ,신신제약 쿨링시트 플러스 10P,"8,000",6037007195,6037,0071,8806037007195,8806037007195,60370071,OK,,NO_ITEMSEQ,,,,,,
8806038400018 ,블레파졸 100ml (부직포 포함),"12,000",6038400018,6038,4000,8806038400018,8806038400018,60384000,OK,,NO_ITEMSEQ,,,,,,
8806052005817 ,잘크토닉 40ml,"7,000",6052005817,6052,0058,8806052005817,8806052005817,60520058,OK,,NO_ITEMSEQ,,,,,,
8806052006425 ,허브쵸크에스 20ml*3앰플,"6,000",6052006425,6052,0064,8806052006425,8806052006425,60520064,OK,,NO_ITEMSEQ,,,,,,
8806052006432 ,허브쵸크에스 20ml*30 앰플,"50,000",6052006432,6052,0064,8806052006432,8806052006432,60520064,OK,,NO_ITEMSEQ,,,,,,
8806052008412 ,비타잘크톤 피카츄제로(사과맛) 100ml,"1,500",6052008412,6052,0084,8806052008412,8806052008412,60520084,OK,,NO_ITEMSEQ,,,,,,
8806052008429 ,비타잘크톤 피카츄 제로 100ml x 10개,"15,000",6052008429,6052,0084,8806052008429,8806052008429,60520084,OK,,NO_ITEMSEQ,,,,,,
8806052008511 ,비타잘크톤 뮤제로(사이다맛) 100ml,"1,500",6052008511,6052,0085,8806052008511,8806052008511,60520085,OK,,NO_ITEMSEQ,,,,,,
8806052008528 ,비타 잘크톤 뮤제로(사이다맛) 100ml x 10개,"15,000",6052008528,6052,0085,8806052008528,8806052008528,60520085,OK,,NO_ITEMSEQ,,,,,,
8806052407826 ,[조아] 엉겅퀴 골드 100ml,"2,000",6052407826,6052,4078,8806052407826,8806052407826,60524078,OK,,NO_ITEMSEQ,,,,,,
8806057912608 ,하이맘폼 잘라쓰는타입 1매,"7,000",6057912608,6057,9126,8806057912608,8806057912608,60579126,OK,,NO_ITEMSEQ,,,,,,
8806057913193 ,하이맘번 스프레이 50g,"9,500",6057913193,6057,9131,8806057913193,8806057913193,60579131,OK,,NO_ITEMSEQ,,,,,,
8806057913667 ,하이맘밴드 아쿠아 기본형 20매,"3,000",6057913667,6057,9136,8806057913667,8806057913667,60579136,OK,,NO_ITEMSEQ,,,,,,
8806057913674 ,하이맘밴드 아쿠아 대형 15매,"3,000",6057913674,6057,9136,8806057913674,8806057913674,60579136,OK,,NO_ITEMSEQ,,,,,,
8806057913926 ,하이맘폼 5mm폼(10 x 20cm) 1매,"14,000",6057913926,6057,9139,8806057913926,8806057913926,60579139,OK,,NO_ITEMSEQ,,,,,,
8806057914084 ,원큐 플러스업 1Kit,"3,000",6057914084,6057,9140,8806057914084,8806057914084,60579140,OK,,NO_ITEMSEQ,,,,,,
8806057915029 ,하이맘번 더프리미엄 표준형 3매,"7,500",6057915029,6057,9150,8806057915029,8806057915029,60579150,OK,,NO_ITEMSEQ,,,,,,
8806057915036 ,하이맘번 더프리미엄 대형 2매,"9,000",6057915036,6057,9150,8806057915036,8806057915036,60579150,OK,,NO_ITEMSEQ,,,,,,
8806057915043 ,하이맘밴드 더프리미엄 잘라쓰는타입 2매,"7,000",6057915043,6057,9150,8806057915043,8806057915043,60579150,OK,,NO_ITEMSEQ,,,,,,
8806057915050 ,하이맘밴드 더프리미엄 대형 4매,"7,000",6057915050,6057,9150,8806057915050,8806057915050,60579150,OK,,NO_ITEMSEQ,,,,,,
8806057915067 ,하이맘밴드 더프리미엄 소형 6매,"7,000",6057915067,6057,9150,8806057915067,8806057915067,60579150,OK,,NO_ITEMSEQ,,,,,,
8806057915074 ,하이맘밴드 더프리미엄 일반형 5매,"7,000",6057915074,6057,9150,8806057915074,8806057915074,60579150,OK,,NO_ITEMSEQ,,,,,,
8806057915081 ,하이맘밴드 더프리미엄 혼합형 6매,"7,000",6057915081,6057,9150,8806057915081,8806057915081,60579150,OK,,NO_ITEMSEQ,,,,,,
8806057915098 ,하이맘밴드 더프리미엄 원형(베벨링) 60매,"7,000",6057915098,6057,9150,8806057915098,8806057915098,60579150,OK,,NO_ITEMSEQ,,,,,,
8806057915357 ,하이맘밴드 리퀴드폼 10g,"7,500",6057915357,6057,9153,8806057915357,8806057915357,60579153,OK,,NO_ITEMSEQ,,,,,,
8806057915456 ,하이맘밴드 더프리미엄 잘라쓰는타입 3매,"9,000",6057915456,6057,9154,8806057915456,8806057915456,60579154,OK,,NO_ITEMSEQ,,,,,,
8806057915463 ,하이맘밴드 이지베이직 표준형 20매,"1,000",6057915463,6057,9154,8806057915463,8806057915463,60579154,OK,,NO_ITEMSEQ,,,,,,
8806057915470 ,하이맘밴드 이지베이직 혼합형 20EA,"1,000",6057915470,6057,9154,8806057915470,8806057915470,60579154,OK,,NO_ITEMSEQ,,,,,,
8806057915494 ,하이맘밴드 이지베이직 대형 15매,"2,000",6057915494,6057,9154,8806057915494,8806057915494,60579154,OK,,NO_ITEMSEQ,,,,,,
8806102400418 ,"콴첼MSM 1,500mg","25,000",6102400418,6102,4004,8806102400418,8806102400418,61024004,OK,,NO_ITEMSEQ,,,,,,
8806102872000 ,경남 진태반 프리미엄 20ml x 30V,"60,000",6102872000,6102,8720,8806102872000,8806102872000,61028720,OK,,NO_ITEMSEQ,,,,,,
8806102875926 ,레모비타 플러스(레몬맛) 120T,"6,000",6102875926,6102,8759,8806102875926,8806102875926,61028759,OK,,NO_ITEMSEQ,,,,,,
8806102875995 ,레모비타 플러스(딸기맛) 120T,"6,000",6102875995,6102,8759,8806102875995,8806102875995,61028759,OK,,NO_ITEMSEQ,,,,,,
8806102876503 ,상큼한 비타민 레모나 100ml 1개입,350,6102876503,6102,8765,8806102876503,8806102876503,61028765,OK,,NO_ITEMSEQ,,,,,,
8806102877050 ,상큼한 비타민 레모나 1박스(100ml x 10EA),"3,000",6102877050,6102,8770,8806102877050,8806102877050,61028770,OK,,NO_ITEMSEQ,,,,,,
8806102877067 ,상큼한 비타민 레모나 1박스(100ml x 20EA),"6,000",6102877067,6102,8770,8806102877067,8806102877067,61028770,OK,,NO_ITEMSEQ,,,,,,
8806102878682 ,레모나 구미 레몬맛 43g,"1,000",6102878682,6102,8786,8806102878682,8806102878682,61028786,OK,,NO_ITEMSEQ,,,,,,
8806102878699 ,레모나 구미(레몬맛) x 10개입,"10,000",6102878699,6102,8786,8806102878699,8806102878699,61028786,OK,,NO_ITEMSEQ,,,,,,
8806102879368 ,맛있는비타민 레모나 2g x 10P,"2,500",6102879368,6102,8793,8806102879368,8806102879368,61028793,OK,,NO_ITEMSEQ,,,,,,
8806102879719 ,레모나 구미 복숭아맛 37g,"1,000",6102879719,6102,8797,8806102879719,8806102879719,61028797,OK,,NO_ITEMSEQ,,,,,,
8806102879726 ,레모나 구미(복숭아맛) x 10개입,"10,000",6102879726,6102,8797,8806102879726,8806102879726,61028797,OK,,NO_ITEMSEQ,,,,,,
8806102879795 ,레모비타 플러스(복숭아맛) 120T,"6,000",6102879795,6102,8797,8806102879795,8806102879795,61028797,OK,,NO_ITEMSEQ,,,,,,
8806102879993 ,진태반30v,"60,000",6102879993,6102,8799,8806102879993,8806102879993,61028799,OK,,NO_ITEMSEQ,,,,,,
8806103600015 ,그린소독용 에탄올60ml,800,6103600015,6103,6000,8806103600015,8806103600015,61036000,OK,,NO_ITEMSEQ,,,,,,
8806103600046 ,그린제약 소독용 에탄올 250ml,"1,000",6103600046,6103,6000,8806103600046,8806103600046,61036000,OK,,NO_ITEMSEQ,,,,,,
8806105400866 ,폴리덴트 내추럴(무향) 70g,"8,000",6105400866,6105,4008,8806105400866,8806105400866,61054008,OK,,NO_ITEMSEQ,,,,,,
8806105401290 ,폴리덴트 5분 퀵플러스 48정,"8,000",6105401290,6105,4012,8806105401290,8806105401290,61054012,OK,,NO_ITEMSEQ,,,,,,
8806105401764 ,폴리덴트 맥스실 70g,"8,500",6105401764,6105,4017,8806105401764,8806105401764,61054017,OK,,NO_ITEMSEQ,,,,,,
8806105401825 ,센소다인 후레쉬 120g,"5,000",6105401825,6105,4018,8806105401825,8806105401825,61054018,OK,,NO_ITEMSEQ,,,,,,
8806105402709 ,폴리덴트 나이트 48정,"8,500",6105402709,6105,4027,8806105402709,8806105402709,61054027,OK,,NO_ITEMSEQ,,,,,,
8806105402723 ,파로돈탁스 데일리 후로라이드 150g,"6,000",6105402723,6105,4027,8806105402723,8806105402723,61054027,OK,,NO_ITEMSEQ,,,,,,
8806105402730 ,폴리덴트 후레쉬(민트) 70g,"8,000",6105402730,6105,4027,8806105402730,8806105402730,61054027,OK,,NO_ITEMSEQ,,,,,,
8806105402808 ,센소다인 멀티케어 120g,"5,500",6105402808,6105,4028,8806105402808,8806105402808,61054028,OK,,NO_ITEMSEQ,,,,,,
8806105403881 ,센소다인 오리지날 플러스 160g,"6,000",6105403881,6105,4038,8806105403881,8806105403881,61054038,OK,,NO_ITEMSEQ,,,,,,
8806107614797 ,[한독] 테라큐민 팜플러스100 120T(60Tx2ea),"50,000",6107614797,6107,6147,8806107614797,8806107614797,61076147,OK,,NO_ITEMSEQ,,,,,,
8806109101523 ,마데카 습윤밴드 키즈 혼합형 10매,"6,000",6109101523,6109,1015,8806109101523,8806109101523,61091015,OK,,NO_ITEMSEQ,,,,,,
8806109104258 ,마데카 습윤밴드 스팟 138매,"10,000",6109104258,6109,1042,8806109104258,8806109104258,61091042,OK,,NO_ITEMSEQ,,,,,,
8806109104265 ,마데카밴드 트러블케어 168매,"12,000",6109104265,6109,1042,8806109104265,8806109104265,61091042,OK,,NO_ITEMSEQ,,,,,,
8806109104500 ,마데카 페이셜 리페어 크림 50ml,"25,000",6109104500,6109,1045,8806109104500,8806109104500,61091045,OK,,NO_ITEMSEQ,,,,,,
8806109104517 ,마데카 핸드 우레아 크림 50ml,"15,000",6109104517,6109,1045,8806109104517,8806109104517,61091045,OK,,NO_ITEMSEQ,,,,,,
8806109104524 ,테카플러스 포뮬러 멜라터치 크림 35ml,"35,000",6109104524,6109,1045,8806109104524,8806109104524,61091045,OK,,NO_ITEMSEQ,,,,,,
8806109107686 ,마데카 피디알엔 농축 앰플 30ml,"43,000",6109107686,6109,1076,8806109107686,8806109107686,61091076,OK,,NO_ITEMSEQ,,,,,,
8806109184885 ,마데카밴드 트러블케어 스팟형 84매,"8,000",6109184885,6109,1848,8806109184885,8806109184885,61091848,OK,,NO_ITEMSEQ,,,,,,
8806109189705 ,마데카 습윤밴드 스팟 69매,"6,000",6109189705,6109,1897,8806109189705,8806109189705,61091897,OK,,NO_ITEMSEQ,,,,,,
8806109194396 ,마데카 습윤밴드 혼합형 6매,"6,000",6109194396,6109,1943,8806109194396,8806109194396,61091943,OK,,NO_ITEMSEQ,,,,,,
8806109194402 ,마데카 습윤밴드 대형 4매,"6,000",6109194402,6109,1944,8806109194402,8806109194402,61091944,OK,,NO_ITEMSEQ,,,,,,
8806109194419 ,마데카 습윤밴드 중형 5매,"6,000",6109194419,6109,1944,8806109194419,8806109194419,61091944,OK,,NO_ITEMSEQ,,,,,,
8806109194426 ,마데카 습윤밴드 소형 6매,"6,000",6109194426,6109,1944,8806109194426,8806109194426,61091944,OK,,NO_ITEMSEQ,,,,,,
8806109194440 ,마데카 습윤밴드 잘라쓰는타입 3매,"8,000",6109194440,6109,1944,8806109194440,8806109194440,61091944,OK,,NO_ITEMSEQ,,,,,,
8806113802249 ,성광 칼라민로션 100ml,"4,000",6113802249,6113,8022,8806113802249,8806113802249,61138022,OK,,NO_ITEMSEQ,,,,,,
8806119821800 ,잘크톤(망고맛) 15g x 30P,"22,000",6119821800,6119,8218,8806119821800,8806119821800,61198218,OK,,NO_ITEMSEQ,,,,,,
8806119822722 ,잘크톤(블루베리맛) 15g x 30P,"22,000",6119822722,6119,8227,8806119822722,8806119822722,61198227,OK,,NO_ITEMSEQ,,,,,,
8806124261721 ,에너지 골드 카페인 100ml,"3,000",6124261721,6124,2617,8806124261721,8806124261721,61242617,OK,,NO_ITEMSEQ,,,,,,
8806124261738 ,에너지 골드 카페인 1박스(100ml x 10EA),"25,000",6124261738,6124,2617,8806124261738,8806124261738,61242617,OK,,NO_ITEMSEQ,,,,,,
8806124261769 ,에너지 골드 (무카페인) 100mL*1EA,"3,000",6124261769,6124,2617,8806124261769,8806124261769,61242617,OK,,NO_ITEMSEQ,,,,,,
8806124261776 ,에너지 골드 카페인프리 1박스(100ml x 10EA),"25,000",6124261776,6124,2617,8806124261776,8806124261776,61242617,OK,,NO_ITEMSEQ,,,,,,
8806124280005 ,프로-캄 판테놀 립 에센스 12g,"6,000",6124280005,6124,2800,8806124280005,8806124280005,61242800,OK,,NO_ITEMSEQ,,,,,,
8806124280043 ,프로-캄 아크페어 클리어 겔 100mL (10mL 추가증정),"18,000",6124280043,6124,2800,8806124280043,8806124280043,61242800,OK,,NO_ITEMSEQ,,,,,,
8806124280067 ,프로-캄 클레어진 200mL ( 50mL 추가증정),"11,500",6124280067,6124,2800,8806124280067,8806124280067,61242800,OK,,NO_ITEMSEQ,,,,,,
8806124280180 ,프로-캄 후시메디 리페어 크림 S 50ml,"13,000",6124280180,6124,2801,8806124280180,8806124280180,61242801,OK,,NO_ITEMSEQ,,,,,,
8806124280210 ,프로-캄 후시메디 리페어 젤 마스크S 27ml*5,"11,000",6124280210,6124,2802,8806124280210,8806124280210,61242802,OK,,NO_ITEMSEQ,,,,,,
8806124280241 ,프로-캄 아크페어 폼 클렌저 S 120mL(15mL 추가증정),"13,000",6124280241,6124,2802,8806124280241,8806124280241,61242802,OK,,NO_ITEMSEQ,,,,,,
8806124280265 ,프로-캄 레드엑스 크림 S 18mL,"12,000",6124280265,6124,2802,8806124280265,8806124280265,61242802,OK,,NO_ITEMSEQ,,,,,,
8806124280289 ,프로-캄 멜라이트 선 에센스 S 40ml,"14,000",6124280289,6124,2802,8806124280289,8806124280289,61242802,OK,,NO_ITEMSEQ,,,,,,
8806124280302 ,프로-캄 판테놀 스틱 립밤 S 3.7g,"7,000",6124280302,6124,2803,8806124280302,8806124280302,61242803,OK,,NO_ITEMSEQ,,,,,,
8806124280432 ,프로-캄 EGF 액티브 바이탈 크림 20mL,"14,000",6124280432,6124,2804,8806124280432,8806124280432,61242804,OK,,NO_ITEMSEQ,,,,,,
8806124280456 ,프로-캄 멜라 화이트닝 리프팅 세럼 20mL,"18,000",6124280456,6124,2804,8806124280456,8806124280456,61242804,OK,,NO_ITEMSEQ,,,,,,
8806124280463 ,프로-캄 멜라 화이트닝 퍼밍 세럼 20mL,"18,000",6124280463,6124,2804,8806124280463,8806124280463,61242804,OK,,NO_ITEMSEQ,,,,,,
8806124280470 ,프로-캄 멜라 화이트닝 모이스처 세럼 20mL,"18,000",6124280470,6124,2804,8806124280470,8806124280470,61242804,OK,,NO_ITEMSEQ,,,,,,
8806124280524 ,프로-캄 EGF PDRN 액티브 시너지 마스크 3매,"9,000",6124280524,6124,2805,8806124280524,8806124280524,61242805,OK,,NO_ITEMSEQ,,,,,,
8806125000282 ,새로나크림 10ml - 털 빠짐 케어,"22,000",6125000282,6125,0002,8806125000282,8806125000282,61250002,OK,,NO_ITEMSEQ,,,,,,
8806125000329 ,멕스탑 4.5ml x 8개,"10,800",6125000329,6125,0003,8806125000329,8806125000329,61250003,OK,,NO_ITEMSEQ,,,,,,
8806125405032 ,민티크 프레시 민트 플러스 100g,"14,500",6125405032,6125,4050,8806125405032,8806125405032,61254050,OK,,NO_ITEMSEQ,,,,,,
8806125405100 ,유니덴탈 포르테 100g,"8,000",6125405100,6125,4051,8806125405100,8806125405100,61254051,OK,,NO_ITEMSEQ,,,,,,
8806129615154 ,메디폼N 10*20cm (5mm)(약국용),"14,000",6129615154,6129,6151,8806129615154,8806129615154,61296151,OK,,NO_ITEMSEQ,,,,,,
8806129615239 ,메디폼 N-5*7*0.2T,"10,000",6129615239,6129,6152,8806129615239,8806129615239,61296152,OK,,NO_ITEMSEQ,,,,,,
8806129615246 ,메디폼 N-5*7*0.2T,"10,000",6129615246,6129,6152,8806129615246,8806129615246,61296152,OK,,NO_ITEMSEQ,,,,,,
8806129615468 ,메디폼 리퀴드-8g[O],"9,000",6129615468,6129,6154,8806129615468,8806129615468,61296154,OK,,NO_ITEMSEQ,,,,,,
8806129615574 ,메디폼 A-5*7*0.1T,"10,000",6129615574,6129,6155,8806129615574,8806129615574,61296155,OK,,NO_ITEMSEQ,,,,,,
8806129615581 ,메디폼 A10*10*0.1T,"10,000",6129615581,6129,6155,8806129615581,8806129615581,61296155,OK,,NO_ITEMSEQ,,,,,,
8806129615598 ,메디폼 실버 플러스-5*7*0.1(3ea),"13,000",6129615598,6129,6155,8806129615598,8806129615598,61296155,OK,,NO_ITEMSEQ,,,,,,
8806129615604 ,메디폼 실버 플러스-10*10*0.1(1ea),"12,000",6129615604,6129,6156,8806129615604,8806129615604,61296156,OK,,NO_ITEMSEQ,,,,,,
8806129616021 ,미등록상품,"14,000",6129616021,6129,6160,8806129616021,8806129616021,61296160,OK,,NO_ITEMSEQ,,,,,,
8806129616120 ,더마터치 울트라플러스 12g,"9,000",6129616120,6129,6161,8806129616120,8806129616120,61296161,OK,,NO_ITEMSEQ,,,,,,
8806129616182 ,메디폼EGF 스팟패치,"3,000",6129616182,6129,6161,8806129616182,8806129616182,61296161,OK,,NO_ITEMSEQ,,,,,,
8806129618070 ,메디폼듀얼액션밴드혼합,"10,000",6129618070,6129,6180,8806129618070,8806129618070,61296180,OK,,NO_ITEMSEQ,,,,,,
8806129620400 ,메디폼 듀얼액션 10*10*0.2T,"11,000",6129620400,6129,6204,8806129620400,8806129620400,61296204,OK,,NO_ITEMSEQ,,,,,,
8806129620417 ,메디폼 듀얼액션 밴드 혼합형 8매,"10,000",6129620417,6129,6204,8806129620417,8806129620417,61296204,OK,,NO_ITEMSEQ,,,,,,
8806129675110 ,[NEW] 메디폼 H액티브 10*10cm,"9,000",6129675110,6129,6751,8806129675110,8806129675110,61296751,OK,,NO_ITEMSEQ,,,,,,
8806129689018 ,메디폼리퀴드,"9,000",6129689018,6129,6890,8806129689018,8806129689018,61296890,OK,,NO_ITEMSEQ,,,,,,
8806129699154 ,미등록상품,"10,000",6129699154,6129,6991,8806129699154,8806129699154,61296991,OK,,NO_ITEMSEQ,,,,,,
8806136019914 ,드시모네 베이비 스텝2,"32,000",6136019914,6136,0199,8806136019914,8806136019914,61360199,OK,,NO_ITEMSEQ,,,,,,
8806136020248 ,드시모네 베이비 스텝1,"27,000",6136020248,6136,0202,8806136020248,8806136020248,61360202,OK,,NO_ITEMSEQ,,,,,,
8806137510212 ,더마틱스 울트라 15g,"34,900",6137510212,6137,5102,8806137510212,8806137510212,61375102,OK,,NO_ITEMSEQ,,,,,,
8806137510229 ,더마틱스 울트라 7g,"18,000",6137510229,6137,5102,8806137510229,8806137510229,61375102,OK,,NO_ITEMSEQ,,,,,,
8806137520242 ,더마틱스 울트라 키즈 7g,"18,000",6137520242,6137,5202,8806137520242,8806137520242,61375202,OK,,NO_ITEMSEQ,,,,,,
8806139400986 ,조인트 뮤코다당단백1200 120T,"50,000",6139400986,6139,4009,8806139400986,8806139400986,61394009,OK,,NO_ITEMSEQ,,,,,,
8806140900017 ,[옵투스] 오에수 눈꺼풀 클리너 3ml x 15P,"9,000",6140900017,6140,9000,8806140900017,8806140900017,61409000,OK,,NO_ITEMSEQ,,,,,,
8806147000765 ,듀오덤 엑스트라씬 2매,"8,000",6147000765,6147,0007,8806147000765,8806147000765,61470007,OK,,NO_ITEMSEQ,,,,,,
8806218001912 ,에치탑캡슐[한국파비스],"2,000",6218001912,6218,0019,8806218001912,8806218001912,62180019,OK,200003154,OK,"이 약은 기침, 가래에 사용합니다.
","만 15세 이상 및 성인은 1회 2캡슐씩, 만 8세 이상~15세 미만은 1회 1캡슐씩, 1일 3회 복용합니다.
",,"이 약을 복용하는 동안에는 다른 진해거담제, 감기약, 항히스타민제를 함유하는 내복약(비염용 경구제, 멀미약, 알레르기용약), 진정제를 복용하지 마십시오.

MAO억제제(항우울제, 항정신병제, 감정조절제, 항파킨슨제 등)를 복용하거 있거나 복용을 중단한 후 2주 이내의 사람은 이 약을 복용하지 마십시오.

복용 중에는 음주하지 마십시오,
","발진·발적, 가려움, 구역·구토, 식욕부진, 어지러움, 배뇨곤란, (지속적이거나 심한) 목마름, 불안, 떨림, 불면 등이 나타나는 경우 복용을 즉각 중지하고 의사 또는 약사와 상의하십시오.
","습기와 빛을 피해 실온에서 보관하십시오.

어린이의 손이 닿지 않는 곳에 보관하십시오.
"
8806218004517 ,아루진정[한국파비스],"1,500",6218004517,6218,0045,8806218004517,8806218004517,62180045,OK,200301846,OK,"이 약은 두드러기, 습진, 가려움증, 옻에 사용합니다.",성인 및 만 15세 이상 1회 1정 1일 3회 식후에 복용합니다.,,"다른 설사약, 알레르기용약, 항히스타민제를 함유하는 약(멀미약, 감기약, 진해거담제)과 함께 복용하지 마십시오.다른 한방제제(특히 대황함유제제)와 함께 복용 시 의사 또는 약사와 상의하십시오.","발진, 발적, 구갈, 구역, 구토, 식욕부진, 위부불쾌감, 심한 복통을 수반하는 설사 등이 나타나는 경우 복용을 즉각 중지하고 의사 또는 약사와 상의하십시오.묽은 변 등이 나타날 수 있습니다.",습기와 빛을 피해 실온에서 보관하십시오.어린이의 손이 닿지 않는 곳에 보관하십시오.
8806218039448 ,파비시드240정[광동],"30,000",6218039448,6218,0394,8806218039448,8806218039448,62180394,OK,,NO_ITEMSEQ,,,,,,
8806228012243 ,이탄돌정 300T,"45,000",6228012243,6228,0122,8806228012243,8806228012243,62280122,OK,200806736,NO_ITEM,,,,,,
8806239001212 ,레스타민코와 파우더크림 40g,"7,000",6239001212,6239,0012,8806239001212,8806239001212,62390012,OK,201604986,OK,"이 약은 습진, 피부염, 미란(짓무름), 땀띠, 접촉성피부염, 가려움, 동상(언상처), 벌레물린데, 두드러기에 사용합니다.",1일 수회(여러 차례) 환부(질환 부위)에 적당량을 바릅니다.,,,"발진ㆍ발적, 가려움, 부종 등이 나타나는 경우 사용을 즉각 중지하고 의사 또는 약사와 상의하십시오.",습기와 빛을 피해 실온에서 보관하십시오.어린이의 손이 닿지 않는 곳에 보관하십시오.
8806239001311 ,반테린 코와 EX크림 35g,"7,000",6239001311,6239,0013,8806239001311,8806239001311,62390013,OK,201707373,OK,"이 약은 퇴행성관절염(골관절염), 어깨관절주위염, 건(힘줄)•건초염(힘줄윤활막염), 건주위염, 상완골상과염(테니스 엘보우 등), 근육통, 외상후 종창(부기)•통증의 진통•소염에 사용합니다.
","1일 1~4회 적당량을 질환 부위에 바릅니다.
",,,"가려움, 발적, 발진, 접촉피부염, 습진, 부기, 열감, 종창, 홍조, 아나필락시스 증상, 광과민증, 작열감, 자극감, 건조감 및 저린감, 위장관불쾌감, 두통, 어지러움, 과민반응(피부반응, 기관지경련, 쇽에 이르는 혈압하강 등), 특수한 경우 무균성 뇌막염(두통, 구역, 구토, 열, 뒷목 뻣뻣함 또는 의식혼탁) 등이 나타나는 경우 사용을 즉각 중지하고 의사 또는 약사와 상의하십시오.
","습기와 빛을 피해 실온에서 보관하십시오.

어린이의 손이 닿지 않는 곳에 보관하십시오.
"
8806239001410 ,카베진 12T,"3,000",6239001410,6239,0014,8806239001410,8806239001410,62390014,OK,201803907,OK,"이 약은 위부불쾌감, 위부팽만감, 위통, 위산과다, 속쓰림, 신트림, 과식, 체함, 소화불량, 소화촉진, 식욕부진, 구역, 구토에 사용합니다.","15세 이상의 소아 및 성인은 1회 2정, 8세 이상∼15세 미만은 1회 1정을 1일 3회 식후에 복용합니다.",,"이 약을 복용하는 동안 위장진통, 진경제는 복용하지 마십시오.다량의 우유, 칼슘제제와 함께 복용 시 의사 또는 약사와 상의하십시오.","알레르기 증상(발진, 충혈되어 붉어짐, 가려움 등), 입이 마름, 변비 또는 설사의 증상, 두통, 안면홍조, 눈부심, 배뇨장애가 나타나는 경우 복용을 즉각 중지하고 의사 또는 약사와 상의하십시오.",습기와 빛을 피해 실온에서 보관하십시오.어린이의 손이 닿지 않는 곳에 보관하십시오.
8806239001427 ,카베진 100T,"10,000",6239001427,6239,0014,8806239001427,8806239001427,62390014,OK,201803907,OK,"이 약은 위부불쾌감, 위부팽만감, 위통, 위산과다, 속쓰림, 신트림, 과식, 체함, 소화불량, 소화촉진, 식욕부진, 구역, 구토에 사용합니다.","15세 이상의 소아 및 성인은 1회 2정, 8세 이상∼15세 미만은 1회 1정을 1일 3회 식후에 복용합니다.",,"이 약을 복용하는 동안 위장진통, 진경제는 복용하지 마십시오.다량의 우유, 칼슘제제와 함께 복용 시 의사 또는 약사와 상의하십시오.","알레르기 증상(발진, 충혈되어 붉어짐, 가려움 등), 입이 마름, 변비 또는 설사의 증상, 두통, 안면홍조, 눈부심, 배뇨장애가 나타나는 경우 복용을 즉각 중지하고 의사 또는 약사와 상의하십시오.",습기와 빛을 피해 실온에서 보관하십시오.어린이의 손이 닿지 않는 곳에 보관하십시오.
8806239001441 ,카베진 300T,"22,000",6239001441,6239,0014,8806239001441,8806239001441,62390014,OK,201803907,OK,"이 약은 위부불쾌감, 위부팽만감, 위통, 위산과다, 속쓰림, 신트림, 과식, 체함, 소화불량, 소화촉진, 식욕부진, 구역, 구토에 사용합니다.","15세 이상의 소아 및 성인은 1회 2정, 8세 이상∼15세 미만은 1회 1정을 1일 3회 식후에 복용합니다.",,"이 약을 복용하는 동안 위장진통, 진경제는 복용하지 마십시오.다량의 우유, 칼슘제제와 함께 복용 시 의사 또는 약사와 상의하십시오.","알레르기 증상(발진, 충혈되어 붉어짐, 가려움 등), 입이 마름, 변비 또는 설사의 증상, 두통, 안면홍조, 눈부심, 배뇨장애가 나타나는 경우 복용을 즉각 중지하고 의사 또는 약사와 상의하십시오.",습기와 빛을 피해 실온에서 보관하십시오.어린이의 손이 닿지 않는 곳에 보관하십시오.
8806258017621 ,[일양]모닝퀸 10P,"7,000",6258017621,6258,0176,8806258017621,8806258017621,62580176,OK,202402644,NO_ITEM,,,,,,
8806265000203 ,챔프시럽,"4,000",6265000203,6265,0002,8806265000203,8806265000203,62650002,OK,201206715,OK,"이 약은 감기로 인한 발열 및 동통(통증), 두통, 신경통, 근육통, 월경통, 염좌통(삔 통증)과 치통, 관절통, 류마티양 동통(통증)에 사용합니다.","만 12세 이하의 소아는 1회 권장용량을 4~6시간 마다 필요시 복용합니다.이 약은 가능한 최단기간동안 최소 유효용량으로 복용하며, 1일 5회 (75 mg/kg)를 초과하여 복용하지 않습니다.연령대별 권장용량은 허가사항을 참고하십시오.",,"아세트아미노펜을 포함하는 다른 제품, 다른 소염(항염)진통제, 바르비탈계 약물, 삼환계 항우울제, 알코올과 함께 복용하지 마십시오.와파린, 리튬, 타아지드계 이뇨제와 함께 복용 시 의사 또는 약사와 상의하십시오.","쇽 증상(호흡곤란, 온몸이 붉어짐, 혈관부기, 두드러기 등), 천식발작, 혈소판 감소, 과립구감소, 용혈성빈혈, 메트헤모글로빈혈증, 혈소판기능 저하(출혈시간 연장), 청색증, 구역, 구토, 식욕부진, 위장출혈, 소화성궤양, 천공(뚫림), 과민증상(얼굴부기, 땀이 남, 저혈압), 발진, 피부점막안증후군(스티븐스-존슨증후군), 독성표피괴사용해(리엘증후군), AST 상승, ALT 상승, 고정발진 등이 나타나는 경우 복용을 즉각 중지하고 의사 또는 약사와 상의하십시오.",실온에서 보관하십시오.어린이의 손이 닿지 않는 곳에 보관하십시오.
8806265001309 ,판피린,"2,500",6265001309,6265,0013,8806265001309,8806265001309,62650013,OK,200700547,OK,"이 약은 감기의 여러 증상(콧물, 코막힘, 재채기, 인후통, 기침, 가래, 오한, 발열, 두통, 관절통, 근육통)의 완화에 사용합니다.
","성인 1회 1병(20 mL)을 1일 3회 식후 30분에 복용합니다.
","매일 세잔 이상 정기적 음주자가 이 약 또는 다른 해열진통제를 복용할 때는 의사 또는 약사와 상의하십시오. 간손상을 일으킬 수 있습니다.

매우 드물게 치명적일 수 있는 급성전신발진고름물집증, 스티븐스- 존슨증후군, 독성표피괴사용해와 같은 중대한 피부반응이 보고되었고 이 약 복용 후 피부발진 또는 다른 과민반응의 징후가 나타나는 경우 즉시 복용을 중단하십시오.

아세트아미노펜으로 일일 최대 용량(4,000 mg)을 초과하여 복용하지 마십시오. 간손상을 일으킬 수 있습니다. 아세트아미노펜을 포함하는 다른 제품과 함께 복용하지 마십시오.
","아세트아미노펜을 포함하는 다른 제품, 진해거담제, 다른 감기약, 해열진통제, 진정제, 항히스타민제를 함유하는 내복약(비염용 경구제, 멀미약, 알레르기용약)과 함께 복용하지 마십시오.

바르비탈계 약물, 삼환계 항우울제, 알코올을 복용하는 환자는 의사 또는 약사와 상의하십시오.

복용 중에는 음주하지 마십시오.
","발진·발적, 가려움, 구역·구토, 식욕부진, 변비, 부종, 배뇨곤란, 목마름(지속적이거나 심한), 어지러움, 불안, 떨림, 불면, 쇽(복용 후 바로 두드러기, 부종, 가슴답답함과 함께 안색이 창백하고, 손발이 차고, 식은땀, 숨쉬기 곤란함 등), 피부점막안증후군(스티븐스-존슨증후군), 독성표피괴사용해(고열을 동반하고, 발진·발적, 화상과 같이 물집이 생기는 심한 증상), 천식, 간기능장애(전신의 나른함, 황달 등), 간질성폐렴(기침을 동반하고, 숨이 차고, 호흡곤란, 발열) 등이 나타나는 경우 즉각 중지하고 의사 또는 약사와 상의하십시오.
","습기와 빛을 피해 실온에서 보관하십시오.

어린이의 손이 닿지 않는 곳에 보관 하십시오.
"
8806265001323 ,판피린큐 1박스(20ml x 5EA),"2,500",6265001323,6265,0013,8806265001323,8806265001323,62650013,OK,200700547,OK,"이 약은 감기의 여러 증상(콧물, 코막힘, 재채기, 인후통, 기침, 가래, 오한, 발열, 두통, 관절통, 근육통)의 완화에 사용합니다.
","성인 1회 1병(20 mL)을 1일 3회 식후 30분에 복용합니다.
","매일 세잔 이상 정기적 음주자가 이 약 또는 다른 해열진통제를 복용할 때는 의사 또는 약사와 상의하십시오. 간손상을 일으킬 수 있습니다.

매우 드물게 치명적일 수 있는 급성전신발진고름물집증, 스티븐스- 존슨증후군, 독성표피괴사용해와 같은 중대한 피부반응이 보고되었고 이 약 복용 후 피부발진 또는 다른 과민반응의 징후가 나타나는 경우 즉시 복용을 중단하십시오.

아세트아미노펜으로 일일 최대 용량(4,000 mg)을 초과하여 복용하지 마십시오. 간손상을 일으킬 수 있습니다. 아세트아미노펜을 포함하는 다른 제품과 함께 복용하지 마십시오.
","아세트아미노펜을 포함하는 다른 제품, 진해거담제, 다른 감기약, 해열진통제, 진정제, 항히스타민제를 함유하는 내복약(비염용 경구제, 멀미약, 알레르기용약)과 함께 복용하지 마십시오.

바르비탈계 약물, 삼환계 항우울제, 알코올을 복용하는 환자는 의사 또는 약사와 상의하십시오.

복용 중에는 음주하지 마십시오.
","발진·발적, 가려움, 구역·구토, 식욕부진, 변비, 부종, 배뇨곤란, 목마름(지속적이거나 심한), 어지러움, 불안, 떨림, 불면, 쇽(복용 후 바로 두드러기, 부종, 가슴답답함과 함께 안색이 창백하고, 손발이 차고, 식은땀, 숨쉬기 곤란함 등), 피부점막안증후군(스티븐스-존슨증후군), 독성표피괴사용해(고열을 동반하고, 발진·발적, 화상과 같이 물집이 생기는 심한 증상), 천식, 간기능장애(전신의 나른함, 황달 등), 간질성폐렴(기침을 동반하고, 숨이 차고, 호흡곤란, 발열) 등이 나타나는 경우 즉각 중지하고 의사 또는 약사와 상의하십시오.
","습기와 빛을 피해 실온에서 보관하십시오.

어린이의 손이 닿지 않는 곳에 보관 하십시오.
"
8806265001729 ,비사진 나잘스프레이 30ml,"9,000",6265001729,6265,0017,8806265001729,8806265001729,62650017,OK,201201278,OK,"이 약은 건조한 비점막 손상의 치료보조에 사용합니다.
","소아 및 성인은 1회 사용시 1~2회(5~10 mg)씩, 좌우 비강에 분무하며 1일 3~4회 사용합니다.

최초 사용 시에는 약액이 분사될 때까지 여러 번 시험분사 후 사용하십시오.
",,,"기관지 경련, 매우 드물게 과민반응이 나타날 수 있습니다.
","습기를 피해 실온에서 보관하십시오.

어린이의 손이 닿지 않는 곳에 보관하십시오.

개봉 후 6개월 이상 사용하지 마십시오.
"
8806265002412 ,멜라노사크림 30g,"25,000",6265002412,6265,0024,8806265002412,8806265002412,62650024,OK,201105515,OK,"이 약은 간반, 흑피증(기미), 주근깨, 노인성 검은반점, 기타 불필요한 부위의 과도한 멜라닌 색소 침착 피부의 점차적인 표백에 사용합니다.
","1일 1~2회(아침, 취침 전) 환부에 바릅니다.
","이 약 사용중 또는 사용후에는 자외선 차단제를 사용하거나 햇빛에 대한 노출을 차단하십시오. 피부가 변색될 수 있습니다.

동물실험에서 변이원성 및 발암성이 관찰되었으므로 장기간 사용하지 마십시오.
",,"접촉피부염과 같은 과민반응 등이 나타나는 경우 사용을 즉각 중지하고 의사 또는 약사와 상의하십시오.
","습기와 빛을 피해 30℃ 이하 건냉암소에서 보관하십시오.

어린이의 손이 닿지 않는 곳에 보관하십시오.
"
8806265002801 ,베나치오20ml,"4,000",6265002801,6265,0028,8806265002801,8806265002801,62650028,OK,200809325,OK,"이 약은 식욕감퇴(식욕부진), 위부팽만감, 소화불량, 과식, 체함, 구역, 구토에 사용합니다.
","만 15세 이상 및 성인은 1회 1병, 만 11세 이상~만 15세 미만은 1회 2/3병, 만 8세 이상~만 11세 미만은 1회 1/2병, 만 5세 이상~만 8세 미만은 1회 1/3병, 만 3세 이상~만 5세 미만은 1회 1/4병, 만 1세 이상~만 3세 미만은 1회 1/5병, 1일 3회 식후에 복용합니다.

복용간격은 4시간 이상으로 하십시오.
",,,"무력감, 사지경련, 마비 등이 나타나는 경우 복용을 즉각 중지하고 의사 또는 약사와 상의하십시오.
","습기와 빛을 피해 실온에서 보관하십시오.

어린이의 손이 닿지 않는 곳에 보관하십시오.
"
8806265002832 ,베나치오 1박스(20ml x 5EA),"4,000",6265002832,6265,0028,8806265002832,8806265002832,62650028,OK,200809325,OK,"이 약은 식욕감퇴(식욕부진), 위부팽만감, 소화불량, 과식, 체함, 구역, 구토에 사용합니다.
","만 15세 이상 및 성인은 1회 1병, 만 11세 이상~만 15세 미만은 1회 2/3병, 만 8세 이상~만 11세 미만은 1회 1/2병, 만 5세 이상~만 8세 미만은 1회 1/3병, 만 3세 이상~만 5세 미만은 1회 1/4병, 만 1세 이상~만 3세 미만은 1회 1/5병, 1일 3회 식후에 복용합니다.

복용간격은 4시간 이상으로 하십시오.
",,,"무력감, 사지경련, 마비 등이 나타나는 경우 복용을 즉각 중지하고 의사 또는 약사와 상의하십시오.
","습기와 빛을 피해 실온에서 보관하십시오.

어린이의 손이 닿지 않는 곳에 보관하십시오.
"
8806265003105 ,노스카나20g,"17,000",6265003105,6265,0031,8806265003105,8806265003105,62650031,OK,201301732,OK,"이 약은 상처 조직의 치료 후 처치(비대성 및 켈로이드성 흉터, 여드름 흉터, 수술 흉터)에 사용합니다.","성인 및 2세 이상의 소아는 상처 및 주변 피부에 1일 수회 적용하여 가볍게 마사지합니다.성인의 경우 비후성 흉터에 대해서는 전날 두껍게 바르고 붕대로 고정하여, 하루 저녁 동안 적용할 수 있습니다.",,"이 약을 사용하는 동안 항응고제(쿠마린, 아스피린, 디피리다몰, 덱스트란, 스트렙토키나제)와 함께 사용하지 마십시오.",알레르기 반응이 나타나는 경우 사용을 즉각 중지하고 의사 또는 약사와 상의하십시오.,실온에서 보관하십시오.어린이의 손이 닿지 않는 곳에 보관하십시오.
8806265003433 ,드라이문트겔 50g,"8,000",6265003433,6265,0034,8806265003433,8806265003433,62650034,OK,200904196,OK,"이 약은 인후(목구멍)와 구강(입안)의 건조증(마름증)에 사용합니다.
","1회 적당량을 매일 수회 바릅니다.
",,,"때때로 발진, 발적, 설사, 식욕부진, 위부불쾌감, 구역, 구토, 드물게 쇽 증상(안면창백, 사지냉감, 혈압강하, 청색증, 의식불명), 구내염, 피부점막안증후군(스티븐스-존슨증후군), 독성표피괴사용해(발열, 홍반, 가려움, 안충혈, 구내염, 고열을 동반하는 발진·발적, 화상모양의 수종 등의 중증의 증상이 전신의 피부, 입과 목의 점막에 나타남) 등이 나타나는 경우 사용을 즉각 중지하고 의사 또는 약사와 상의하십시오.
","실온에서 보관하십시오.

어린이의 손이 닿지 않는 곳에 보관하십시오.
"
8806265003709 ,터비뉴20g,"5,000",6265003709,6265,0037,8806265003709,8806265003709,62650037,OK,200802742,OK,"이 약은 피부사상균에 의한 피부진균감염증(족부백선, 고부백선(완선), 체부백선)과 전풍에 사용합니다.","적용전에 환부(질환 부위)를 깨끗이 씻고 말린 후 감염부위 및 그 주위에 얇게 1일 1회 적용합니다.간찰성 감염(유방 밑, 손, 발가락 사이, 둔부사이, 서혜부)의 경우, 야간에는 거어즈를 덮어 사용할 수도 있습니다.증상의 경감은 통상 2~3일 이내에 나타나나 보통 치료기간은 1주일입니다.",,,"적용 부위에 두드러기, 발적, 홍반, 가려움, 자극감 등이 나타날 수 있습니다.",30℃ 이하에서 보관하십시오.
8806265003723 ,터비뉴겔 20g,"5,000",6265003723,6265,0037,8806265003723,8806265003723,62650037,OK,200802742,OK,"이 약은 피부사상균에 의한 피부진균감염증(족부백선, 고부백선(완선), 체부백선)과 전풍에 사용합니다.","적용전에 환부(질환 부위)를 깨끗이 씻고 말린 후 감염부위 및 그 주위에 얇게 1일 1회 적용합니다.간찰성 감염(유방 밑, 손, 발가락 사이, 둔부사이, 서혜부)의 경우, 야간에는 거어즈를 덮어 사용할 수도 있습니다.증상의 경감은 통상 2~3일 이내에 나타나나 보통 치료기간은 1주일입니다.",,,"적용 부위에 두드러기, 발적, 홍반, 가려움, 자극감 등이 나타날 수 있습니다.",30℃ 이하에서 보관하십시오.
8806265003877 ,타치온50mg 90T,"25,000",6265003877,6265,0038,8806265003877,8806265003877,62650038,OK,197100015,OK,"이 약은 약물중독, 자가중독에 사용합니다.
","성인은 1회 1~2정(50~100 mg), 1일 1~3회 복용합니다.

연령, 증상에 따라 적절히 증감합니다.
",,,"드물게 발진, 식욕부진, 구역, 구토, 위통 등이 나타나는 경우 복용을 즉각 중지하고 의사 또는 약사와 상의하십시오.
","실온에서 보관하십시오.

어린이의 손이 닿지 않는 곳에 보관하십시오.
"
8806265008001 ,마이보라,"8,000",6265008001,6265,0080,8806265008001,8806265008001,62650080,OK,200800687,OK,"이 약은 피임에 사용합니다.
","1일 1정씩 21일간 표시된 순서에 따라 복용하고, 7일간 휴약합니다.

복용시간은 가능하면 매일 같은 시간에 복용하는 것이 바람직합니다.

7일의 휴약기간 동안 월경이 나타나며 대개 정제의 마지막 복용 후 2~3일 내에 시작됩니다.

이 약을 계속 복용할 경우 7일간 휴약 후 새 포장의 정제로 복용을 시작하며 새로운 포장을 시작하기 전에 월경이 끝나지 않을 수도 있습니다.

기타 자세한 사항은 허가사항 상세정보를 참고하십시오.
","혈전증과 같은 심각한 심혈관계 위험이 증가할 수 있어 경구피임제를 복용하는 여성은 흡연을 삼갑니다. 35세 이상 흡연자는 이 약을 복용하지 마십시오.
","C형 간염 직접 작용 항바이러스제, 페니토인, 바르비탈류, 프리미돈, 카르바마제핀, 리팜피신, 루피나미드, 아프레피탄트, 보센탄, 에파비렌즈, 옥스카르바제핀, 토피라메이트, 펠바메이트, 그리세오풀빈, 세인트존스풀, -차단제(메토프롤올 등), 벤조디아제핀, 사이클로스포린, 리토나비르, 모다피닐, 플루나리진, 아토르바스타틴, 로수바스타틴, 자몽주스 등과 함께 복용하지 마십시오.

기타 자세한 사항은 허가사항 상세정보를 확인하십시오.
","혈전성 정맥염, 혈전증 및 동맥성 혈전색전증, 뇌졸중, 뇌출혈, 뇌혈전증, 심근경색, 폐색전증, 혈압상승, 고혈압, 정맥류 악화, 일시적 허혈 발작, 월경외출혈(점상출혈, 파괴성출혈), 월경량 변화 및 무월경, 질분비물변화, 자궁근종 크기의 증가, 자궁경부미란, 질칸디다증, 질염, 월경전증후군, 용혈성 요독증후군, 월경곤란, 자궁경부암, 유방긴장감 및 확대, 유루증, 양성유선병증, 복부팽만감, 복부경련, 위장장애, 담즙분비, 무황달성 간염, 담정체성 황달 또는 가려움, 악성 및 양성 간종양, 간기능장애, 포르피린증의 악화, 만성 염증성 장질환, 궤양대장염, 복통, 췌장염, 간세포성 종양, 담석증을 포함한 담낭질환, 우울증, 어지러움, 신경과민, 시덴함 무도병의 약화, 뇌전증, 지각능력감소, 허탈, 조절장애, 기미 및 기미의 지속, 여드름, 전신성 홍반성 루푸스의 악화, 출혈성ㆍ알레르기성 발진, 부종, 가려움, 지루, 조모증, 탈모, 임신포진, 시각장애, 각막굴절변화, 망막혈전증, 시신경염, 이경화증 관련 청각장애, 나트륨 저류, 내당력 변화, 말초 인슐린저항성에 대한 영향, 당뇨병, 고콜레스테롤혈증, 식욕변화, 언어장애, 드물게 프로락틴성 뇌하수체종양(때때로 유루증), 혈청지질농도변화, 혈청엽산농도감소, 아나필락시스 반응(두드러기, 혈관부종, 그리고 호흡기 및 순환기 증상을 수반한 심한 반응을 포함) 등이 나타나는 경우 복용을 즉각 중지하고 의사 또는 약사와 상의하십시오.

기타 자세한 사항은 허가사항 상세정보를 확인하십시오.
","실온에서 보관하십시오.

어린이의 손이 닿지 않는 곳에 보관하십시오.
"
8806265008018 ,마이보라 21T,"8,000",6265008018,6265,0080,8806265008018,8806265008018,62650080,OK,200800687,OK,"이 약은 피임에 사용합니다.
","1일 1정씩 21일간 표시된 순서에 따라 복용하고, 7일간 휴약합니다.

복용시간은 가능하면 매일 같은 시간에 복용하는 것이 바람직합니다.

7일의 휴약기간 동안 월경이 나타나며 대개 정제의 마지막 복용 후 2~3일 내에 시작됩니다.

이 약을 계속 복용할 경우 7일간 휴약 후 새 포장의 정제로 복용을 시작하며 새로운 포장을 시작하기 전에 월경이 끝나지 않을 수도 있습니다.

기타 자세한 사항은 허가사항 상세정보를 참고하십시오.
","혈전증과 같은 심각한 심혈관계 위험이 증가할 수 있어 경구피임제를 복용하는 여성은 흡연을 삼갑니다. 35세 이상 흡연자는 이 약을 복용하지 마십시오.
","C형 간염 직접 작용 항바이러스제, 페니토인, 바르비탈류, 프리미돈, 카르바마제핀, 리팜피신, 루피나미드, 아프레피탄트, 보센탄, 에파비렌즈, 옥스카르바제핀, 토피라메이트, 펠바메이트, 그리세오풀빈, 세인트존스풀, -차단제(메토프롤올 등), 벤조디아제핀, 사이클로스포린, 리토나비르, 모다피닐, 플루나리진, 아토르바스타틴, 로수바스타틴, 자몽주스 등과 함께 복용하지 마십시오.

기타 자세한 사항은 허가사항 상세정보를 확인하십시오.
","혈전성 정맥염, 혈전증 및 동맥성 혈전색전증, 뇌졸중, 뇌출혈, 뇌혈전증, 심근경색, 폐색전증, 혈압상승, 고혈압, 정맥류 악화, 일시적 허혈 발작, 월경외출혈(점상출혈, 파괴성출혈), 월경량 변화 및 무월경, 질분비물변화, 자궁근종 크기의 증가, 자궁경부미란, 질칸디다증, 질염, 월경전증후군, 용혈성 요독증후군, 월경곤란, 자궁경부암, 유방긴장감 및 확대, 유루증, 양성유선병증, 복부팽만감, 복부경련, 위장장애, 담즙분비, 무황달성 간염, 담정체성 황달 또는 가려움, 악성 및 양성 간종양, 간기능장애, 포르피린증의 악화, 만성 염증성 장질환, 궤양대장염, 복통, 췌장염, 간세포성 종양, 담석증을 포함한 담낭질환, 우울증, 어지러움, 신경과민, 시덴함 무도병의 약화, 뇌전증, 지각능력감소, 허탈, 조절장애, 기미 및 기미의 지속, 여드름, 전신성 홍반성 루푸스의 악화, 출혈성ㆍ알레르기성 발진, 부종, 가려움, 지루, 조모증, 탈모, 임신포진, 시각장애, 각막굴절변화, 망막혈전증, 시신경염, 이경화증 관련 청각장애, 나트륨 저류, 내당력 변화, 말초 인슐린저항성에 대한 영향, 당뇨병, 고콜레스테롤혈증, 식욕변화, 언어장애, 드물게 프로락틴성 뇌하수체종양(때때로 유루증), 혈청지질농도변화, 혈청엽산농도감소, 아나필락시스 반응(두드러기, 혈관부종, 그리고 호흡기 및 순환기 증상을 수반한 심한 반응을 포함) 등이 나타나는 경우 복용을 즉각 중지하고 의사 또는 약사와 상의하십시오.

기타 자세한 사항은 허가사항 상세정보를 확인하십시오.
","실온에서 보관하십시오.

어린이의 손이 닿지 않는 곳에 보관하십시오.
"
8806265008209 ,멜리안 21정,"6,000",6265008209,6265,0082,8806265008209,8806265008209,62650082,OK,200807207,OK,"이 약은 피임에 사용합니다.
","1일 1정씩 21일간 표시된 순서에 따라 복용하고, 7일간 휴약합니다.

복용시간은 가능하면 매일 같은 시간에 복용하는 것이 바람직합니다.

7일의 휴약기간 동안 월경이 나타나며 대개 정제의 마지막 복용 후 2~3일 내에 시작됩니다.

이 약을 계속 복용할 경우 7일간 휴약 후 새 포장의 정제로 복용을 시작하며 새로운 포장을 시작하기 전에 월경이 끝나지 않을 수도 있습니다.

기타 자세한 사항은 허가사항 상세정보를 참고하십시오.
","혈전증과 같은 심각한 심혈관계 위험이 증가할 수 있어 경구피임제를 복용하는 여성은 흡연을 삼갑니다. 35세 이상 흡연자는 이 약을 복용하지 마십시오.
","C형 간염 직접 작용 항바이러스제, 페니토인, 바르비탈류, 프리미돈, 카르바마제핀, 리팜피신, 루피나미드, 아프레피탄트, 보센탄, 에파비렌즈, 옥스카르바제핀, 토피라메이트, 펠바메이트, 그리세오풀빈, 세인트존스풀, -차단제(메토프롤올 등), 벤조디아제핀, 사이클로스포린, 리토나비르, 모다피닐, 플루나리진, 아토르바스타틴, 로수바스타틴, 자몽주스 등과 함께 복용하지 마십시오.

기타 자세한 사항은 허가사항 상세정보를 확인하십시오.
","혈전성 정맥염, 혈전증 및 동맥성 혈전색전증, 뇌졸중, 뇌출혈, 뇌혈전증, 심근경색, 폐색전증, 혈압상승, 고혈압, 정맥류 악화, 일시적 허혈 발작, 월경외출혈(점상출혈, 파괴성출혈), 월경량 변화 및 무월경, 질분비물변화, 자궁근종 크기의 증가, 자궁경부미란, 질칸디다증, 질염, 월경전증후군, 용혈성 요독증후군, 월경곤란, 자궁경부암, 유방긴장감 및 확대, 유루증, 양성유선병증, 복부팽만감, 복부경련, 위장장애, 담즙분비, 무황달성 간염, 담정체성 황달 또는 가려움, 악성 및 양성 간종양, 간기능장애, 포르피린증의 악화, 만성 염증성 장질환, 궤양대장염, 복통, 췌장염, 간세포성 종양, 담석증을 포함한 담낭질환, 우울증, 어지러움, 신경과민, 시덴함 무도병의 약화, 뇌전증, 지각능력감소, 허탈, 조절장애, 기미 및 기미의 지속, 여드름, 전신성 홍반성 루푸스의 악화, 출혈성ㆍ알레르기성 발진, 부종, 가려움, 지루, 조모증, 탈모, 임신포진, 시각장애, 각막굴절변화, 망막혈전증, 시신경염, 이경화증 관련 청각장애, 나트륨 저류, 내당력 변화, 말초 인슐린저항성에 대한 영향, 당뇨병, 고콜레스테롤혈증, 식욕변화, 언어장애, 드물게 프로락틴성 뇌하수체종양(때때로 유루증), 혈청지질농도변화, 혈청엽산농도감소, 아나필락시스 반응(두드러기, 혈관부종, 그리고 호흡기 및 순환기 증상을 수반한 심한 반응을 포함) 등이 나타나는 경우 복용을 즉각 중지하고 의사 또는 약사와 상의하십시오.

기타 자세한 사항은 허가사항 상세정보를 확인하십시오.
","실온에서 보관하십시오.

어린이의 손이 닿지 않는 곳에 보관하십시오.
"
8806265008216 ,멜리안 21T,"6,000",6265008216,6265,0082,8806265008216,8806265008216,62650082,OK,200807207,OK,"이 약은 피임에 사용합니다.
","1일 1정씩 21일간 표시된 순서에 따라 복용하고, 7일간 휴약합니다.

복용시간은 가능하면 매일 같은 시간에 복용하는 것이 바람직합니다.

7일의 휴약기간 동안 월경이 나타나며 대개 정제의 마지막 복용 후 2~3일 내에 시작됩니다.

이 약을 계속 복용할 경우 7일간 휴약 후 새 포장의 정제로 복용을 시작하며 새로운 포장을 시작하기 전에 월경이 끝나지 않을 수도 있습니다.

기타 자세한 사항은 허가사항 상세정보를 참고하십시오.
","혈전증과 같은 심각한 심혈관계 위험이 증가할 수 있어 경구피임제를 복용하는 여성은 흡연을 삼갑니다. 35세 이상 흡연자는 이 약을 복용하지 마십시오.
","C형 간염 직접 작용 항바이러스제, 페니토인, 바르비탈류, 프리미돈, 카르바마제핀, 리팜피신, 루피나미드, 아프레피탄트, 보센탄, 에파비렌즈, 옥스카르바제핀, 토피라메이트, 펠바메이트, 그리세오풀빈, 세인트존스풀, -차단제(메토프롤올 등), 벤조디아제핀, 사이클로스포린, 리토나비르, 모다피닐, 플루나리진, 아토르바스타틴, 로수바스타틴, 자몽주스 등과 함께 복용하지 마십시오.

기타 자세한 사항은 허가사항 상세정보를 확인하십시오.
","혈전성 정맥염, 혈전증 및 동맥성 혈전색전증, 뇌졸중, 뇌출혈, 뇌혈전증, 심근경색, 폐색전증, 혈압상승, 고혈압, 정맥류 악화, 일시적 허혈 발작, 월경외출혈(점상출혈, 파괴성출혈), 월경량 변화 및 무월경, 질분비물변화, 자궁근종 크기의 증가, 자궁경부미란, 질칸디다증, 질염, 월경전증후군, 용혈성 요독증후군, 월경곤란, 자궁경부암, 유방긴장감 및 확대, 유루증, 양성유선병증, 복부팽만감, 복부경련, 위장장애, 담즙분비, 무황달성 간염, 담정체성 황달 또는 가려움, 악성 및 양성 간종양, 간기능장애, 포르피린증의 악화, 만성 염증성 장질환, 궤양대장염, 복통, 췌장염, 간세포성 종양, 담석증을 포함한 담낭질환, 우울증, 어지러움, 신경과민, 시덴함 무도병의 약화, 뇌전증, 지각능력감소, 허탈, 조절장애, 기미 및 기미의 지속, 여드름, 전신성 홍반성 루푸스의 악화, 출혈성ㆍ알레르기성 발진, 부종, 가려움, 지루, 조모증, 탈모, 임신포진, 시각장애, 각막굴절변화, 망막혈전증, 시신경염, 이경화증 관련 청각장애, 나트륨 저류, 내당력 변화, 말초 인슐린저항성에 대한 영향, 당뇨병, 고콜레스테롤혈증, 식욕변화, 언어장애, 드물게 프로락틴성 뇌하수체종양(때때로 유루증), 혈청지질농도변화, 혈청엽산농도감소, 아나필락시스 반응(두드러기, 혈관부종, 그리고 호흡기 및 순환기 증상을 수반한 심한 반응을 포함) 등이 나타나는 경우 복용을 즉각 중지하고 의사 또는 약사와 상의하십시오.

기타 자세한 사항은 허가사항 상세정보를 확인하십시오.
","실온에서 보관하십시오.

어린이의 손이 닿지 않는 곳에 보관하십시오.
"
8806265008506 ,아이봉C,"10,000",6265008506,6265,0085,8806265008506,8806265008506,62650085,OK,201507771,OK,"이 약은 눈의 세정, 수영 후 눈의 불쾌감 또는 먼지나 땀이 눈에 들어갔을 때에 사용합니다.","1일 3~6회, 1회 5 mL를 이용하여 세안합니다.",,,"눈의 충혈, 가려움, 부기, 피부의 발진, 발적, 가려움이 나타나는 경우 사용을 즉각 중지하고 의사 또는 약사와 상의하십시오.",습기와 빛을 피해 실온에서 보관하십시오.어린이의 손이 닿지 않는 곳에 보관하십시오.
8806265008513 ,아이봉C 세안액 480ml,"10,000",6265008513,6265,0085,8806265008513,8806265008513,62650085,OK,201507771,OK,"이 약은 눈의 세정, 수영 후 눈의 불쾌감 또는 먼지나 땀이 눈에 들어갔을 때에 사용합니다.","1일 3~6회, 1회 5 mL를 이용하여 세안합니다.",,,"눈의 충혈, 가려움, 부기, 피부의 발진, 발적, 가려움이 나타나는 경우 사용을 즉각 중지하고 의사 또는 약사와 상의하십시오.",습기와 빛을 피해 실온에서 보관하십시오.어린이의 손이 닿지 않는 곳에 보관하십시오.
8806265008605 ,아이봉W,"11,000",6265008605,6265,0086,8806265008605,8806265008605,62650086,OK,201507770,OK,"이 약은 눈의 세정, 수영 후 눈의 불쾌감 또는 먼지나 땀이 눈에 들어갔을 때에 사용합니다.
","1일 3~6회, 1회 5 mL를 이용하여 세안합니다.
",,,"눈의 충혈, 가려움, 부종(부기), 피부의 발진, 발적, 가려움이 나타나는 경우 사용을 즉각 중지하고 의사 또는 약사와 상의하십시오.
","습기와 빛을 피해 실온에서 보관하십시오.

어린이의 손이 닿지 않는 곳에 보관하십시오.
"
8806265008612 ,아이봉W 세안액 480ml,"11,000",6265008612,6265,0086,8806265008612,8806265008612,62650086,OK,201507770,OK,"이 약은 눈의 세정, 수영 후 눈의 불쾌감 또는 먼지나 땀이 눈에 들어갔을 때에 사용합니다.
","1일 3~6회, 1회 5 mL를 이용하여 세안합니다.
",,,"눈의 충혈, 가려움, 부종(부기), 피부의 발진, 발적, 가려움이 나타나는 경우 사용을 즉각 중지하고 의사 또는 약사와 상의하십시오.
","습기와 빛을 피해 실온에서 보관하십시오.

어린이의 손이 닿지 않는 곳에 보관하십시오.
"
8806265008926 ,챔프 시럽 5ml x 10포,"4,000",6265008926,6265,0089,8806265008926,8806265008926,62650089,OK,201206715,OK,"이 약은 감기로 인한 발열 및 동통(통증), 두통, 신경통, 근육통, 월경통, 염좌통(삔 통증)과 치통, 관절통, 류마티양 동통(통증)에 사용합니다.","만 12세 이하의 소아는 1회 권장용량을 4~6시간 마다 필요시 복용합니다.이 약은 가능한 최단기간동안 최소 유효용량으로 복용하며, 1일 5회 (75 mg/kg)를 초과하여 복용하지 않습니다.연령대별 권장용량은 허가사항을 참고하십시오.",,"아세트아미노펜을 포함하는 다른 제품, 다른 소염(항염)진통제, 바르비탈계 약물, 삼환계 항우울제, 알코올과 함께 복용하지 마십시오.와파린, 리튬, 타아지드계 이뇨제와 함께 복용 시 의사 또는 약사와 상의하십시오.","쇽 증상(호흡곤란, 온몸이 붉어짐, 혈관부기, 두드러기 등), 천식발작, 혈소판 감소, 과립구감소, 용혈성빈혈, 메트헤모글로빈혈증, 혈소판기능 저하(출혈시간 연장), 청색증, 구역, 구토, 식욕부진, 위장출혈, 소화성궤양, 천공(뚫림), 과민증상(얼굴부기, 땀이 남, 저혈압), 발진, 피부점막안증후군(스티븐스-존슨증후군), 독성표피괴사용해(리엘증후군), AST 상승, ALT 상승, 고정발진 등이 나타나는 경우 복용을 즉각 중지하고 의사 또는 약사와 상의하십시오.",실온에서 보관하십시오.어린이의 손이 닿지 않는 곳에 보관하십시오.
8806265009008 ,챔프이부펜,"4,000",6265009008,6265,0090,8806265009008,8806265009008,62650090,OK,201604402,OK,"이 약은 류마티양 관절염, 연소성 류마티양 관절염, 골관절염(퇴행성 관절질환), 감기로 인한 발열 및 동통, 요통, 월경곤란증, 수술후 동통과 강직성 척추염, 두통, 치통, 근육통, 신경통, 급성통풍, 건선성 관절염, 연조직손상(염좌, 좌상), 비관절 류마티스질환(건염, 건초염, 활액낭염)에 사용합니다.
","11~14세는 1회 200~250 mg (10~13 mL), 7~10세는 1회 150~200 mg (8~10 mL), 3~6세는 1회 100~150 mg (5~8 mL), 1~ 2세는 1회 50~100 mg (3~5 mL)을 1일 3~4회 복용합니다.

체중이 30 kg 미만인 어린이는 1일량이 500 mg (25 mL)을 초과해서는 안되며 공복시 투여는 피하는 것이 바람직합니다.
","매일 세잔 이상 정기적 음주자가 이 약 또는 다른 해열진통제를 복용할 때는 의사 또는 약사와 상의하십시오. 위장출혈을 일으킬 수 있습니다.

이 약 복용 시 치명적일 수 있는 중대한 심혈관계 혈전 반응, 심근경색증, 뇌졸중의 위험이 증가하며, 위장관 출혈, 궤양 및 천공 등 심각한 위장관계 이상반응이 나타날 수 있습니다.

조절되지 않는 고혈압, 울혈심부전증, 확립된 허혈성 심장질환, 말초동맥질환, 뇌혈관질환을 가진 환자는 고용량 이부프로펜(1일 2,400 mg) 복용을 피해야 하며, 심혈관계 위험 요소(고혈압, 고지혈증, 당뇨병, 흡연 등)를 가지고 있는 환자는 고용량 이부프로펜(1일 2,400 mg) 복용이 필요한 경우 이 약을 복용하기 전에 의사 또는 약사와 상의하십시오.
","항암요법으로 고용량 메토트렉세이트를 투여중인 환자, 다른 비스테로이드성 소염진통제와 함께 이 약을 복용하지 마십시오.

이 약을 복용하기 전에 저용량 아스피린, ACE 저해제 복용자, 리튬, 푸로세미드 및 티아지드계 이뇨제, 저용량 메토트렉세이트, 쿠마린계 항응혈제(와파린 등), 선택적 세로토닌 재흡수억제를 복용하는 환자는 의사 또는 약사와 상의하십시오.
","쇽(호흡곤란, 혈압저하 등), 헤마토크리트감소, 헤모글로빈감소, 빈혈, 재생불량성빈혈, 용혈성빈혈, 무과립구증, 과립구감소, 백혈구감소, 혈소판감소, 혈소판기능저하, 호산구증가 등의 혈액장애, 소화성궤양, 위장관궤양, 위장출혈, 천공(뚫림), 궤양성대장염, 혈변, 위염, 췌장염, 혈액구토, 크론병, 식욕부진, 구역, 구토, 복통, 소화불량, 설사, 위부불쾌감, 상복부통증, 구갈, 구내염, 복부팽만감, 구강궤양, 변비, 흑변, 피부점막안증후군(스티븐스-존슨증후군), 독성표피괴사용해(리엘증후군), 빈도불명의 호산구증가 및 전신 증후군을 동반한 약물 발진, 혈관신경성 부종, 수포성피부염, 다형성 홍반, 반구진 발진, 피부 붉어짐, 물집, 발진, 탈락 피부염, 급성전신발진고름물집증, 간염, 황달, 간기능이상, 간장애, 과민증 또는 아나필락시스 반응, 천식발작, 두드러기, 습진, 자주색반점, 시각장애, 귀먹음, 귀울림, 미각이상, 현기증, 졸음, 어지러움, 우울, 두통, 뇌혈관사고 또는 신경질, 무균성수막염 또는 수막염(심한 두통, 구역, 구토, 불면, 목이 뻣뻣함, 발열 또는 의식장애, 급성신부전, 소변감소, 혈뇨, 요단백, BUN, 혈중크레아티닌의 상승, 고칼륨혈증, 간질성 콩팥염, 콩팥염증후군, 콩팥유두괴사, 요량감소, 전신부종 및 이에 수반하는 숨가쁨, 나른함, 눈주변부기, 얼굴부기, 권태감, 발열, 코피, 부기, 말초부종 등이 나타나면 즉각 복용을 중지하고 의사 또는 약사와 상의하십시오.
","빛을 피해 실온에서 보관하십시오.

어린이의 손이 닿지 않는 곳에 보관하십시오.
"
8806265009022 ,챔프 이부펜시럽 5ml x 10포,"4,000",6265009022,6265,0090,8806265009022,8806265009022,62650090,OK,201604402,OK,"이 약은 류마티양 관절염, 연소성 류마티양 관절염, 골관절염(퇴행성 관절질환), 감기로 인한 발열 및 동통, 요통, 월경곤란증, 수술후 동통과 강직성 척추염, 두통, 치통, 근육통, 신경통, 급성통풍, 건선성 관절염, 연조직손상(염좌, 좌상), 비관절 류마티스질환(건염, 건초염, 활액낭염)에 사용합니다.
","11~14세는 1회 200~250 mg (10~13 mL), 7~10세는 1회 150~200 mg (8~10 mL), 3~6세는 1회 100~150 mg (5~8 mL), 1~ 2세는 1회 50~100 mg (3~5 mL)을 1일 3~4회 복용합니다.

체중이 30 kg 미만인 어린이는 1일량이 500 mg (25 mL)을 초과해서는 안되며 공복시 투여는 피하는 것이 바람직합니다.
","매일 세잔 이상 정기적 음주자가 이 약 또는 다른 해열진통제를 복용할 때는 의사 또는 약사와 상의하십시오. 위장출혈을 일으킬 수 있습니다.

이 약 복용 시 치명적일 수 있는 중대한 심혈관계 혈전 반응, 심근경색증, 뇌졸중의 위험이 증가하며, 위장관 출혈, 궤양 및 천공 등 심각한 위장관계 이상반응이 나타날 수 있습니다.

조절되지 않는 고혈압, 울혈심부전증, 확립된 허혈성 심장질환, 말초동맥질환, 뇌혈관질환을 가진 환자는 고용량 이부프로펜(1일 2,400 mg) 복용을 피해야 하며, 심혈관계 위험 요소(고혈압, 고지혈증, 당뇨병, 흡연 등)를 가지고 있는 환자는 고용량 이부프로펜(1일 2,400 mg) 복용이 필요한 경우 이 약을 복용하기 전에 의사 또는 약사와 상의하십시오.
","항암요법으로 고용량 메토트렉세이트를 투여중인 환자, 다른 비스테로이드성 소염진통제와 함께 이 약을 복용하지 마십시오.

이 약을 복용하기 전에 저용량 아스피린, ACE 저해제 복용자, 리튬, 푸로세미드 및 티아지드계 이뇨제, 저용량 메토트렉세이트, 쿠마린계 항응혈제(와파린 등), 선택적 세로토닌 재흡수억제를 복용하는 환자는 의사 또는 약사와 상의하십시오.
","쇽(호흡곤란, 혈압저하 등), 헤마토크리트감소, 헤모글로빈감소, 빈혈, 재생불량성빈혈, 용혈성빈혈, 무과립구증, 과립구감소, 백혈구감소, 혈소판감소, 혈소판기능저하, 호산구증가 등의 혈액장애, 소화성궤양, 위장관궤양, 위장출혈, 천공(뚫림), 궤양성대장염, 혈변, 위염, 췌장염, 혈액구토, 크론병, 식욕부진, 구역, 구토, 복통, 소화불량, 설사, 위부불쾌감, 상복부통증, 구갈, 구내염, 복부팽만감, 구강궤양, 변비, 흑변, 피부점막안증후군(스티븐스-존슨증후군), 독성표피괴사용해(리엘증후군), 빈도불명의 호산구증가 및 전신 증후군을 동반한 약물 발진, 혈관신경성 부종, 수포성피부염, 다형성 홍반, 반구진 발진, 피부 붉어짐, 물집, 발진, 탈락 피부염, 급성전신발진고름물집증, 간염, 황달, 간기능이상, 간장애, 과민증 또는 아나필락시스 반응, 천식발작, 두드러기, 습진, 자주색반점, 시각장애, 귀먹음, 귀울림, 미각이상, 현기증, 졸음, 어지러움, 우울, 두통, 뇌혈관사고 또는 신경질, 무균성수막염 또는 수막염(심한 두통, 구역, 구토, 불면, 목이 뻣뻣함, 발열 또는 의식장애, 급성신부전, 소변감소, 혈뇨, 요단백, BUN, 혈중크레아티닌의 상승, 고칼륨혈증, 간질성 콩팥염, 콩팥염증후군, 콩팥유두괴사, 요량감소, 전신부종 및 이에 수반하는 숨가쁨, 나른함, 눈주변부기, 얼굴부기, 권태감, 발열, 코피, 부기, 말초부종 등이 나타나면 즉각 복용을 중지하고 의사 또는 약사와 상의하십시오.
","빛을 피해 실온에서 보관하십시오.

어린이의 손이 닿지 않는 곳에 보관하십시오.
"
8806265009701 ,챔프노즈,"4,000",6265009701,6265,0097,8806265009701,8806265009701,62650097,OK,201706946,OK,"이 약은 눈의 가려움, 눈물, 콧물, 코 또는 인후(목구멍)의 가려움, 재채기, 코막힘 및 부비동 울혈의 일시적 완화에 사용합니다.
","만 12세 이상 및 성인은 1회 4포(20mL), 만 6세 이상~만 12세 미만은 1회 2포(10mL), 만 2세 이상~만 6세 미만은 1회 1포(5mL), 4-6시간마다 복용하고, 24시간 동안 4회를 넘지 않습니다.
","급성전신발진고름물집증과 같은 중증 피부 이상반응이 나타나는 경우 복용을 중단하고 의사 또는 약사와 상의하십시오.
","모노아민옥시다아제 억제제(우울증, 정신 및 감정장애, 파킨슨병 치료제 중 일부 약물)와 함께 복용하지 마십시오.

모노아민옥시다아제 억제제(우울증, 정신 및 감정장애, 파킨슨병 치료제 중 일부 약물) 투여를 중지한지 2주 이내인 사람은 이 약을 복용하지 마십시오.

진정제, 신경안정제를 함께 복용하는 경우 의사 또는 약사와 상의하십시오.
","급성전신발진고름물집증, 발열, 홍반, 다수의 작은 농포, 현저한 졸음, 흥분, 불안, 어지러움, 불면증, 열, 인후(목구멍)통이 2일 이상 지속되거나 두통, 발열, 발진, 구역, 구토, 허혈성 대장염(급격한 복통, 직장 출혈) 등이 나타나는 경우 복용을 즉각 중지하고 의사 또는 약사와 상의하십시오.

가역적 후뇌 병증 증후군 및 가역적 뇌혈관 수축 증후군의 증상(갑작스러운 심한 두통, 구역, 구토, 혼돈, 발작, 시각 장애 등)이 나타나는 경우 복용을 즉각 중지하고 의사 또는 약사와 상의하십시오.
","습기와 빛을 피해 25℃ 이하에서 보관하십시오.

어린이의 손이 닿지 않는 곳에 보관하십시오.
"
8806265009725 ,챔프 노즈시럽 5ml x 10포,"3,000",6265009725,6265,0097,8806265009725,8806265009725,62650097,OK,201706946,OK,"이 약은 눈의 가려움, 눈물, 콧물, 코 또는 인후(목구멍)의 가려움, 재채기, 코막힘 및 부비동 울혈의 일시적 완화에 사용합니다.
","만 12세 이상 및 성인은 1회 4포(20mL), 만 6세 이상~만 12세 미만은 1회 2포(10mL), 만 2세 이상~만 6세 미만은 1회 1포(5mL), 4-6시간마다 복용하고, 24시간 동안 4회를 넘지 않습니다.
","급성전신발진고름물집증과 같은 중증 피부 이상반응이 나타나는 경우 복용을 중단하고 의사 또는 약사와 상의하십시오.
","모노아민옥시다아제 억제제(우울증, 정신 및 감정장애, 파킨슨병 치료제 중 일부 약물)와 함께 복용하지 마십시오.

모노아민옥시다아제 억제제(우울증, 정신 및 감정장애, 파킨슨병 치료제 중 일부 약물) 투여를 중지한지 2주 이내인 사람은 이 약을 복용하지 마십시오.

진정제, 신경안정제를 함께 복용하는 경우 의사 또는 약사와 상의하십시오.
","급성전신발진고름물집증, 발열, 홍반, 다수의 작은 농포, 현저한 졸음, 흥분, 불안, 어지러움, 불면증, 열, 인후(목구멍)통이 2일 이상 지속되거나 두통, 발열, 발진, 구역, 구토, 허혈성 대장염(급격한 복통, 직장 출혈) 등이 나타나는 경우 복용을 즉각 중지하고 의사 또는 약사와 상의하십시오.

가역적 후뇌 병증 증후군 및 가역적 뇌혈관 수축 증후군의 증상(갑작스러운 심한 두통, 구역, 구토, 혼돈, 발작, 시각 장애 등)이 나타나는 경우 복용을 즉각 중지하고 의사 또는 약사와 상의하십시오.
","습기와 빛을 피해 25℃ 이하에서 보관하십시오.

어린이의 손이 닿지 않는 곳에 보관하십시오.
"
8806265011711 ,이치논 60g,"15,000",6265011711,6265,0117,8806265011711,8806265011711,62650117,OK,201801010,OK,"이 약은 건조성 피부(성인 및 노인의 건피증, 소아의 건조성 피부)에 수반하는 가려움에 사용합니다.",1일 1회~수회(여러 차례) 적당량을 질환부위에 도포하십시오.,,,"피부에 발진, 발적(충혈되어 붉어짐), 가려움, 자극감(통증, 발열, 따가움), 부스럼, 부종 등이 나타나는 경우 사용을 즉각 중지하고 의사 또는 약사와 상의하십시오.",습기와 빛을 피해 실온에서 보관하십시오.어린이의 손이 닿지 않는 곳에 보관하십시오.
8806265012008 ,터비뉴원스,"7,000",6265012008,6265,0120,8806265012008,8806265012008,62650120,OK,201800782,OK,"이 약은 피부사상균에 의한 피부진균감염증(족부백선(발백선증,무좀))에 사용합니다.","사용 전에 환부(질환 부위)를 깨끗이 씻고, 완전히 건조시킨후 환부(질환 부위)와 그 주위가 충분히 적셔지도록 충분한 양을 단 1회 적용합니다.병소(아픈부위)가 나타나지 않은 쪽 발이라 할지라도, 양쪽 발에 발가락 사이 모두 얇게 펴 바르고 발바닥 전체와 발바닥으로부터 약 1.5 cm 높이까지 이 약을 적용하고, 필름이 될 때까지 1~2분간 건조시킵니다.이 약 적용 시에는 문질러 바르지 않습니다.이 약의 효과를 높이려면 적용 후 24시간 동안 씻지 않고 그대로 두어야 하기 때문에 샤워 또는 목욕 후에 바르기를 권장하고 그 다음날의 같은 시간 까지 기다린 후 발을 다시 씻으십시오.",,,"매우 드물게 발진, 가려움, 물집피부염 및 두드러기, 흔하지 않게 피부 건조함, 피부 자극 또는 작열감(화끈감) 등이 나타나는 경우 사용을 즉각 중지하고 의사 또는 약사와 상의하십시오.",15~30℃에서 보관하십시오.어린이의 손이 닿지 않는 곳에 보관하십시오.화기 근처에 두지 마십시오.
8806265012015 ,터비뉴원스 6g,"7,000",6265012015,6265,0120,8806265012015,8806265012015,62650120,OK,201800782,OK,"이 약은 피부사상균에 의한 피부진균감염증(족부백선(발백선증,무좀))에 사용합니다.","사용 전에 환부(질환 부위)를 깨끗이 씻고, 완전히 건조시킨후 환부(질환 부위)와 그 주위가 충분히 적셔지도록 충분한 양을 단 1회 적용합니다.병소(아픈부위)가 나타나지 않은 쪽 발이라 할지라도, 양쪽 발에 발가락 사이 모두 얇게 펴 바르고 발바닥 전체와 발바닥으로부터 약 1.5 cm 높이까지 이 약을 적용하고, 필름이 될 때까지 1~2분간 건조시킵니다.이 약 적용 시에는 문질러 바르지 않습니다.이 약의 효과를 높이려면 적용 후 24시간 동안 씻지 않고 그대로 두어야 하기 때문에 샤워 또는 목욕 후에 바르기를 권장하고 그 다음날의 같은 시간 까지 기다린 후 발을 다시 씻으십시오.",,,"매우 드물게 발진, 가려움, 물집피부염 및 두드러기, 흔하지 않게 피부 건조함, 피부 자극 또는 작열감(화끈감) 등이 나타나는 경우 사용을 즉각 중지하고 의사 또는 약사와 상의하십시오.",15~30℃에서 보관하십시오.어린이의 손이 닿지 않는 곳에 보관하십시오.화기 근처에 두지 마십시오.
8806265012329 ,챔프 코프 5ml x 10포,"3,000",6265012329,6265,0123,8806265012329,8806265012329,62650123,OK,201804368,OK,"이 약은 기침, 가래에 사용합니다.
","만 15세 이상은 1회 20 mL씩, 만 11세 이상 ~ 만 15세 미만은 1회 13 mL씩, 만 8세 이상 ~ 만 11세 미만은 1회 10 mL씩, 만 5세 이상 ~ 만 8세 미만은 1회 6.5 mL씩, 만 3세 이상 ~ 만 5세 미만은 1회 5 mL씩, 만 2세 이상 ~ 만 3세 미만 1회 4 mL씩, 1일에 5-6회 복용하고 약 4시간 간격을 두고 복용합니다.
",,"MAO 억제제(항우울제, 항정신병제, 감정조절제, 항파킨슨제 등), 다른 진해거담제, 감기약, 항히스타민제를 함유하는 내복약(비염[코염]용 경구제, 멀미약, 알레르기용약), 진정제와 함께 복용하지 마십시오.

복용 중에는 음주하지 마십시오.
","발진·발적(충혈되어 붉어짐), 가려움, 구역·구토, 식욕부진, 어지러움, 불안, 떨림, 불면 등이 나타나는 경우 복용을 즉각 중지하고 의사 또는 약사와 상의하십시오.
","습기와 빛을 피해 실온에서 보관하십시오.

어린이의 손이 닿지 않는 곳에 보관하십시오.
"
8806265013326 ,애크린 외용액 (스프레이) 100ml,"15,000",6265013326,6265,0133,8806265013326,8806265013326,62650133,OK,201903796,NO_ITEM,,,,,,
8806265013722 ,터비뉴 더블액션겔 30g,"7,000",6265013722,6265,0137,8806265013722,8806265013722,62650137,OK,201904579,OK,"이 약은 무좀, 완선(사타구니백선), 백선에 사용합니다.","1일 1회, 적량을 환부(질환 부위)에 도포합니다.",,,"염증, 낙설(비듬이나 대와 같은 피부의 벗겨짐), 상처, 피부건조 및 피부가 당겨지는 느낌, 피부의 갈라짐, 통증, 색소침착, 자극감, 열감, 인바늘, 짓무름, 수포, 발진, 발적, 가려움증, 붓기, 두드러기 등이 나타나는 경우 사용을 즉각 중지하고 의사 또는 약사와 상의하십시오.",습기와 빛을 피해 실온에서 보관하십시오.어린이의 손이 닿지 않는 곳에 보관하십시오.화기에 가까이 두지 마십시오.
8806265014323 ,멜라토닝(히드로퀴논2%) 30g,"20,000",6265014323,6265,0143,8806265014323,8806265014323,62650143,OK,201907481,OK,"이 약은 간반, 흑피증(기미), 주근깨, 노인성 검은반점, 기타 불필요한 부위의 과도한 멜라닌 색소 침착 피부의 점차적인 표백에 사용합니다.
","1일 1~2회(아침, 취침 전) 환부에 바릅니다.
","이 약 사용중 또는 사용후에는 자외선 차단제를 사용하거나 햇빛에 대한 노출을 차단하십시오. 피부가 변색될 수 있습니다.

동물실험에서 변이원성 및 발암성이 관찰되었으므로 장기간 사용하지 마십시오.
",,"접촉피부염과 같은 과민반응 등이 나타나는 경우 사용을 즉각 중지하고 의사 또는 약사와 상의하십시오.
","습기와 빛을 피해 실온에서 보관하십시오.

어린이의 손이 닿지 않는 곳에 보관하십시오.
"
8806265014330 ,멜라토닝(히드로퀴논2%) 50g,"33,000",6265014330,6265,0143,8806265014330,8806265014330,62650143,OK,201907481,OK,"이 약은 간반, 흑피증(기미), 주근깨, 노인성 검은반점, 기타 불필요한 부위의 과도한 멜라닌 색소 침착 피부의 점차적인 표백에 사용합니다.
","1일 1~2회(아침, 취침 전) 환부에 바릅니다.
","이 약 사용중 또는 사용후에는 자외선 차단제를 사용하거나 햇빛에 대한 노출을 차단하십시오. 피부가 변색될 수 있습니다.

동물실험에서 변이원성 및 발암성이 관찰되었으므로 장기간 사용하지 마십시오.
",,"접촉피부염과 같은 과민반응 등이 나타나는 경우 사용을 즉각 중지하고 의사 또는 약사와 상의하십시오.
","습기와 빛을 피해 실온에서 보관하십시오.

어린이의 손이 닿지 않는 곳에 보관하십시오.
"
8806265014507 ,D-판테놀,"8,000",6265014507,6265,0145,8806265014507,8806265014507,62650145,OK,201907733,OK,"이 약은 상처, 화상, 찢긴 상처(수유기 중의 유두균열(갈라짐) 등), 욕창, 급·만성 피부염, 습진, 피부궤양, 기저귀 발진, 햇볕에 탄 데(일광피부염)의 보조치료에 사용합니다.
","이 약은 상처를 청결히 한 후 환부에 1일 1~수회 바릅니다.

수유기 중의 유두균열에는 매 수유 직후 유두에 바릅니다.
",,,"알레르기 반응, 접촉피부염, 알레르기성 피부염, 가려움증, 홍반, 습진, 발진, 두드러기, 피부 자극, 수포 등이 나타나는 경우 사용을 즉각 중지하고 의사 또는 약사와 상의하십시오.
","실온에서 보관하십시오.

어린이의 손이 닿지 않는 곳에 보관하십시오.
"
8806265014538 ,D-판테놀 50g,"9,000",6265014538,6265,0145,8806265014538,8806265014538,62650145,OK,201907733,OK,"이 약은 상처, 화상, 찢긴 상처(수유기 중의 유두균열(갈라짐) 등), 욕창, 급·만성 피부염, 습진, 피부궤양, 기저귀 발진, 햇볕에 탄 데(일광피부염)의 보조치료에 사용합니다.
","이 약은 상처를 청결히 한 후 환부에 1일 1~수회 바릅니다.

수유기 중의 유두균열에는 매 수유 직후 유두에 바릅니다.
",,,"알레르기 반응, 접촉피부염, 알레르기성 피부염, 가려움증, 홍반, 습진, 발진, 두드러기, 피부 자극, 수포 등이 나타나는 경우 사용을 즉각 중지하고 의사 또는 약사와 상의하십시오.
","실온에서 보관하십시오.

어린이의 손이 닿지 않는 곳에 보관하십시오.
"
8806265014729 ,리큐번크림 50g,"13,000",6265014729,6265,0147,8806265014729,8806265014729,62650147,OK,201908278,OK,"이 약은 습진, 열상 및 화상, 그 외의 질환에 따른 미란 (짓무름) 및 궤양에 사용합니다.
","1일 여러 차례 질환 부위에 바르십시오.
",,,"열감, 가려움, 따끔따끔 감 등의 피부 자극증상 등이 나타날 수 있습니다.
","빛을 피해 실온에서 보관하십시오.
"
8806265016617 ,치오맥스 연고 25g,"6,000",6265016617,6265,0166,8806265016617,8806265016617,62650166,OK,202104809,OK,"이 약은 치열·치핵의 아픔·가려움·부종(부기)·출혈의 일시적인 완화에 사용합니다.
","도포하는 경우 1일 3회 범위 내에서 환부에 직접 바릅니다.

주입하는 경우 성인 및 15세 이상 청소년은 1회 2 g, 1일 3회의 범위 내에서, 7세 이상 15세 미만의 소아 및 청소년은 1회 1 g, 1일 3회의 범위 내에서 직장내 삽입하여 주입합니다.
",,"dl-메틸에페드린염산염, 스코폴리아엑스 및 글리시리진산 함유 좌제 또는 연고제, 크림제, 혈압강하제, 항우울약과 함께 복용하지 마십시오
","충혈되어 붉어짐, 부종(부기), 자극감, 화농(곪음), 알레르기증상(발진, 충혈되어 붉어짐, 가려움 등), 출혈이 나타나는 경우 사용을 즉각 중지하고 의사 또는 약사와 상의하십시오.
","습기와 빛을 피해 실온에서 보관하십시오.

어린이의 손이 닿지 않는 곳에 보관하십시오.
"
8806265017317 ,챔푸 구강스프레이 20ml,"8,000",6265017317,6265,0173,8806265017317,8806265017317,62650173,OK,202107173,NO_ITEM,,,,,,
8806265017621 ,베나치오 키즈 10ml,"4,500",6265017621,6265,0176,8806265017621,8806265017621,62650176,OK,202200604,NO_ITEM,,,,,,
8806265017829 ,챔프 알러논액 5ml x 10포,"4,000",6265017829,6265,0178,8806265017829,8806265017829,62650178,OK,202107872,OK,"이 약은 계절성 및 다년성 알레르기성 비염, 알레르기성 결막염, 만성 특발성 두드러기, 피부소양증에 사용합니다.
","성인 및 12세 이상의 소아는 1회 10 mg씩, 1일 1회 복용합니다.

2~12세 미만의 소아는 체중이 30 kg 이상이면 1회 10 mg씩, 1일 1회로 체중이 30 kg 미만이면 1회 5 mg씩, 1일 1회 복용합니다.

이상반응에 민감한 환자는 아침, 저녁으로 분할하여 복용하십시오.

연령, 증상에 따라 적절히 증감할 수 있습니다.

신장애 환자의 용법용량은 허가사항을 참고하십시오. 신장애를 가진 소아 환자는 환자의 신 청소율과 체중을 고려한 용량 조절이 필요합니다.
",,"이 약을 복용하는 동안 테오필린, 리토나비어와 함께 복용하지 마십시오.

이 약을 복용하는 동안 과량의 알코올과 함께 복용하지 마십시오.
","졸음, 두통, 혈관염, 광과민증, 현기증, 관절통, 인두염, 기침, 코피, 기관지경련, 청력이상, 시각이상 등이 나타나는 경우 이 약의 복용을 즉각 중지하고 의사 또는 약사와 상의하십시오.

때때로 권태감, 마비감, 무력증, 초조, 감각이상, 목마름, 입술건조감, 구역, 식욕부진, 위부불쾌감, 소화불량, 복통, 위통, 복부불쾌감, 설사, 두근거림, 가슴통증, 백혈구 감소, 호중구 감소, 림프구 증가, 호산구 증가, 부기, 가려움, 발진 또는 AST, ALT, -GTP, ALP, 총빌리루빈, LDH 상승 등의 간기능장애, 황달, 간염, BUN 상승, 당뇨, 피섞인 소변, 드물게 두드러기, 혈관신경성 부종, 고정약물발진, 급성 전신발진농포증 등이 나타나는 경우 이 약의 복용을 즉각 중지하고 의사 또는 약사와 상의하십시오.
","빛을 피해 실온에서 보관하십시오.

어린이의 손이 닿지 않는 곳에 보관하십시오.

개봉 후 3개월 이상 사용하지 마십시오.
"
8806265018208 ,애크린,"10,000",6265018208,6265,0182,8806265018208,8806265018208,62650182,OK,202204171,OK,"이 약은 여드름 치료에 사용합니다.
","1일 2회 아침, 저녁으로 바르십시오.

과도한 피부 건조가 발생할 수 있으므로 1일 1회로 시작하고 피부 건조 또는 벗겨짐이 발생할 경우 이틀에 한 번으로 적용 횟수를 줄일 수 있습니다.
",,,"발진, 발적(충혈되어 붉어짐), 홍반(붉은 반점), 가려움, 정상 피부에 닿았을 경우에 국소 자극 반응 등이 나타나는 경우 사용을 즉각 중지하고 의사 또는 약사와 상의하십시오.
","습기와 빛을 피해 실온에서 보관하십시오.

어린이의 손이 닿지 않는 곳에 보관하십시오.

화기 근처에 두지 마십시오.

사용하지 않을 경우에는 뚜껑을 잘 닫으십시오.
"
8806265018833 ,아이오쿨 수0.5% 30관,"8,000",6265018833,6265,0188,8806265018833,8806265018833,62650188,OK,202303024,OK,"이 약은 안구건조증 또는 바람이나 태양에 노출되거나 생기는 화끈거리는 증상, 자극감, 불쾌감의 일시적인 완화 및 자극의 예방에 사용합니다.
","필요시 증상이 있는 눈에 1~2방울씩 넣으십시오.

용기의 개봉은 끝 부분을 앞뒤로 완전히 구부린 다음 당겨서 하십시오.
",,,"통증, 시야변화, 지속적인 충혈이나 자극감을 경험하는 경우 이 약의 사용을 즉각 중지하고 의사와 상의하십시오.
","섭씨 15~25도의 상온에서 보관하십시오.

어린이의 손이 닿지 않는 곳에 보관하십시오.
"
8806265019144 ,아이오쿨 수1.0% 30관,"9,000",6265019144,6265,0191,8806265019144,8806265019144,62650191,OK,202303025,OK,"이 약은 눈의 건조 또는 바람이나 태양에 노출되어 생기는 화끈거리는 증상, 자극감, 불쾌감의 일시적인 완화에 사용합니다.
","필요시 증상이 있는 눈에 1~2방울씩 넣으십시오.
",,"이 약을 다른 점안제와 동시에 사용할 경우에는 이 약을 사용하기 전에 최소 15분의 간격을 두십시오.
","가려움, 부종, 통증, 시야의 변화, 지속적인 충혈 또는 자극감 등의 증상이 나타나는 경우 이 약의 사용을 즉각 중지하고 의사 또는 약사와 상의하십시오.

하드콘택트렌즈를 착용하는 사람에게서 눈곱 등의 분비물이 많아지면서 드물게 렌즈가 흐려지는 경우 이 약의 사용을 즉각 중지하고 의사 또는 약사와 상의하십시오.

높은 점도로 인해 이 약을 눈에 넣을 시 일시적으로 눈이 흐릿해질 수 있습니다.
","실온에서 보관하십시오.

어린이의 손이 닿지 않는 곳에 보관하십시오.
"
8806265019304 ,챔프콜드펜,"4,000",6265019304,6265,0193,8806265019304,8806265019304,62650193,OK,202303142,OK,"이 약은 콧물, 코막힘, 재채기, 인후통, 기침, 가래, 춥고 떨리는 증상의 오한, 발열, 두통, 관절통, 근육통 등의 감기의 여러 증상의 완화에 사용합니다.
","만 15세 이상은 1회 3포 (15 ml)씩을, 만 11세 이상~만 15세 미만은 1회 2포 (10 ml)씩을, 만 7세 이상~만 11세 미만은 1회 1.5포 (7.5 ml)씩을, 만 3세 이상~만 7세 미만은 1회 1포 (5 ml)씩을, 만 2세이상~만 3세 미만은 1회 0.75포 (3.75 ml)씩을, 1일 3회 식후 30분에 복용합니다.

필요 시 취침시에 복용할 수 있습니다.

복용간격은 4시간 이상으로 하십시오.
","매일 세잔 이상 정기적 음주자가 이 약 또는 다른 해열진통제를 복용할 때는 의사 또는 약사와 상의하십시오. 간손상을 일으킬 수 있습니다.

매우 드물게 치명적일 수 있는 급성전신발진고름물집증, 피부점막안증후군 (스티븐스-존슨증후군), 독성표피괴사용해 (리엘증후군)와 같은 중대한 피부반응이 보고되었고 이 약 복용 후 피부발진 또는 다른 과민반응의 징후가 나타나는 경우 즉시 복용을 중단하십시오.

아세트아미노펜으로 일일 최대 용량 (4,000 mg)을 초과하여 복용하지 마십시오. 간손상을 일으킬 수 있습니다. 아세트아미노펜을 포함하는 다른 제품과 함께 복용하지 마십시오.
","이 약을 복용하는 동안 진해거담제, 다른 감기약, 해열진통제, 진정제, 항히스타민제를 함유하는 내복약을 복용하지 마십시오.

우울증, 파킨슨병 치료 등에 사용되는 MAO 억제제를 복용하고 있거나 복용을 중단한 후 2주 이내의 사람은 이 약을 복용하지 마십시오.

이 약을 복용하기 전에 당뇨약, 통풍약, 관절염약, 항응고제, 스테로이드제 등을 투여받고 있는 사람은 의사 또는 약사와 상의하십시오.

바르비탈계 약물, 삼환계 항우울제 및 알코올을 투여받는 환자는 의사 또는 약사와 상의하십시오.

복용 중 음주하지 마십시오.
","발진 및 발적, 가려움, 구역 및 구토, 식욕부진, 변비, 부종, (지속적이거나 심한) 목마름, 어지러움, 불안, 떨림, 불면 등이 나타나는 경우 이 약의 복용을 즉각 중지하고 의사 또는 약사와 상의하십시오.

드물게 복용 후 바로 두드러기, 부종, 가슴답답함 등과 함께 안색이 창백하고, 손발이 차고, 식은 땀, 숨쉬기 곤란함 등이 나타날 수 있는 쇽 (아낙필락시스) 혹은 피부점막안증후군 (스티븐스-존슨증후군), 독성표피괴사용해 (리엘증후군), 천식이나 전신의 나른함, 황달 등의 간기능장애, 간질성폐렴 등이 나타나는 경우 이 약의 복용을 즉각 중지하고 의사 또는 약사와 상의하십시오.
","습기와 빛을 피해 실온에서 보관하십시오.

어린이의 손이 닿지 않는 곳에 보관하십시오.
"
8806265019328 ,챔프 콜드펜시럽 5ml x 10포,"4,000",6265019328,6265,0193,8806265019328,8806265019328,62650193,OK,202303142,OK,"이 약은 콧물, 코막힘, 재채기, 인후통, 기침, 가래, 춥고 떨리는 증상의 오한, 발열, 두통, 관절통, 근육통 등의 감기의 여러 증상의 완화에 사용합니다.
","만 15세 이상은 1회 3포 (15 ml)씩을, 만 11세 이상~만 15세 미만은 1회 2포 (10 ml)씩을, 만 7세 이상~만 11세 미만은 1회 1.5포 (7.5 ml)씩을, 만 3세 이상~만 7세 미만은 1회 1포 (5 ml)씩을, 만 2세이상~만 3세 미만은 1회 0.75포 (3.75 ml)씩을, 1일 3회 식후 30분에 복용합니다.

필요 시 취침시에 복용할 수 있습니다.

복용간격은 4시간 이상으로 하십시오.
","매일 세잔 이상 정기적 음주자가 이 약 또는 다른 해열진통제를 복용할 때는 의사 또는 약사와 상의하십시오. 간손상을 일으킬 수 있습니다.

매우 드물게 치명적일 수 있는 급성전신발진고름물집증, 피부점막안증후군 (스티븐스-존슨증후군), 독성표피괴사용해 (리엘증후군)와 같은 중대한 피부반응이 보고되었고 이 약 복용 후 피부발진 또는 다른 과민반응의 징후가 나타나는 경우 즉시 복용을 중단하십시오.

아세트아미노펜으로 일일 최대 용량 (4,000 mg)을 초과하여 복용하지 마십시오. 간손상을 일으킬 수 있습니다. 아세트아미노펜을 포함하는 다른 제품과 함께 복용하지 마십시오.
","이 약을 복용하는 동안 진해거담제, 다른 감기약, 해열진통제, 진정제, 항히스타민제를 함유하는 내복약을 복용하지 마십시오.

우울증, 파킨슨병 치료 등에 사용되는 MAO 억제제를 복용하고 있거나 복용을 중단한 후 2주 이내의 사람은 이 약을 복용하지 마십시오.

이 약을 복용하기 전에 당뇨약, 통풍약, 관절염약, 항응고제, 스테로이드제 등을 투여받고 있는 사람은 의사 또는 약사와 상의하십시오.

바르비탈계 약물, 삼환계 항우울제 및 알코올을 투여받는 환자는 의사 또는 약사와 상의하십시오.

복용 중 음주하지 마십시오.
","발진 및 발적, 가려움, 구역 및 구토, 식욕부진, 변비, 부종, (지속적이거나 심한) 목마름, 어지러움, 불안, 떨림, 불면 등이 나타나는 경우 이 약의 복용을 즉각 중지하고 의사 또는 약사와 상의하십시오.

드물게 복용 후 바로 두드러기, 부종, 가슴답답함 등과 함께 안색이 창백하고, 손발이 차고, 식은 땀, 숨쉬기 곤란함 등이 나타날 수 있는 쇽 (아낙필락시스) 혹은 피부점막안증후군 (스티븐스-존슨증후군), 독성표피괴사용해 (리엘증후군), 천식이나 전신의 나른함, 황달 등의 간기능장애, 간질성폐렴 등이 나타나는 경우 이 약의 복용을 즉각 중지하고 의사 또는 약사와 상의하십시오.
","습기와 빛을 피해 실온에서 보관하십시오.

어린이의 손이 닿지 않는 곳에 보관하십시오.
"
8806265019403 ,맥스 콘드로이틴 1200mg,"150,000",6265019403,6265,0194,8806265019403,8806265019403,62650194,OK,202303174,OK,"이 약은 경증에서 중등도의 골관절염 및 퇴행성 관절염에 사용합니다.
","성인은 1회 1포씩, 1일 1회 식사와 함께 이 약 그대로 복용하거나 물에 희석하여 복용합니다.
",,,"현기증, 위장장애, 상복부 통증, 메스꺼움, 설사, 홍반, 발진, 반구진성 발진, 두드러기, 습진, 가려움증, 부종, 심부전 환자에 대한 수분저류 등이 나타나는 경우 이 약의 복용을 즉각 중지하고 의사 또는 약사와 상의하십시오.
","실온에서 보관하십시오.

어린이의 손이 닿지 않는 곳에 보관하십시오.

개봉 후 남은 약은 버리십시오.
"
8806265019724 ,디판셉틱 30g,"9,000",6265019724,6265,0197,8806265019724,8806265019724,62650197,OK,201404363,OK,"이 약은 감염 위험이 있는 상처(긁힌 상처, 베인 상처, 찢긴 상처, 화상, 피부염), 다리궤양, 욕창, 이차감염된 습진, 만성단순태선(신경피부염)과 같은 피부감염증, 수유기 동안의 유두균열(갈라짐), 소수술(피부손상, 수술상처)에 사용합니다.",상처 또는 감염된 피부부위를 청결히 한 후 필요에 따라 1일 여러차례 얇게 바릅니다. 바른 후 드레싱하거나 드레싱하지 않은 상태로 치료할 수 있습니다.,"뇌, 척수, 귀 등 청각신경 또는 중추신경에 직접 사용할 경우 난청(귀먹음), 신경장애를 일으킬 수 있습니다.",다른 소독제 또는 방부제와 함께 사용하지 마십시오.계면활성제 및 기타 음이온성 약물과 배합해서 사용하지 마십시오.,"드물게 작열감(화끈감), 알레르기성 피부반응 등이 나타나는 경우 사용을 즉각 중지하고 의사 또는 약사와 상의하십시오.",25℃ 이하 실온에서 보관하십시오.
8806265019953 ,아이오쿨 프로 (트레할로스) 60관,"13,000",6265019953,6265,0199,8806265019953,8806265019953,62650199,OK,202400066,OK,"이 약은 바람, 연기, 공해, 먼지, 건조한 열, 에어컨, 항공여행, 장시간 컴퓨터 사용시 눈의 건조(불쾌감, 찌르는 듯한 통증, 자극)나 눈의 피로에 사용합니다.
","필요 시 각각의 눈에 1회 1방울씩, 1일 수회 점안하십시오.

점안은 아래 눈꺼풀을 부드럽게 아래로 당기고 위를 보는 동안 아래 결막낭에 하십시오.
",,"이 약을 다른 점안제와 동시에 사용할 경우에는 다른 점안제를 사용하고 약 10분 후에 이 약을 점안합니다.
","드물게 눈 자극이 나타나는 경우 사용을 즉각 중지하고 의사 또는 약사와 상의하십시오.
","습기와 빛을 피해 실온에서 보관하십시오.

어린이의 손이 닿지 않는 곳에 보관하십시오.
"
8806265020027 ,베나치오 이지액 20ml x 6포,"5,000",6265020027,6265,0200,8806265020027,8806265020027,62650200,OK,202400115,NO_ITEM,,,,,,
8806265020416 ,디판버그 30g,"6,000",6265020416,6265,0204,8806265020416,8806265020416,62650204,OK,202400576,OK,"이 약은 습진, 피부염, 땀띠, 옻 등에 의한 피부염, 가려움, 벌레물림, 두드러기, 동창에 사용합니다.
","1일 수회 환부에 적당량을 바르십시오.
",,,"발진·발적, 종창, 가려움, 통증, 부종 등이 나타나는 경우 사용을 즉각 중지하고 의사 또는 약사와 상의하십시오.
","습기와 빛을 피해 실온에서 보관하십시오.

어린이의 손이 닿지 않는 곳에 보관하십시오.

사용기간이 지난 제품은 사용하지 마십시오.

시계, 안경 등의 플라스틱류, 도장이 되어있는 마루, 가구 등에 접촉하지 마십시오. 접촉 시 변질될 수 있습니다.
"
8806265020607 ,챔프콜드펜시럽,"4,000",6265020607,6265,0206,8806265020607,8806265020607,62650206,OK,202401275,OK,"이 약은 콧물, 코막힘, 재채기, 인후통, 기침, 가래, 오한, 발열, 두통, 관절통, 근육통 등 감기의 여러 증상의 완화에 사용합니다.
","만 15세 이상은 1회 2포씩, 만 11세 이상~만 15세 미만은 1회 4/3포씩, 만 7세 이상~만 11세 미만은 1회 1포씩, 만 3세 이상~만 7세 미만은 1회 2/3포씩, 만 2세이상~만 3세 미만은 1회 1/2포씩, 1일 3회 식후 30분 및 필요 시 취침시에 복용합니다.

복용간격은 4시간으로 하십시오.
","매일 세잔 이상 정기적 음주자가 이 약 또는 다른 해열진통제를 복용할 때는 의사 또는 약사와 상의하십시오. 간손상을 일으킬 수 있습니다.

매우 드물게 치명적일 수 있는 급성전신발진고름물집증, 피부점막안증후군 (스티븐스-존슨증후군), 독성표피괴사용해 (리엘증후군)와 같은 중대한 피부반응이 보고되었고 이 약 복용 후 피부발진 또는 다른 과민반응의 징후가 나타나는 경우 즉시 복용을 중단하십시오.

아세트아미노펜으로 일일 최대 용량 (4,000 mg)을 초과하여 복용하지 마십시오. 간손상을 일으킬 수 있습니다. 아세트아미노펜을 포함하는 다른 제품과 함께 복용하지 마십시오.
","이 약을 복용하는 동안 진해거담제, 다른 감기약, 해열진통제, 진정제, 항히스타민제를 함유하는 내복약을 복용하지 마십시오.

우울증, 파킨슨병 치료 등에 사용되는 MAO 억제제를 복용하고 있거나 복용을 중단한 후 2주 이내의 사람은 이 약을 복용하지 마십시오.

이 약을 복용하기 전에 당뇨약, 통풍약, 관절염약, 항응고제, 스테로이드제 등을 투여받고 있는 사람은 의사 또는 약사와 상의하십시오.

바르비탈계 약물, 삼환계 항우울제 및 알코올을 투여받는 환자는 의사 또는 약사와 상의하십시오.

복용 중 음주하지 마십시오.
","발진 및 발적, 가려움, 구역 및 구토, 식욕부진, 변비, 부종, 어지러움, 불안, 떨림, 불면 등이 나타나는 경우 이 약의 복용을 즉각 중지하고 의사 또는 약사와 상의하십시오.

드물게  복용 후 바로 두드러기, 부종, 가슴답답함 등과 함께 안색이 창백하고, 손발이 차고, 식은 땀, 숨쉬기 곤란함 등이 나타날 수 있는 쇽 (아낙필락시스) 또는 피부점막안증후군 (스티븐스-존슨증후군), 독성표피괴사용해 (리엘증후군), 천식이나 전신의 나른함, 황달 등의 간기능장애, 간질성폐렴 등이 나타나는 경우 이 약의 복용을 즉각 중지하고 의사 또는 약사와 상의하십시오.
","습기와 빛을 피해 실온에서 보관하십시오.

어린이의 손이 닿지 않는 곳에 보관하십시오.
"
8806265020621 ,챔프 콜드펜 하이시럽 10ml x 10p,"4,500",6265020621,6265,0206,8806265020621,8806265020621,62650206,OK,202401275,OK,"이 약은 콧물, 코막힘, 재채기, 인후통, 기침, 가래, 오한, 발열, 두통, 관절통, 근육통 등 감기의 여러 증상의 완화에 사용합니다.
","만 15세 이상은 1회 2포씩, 만 11세 이상~만 15세 미만은 1회 4/3포씩, 만 7세 이상~만 11세 미만은 1회 1포씩, 만 3세 이상~만 7세 미만은 1회 2/3포씩, 만 2세이상~만 3세 미만은 1회 1/2포씩, 1일 3회 식후 30분 및 필요 시 취침시에 복용합니다.

복용간격은 4시간으로 하십시오.
","매일 세잔 이상 정기적 음주자가 이 약 또는 다른 해열진통제를 복용할 때는 의사 또는 약사와 상의하십시오. 간손상을 일으킬 수 있습니다.

매우 드물게 치명적일 수 있는 급성전신발진고름물집증, 피부점막안증후군 (스티븐스-존슨증후군), 독성표피괴사용해 (리엘증후군)와 같은 중대한 피부반응이 보고되었고 이 약 복용 후 피부발진 또는 다른 과민반응의 징후가 나타나는 경우 즉시 복용을 중단하십시오.

아세트아미노펜으로 일일 최대 용량 (4,000 mg)을 초과하여 복용하지 마십시오. 간손상을 일으킬 수 있습니다. 아세트아미노펜을 포함하는 다른 제품과 함께 복용하지 마십시오.
","이 약을 복용하는 동안 진해거담제, 다른 감기약, 해열진통제, 진정제, 항히스타민제를 함유하는 내복약을 복용하지 마십시오.

우울증, 파킨슨병 치료 등에 사용되는 MAO 억제제를 복용하고 있거나 복용을 중단한 후 2주 이내의 사람은 이 약을 복용하지 마십시오.

이 약을 복용하기 전에 당뇨약, 통풍약, 관절염약, 항응고제, 스테로이드제 등을 투여받고 있는 사람은 의사 또는 약사와 상의하십시오.

바르비탈계 약물, 삼환계 항우울제 및 알코올을 투여받는 환자는 의사 또는 약사와 상의하십시오.

복용 중 음주하지 마십시오.
","발진 및 발적, 가려움, 구역 및 구토, 식욕부진, 변비, 부종, 어지러움, 불안, 떨림, 불면 등이 나타나는 경우 이 약의 복용을 즉각 중지하고 의사 또는 약사와 상의하십시오.

드물게  복용 후 바로 두드러기, 부종, 가슴답답함 등과 함께 안색이 창백하고, 손발이 차고, 식은 땀, 숨쉬기 곤란함 등이 나타날 수 있는 쇽 (아낙필락시스) 또는 피부점막안증후군 (스티븐스-존슨증후군), 독성표피괴사용해 (리엘증후군), 천식이나 전신의 나른함, 황달 등의 간기능장애, 간질성폐렴 등이 나타나는 경우 이 약의 복용을 즉각 중지하고 의사 또는 약사와 상의하십시오.
","습기와 빛을 피해 실온에서 보관하십시오.

어린이의 손이 닿지 않는 곳에 보관하십시오.
"
8806265020713 ,카필러스폼 5%(미녹시딜) 60g,"15,000",6265020713,6265,0207,8806265020713,8806265020713,62650207,OK,202401930,NO_ITEM,,,,,,
8806265020911 ,디판큐어 30g,"9,000",6265020911,6265,0209,8806265020911,8806265020911,62650209,OK,202402414,NO_ITEM,,,,,,
8806265021727 ,이지 퀼나잇액 20ml x 6P,"6,000",6265021727,6265,0217,8806265021727,8806265021727,62650217,OK,202301813,NO_ITEM,,,,,,
8806265021826 ,챔큐 비타시럽 5ml x 10P,"8,000",6265021826,6265,0218,8806265021826,8806265021826,62650218,OK,202501352,NO_ITEM,,,,,,
8806265021925 ,판피린 나이트 1박스(20ml x 5EA),"3,500",6265021925,6265,0219,8806265021925,8806265021925,62650219,OK,202501643,NO_ITEM,,,,,,
8806265022007 ,x베나치오프로액 75ml 1박스(10병),"8,000",6265022007,6265,0220,8806265022007,8806265022007,62650220,OK,202501523,NO_ITEM,,,,,,
8806275002518 ,안티렌크림[일양],"4,000",6275002518,6275,0025,8806275002518,8806275002518,62750025,OK,201903110,OK,"이 약은 습진, 열상 및 화상, 그 외의 질환에 따른 미란 (짓무름) 및 궤양에 사용합니다.
","1일 여러 차례 질환 부위에 바르십시오.
",,,"열감, 가려움, 따끔따끔 감 등의 피부 자극증상 등이 나타날 수 있습니다.
","빛을 피해 실온에서 보관하십시오.
"
880637007195 ,쿨링시트플러스,"8,000",637007195,6370,0719,880637007195,880637007195,63700719,OK,,NO_ITEMSEQ,,,,,,
8806406000222 ,개비스콘 오리지널 10ml x 4P,"4,500",6406000222,6406,0002,8806406000222,8806406000222,64060002,OK,200606295,OK,"이 약은 산 역류, 속쓰림, 위 내용물의 역류로 인한 소화불량 (예를 들어 식사 후, 임신 중, 역류성 식도염과 동반하는 경우의)에 사용합니다.",성인은 1회 1~2포 (10~20 mL)을 1일 4회(식후 및 취침전) 복용합니다.,,"테트라사이클린, 디곡신, 플루오로퀴놀론, 철염(Iron salt), 케토코나졸, 신경이완제, 티록신, 페니실라민, 베타차단제(아테놀올, 메토프로롤, 프로프라놀롤), 글루코코르티코이드, 클로로퀸, 에스트라무스틴 및 디포스포네이트와 함께 복용 시 의사 또는 약사와 상의하십시오.","매우 극소수의 가려움이나 기관지 수축, 아나필락시스 반응과 같은 알레르기 반응, 가끔 설사, 변비 등이 나타나는 경우 복용을 즉각 중지하고 의사 또는 약사와 상의하십시오.",실온에서 보관하십시오.어린이의 손이 닿지 않는 곳에 보관하십시오.
8806406000826 ,개비스콘 더블액션 10ml x 4P,"5,000",6406000826,6406,0008,8806406000826,8806406000826,64060008,OK,200801645,OK,"이 약은 산 역류, 속쓰림, 위 내용물의 역류로 인한 소화불량(예를 들어 식사 후, 임신 중, 역류성 식도염과 동반하는 경우)개선에 사용합니다.
","성인 및 12세 이상의 소아는 1회 10~20 mL을 1일 4회(식후 및 취침전) 복용합니다.
",,"테트라사이클린, 디곡신, 플루오로퀴놀론, 철염(Iron salt), 케토코나졸, 신경이완, 티록신, 페니실라민, 베타차단제(아테놀올, 메토프로롤, 프로프라놀롤), 글루코코르티코이드, 클로로퀸, 에스트라무스틴 및 디포스포네이와 함께 복용 시 의사 또는 약사와 상의하십시오.
","가려움이나 기관지 수축, 아나필락시스 반응과 같은 알레르기 반응 등이 나타나는 경우 복용을 즉각 중지하고 의사 또는 약사와 상의하십시오.
","빛을 피해 실온에서 보관하십시오.

어린이의 손이 닿지 않는 곳에 보관하십시오.
"
8806406000833 ,개비스콘 더블액션10ml x 12P,"12,000",6406000833,6406,0008,8806406000833,8806406000833,64060008,OK,200801645,OK,"이 약은 산 역류, 속쓰림, 위 내용물의 역류로 인한 소화불량(예를 들어 식사 후, 임신 중, 역류성 식도염과 동반하는 경우)개선에 사용합니다.
","성인 및 12세 이상의 소아는 1회 10~20 mL을 1일 4회(식후 및 취침전) 복용합니다.
",,"테트라사이클린, 디곡신, 플루오로퀴놀론, 철염(Iron salt), 케토코나졸, 신경이완, 티록신, 페니실라민, 베타차단제(아테놀올, 메토프로롤, 프로프라놀롤), 글루코코르티코이드, 클로로퀸, 에스트라무스틴 및 디포스포네이와 함께 복용 시 의사 또는 약사와 상의하십시오.
","가려움이나 기관지 수축, 아나필락시스 반응과 같은 알레르기 반응 등이 나타나는 경우 복용을 즉각 중지하고 의사 또는 약사와 상의하십시오.
","빛을 피해 실온에서 보관하십시오.

어린이의 손이 닿지 않는 곳에 보관하십시오.
"
8806406001038 ,스트렙실 허니앤레몬 12T,"4,500",6406001038,6406,0010,8806406001038,8806406001038,64060010,OK,200906877,OK,"이 약은 인후염의 단기 증상 완화에 사용합니다.
","성인, 12세 이상 어린이 및 청소년은 이 약 1개를 입안에서 서서히 녹여서 복용합니다.

국소 자극을 피하기 위해 입안에서 굴리면서 복용합니다.

필요시 3~6시간 간격으로 1일 최대 5개를 복용하며 최대 3일간 사용하십시오.
",,"COX-2 저해제를 포함하여 다른 비스테로이드성 소염진통제, 아스피린 등 혈소판 응집 억제제, 글루코코르티코이드, 칼륨보전이뇨제, 안지오텐신전환효소 억제제, 안지오텐신 II 길항제, 싸이클로스포린, 메토트렉세이트, 디곡신, 페니토인, 퀴놀론계 항균제, 푸로세미드 이뇨제, 경구용 항응혈제(예: 와파린), 항고혈압제, 리튬제제, 미페프리스톤, 프로베네시드, 설핀피라존을 함께 복용하지 마십시오.

비스테로이드성 소염제(NSAIDs)와 함께 복용 시 의사 또는 약사와 상의하십시오.
","두통, 어지러움, 불면증, 졸림, 시각장애, 미각이상, 구역, 구토, 변비, 설사, 고창, 소화성 궤양 및 천공 및 출혈, 궤양성 구내염, 소화불량, 복통, 혈변, 위염, 천공 악화, 혀종창, 구강내 열감 및 화끈감, 구강궤양, 구강건조, 매우 드물게 황달, 간기능 수치의 상승, 치명적 전격성 간염, 간괴사, 간부전, 심부전증 등 심장애, 고혈압, 백혈구감소증, 매우 드물게 재생불량빈혈, 매우 드물게 무과립구증, 매우 드물게 저혈소판증, 출혈시간 연장, 기도협착을 동반한 내부후두종창, 호흡곤란, 부종, 급성신부전증, 신증후군, 간질성신장염, 체액저류, 탈모증, 탈락성피부염, 스티븐스-존슨증후군, 독성표피괴사용해(리엘증후군)와 같은 수포성 질환, 안면종창, 두드러기, 발진, 볼점막의 일시적인 자극, 과민성 반응(발진 및 가려움증, 천식 발작), 심혈관계 혈전반응, 심근경색증, 뇌졸증 등이 나타나는 경우 복용을 즉각 중지하고 의사 또는 약사와 상의하십시오.
","실온에서 보관하십시오.

어린이의 손이 닿지 않는 곳에 보관하십시오.
"
8806406001045 ,스트렙실 오렌지 12T,"4,500",6406001045,6406,0010,8806406001045,8806406001045,64060010,OK,200906877,OK,"이 약은 인후염의 단기 증상 완화에 사용합니다.
","성인, 12세 이상 어린이 및 청소년은 이 약 1개를 입안에서 서서히 녹여서 복용합니다.

국소 자극을 피하기 위해 입안에서 굴리면서 복용합니다.

필요시 3~6시간 간격으로 1일 최대 5개를 복용하며 최대 3일간 사용하십시오.
",,"COX-2 저해제를 포함하여 다른 비스테로이드성 소염진통제, 아스피린 등 혈소판 응집 억제제, 글루코코르티코이드, 칼륨보전이뇨제, 안지오텐신전환효소 억제제, 안지오텐신 II 길항제, 싸이클로스포린, 메토트렉세이트, 디곡신, 페니토인, 퀴놀론계 항균제, 푸로세미드 이뇨제, 경구용 항응혈제(예: 와파린), 항고혈압제, 리튬제제, 미페프리스톤, 프로베네시드, 설핀피라존을 함께 복용하지 마십시오.

비스테로이드성 소염제(NSAIDs)와 함께 복용 시 의사 또는 약사와 상의하십시오.
","두통, 어지러움, 불면증, 졸림, 시각장애, 미각이상, 구역, 구토, 변비, 설사, 고창, 소화성 궤양 및 천공 및 출혈, 궤양성 구내염, 소화불량, 복통, 혈변, 위염, 천공 악화, 혀종창, 구강내 열감 및 화끈감, 구강궤양, 구강건조, 매우 드물게 황달, 간기능 수치의 상승, 치명적 전격성 간염, 간괴사, 간부전, 심부전증 등 심장애, 고혈압, 백혈구감소증, 매우 드물게 재생불량빈혈, 매우 드물게 무과립구증, 매우 드물게 저혈소판증, 출혈시간 연장, 기도협착을 동반한 내부후두종창, 호흡곤란, 부종, 급성신부전증, 신증후군, 간질성신장염, 체액저류, 탈모증, 탈락성피부염, 스티븐스-존슨증후군, 독성표피괴사용해(리엘증후군)와 같은 수포성 질환, 안면종창, 두드러기, 발진, 볼점막의 일시적인 자극, 과민성 반응(발진 및 가려움증, 천식 발작), 심혈관계 혈전반응, 심근경색증, 뇌졸증 등이 나타나는 경우 복용을 즉각 중지하고 의사 또는 약사와 상의하십시오.
","실온에서 보관하십시오.

어린이의 손이 닿지 않는 곳에 보관하십시오.
"
8806409 030912,우황청심원 사향,"9,000",6409030912,6409,0309,8806409030912,8806409030912,64090309,OK,201503200,NO_ITEM,,,,,,
8806409030912 ,[일화] 우황청심원 현탁액(사향) 50ml,"8,000",6409030912,6409,0309,8806409030912,8806409030912,64090309,OK,201503200,NO_ITEM,,,,,,
8806411000729 ,바이엘 아스피린500mg 20T,"4,500",6411000729,6411,0007,8806411000729,8806411000729,64110007,OK,200008591,OK,"이 약은 두통, 치통, 인후통, 생리통, 근육 및 관절의 통증, 요통, 경미한 관절염 통증의 증상 완화와 감기로 인한 통증 및 열 증상의 완화에 사용합니다.
","성인 및 만 15세 이상은 1회 1~2정(500~1,000 mg)을 최소 4시간 이상 간격으로 복용합니다.

1일 최대 용량으로서 8정(4,000 mg)을 초과하지 않도록 합니다.
","매일 세잔 이상 정기적 음주자가 이 약 또는 다른 해열진통제를 복용할 때는 의사 또는 약사와 상의하십시오. 위장출혈을 일으킬 수 있습니다.
","메토트렉세이트 15밀리그람(15 mg/주) 이상의 용량, 다른 비스테로이드성 소염진통제 및 살리실산 제제와 함께 사용하지 마십시오. 

항응고제, 혈전용해제 또는 다른 혈소판응집억제제, 지혈제 및 당뇨병치료제(인슐린제제, 톨부타미드 등), 요산배설촉진제(벤즈브로마론, 프로베네시드), 저용량의 메토트렉세이트, 아세틸살리실산(아스피린), 리튬제제, 이부프로펜, 선택적 세로토닌 재흡수 억제제, 디곡신, 전신 작용 부신피질호르몬 제제(애디슨병 대체요법용 히드로코티손 제외), 안지오텐신 전환 효소 억제제, 발프로산을 복용하는 환자는 의사 또는 약사와 상의하십시오.
","쇽 증상(호흡곤란, 전신홍조, 혈관부종, 두드러기 등), 홍반, 가려움, 코막힘, 심장-호흡기 장애, 때때로 발진, 부종, 두드러기, 비염양 증상, 결막염, 드물게 리엘증후군(독성표피괴사용해), 스티븐스-존슨증후군(피부점막안증후군), 박탈성 피부염, 재생불량성빈혈, 빈혈, 백혈구감소, 혈소판감소, 혈소판기능 저하(출혈시간의 지연), 식욕부진, 가슴쓰림, 위통, 구역, 구토, 위장출혈, 소화성궤양 및 뚫림(천공), 귀울림, 귀 먹음, 어지러움, 두통, 흥분, 간장애, 신장애, 급성 신부전, 과호흡, 대사성 산증 증상이 나타나는 경우 복용을 즉각 중지하고 의사 또는 약사와 상의하십시오.
","실온에서 보관하십시오.

어린이의 손이 닿지 않는 곳에 보관하십시오.
"
8806411001016 ,비판텐 30g,"12,000",6411001016,6411,0010,8806411001016,8806411001016,64110010,OK,200510975,OK,"이 약은 상처, 화상, 찢긴 상처(수유기 중의 유두균열(갈라짐)), 욕창, 급성 및 만성 피부염, 습진, 피부궤양, 기저귀발진, 햇볕에 탄 데(일광피부염)의 보조치료에 사용합니다.
","상처를 청결히 한 후 환부에 1일 1~수회 바릅니다.

수유기 중의 유두 균열에는 매 수유 직후 유두에 바릅니다.
",,,"접촉피부염, 알레르기성 피부염, 가려움증, 홍반, 습진, 발진, 두드러기, 피부 자극, 수포 등이 나타날 수 있습니다.
","25℃ 이하에서 보관하십시오.

어린이의 손이 닿지 않는 곳에 보관하십시오.
"
8806411001030 ,비판텐 100g,"25,000",6411001030,6411,0010,8806411001030,8806411001030,64110010,OK,200510975,OK,"이 약은 상처, 화상, 찢긴 상처(수유기 중의 유두균열(갈라짐)), 욕창, 급성 및 만성 피부염, 습진, 피부궤양, 기저귀발진, 햇볕에 탄 데(일광피부염)의 보조치료에 사용합니다.
","상처를 청결히 한 후 환부에 1일 1~수회 바릅니다.

수유기 중의 유두 균열에는 매 수유 직후 유두에 바릅니다.
",,,"접촉피부염, 알레르기성 피부염, 가려움증, 홍반, 습진, 발진, 두드러기, 피부 자극, 수포 등이 나타날 수 있습니다.
","25℃ 이하에서 보관하십시오.

어린이의 손이 닿지 않는 곳에 보관하십시오.
"
8806411001115 ,사리돈-에이 10T,"3,200",6411001115,6411,0011,8806411001115,8806411001115,64110011,OK,200610627,OK,"이 약은 두통, 치통, 발치 후 동통, 인후통, 귀의 통증, 관절통, 신경통, 요통, 근육통, 견통, 타박통, 골절통, 염좌통, 월경통(생리통) 외상통의 진통과 오한, 발열 시의 해열에 사용합니다.
","성인은 1회 1정씩, 1일 3회까지 공복 시를 피하여 4시간 이상 간격을 두고 복용합니다.

이 약은 원칙적으로 단기 복용하며, 15세 미만의 소아는 이 약을 복용하지 마십시오.
","매일 세잔 이상 정기적 음주자가 이 약 또는 다른 해열진통제를 복용할 때는 의사 또는 약사와 상의하십시오. 간손상을 일으킬 수 있습니다.

아세트아미노펜으로 일일 최대 용량(4,000 mg)을 초과하여 복용하지 마십시오. 간손상을 일으킬 수 있습니다. 아세트아미노펜을 포함하는 다른 제품과 함께 복용하지 마십시오.
","다른 소염진통제, 바르비탈계 약물, 삼환계 항우울제, 알코올과 함께 복용하지 마십시오.

리튬, 티아지드계 이뇨제와 함께 복용 시 의사 또는 약사와 상의하십시오.
","쇽 증상(호흡곤란, 온몸이 붉어짐, 혈관부기, 두드러기, 천식발작, 복용 후 곧바로 부종, 가슴답답함 등과 함께 안색이 창백해지고, 손과 발이 차가워지고, 식은 땀, 숨가쁨 등), 혈소판 감소, 과립구 감소, 용혈성(적혈구 파괴성)빈혈, 메트헤모글로빈혈증, 혈소판기능 저하(출혈시간 연장), 청색증, 저혈압, 쇼크, 구역, 구토, 식욕부진, 발진, 알레르기 반응, 피부점막안증후군(스티븐스-존슨 증후군), 독성표피괴사용해(리엘증후군), 고열, 발진, 발적, 화상모양 수포 등의 격렬한 증상이 전신피부, 입 및 눈의 점막에 나타남, 전신의 나른함, 황달, 기침 동반, 숨이 참, 호흡곤란, 발열 등이 나타나는 경우 복용을 즉각 중지하고 의사 또는 약사와 상의하십시오.
","습기와 빛을 피해 실온에서 보관하십시오.

어린이의 손이 닿지 않는 곳에 보관하십시오.
"
8806411002747 ,아스피린 프로텍트정 100mg 98T,"8,500",6411002747,6411,0027,8806411002747,8806411002747,64110027,OK,200108429,OK,"이 약은 심근경색, 뇌경색, 불안정형 협심증에서 혈전 생성 억제와 관상동맥 우회술(CABG) 또는 경피경관 관상동맥 성형술(PTCA) 후 혈전 생성 억제와 고위험군환자(허혈성 심장질환의 가족력, 고혈압, 고콜레스테롤혈증, 비만, 당뇨 등 복합적 위험인자를 가진 환자)에서 심혈관계 위험성 감소에 사용합니다.
","성인은 1회 1정, 1일 1회 복용합니다.

이 약은 장용정이므로 충분한 물과 함께 식전에 복용할 수 있습니다.
",,"다른 비스테로이드성 소염진통제 및 살리실산 제제, 일주일 동안 메토트렉세이트 15밀리그람(15mg/주) 이상의 용량은 이 약과 병용 투여 시 출혈이 증가되거나 신기능이 감소될 수 있으므로 함께 사용하지 않습니다.

항응고제, 이부프로펜, 나프록센 등 일부 비스테로이드성 소염진통제, 혈전용해제, 다른 혈소판응집억제제, 지혈제, 당뇨병치료제(인슐린제제, 톨부타미드 등), 요산배설촉진제(벤즈브로마론, 프로베네시드), 티아지드계 이뇨제, 리튬제제, 선택적 세포토닌 재흡수 억제제, 디곡신, 전신 작용 부신피질호르몬 제제(애디슨병 대체요법용 히드로코티손 제외), 안지오텐신 전환 효소 억제제, 발프로산 제제를 복용하는 사람은 의사 또는 약사와 상의하십시오.

알칼리제제(예: 탄산수소나트륨, 탄산마그네슘) 또는 습기가 차기 쉬운 제제와 함께 섞지 마십시오.

알코올과 병용 투여 시 위장관 점막 손상이 증가하고, 이 약과 알코올의 상승효과로 인해 출혈시간이 연장될 수 있습니다.
","쇽 증상(예: 호흡곤란, 전신조홍, 혈관부종, 두드러기), 천식발작, 과민증(홍반, 간지러움, 코막힘, 심장-호흡기 장애, 때때로 발진, 부종, 두드러기, 비염양 증상, 결막염), 드물게 독성표피괴사용해(리엘증후군), 피부점막안증후군(스티븐스-존슨증후군), 박탈성피부염, 재생불량성빈혈, 빈혈, 백혈구감소, 혈소판감소, 혈소판기능 저하(출혈시간의 지연), 귀에서 소리가 남, 귀 먹음, 어지러움, 두통, 흥분, 간장애, 매우 드물게 일시적인 간손상, 신장애, 급성신부전, 과호흡, 대사성 산증, 과도한 체온강하, 허탈, 사지냉각 등이 나타나는 경우 즉시 복용을 중지하고 의사 또는 약사와 상의하십시오.

식욕부진, 가슴쓰림, 위통, 구역, 구토 등이 나타날 수 있습니다.
","습기를 피해 실온에서 보관하십시오.

어린이의 손이 닿지 않는 곳에 보관하십시오.
"
8806411003010 ,카네스텐1질정 1T,"12,000",6411003010,6411,0030,8806411003010,8806411003010,64110030,OK,200008589,OK,"이 약은 칸디다성 질염에 사용합니다.
","성인은 1회 1정(500 mg)씩, 1일 1회 취침 시 질내 깊숙이 삽입합니다.
",,"이 약을 사용하는 동안 경구용 타크로리무스와 함께 사용하지 마십시오.
","아나필락시스 반응, 맥관(혈관)부종, 과민증, 실신, 저혈압, 호흡곤란, 복통, 오심(구역), 발진, 두드러기, 소양증, 질 박리(벗겨짐), 질 분비물, 질 출혈, 외음질 불편감, 외음질 홍반(붉은 반점), 외음질 작열감(화끈감), 외음질 소양증, 외음질 통증, 적용 부위 자극, 부종(부기), 통증 등이 나타나는 경우 사용을 즉각 중지하고 의사 또는 약사와 상의하십시오.
","습기와 빛을 피해 25℃ 이하에서 보관하십시오.

어린이의 손이 닿지 않는 곳에 보관하십시오.
"
8806411003218 ,카네스텐 질정 6EA,"14,000",6411003218,6411,0032,8806411003218,8806411003218,64110032,OK,200008590,OK,"이 약은 칸디다성 질염에 사용합니다.
","성인은 1회 1정(100 mg)씩, 1일 1회 연속 6일간 취침시 질내 깊숙이 삽입합니다.

단기요법으로 성인은 1회 2정(200 mg)씩, 1일 1회 연속 3일간 취침시 질내 깊숙이 삽입합니다.
",,"이 약을 사용하는 동안 경구용 타크로리무스와 함께 사용하지 마십시오.
","아나필락시스 반응, 맥관(혈관)부종, 과민증, 실신, 저혈압, 호흡곤란, 복통, 오심(구역), 발진, 두드러기, 소양증, 질 박리(벗겨짐), 질 분비물, 질 출혈, 외음질 불편감, 외음질 홍반(붉은 반점), 외음질 작열감(화끈감), 외음질 소양증, 외음질 통증, 적용 부위 자극, 부종(부기), 통증 등이 나타나는 경우 사용을 즉각 중지하고 의사 또는 약사와 상의하십시오.
","습기와 빛을 피해 실온에서 보관하십시오.

어린이의 손이 닿지 않는 곳에 보관하십시오.
"
8806411003348 ,카네스텐 크림 10g,"11,000",6411003348,6411,0033,8806411003348,8806411003348,64110033,OK,199906850,OK,"이 약은 피부사상균, 효모 곰팡이, 기타 진균에 의한 피부진균증(백선, 어루러기, 피부칸디다증, 칸디다성 외음염 및 칸디다성 귀두염), 상기 진균류에 중복감염된 피부질환, 코리네박테륨에 의한 홍색음선에 사용합니다.
","1일 2~3회(질환 부위)에 얇게 바르고 부드럽게 문지릅니다.

치료기간은 질환의 정도와 위치에 따라 다른데, 피부진균병인 경우 3~4주, 어루러기인 경우 1~3주, 홍색음선인 경우 2~4주, 칸디다성 외음염 및 칸디다성 귀두염인 경우 1~2주를 사용합니다.

완전한 치료효과를 얻기 위해서 충분한 기간동안 규칙적으로 사용합니다.
",,"이 약 사용 시 국소적용한 암포테리신 B 및 폴리엔계 항생물질의 작용을 약화시킬 수 있습니다.
","혈관 부종, 아나필락시스 반응, 과민증, 저혈압, 실신, 호흡 곤란, 포진(물집), 접촉피부염, 홍반(붉은 반점), 착감각(감각 이상), 피부 벗겨짐, 소양증, 발진, 두드러기, 피부 따끔거림, 피부 작열감, 적용 부위 자극, 적용 부위 반응, 부종, 통증 등이 나타나는 경우 사용을 즉각 중지하고 의사 또는 약사와 상의하십시오.
","실온에서 보관하십시오.

어린이의 손이 닿지 않는 곳에 보관하십시오.
"
8806416004036 ,닥터 베아제 10T,"2,800",6416004036,6416,0040,8806416004036,8806416004036,64160040,OK,200300406,OK,"이 약은 소화불량, 식욕감퇴(식욕부진), 과식, 체함, 소화촉진, 소화불량으로 인한 위부팽만감에 사용합니다.
","성인 1회 1정을 1일 3회 식후에 복용합니다.
",,,,"습기와 빛을 피해 실온에서 보관하십시오.

어린이의 손이 닿지 않는 곳에 보관하십시오.
"
8806416014615 ,베아제 10T,"2,800",6416014615,6416,0146,8806416014615,8806416014615,64160146,OK,198700405,OK,"이 약은 소화불량, 식욕감퇴(식욕부진), 과식, 체함, 소화촉진, 소화불량으로 인한 위부팽만감에 사용합니다.
","성인 1회 1정 1일 3회 식후에 복용합니다.
",,,,"습기와 빛을 피해 서늘한 곳에 보관하십시오.

어린이의 손이 닿지 않는 곳에 보관하십시오.
"
8806416015520 ,대웅 복합우루사 25mg / 80C,"31,000",6416015520,6416,0155,8806416015520,8806416015520,64160155,OK,200000801,OK,"이 약은 육체피로 개선, 자양강장, 병중ㆍ병후의 비타민 B1 보급에 사용합니다.
","15세 이상 및 성인은 1회 1캡슐씩, 1일 2회 복용합니다.
",,"정주용 지질제와 함께 복용 시 의사 또는 약사와 상의하십시오.
","구역, 구토, 묽은 변, 발진, 설사 등이 나타나는 경우 복용을 즉각 중지하고 의사 또는 약사와 상의하십시오.
","습기와 빛을 피해 실온에서 보관하십시오.

어린이의 손이 닿지 않는 곳에 보관하십시오.
"
8806416015575 ,대웅 복합우루사 25mg / 60C,"27,000",6416015575,6416,0155,8806416015575,8806416015575,64160155,OK,200000801,OK,"이 약은 육체피로 개선, 자양강장, 병중ㆍ병후의 비타민 B1 보급에 사용합니다.
","15세 이상 및 성인은 1회 1캡슐씩, 1일 2회 복용합니다.
",,"정주용 지질제와 함께 복용 시 의사 또는 약사와 상의하십시오.
","구역, 구토, 묽은 변, 발진, 설사 등이 나타나는 경우 복용을 즉각 중지하고 의사 또는 약사와 상의하십시오.
","습기와 빛을 피해 실온에서 보관하십시오.

어린이의 손이 닿지 않는 곳에 보관하십시오.
"
8806416020432 ,대웅 우루사정 100mg 100T,"39,000",6416020432,6416,0204,8806416020432,8806416020432,64160204,OK,198100119,OK,"이 약은 담즙(쓸개즙)분비 부전으로 오는 간질환, 담도(쓸개길)(담관(쓸개관), 담낭(쓸개))계 질환의 보조 치료와 만성 간질환의 간기능 개선과 소장절제 후유증 및 염증성 소장 질환의 소화불량에 사용합니다.",성인은 1회 0.5~1정(50~100 mg) 1일 3회 복용합니다.,,"경구용 당뇨병제(톨부타미드), 콜레스티라민, 콜레스티폴, 약용탄, 마그네슘 및 수산화알루미늄을 함유하는 제산제, 간에서 콜레스테롤 분비를 증가시키는 약물(에스트로겐 함유 경구용 피임제, 클로피브레이트와 같이 지질감소약물), 간에 손상을 주는 약물을 함께 복용하지 마십시오.","때때로 설사, 구역, 구토, 드물게 배 아픔, 변비, 가슴쓰림, 위부불쾌감, 때때로 가려움, 드물게 발진, 발열, 기침, 호흡곤란, 흉부 X선 이상을 동반한 간질성 폐렴, 드물게 전신권태감, 어지럼, 담석의 석회화, 간효소치의 증가(ALT, ALP, AST, γ-GT), 백혈구 감소가 나타나는 경우 복용을 즉각 중지하고 의사 또는 약사와 상의하십시오.",실온에서 보관하십시오.어린이의 손이 닿지 않는 곳에 보관하십시오.
8806416021323 ,이지엔6애니 연질캡슐 10C,"2,000",6416021323,6416,0213,8806416021323,8806416021323,64160213,OK,200400463,OK,"이 약은 감기로 인한 발열 및 동통(통증), 요통, 생리통, 류마티양 관절염, 연소성(어리거나 젊은나이에 나타나는) 류마티양 관절염, 골관절염(퇴행성 관절질환), 수술후 동통(통증)과 두통, 편두통, 치통, 근육통, 신경통, 강직성 척추염, 급성통풍, 건선(건선, 마른비닐증)성 관절염, 연조직손상(염좌(삠), 좌상(타박상/멍)), 비관절 류마티스질환(건염(힘줄염), 건초염(힘줄윤활막염), 활액(윤활)낭염)에 사용합니다.
","성인은 류마티양 관절염, 골관절염, 강직성 척추염, 연조직손상, 비관절 류마티스질환, 급성통풍, 건선성 관절염에는 1회 1~3캡슐(200~600 mg)씩, 1일 3~4회, 1일 최고 16캡슐(3,200 mg)까지 복용할 수 있으며, 연소성(어리거나 젊은나이에 나타나는) 류마티양 관절염에는 1일 체중 kg당 30~40 mg을 3~4회 분할 복용, 경증 및 중등도의 동통이나 감기에는 성인 1회 1~2캡슐(200~400 mg)씩, 1일 3~4회, 편두통에는 성인 1회 1~2 캡슐(200~400 mg)씩 복용하며 24시간 동안 2캡슐을 초과하지 않습니다.

만 12세 이상 청소년은 1회 1~2캡슐(200~400 mg)씩, 1일 3~4회 복용합니다.

체중이 30 kg 미만인 경우 1일량이 500 mg을 초과해서는 안되며 공복시 복용은 피하는 것이 바람직합니다.
","매일 세잔 이상 정기적 음주자가 이 약 또는 다른 해열진통제를 복용할 때는 의사 또는 약사와 상의하십시오. 위장출혈을 일으킬 수 있습니다.

이 약 복용 시 치명적일 수 있는 중대한 심혈관계 혈전 반응, 심근경색증, 뇌졸중의 위험이 증가하며, 위장관 출혈, 궤양 및 천공 등 심각한 위장관계 이상반응이 나타날 수 있습니다.

조절되지 않는 고혈압, 울혈심부전증, 확립된 허혈성 심장질환, 말초동맥질환, 뇌혈관질환을 가진 환자는 고용량 이부프로펜(1일 2,400 mg) 복용을 피해야 하며, 심혈관계 위험 요소(고혈압, 고지혈증, 당뇨병, 흡연 등)를 가지고 있는 환자는 고용량 이부프로펜(1일 2,400 mg) 복용이 필요한 경우 이 약을 복용하기 전에 의사 또는 약사와 상의하십시오.
","항암요법으로 고용량 메토트렉세이트를 투여중인 환자, 다른 비스테로이드성 소염진통제와 함께 이 약을 복용하지 마십시오.

이 약을 복용하기 전에 저용량 아스피린, ACE 저해제 복용자, 리튬, 푸로세미드 및 티아지드계 이뇨제, 저용량 메토트렉세이트, 쿠마린계 항응혈제(와파린 등), 선택적 세로토닌 재흡수억제제를 복용하는 환자는 의사 또는 약사와 상의하십시오.
","쇽 증상(호흡곤란, 혈압저하 등), 헤마토크리트감소, 헤모글로빈감소, 빈혈, 재생불량성빈혈, 용혈성(적혈구파괴성)빈혈, 무과립구증, 과립구감소, 백혈구감소, 혈소판감소, 혈소판기능저하, 호산구증가 등의 혈액장애, 소화성궤양, 위장관궤양, 위장출혈, 천공(뚫림), 궤양성대장염, 혈변, 위염, 췌장염, 혈액구토, 크론병, 식욕부진, 구역, 구토, 복통, 소화불량, 설사, 위부(상복부)불쾌감, 상복부통증, 구갈(목마름), 구내염, 복부팽만감, 구강궤양, 변비, 흑변, 피부점막안증후군(스티븐스-존슨증후군), 독성표피괴사용해(리엘증후군), 빈도불명의 호산구증가 및 전신 증후군을 동반한 약물 반응(DRESS 증후군), 혈관신경성 부종, 수포성(물집성)피부염, 다형 홍반(여러 모양의 붉은 반점), 반구진 발진, 피부 붉어짐, 수포(물집), 발진, 탈락 피부염, 급성전신발진고름물집증, 간염, 황달, 간기능이상, 간장애, 과민증 또는 아나필락시스 반응, 천식발작, 두드러기, 습진, 자주색반점, 시각장애, 귀먹음, 귀울림, 미각이상, 현기증, 졸음, 어지러움, 우울, 두통, 뇌혈관사고 또는 신경질, 무균성수막염 또는 수막염(심한 두통, 구역, 구토, 불면, 목이 뻣뻣함, 발열 또는 의식장애, 급성신부전, 소변감소, 혈뇨, 요단백, BUN, 혈중크레아티닌의 상승, 고칼륨혈증, 간질성 콩팥염, 콩팥염증후군, 콩팥유두괴사, 요량감소, 전신부종(온몸 부기) 및 이에 수반하는 숨가쁨, 나른함, 눈주변부기, 얼굴부기, 권태감, 발열, 코피, 부기, 말초부종 등이 나타나는 경우 즉각 복용을 중지하고 의사 또는 약사와 상의하십시오.
","실온에서 보관하십시오.

어린이의 손이 닿지 않는 곳에 보관하십시오.
"
8806416021415 ,이지엔6프로 연질캡슐 10C,"2,000",6416021415,6416,0214,8806416021415,8806416021415,64160214,OK,200400485,OK,"이 약은 만성 다발성 관절염, 류마티스관절염, 관절증, 강직척추염, 외상 및 수술 후 통증성 부종 또는 염증, 염증, 통증 및 발열을 수반하는 감염증의 치료보조에 사용합니다.","성인은 1회 1캡슐(300 mg), 1일 2~4회 복용합니다. 단, 1일 4캡슐(1,200 mg)을 초과하지 않습니다.",,"이 약을 복용하는 동안 다른 비스테로이드성 소염진통제, 아스피린, 고용량의 메토트렉세이트를 사용하지 마십시오.이 약을 복용하기 전에 코르티코스테로이드, 알코올, 디곡신, 페니토인, 프로베네시드, 설핀피라존, 설포닐우레아제, ACE 억제제 또는 안지오텐신Ⅱ 수용체 길항제, 이뇨제, 리튬, 쿠마린계 항응고제(와르파린 등), 바클로펜, 면역억제제(시클로스포린, 타크로리무스, 시롤리무스), 혈전용해제, 티클로피딘, 항혈전제, 혈중 칼륨농도를 증가시키는 약물(예, 칼륨 저류형 이뇨제, ACE 억제제, 안지오텐신-Ⅱ 수용체 길항제, 시클로스포린과 타크로리무스와 같은 면역억제제, 트리메토프림, 헤파린 등), CYP2C8, CYP2C9의 유도제(예, 리팜피신, 페노바르비탈), 저용량(15 mg/주 미만)의 메토트렉세이트, 항혈소판제 및 선택적 세로토닌 재흡수 억제제를 함께 사용 시 의사 또는 약사와 상의하십시오.","드물게 쇽(호흡곤란, 혈압저하 등), 재생불량성빈혈, 용혈성빈혈, 무과립구증, 과립구감소, 백혈구감소, 혈소판감소, 혈소판 기능 저하 (출혈시간 연장), 호산구증가 등의 혈액장애, 소화불량, 복부팽만, 속쓰림, 상복부의 통증, 설사나 변비, 때때로 식욕부진, 구역, 구토, 복통, 위부불쾌감이나 드물게 식도염, 식도협착, 게실악화, 비특이성출혈성대장염, 궤양성대장염 또는 크론병, 소화성궤양 위장출혈, 천공, 혈변, 위염, 췌장염, 매우 드물게 구갈, 구내염, 다형홍반, 전신홍반루프스, 탈모, 때때로 혈관부종, 드물게 피부점막안증후군(스티븐스-존슨증후군) 및 독성표피괴사용해(리엘증후군), 발진, 두드러기, 가려움, 자색반, 드물게 천식발작, 습진, 아나필락시스 반응, 광민감반응, 황달, ALT 상승, AST 상승, ALP 상승, 간기능이상, 간염, 때때로 비염, 기관지경련, 드물게 심부전 환자의 경우에 급성폐렴의 위험, 앞이 보이지 않음, 암침 등의 시각장애, 난청, 이명, 미각이상, 피로, 졸음, 두통, 어지러움, 때때로 불안, 안절부절, 착란, 우울증, 드물게 무균성수막염, 혈압저하, 혈압상승, 심계항진, 급성신부전, 핍뇨(소변감소), 혈뇨 등의 증상 및 요단백(소변에 포함된 단백질), BUN, 혈중 크레아티닌의 상승, 고칼륨혈증, 급성 폐부종, 말초부종, 체액저류, 여성의 생식능력 감소, 안와주위부종, 매우 드물게 권태감, 발열, 코피, 염증악화 등이 나타나는 경우 즉각 복용을 중지하고 의사 또는 약사와 상의하십시오.",습기와 빛을 피해 실온에서 보관하십시오.어린이의 손이 닿지 않는 곳에 보관하십시오.
8806416021422 ,이지엔6프로 30C,"5,800",6416021422,6416,0214,8806416021422,8806416021422,64160214,OK,200400485,OK,"이 약은 만성 다발성 관절염, 류마티스관절염, 관절증, 강직척추염, 외상 및 수술 후 통증성 부종 또는 염증, 염증, 통증 및 발열을 수반하는 감염증의 치료보조에 사용합니다.","성인은 1회 1캡슐(300 mg), 1일 2~4회 복용합니다. 단, 1일 4캡슐(1,200 mg)을 초과하지 않습니다.",,"이 약을 복용하는 동안 다른 비스테로이드성 소염진통제, 아스피린, 고용량의 메토트렉세이트를 사용하지 마십시오.이 약을 복용하기 전에 코르티코스테로이드, 알코올, 디곡신, 페니토인, 프로베네시드, 설핀피라존, 설포닐우레아제, ACE 억제제 또는 안지오텐신Ⅱ 수용체 길항제, 이뇨제, 리튬, 쿠마린계 항응고제(와르파린 등), 바클로펜, 면역억제제(시클로스포린, 타크로리무스, 시롤리무스), 혈전용해제, 티클로피딘, 항혈전제, 혈중 칼륨농도를 증가시키는 약물(예, 칼륨 저류형 이뇨제, ACE 억제제, 안지오텐신-Ⅱ 수용체 길항제, 시클로스포린과 타크로리무스와 같은 면역억제제, 트리메토프림, 헤파린 등), CYP2C8, CYP2C9의 유도제(예, 리팜피신, 페노바르비탈), 저용량(15 mg/주 미만)의 메토트렉세이트, 항혈소판제 및 선택적 세로토닌 재흡수 억제제를 함께 사용 시 의사 또는 약사와 상의하십시오.","드물게 쇽(호흡곤란, 혈압저하 등), 재생불량성빈혈, 용혈성빈혈, 무과립구증, 과립구감소, 백혈구감소, 혈소판감소, 혈소판 기능 저하 (출혈시간 연장), 호산구증가 등의 혈액장애, 소화불량, 복부팽만, 속쓰림, 상복부의 통증, 설사나 변비, 때때로 식욕부진, 구역, 구토, 복통, 위부불쾌감이나 드물게 식도염, 식도협착, 게실악화, 비특이성출혈성대장염, 궤양성대장염 또는 크론병, 소화성궤양 위장출혈, 천공, 혈변, 위염, 췌장염, 매우 드물게 구갈, 구내염, 다형홍반, 전신홍반루프스, 탈모, 때때로 혈관부종, 드물게 피부점막안증후군(스티븐스-존슨증후군) 및 독성표피괴사용해(리엘증후군), 발진, 두드러기, 가려움, 자색반, 드물게 천식발작, 습진, 아나필락시스 반응, 광민감반응, 황달, ALT 상승, AST 상승, ALP 상승, 간기능이상, 간염, 때때로 비염, 기관지경련, 드물게 심부전 환자의 경우에 급성폐렴의 위험, 앞이 보이지 않음, 암침 등의 시각장애, 난청, 이명, 미각이상, 피로, 졸음, 두통, 어지러움, 때때로 불안, 안절부절, 착란, 우울증, 드물게 무균성수막염, 혈압저하, 혈압상승, 심계항진, 급성신부전, 핍뇨(소변감소), 혈뇨 등의 증상 및 요단백(소변에 포함된 단백질), BUN, 혈중 크레아티닌의 상승, 고칼륨혈증, 급성 폐부종, 말초부종, 체액저류, 여성의 생식능력 감소, 안와주위부종, 매우 드물게 권태감, 발열, 코피, 염증악화 등이 나타나는 경우 즉각 복용을 중지하고 의사 또는 약사와 상의하십시오.",습기와 빛을 피해 실온에서 보관하십시오.어린이의 손이 닿지 않는 곳에 보관하십시오.
8806416026915 ,대웅 우루사 50mg / 120C,"36,000",6416026915,6416,0269,8806416026915,8806416026915,64160269,OK,197000040,OK,"이 약은 만성 간질환의 간기능 개선과 간기능 장애에 의한 육체피로, 전신권태 증상의 개선에 사용합니다.
","성인은 1회 1캡슐씩, 1일 3회 복용합니다.
",,"경구용 당뇨병용제(톨부타미드), 콜레스티라민, 콜레스티폴, 약용탄, 마그네슘 및 수산화알루미늄을 함유하는 제산제, 간에서 콜레스테롤 분비를 증가시키는 약물(예: 에스트로겐 함유 경구용 피임제, 클로피브레이트와 같은 지질감소약물, 간에 손상을 주는 약물과 함께 복용하지 마십시오.
","설사, 구역, 구토, 배 아픔, 변비, 가슴앓이, 위부불쾌감, 가려움, 발진, 전신권태감, 어지럼, 담석의 석회화, 간효소치의 증가, 백혈구 감소, 간질성폐렴(발열, 기침, 호흡곤란, 흉부 X선 이상을 동반) 등이 나타나는 경우 복용을 즉각 중지하고 의사 또는 약사와 상담하십시오.
","어린이의 손이 닿지 않는 곳에 보관하십시오.
"
8806416046616 ,이지에프 새살연고(생),"22,900",6416046616,6416,0466,8806416046616,8806416046616,64160466,OK,201002496,NO_ITEM,,,,,,
8806416055519 ,이지엔6이브 연질캡슐 10C,"2,000",6416055519,6416,0555,8806416055519,8806416055519,64160555,OK,201301591,OK,"이 약은 두통, 치통, 발치후 동통, 인후통, 귀의 통증, 관절통, 신경통, 허리통, 근육통, 어깨결림, 타박통, 골절통, 염좌통(삠통증), 생리통, 외상통의 진통과 오한, 발열 시의 해열에 사용합니다.
","만 8세 이상~만 15세 미만은 1회 1캡슐씩, 만 15세 이상 및 성인은 1회 1~2캡슐씩, 1일 1~3회 4시간 이상 간격을 두고 공복을 피하여 복용합니다.
","매일 세 잔 이상 정기적 음주자가 이 약 또는 다른 해열진통제를 복용할 때는 의사 또는 약사와 상의하십시오. 위장출혈을 일으킬 수 있습니다.

조절되지 않는 고혈압, 울혈심부전증, 확립된 허혈성 심장질환, 말초동맥질환, 뇌혈관질환을 가진 환자들은 신중히 고려하여 이부프로펜을 사용하고 고용량 이부프로펜(1일 2,400 mg)의 사용을 피하십시오. 또한, 심혈관계 위험 요소(예: 고혈압, 고지혈증, 당뇨병, 흡연)를 가지고 있는 환자가 고용량 이부프로펜(1일 2,400 mg)이 필요한 경우 장기간 치료를 시작하기 전 신중히 고려하십시오. 임상연구 결과, 고용량(1일 2,400 mg) 이부프로펜 사용이 동맥 혈전 증상(심근경색증 또는 뇌졸중)에 대한 위험성을 다소 증가시킬 수 있다고 나타났습니다.
","다른 해열진통제, 감기약, 진정제와 함께 복용하지 마십시오.

당뇨약, 통풍약, 관절염약, 항응고제, 스테로이드제, 이뇨제, 저용량 아스피린과 함께 복용 시 의사 또는 약사와 상의하십시오.

복용 중에는 음주하지 마십시오. 
","발진·발적(충혈되어 붉어짐), 가려움, 구역·구토, 식욕부진, 변비, 위통, 소화관출혈, 위부불쾌감, 어지러움, 부종(부기), 드물게 쇽(복용후 바로 두드러기, 부기, 가슴답답함 등과 함께 안색이 창백하고, 손발이 차고, 식은땀, 숨쉬기 곤란함 등), 피부점막안증후군(스티븐스-존슨증후군), 독성표피괴사용해(리엘증후군), 천식, 매우 드물게 다형성 홍반, 탈락 피부염, 빈도불명의 광민감 반응, 호산구 증가 및 전신 증후군을 동반한 약물 반응(DRESS 증후군), 급성전신발진고름물집증 등이 나타나는 경우 복용을 즉각 중지하고 의사 또는 약사와 상의하십시오.
","습기와 빛을 피해 실온에서 보관하십시오.

어린이의 손이 닿지 않는 곳에 보관하십시오.
"
8806416055526 ,이지엔6이브 30C,"5,800",6416055526,6416,0555,8806416055526,8806416055526,64160555,OK,201301591,OK,"이 약은 두통, 치통, 발치후 동통, 인후통, 귀의 통증, 관절통, 신경통, 허리통, 근육통, 어깨결림, 타박통, 골절통, 염좌통(삠통증), 생리통, 외상통의 진통과 오한, 발열 시의 해열에 사용합니다.
","만 8세 이상~만 15세 미만은 1회 1캡슐씩, 만 15세 이상 및 성인은 1회 1~2캡슐씩, 1일 1~3회 4시간 이상 간격을 두고 공복을 피하여 복용합니다.
","매일 세 잔 이상 정기적 음주자가 이 약 또는 다른 해열진통제를 복용할 때는 의사 또는 약사와 상의하십시오. 위장출혈을 일으킬 수 있습니다.

조절되지 않는 고혈압, 울혈심부전증, 확립된 허혈성 심장질환, 말초동맥질환, 뇌혈관질환을 가진 환자들은 신중히 고려하여 이부프로펜을 사용하고 고용량 이부프로펜(1일 2,400 mg)의 사용을 피하십시오. 또한, 심혈관계 위험 요소(예: 고혈압, 고지혈증, 당뇨병, 흡연)를 가지고 있는 환자가 고용량 이부프로펜(1일 2,400 mg)이 필요한 경우 장기간 치료를 시작하기 전 신중히 고려하십시오. 임상연구 결과, 고용량(1일 2,400 mg) 이부프로펜 사용이 동맥 혈전 증상(심근경색증 또는 뇌졸중)에 대한 위험성을 다소 증가시킬 수 있다고 나타났습니다.
","다른 해열진통제, 감기약, 진정제와 함께 복용하지 마십시오.

당뇨약, 통풍약, 관절염약, 항응고제, 스테로이드제, 이뇨제, 저용량 아스피린과 함께 복용 시 의사 또는 약사와 상의하십시오.

복용 중에는 음주하지 마십시오. 
","발진·발적(충혈되어 붉어짐), 가려움, 구역·구토, 식욕부진, 변비, 위통, 소화관출혈, 위부불쾌감, 어지러움, 부종(부기), 드물게 쇽(복용후 바로 두드러기, 부기, 가슴답답함 등과 함께 안색이 창백하고, 손발이 차고, 식은땀, 숨쉬기 곤란함 등), 피부점막안증후군(스티븐스-존슨증후군), 독성표피괴사용해(리엘증후군), 천식, 매우 드물게 다형성 홍반, 탈락 피부염, 빈도불명의 광민감 반응, 호산구 증가 및 전신 증후군을 동반한 약물 반응(DRESS 증후군), 급성전신발진고름물집증 등이 나타나는 경우 복용을 즉각 중지하고 의사 또는 약사와 상의하십시오.
","습기와 빛을 피해 실온에서 보관하십시오.

어린이의 손이 닿지 않는 곳에 보관하십시오.
"
8806416062210 ,이지엔6 스트롱 연질캡슐 10C,"2,000",6416062210,6416,0622,8806416062210,8806416062210,64160622,OK,201601056,OK,"이 약은 류마티양 관절염, 골관절염(퇴행성 관절질환), 강직성 척추염, 건염(힘줄염), 급성통풍, 월경곤란증과 활액(윤활)낭염, 골격근장애(염좌(삠), 좌상(타박상), 외상(상처), 요천통(허리통증), 수술후 동통(통증), 편두통, 발치(이를 뽑음)후 동통(통증)에 사용합니다.
","성인은 류마티양 관절염, 골관절염, 강직성 척추염에는 1회 1~2캡슐(250~500 mg), 1일 2회(12시간마다), 급성통풍에는 초회량(처음 복용량)으로 3캡슐(750 mg) 복용하고 발작이 소실(없어짐)될 때까지 8시간 간격으로 1캡슐(250 mg)을 복용합니다.

골격근장애, 수술후 동통(통증), 발치(이를 뽑음)후 동통(통증), 월경곤란증, 건염(힘줄염), 활액(윤활)낭염에는 초회량(처음 복용량)으로 2캡슐(500 mg)을 복용한 후 6~8시간 간격으로 1캡슐(250 mg)씩 복용하고 1일 총용량이 5캡슐(1,250 mg)을 초과하지 않도록 합니다.

편두통에는 초회량(처음 복용량)으로 3캡슐(750 mg)을 복용하고 필요하면 1일 1~2캡슐(250 ~ 500 mg)을 더 복용할 수 있으며 초회량(처음 복용량)의 복용 30분 후에 복용합니다. 1일 총용량이 5캡슐(1,250 mg)을 초과하지 않도록 합니다.

연령, 증상에 따라 적절히 증감합니다.
","매일 세 잔 이상 정기적 음주자가 이 약 또는 다른 해열진통제를 복용할  때는 의사 또는 약사와 상의하십시오. 위장출혈을 일으킬 수 있습니다.

이 약 복용시 치명적일 수 있는 중대한 심혈관계 혈전 반응, 심근경색증, 뇌졸중의 위험이 증가하며, 위장관 출혈, 궤양 및 천공 등 심각한 위장관계 이상반응이 나타날 수 있습니다.
","아스피린, 다른 비스테로이드성 소염진통제 및 나프록센 유도체와 함께 복용하지 마십시오.

히단토인계 항간질제, 설파제, 설포닐요소계 혈당강하제, 프로프라놀롤 및 다른 -차단제, ACE 저해제(캅토프릴 등), 루프계 및 티아지드계 이뇨제, 프로베네시드, 리튬, 메토트렉세이트, 쿠마린계 항응혈제(와파린 등), 지도부딘, 뉴퀴놀론계 항생물질(에녹사신 등)과 함께 복용 시 의사 또는 약사와 상의하십시오.
","때때로 습진, 발한(땀이 남), 자반(자주색 반점), 드물게 쇽증상(호흡곤란, 혈압강하, 서맥(느린 맥), 식은땀, 부종(부기) 등), PIE증후군(호산구증가를 수반하는 폐침윤 : 발열, 천명(숨을 쌕쌕거림), 기침, 가래를 동반함), 두드러기, 토혈, 위장출혈, 소화성궤양, 천공(뚫림), 무과립구증, 호산구증다, 백혈구감소, 혈소판감소, 재생불량성빈혈, 용혈성(적혈구파괴성)빈혈, 혈소판 기능저하, 무균성 수막염(심한 두통, 구역, 구토, 불면, 목이 뻣뻣함, 발열 또는 의식장애), 광과민증, 탈모, 발적(충혈되어 붉어짐), 괴사성용해, 다형성홍반(여러 모양의 붉은 반점), 스티븐스-존슨증후군(피부점막안증후군), 독성표피괴사용해(리엘증후군), 두드러기, 표피수포증, 호산구 증가 및 전신 증상 동반 약물 반응, 고정약물발진, 탈락성 피부염 등이 나타나는 경우 복용을 즉각 중지하고 의사 또는 약사와 상의하십시오.

이명(귀울림), 청각장애, 시각장애, 때때로 위부불쾌감, 위통, 복통(배아픔), 구역, 구토, 식욕부진, 소화불량, 가슴쓰림, 설사, 변비, 구내염(입안염), 졸음, 인식기능장애, 부종(부기), 호흡곤란, 드물게 심계항진(두근거림), 근무력증(근육무력증), 울혈성심부전, 호산구성 폐렴, 아나필락시양 반응, 월경장애, 오한(춥고 떨리는 증상)과 발열, 맥관염(혈관염), 고혈당, 저혈당, 드물게 현기(어지러움), 두통, 수족저림, 정력감퇴, 피로, 우울, 비정상적인 꿈, 집중능력 상실, 지남력상실, 불면, 근육통, 근쇠약, 복부팽만감, 흑변, 구갈(목마름), GOT, GPT 상승, 황달, 간염, 신장애(신장장애), 사구체 신염(신장염), 혈뇨, 고칼륨혈증, 간질성신염(신장염), 신증후군, 신장(콩팥) 유두괴사, 단백뇨(단백질이 섞인 오줌), 신부전 등이 나타날 수 있습니다.
","실온에서 보관하십시오.

어린이의 손이 닿지 않는 곳에 보관하십시오.
"
8806416064320 ,코메키나 캡슐 10C,"3,000",6416064320,6416,0643,8806416064320,8806416064320,64160643,OK,201706199,OK,"이 약은 코감기(급성비염), 알레르기성 비염 또는 부비강염에 의한 코막힘, 콧물, 재채기, 눈물, 목의 통증, 머리 무거움 완화에 사용합니다.","15세 이상 및 성인은 1회 1캡슐씩 1일 3회, 매 식후에 복용합니다.",급성전신발진고름물집증과 같은 중증 피부 이상반응이 나타나는 경우 복용을 중단하고 의사 또는 약사와 상의하십시오.,"MAO 억제제(항우울제, 항정신병제, 감정조절제, 항파킨슨제 등), 다른 비염용 경구제, 항히스타민제를 함유하는 내복약(감기약, 진해거담제, 멀미약, 알레르기용약 등)과 함께 복용(사용)하지 마십시오.복용 중에는 음주하지 마십시오.","급성전신성발진성농포증, 피부 이상반응(발열, 홍반, 다수의 작은 농포 등), 출혈성뇌졸중, 구역·구토, 목마름(지속적이거나 심한), 변비, 식욕부진, 발진·발적, 가려움, 배뇨곤란, 두통, 안면홍조, 비정상적인 눈부심, 쇽(복용 후 바로 두드러기, 부종, 가슴답답함, 창백, 수족냉증, 식은땀, 숨쉬기 곤란함), 요량감소, 손발이 붓고, 눈꺼풀이 무거워지고, 손이 굳어지고, 혈압상승, 두통, 근병증(무력감, 사지경련, 마비 등), 슈도에페드린 성분과 관련한 허혈성 대장염의 증상 등이 나타나는 경우 복용을 즉각 중지하고 의사 또는 약사와 상의하십시오.",습기와 빛을 피해 실온에서 보관하십시오.어린이의 손이 닿지 않는 곳에 보관하십시오.
8806416071731 ,스타빅 20ml x 6P,"4,000",6416071731,6416,0717,8806416071731,8806416071731,64160717,OK,202008370,OK,"이 약은 성인의 식도, 위ㆍ십이지장과 관련된 통증의 완화, 급ㆍ만성 설사, 24개월 이상 소아의 급성 설사에 사용합니다.","성인은 1회 1포(3 g)씩, 1일 3회 복용합니다.급성 설사 시 초기 3일은 1일 용량을 2배로 증량할 수 있습니다.식도염에는 식후에, 다른 적응증에는 식간에 복용합니다.24개월 이상 소아는 3일 동안 1일 2~3포(6~9 g)를 3회 분할 복용하고 이후 4일 동안 1일 2포(6 g)를 3회 분할 복용합니다.",,,"복부팽만감, 구토, 변비, 두드러기, 발진, 가려움 및 혈관 부종 등이 나타나는 경우 복용을 즉각 중지하고 의사 또는 약사와 상의하십시오.",실온에서 보관하십시오.어린이의 손이 닿지 않는 곳에 보관하십시오.
8806416077719 ,이지엔6 나이트 연질캡슐 10C,"2,500",6416077719,6416,0777,8806416077719,8806416077719,64160777,OK,202204213,OK,"이 약은 통증으로 인한 일시적인 불면을 동반하는 급성 야간 통증에 사용합니다.
","성인은 통증으로 인해 잠을 자기 어려운 경우 1회 1~2캡슐씩, 1일 1회 취침 전 복용합니다.

이 약을 포함하여 24시간 동안 이부프로펜 1,200 mg, 디펜히드라민 75 mg을 초과하지 마십시오.

복용 간격은 이부프로펜 및/또는 디펜히드라민 성분 복용 후 4시간 이상으로 합니다.

증상의 원인이 확인되지 않은 경우, 5일을 초과하여 연속으로 복용하지 마십시오.
","매일 세 잔 이상 정기적 음주자가 이 약 또는 다른 해열진통제를 복용할  때는 의사 또는 약사와 상의하십시오. 위장출혈을 일으킬 수 있습니다.

이 약 복용시 치명적일 수 있는 중대한 심혈관계 혈전 반응, 심근경색증, 뇌졸중의 위험이 증가하며, 위장관 출혈, 궤양 및 천공 등 심각한 위장관계 이상반응이 나타날 수 있습니다.

이 약 복용시 위장관의 출혈, 궤양 및 천공(뚫림) 등 치명적일 수 있는 중대한 위장관계 이상반응이 나타날 수 있습니다.
","ACE 저해제, 리튬, 푸로세미드 및 치아짓계 이뇨제, 메토트렉세이트, 쿠마린계 항응혈제(와파린 등), 선택적 세로토닌 재흡수억제제,  다른 수면유도제, 최면진정제, MAO 저해제, 감기약, 해열진통제(예: 아스피린, 아세트아미노펜, 나프록센), 진해거담약, 항히스타민제를 함유하고 있는 내복약(비염용 내복약, 멀미약, 알러지용약), 이부프로펜 또는 디펜히드라민을 함유하는 다른 약물, 다른 비스테로이드성 소염진통제와 함께 복용하지 마십시오.

복용 중 음주하지 마십시오.
","쇽, 아나필락시양 반응, 가슴쓰림, 오한, 호흡곤란, 혈압저하, 헤마토크릿, 헤모글로빈 감소, 빈혈, 재생불량성빈혈, 용혈성빈혈, 무과립구증, 과립구·백혈구·혈소판 감소, 혈소판 기능 저하(출혈시간 연장), 호산구 증가 등의 혈액장애, 소화성궤양, 위장관궤양, 위장출혈, 천공, 궤양성 대장염, 혈변, 위염, 췌장염, 혈액구토, 크론병, 식욕부진, 구역, 구토, 복통, 소화불량, 설사, 위부불쾌감, 상복부 통증, 구갈, 구내염, 복부팽만감, 구강궤양, 변비, 흑변, 피부점막안증후군(스티븐스-존슨증후군), 독성표피괴사용해(리엘증후군), 광민감반응, 빈도불명의 호산구 증가 및 전신 증후군을 동반한 약물 발진(DRESS 증후군), 혈관신경성 부종, 수포성피부염, 다형성 홍반, 반구진 발진, 피부 붉어짐, 수포, 발진, 탈락 피부염, 급성전신발진고름물집증, 간염, 황달, GOT, GPT, 알칼라인 포스파타제(ALP)의 상승, 간장애, 천식발작, 두드러기, 습진, 자반(자주색반점), 가려움증, 천식, 기관지수축, 호흡곤란 또는 쌕쌕거림, 암점(시야불능부위), 폐쇄성 녹내장, 귀먹음, 이명, 미각이상, 현기증, 졸음, 어지러움, 우울, 두통, 뇌혈관 사고 또는 신경질, 무균성 수막염 또는 수막염(심한 두통, 구역, 구토, 불면, 목이 뻣뻣함, 발열 또는 의식장애 등의 증상), 기상 시의 두중감, 일시적인 의식장애(주의력의 저하, 잠이 덜 깨는 증상, 판단력의 저하, 말·행동의 이상 등), 혈압저하, 혈압상승, 두근거림, 심부전, 심근경색증 또는 협심증, 급성신부전, 소변감소, 혈뇨, 요단백, BUN, 혈중크레아티닌의 상승, 고칼륨혈증, 간질성 콩팥염, 콩팥염증후군, 콩팥유두괴사, 요량 감소, 전신부종 및 이에 수반하는 숨가쁨, 나른함, 안와주위부종(눈주변 부기), 안면부종(얼굴부기), 권태감, 발열, 코피, 말초부종 등이 나타날 경우 복용을 즉각 중지하고 의사 또는 약사와 상의하십시오.
",
8806416081815 ,이지엔6 에이스정 500mg 10T,"2,000",6416081815,6416,0818,8806416081815,8806416081815,64160818,OK,202402457,NO_ITEM,,,,,,
8806417005216 ,[일양] 벌무덴 40ml,"4,800",6417005216,6417,0052,8806417005216,8806417005216,64170052,OK,199601101,OK,"이 약은 습진, 피부염, 땀띠, 옻 등에 의한 피부염, 가려움, 벌레물린데, 두드러기에 사용합니다.",1일 수회 환부에 적당량을 바릅니다.,,,"발진, 발적(충혈되어 붉어짐), 가려움, 부종(부기) 등이 나타나는 경우 사용을 즉각 중지하고 의사 또는 약사와 상의하십시오.",습기와 빛을 피해 실온에서 보관하십시오.사용후 뚜껑을 꼭 닫아 보관하십시오.어린이의 손이 닿지 않는 곳에 보관하십시오.
8806417009825 ,아미노피정[일양],"40,000",6417009825,6417,0098,8806417009825,8806417009825,64170098,OK,200607867,OK,"이 약은 자양강장, 허약체질, 육체피로, 병중병후, 위장장해, 영양장해, 발열성소모질환, 임신수유기 등의 경우의 영양보급에 사용합니다.","15세 이상 청소년 및 성인은 1회 2정, 7세~14세의 소아는 1회 1정을 1일 1~2회 복용합니다.",,레보도파와 함께 복용하지 마십시오.에스트로겐을 포함한 경구용피임제와 함께 복용 시 의사 또는 약사와 상의하십시오.,"위부불쾌감, 설사, 변비, 발진, 발적, 구역, 구토, 묽은 변 등이 나타나는 경우 복용을 즉각 중지하고 의사 또는 약사와 상의하십시오.생리가 예정보다 빨라지거나 양이 점점 많아 질 수 있으며, 출혈 지속 등이 나타날 수 있습니다.",습기와 빛을 피해 실온에서 보관하십시오.어린이의 손이 닿지 않는 곳에 보관하십시오.개봉 후 6개월 이내에 복용하십시오.
8806417011514 ,알콤정4T,"3,000",6417011514,6417,0115,8806417011514,8806417011514,64170115,OK,199400891,OK,"이 약은 회충, 요충, 편충, 십이지장충의 감염 및 이들 혼합감염의 치료에 사용합니다.",성인 및 소아는 1정(500 mg)을 1회 복용합니다.,,,"드물게 일과성 구역, 복통, 설사, 발진, 두드러기, 혈관부종 등이 나타나는 경우 복용을 즉각 중지하고 의사 또는 약사와 상의하십시오.",습기와 빛을 피해 실온에서 보관하십시오.어린이의 손이 닿지 않는 곳에 보관하십시오.
8806417013013 ,원비디100M,700,6417013013,6417,0130,8806417013013,8806417013013,64170130,OK,196600063,OK,"이 약은 자양강장, 허약체질 보조 및 개선, 피로회복에 사용합니다.","15세 이상 및 성인은 1회 1병, 1일 1~2회 복용합니다.",,,"구역, 구토, 묽은 변 등이 나타나는 경우 복용을 즉각 중지하고 의사 또는 약사와 상의하십시오.피부, 눈, 점막에 경미한 자극 등이 나타날 수 있습니다.",습기와 빛을 피해 실온에서 보관하십시오.어린이의 손이 닿지 않는 곳에 보관하십시오.
8806417021629 ,진코텔정2박스,"70,000",6417021629,6417,0216,8806417021629,8806417021629,64170216,OK,200501235,NO_ITEM,,,,,,
8806417026617 ,헤모콤액30V,"45,000",6417026617,6417,0266,8806417026617,8806417026617,64170266,OK,199901190,OK,이 약은 철 결핍성 빈혈에 사용합니다.,"성인은 1일 1회 1병(철로서 100 mg), 12세 이상~19세 미만 소아는 1회 1/2병(철로서 50 mg)을 1일 2회, 1세 이상~12세 미만 소아는 1회 1/2병(철로서 50 mg)을 1일 1~2회 식전, 식사 중 또는 식후에 복용합니다.",만 6세 이하의 어린이가 과량 복용시 철분 중독성 사망을 일으킬 수 있으므로 어린이의 손에 닿지 않는 곳에 보관하십시오.,"인산염, 칼슘염, 경구용 테트라사이클린계 항생제, 제산제와 함께 복용하지 마십시오.철 함유제제(철분제, MRI용 간장 조영제 등), 항알도스테론제, 트리암테렌, 디포스폰산 염류, 티록신, 세프디니르 제제, 퀴놀론계, 페니실라민, 콜레스티라민, 췌장엑스 및 비타민 E와 같은 제제, 200 ㎎ 이상의 아스코르빈산(비타민 C)과 함께 복용 시 의사 또는 약사와 상의하십시오.녹차, 홍차 등 탄닌을 함유하는 차 및 우유ㆍ유제품은 복용 중, 복용 전후에는 피하십시오.","두드러기, 가려움, 햇빛 노출시 피부 과민반응, 복부ㆍ위통증, 위 경련, 구토, 설사, 열, 혼수, 때때로 AST, ALT의 상승, 드물게 ALP 상승, 구역, 식욕부진, 변비, 흑변, 치아 변색, 위부불쾌감 등이 나타나는 경우 복용을 즉각 중지하고 의사 또는 약사와 상의하십시오.",습기와 빛을 피해 실온에서 보관하십시오.어린이의 손이 닿지 않는 곳에 보관하십시오.
8806417026716 ,헤모콤플러스연질120C,"40,000",6417026716,6417,0267,8806417026716,8806417026716,64170267,OK,200300961,OK,이 약은 철 결핍성 빈혈에 사용합니다.,성인은 1회 1캡슐을 식후 씹거나 삼켜서 복용합니다.,만 6세 이하의 어린이가 과량 복용시 철분 중독성 사망을 일으킬 수 있으므로 어린이의 손에 닿지 않는 곳에 보관하십시오.,"인산염, 칼슘염, 경구용 테트라사이클린계 항생제, 제산제와 함께 복용하지 마십시오.항알도스테론제, 트리암테렌, 200 ㎎ 이상의 아스코르브산(비타민 C), 정주용 지질제와 함께 사용 시 의사 또는 약사와 상의하십시오.녹차, 홍차 등 탄닌을 함유하는 차 및 우유ㆍ유제품은 복용 중, 복용 전후에는 피하십시오.","두드러기, 가려움, 햇빛 노출시 피부 과민반응, 복부ㆍ위통증, 위 경련, 위부불쾌감, 구역, 구토, 식욕부진, 변비, 설사, 열, 혼수 등이 나타나는 경우 복용을 즉각 중지하고 의사 또는 약사와 상의하십시오.",습기와 빛을 피해 실온에서 보관하십시오.어린이의 손이 닿지 않는 곳에 보관하십시오.
8806417038313 ,본엔디연질캡슐120C,"35,000",6417038313,6417,0383,8806417038313,8806417038313,64170383,OK,201007524,OK,"이 약은 임신·수유기, 발육기, 노년기의 비타민 D의 보급과 뼈, 이의 발육불량, 구루병의 예방에 사용합니다.
","만 12세 이상 및 성인은 1회 1캡슐, 1일 1회 복용합니다.
",,"인산염, 칼슘염, 경구용 테트라사이클린계 제제, 제산제와 함께 복용하지 마십시오.

강심배당체, 항알도스테론제, 트리암테렌과 함께 복용 시 의사 또는 약사와 상의하십시오.

녹차, 홍차 등 탄닌을 함유하는 차는 복용 중, 복용 전후에는 피하십시오.
","구역, 구토, 설사, 변비, 저혈압, 얼굴달아오름, 심박동불규칙, 피부발진 등이 나타나는 경우 복용을 즉각 중지하고 의사 또는 약사와 상의하십시오.
","습기와 빛을 피해 실온에서 보관하십시오.

어린이의 손이 닿지 않는 곳에 보관하십시오.
"
8806417043713 ,혈강고카타플라스마6P,"2,500",6417043713,6417,0437,8806417043713,8806417043713,64170437,OK,200501224,OK,"이 약은 삠, 타박상, 근육통, 관절통, 골절통, 허리통, 어깨결림, 언 상처의 진통·소염에 사용합니다.
","성인은 1일 1~2회 약면의 비닐을 떼어버리고 나서 질환 부위에 붙입니다.
",,,"발진, 발적, 가려움, 부종 등이 나타나는 경우 사용을 즉각 중지하고 의사 또는 약사와 상의하십시오.
","습기와 빛을 피해 실온에서 보관하십시오.

어린이의 손이 닿지 않는 곳에 보관하십시오.
"
8806417044512 ,도담도담츄어블정240T,"30,000",6417044512,6417,0445,8806417044512,8806417044512,64170445,OK,201208419,OK,,"만 36개월~만 8세는 1회 1정씩, 1일 2회, 만 8세 이상 어린이 및 성인은 1회 2정씩, 1일 2회 복용합니다. 

입안에서 녹이거나 씹어서 복용합니다.
","비타민 A를 1일 5,000 IU 이상 복용 시 선천성 기형을 일으킬 수 있습니다. 임신 3개월 이내 또는 임신하고 있을 가능성이 있는 여성은 복용하지 마십시오.
","인산염, 칼슘염, 경구용 테트라사이클린계 제제, 제산제, 레보도파와 함께 복용하지 마십시오. 

강심배당체, 에스트로겐을 포함한 경구용 피임제, 항알도스테론제, 트리암테렌과 함께 복용 시 의사 또는 약사와 상의하십시오.

녹차, 홍차 등 탄닌을 함유하는 차는 복용 중, 복용 전후에는 피하십시오.
","구역, 구토, 가려움, 건조하고 거친 피부, 통증성 관절부기, 설사, 위부불쾌감, 변비, 발진, 발적(충혈되어 붉어짐), 묽은 변, 저혈압, 얼굴달아오름, 심박동불규칙, 피부발진, 알레르기반응, 혈관부종, 관절통, 호산구증가, 요오드 중독증, 붉은 반점, 설사, 심장박동정지, 중추신경계 기능저하, 생리가 예정보다 빨라지거나 양이 점점 많아질 수 있으며, 출혈이 오래 지속되는 증상이 나타나는 경우 복용을 즉각 중지하고 의사 또는 약사와 상의하십시오.
","습기와 빛을 피해 실온에서 보관하십시오.

어린이의 손이 닿지 않는 곳에 보관하십시오.
"
8806417046424 ,노루모듀얼액션현탁액4P,"3,000",6417046424,6417,0464,8806417046424,8806417046424,64170464,OK,201402653,OK,"이 약은 산 역류, 속쓰림, 위 내용물의 역류로 인한 소화불량(예를 들어 식사 후, 임신 중, 역류성 식도염과 동반하는 경우)개선에 사용합니다.",성인 및 12세 이상의 소아는 1회 10~20mL을 1일 4회(식후 및 취침전) 복용합니다.,,"테트라사이클린, 디곡신, 플루오로퀴놀론, 철염, 케토코나졸, 신경이완제, 티록신, 페니실라민, 베타차단제(아테놀올, 메토프로롤, 프로프라놀롤), 글루코코르티코이드, 클로로퀸, 에스트라무스틴 및 디포스포네이이트 등과 함께 복용 시 적어도 2시간의 간격을 두고 복용하십시오.","가려움이나 기관지 수축, 아나필락시스 반응과 같은 알레르기 반응 등이 나타나는 경우 복용을 즉각 중지하고 의사 또는 약사와 상의하십시오.",빛을 피해 실온에서 보관하십시오.어린이의 손이 닿지 않는 곳에 보관하십시오.
8806417046448 ,노루모듀얼액션현탁액10P,"7,000",6417046448,6417,0464,8806417046448,8806417046448,64170464,OK,201402653,OK,"이 약은 산 역류, 속쓰림, 위 내용물의 역류로 인한 소화불량(예를 들어 식사 후, 임신 중, 역류성 식도염과 동반하는 경우)개선에 사용합니다.",성인 및 12세 이상의 소아는 1회 10~20mL을 1일 4회(식후 및 취침전) 복용합니다.,,"테트라사이클린, 디곡신, 플루오로퀴놀론, 철염, 케토코나졸, 신경이완제, 티록신, 페니실라민, 베타차단제(아테놀올, 메토프로롤, 프로프라놀롤), 글루코코르티코이드, 클로로퀸, 에스트라무스틴 및 디포스포네이이트 등과 함께 복용 시 적어도 2시간의 간격을 두고 복용하십시오.","가려움이나 기관지 수축, 아나필락시스 반응과 같은 알레르기 반응 등이 나타나는 경우 복용을 즉각 중지하고 의사 또는 약사와 상의하십시오.",빛을 피해 실온에서 보관하십시오.어린이의 손이 닿지 않는 곳에 보관하십시오.
8806417048619 ,노루모에프내복액75ML,700,6417048619,6417,0486,8806417048619,8806417048619,64170486,OK,201404746,OK,"이 약은 위산과다, 속쓰림, 위부불쾌감, 위부팽만감, 체함, 구역, 구토, 위통, 신트림, 식욕감퇴(식욕부진), 소화불량, 과식에 사용합니다.
","만 15세 이상은 1회 1병 1일 3회, 만 11세 이상~만 15세 미만은 1회 2/3병 1일 3회,

만 8세 이상~만 11세 미만은 1회 1/2병 1일 3회, 만 5세 이상~만 8세 미만은 1회 1/3병 1일 3회, 만 3세 이상~만 5세 미만은 1회 1/4병 1일 3회 식후 복용하며, 복용간격을 4시간 이상으로 합니다.
",,"이 약을 복용하기 전에 다른 약물을 복용하고 있는 경우 의사 또는 약사와 상의하십시오.
","변비 또는 설사 등이 나타나는 경우 복용을 즉각 중지하고 의사 또는 약사와 상의하십시오.
","습기와 빛을 피해 실온에서 보관하십시오.

어린이의 손이 닿지 않는 곳에 보관하십시오.
"
8806417052616 ,두피나액30ML,"5,000",6417052616,6417,0526,8806417052616,8806417052616,64170526,OK,201606648,OK,"이 약은 습진, 피부염, 땀띠, 가려움, 벌레물린데, 두드러기에 사용합니다.",1일 수회(여러 차례) 환부(질환 부위)에 적당량을 바릅니다.,,,"피부의 세균성(전염성농가진, 모낭염) 및 진균성(칸다다증, 백선), 바이러스성 감염증, 부스럼, 피부자극, 자통, 발열, 작열감, 발진, 발적, 홍조, 가려움, 피부건조, 농포성피부염, 알레르기성 접촉피부염, 땀띠, 한진, 상처악화, 욕창, 농포증 등이 나타나는 경우 사용을 즉각 중지하고 의사 또는 약사와 상의하십시오.안검(눈꺼풀)피부에 사용 시 빈도불명의 시야흐림 등이 나타날 수 있습니다.",습기와 빛을 피해 실온에서 보관하십시오.어린이의 손이 닿지 않는 곳에 보관하십시오.화기 근처에 두지 마십시오.
8806417055426 ,일양경옥고60P,"99,000",6417055426,6417,0554,8806417055426,8806417055426,64170554,OK,201805303,NO_ITEM,,,,,,
8806417057710 ,황력골드액100ML,"2,000",6417057710,6417,0577,8806417057710,8806417057710,64170577,OK,201908148,OK,"이 약은 육체피로, 임신 및 수유기, 병을 앓는 동안이나 회복 후의 체력저하 시의 비타민 B1, B2, B6의 보급 및 자양강장에 사용합니다.
","만 8세 이상 및 성인은 1회 1병씩, 만 24개월 이상~만 8세 미만은 1회 1/2병씩, 만 12개월 이상~만 24개월 미만은 1회 1/4병씩, 만 3개월 이상~만 12개월 미만은 1회 1/6병씩, 1일 1회 복용하십시오.
",,"이 약을 복용하는 동안 레보도파를 복용하지 마십시오.
","구역, 구토, 묽은 변 등이 나타나는 경우 이 약의 복용을 즉각 중단하고 의사 또는 약사와 상의하십시오.
","습기와 빛을 피해 실온에서 보관하십시오.

어린이의 손이 닿지 않는 곳에 보관하십시오.
"
8806417057819 ,애린쏙정10T,"2,000",6417057819,6417,0578,8806417057819,8806417057819,64170578,OK,202000108,OK,"이 약은 식도역류 및 열공헤르니아, 위 십이지장염, 위ㆍ십이지장궤양에 있어서의 소화기능이상 (복통, 소화불량,구역, 구토), 과민성대장증후군 및 경련성 결장, 소아 질환(습관성 구토, 비감염성 장관통과장애 (변비, 설사))에 사용합니다.","성인은 1회 100~200 mg 1일 3회 식전에 복용합니다.연령, 증상에 따라 적절히 증감합니다.",,,"드물게 변비, 설사, 복명, 구역, 구토, 소화장애, 구갈, 구내마비감, 심계항진, 피로감, 졸음, 현기, 권태감, 두통, GOT, GPT 상승이 나타날 수 있습니다.드물게 발진 등이 나타나는 경우 복용을 즉각 중지하고 의사 또는 약사와 상의하십시오.",실온에서 보관하십시오.
8806417057925 ,도담도담 트리플 비타액 60P,"45,000",6417057925,6417,0579,8806417057925,8806417057925,64170579,OK,202000586,OK,"이 약은 육체피로, 임신ㆍ수유기, 병중ㆍ병후(병을 앓는 동안이나 회복 후)의 체력 저하 시, 노년기의 비타민 E, B1, B2, B6, C의 보급에 사용합니다.
","만 12개월 이상~만 8세 미만은 1회 1포씩, 1일 1회, 만 8세 이상 및 성인은 1회 1포씩, 1일 2회 복용합니다.
",,"인산염, 칼슘염, 경구용 테트라사이클린계 제제, 제산제, 레보도파와 함께 복용하지 마십시오.

에스트로겐을 포함한 경구용 피임제와 함께 복용 시 의사 또는 약사와 상의하십시오.

항알도스테론제, 트리암테렌과 함께 복용 시 의사 또는 약사와 상의하십시오.

녹차, 홍차 등 탄닌을 함유하는 차는 복용 중, 복용 전후에는 피하십시오.
","위부불쾌감, 설사, 변비, 발진, 발적, 구역, 구토, 묽은 변, 붉은 반점, 부전수축(심장박동정지), 중추신경계 기능저하, 위장관장애, 소화장애, 상복부통증, 저혈압, 폐부종, 생리가 예정보다 빨라지거나 양이 점점 많아지고, 출혈이 오래 지속되는 경우 복용을 즉각 중지하고 의사 또는 약사와 상의하십시오.
","습기와 빛을 피해 실온에서 보관하십시오.

어린이의 손이 닿지 않는 곳에 보관하십시오.
"
8806417062912 ,보나링스피드액5P,"3,000",6417062912,6417,0629,8806417062912,8806417062912,64170629,OK,202302853,OK,"이 약은 멀미에 의한 어지러움, 구토, 두통의 예방 및 완화에 사용합니다.
","만 15세 이상은 1포씩, 만 11세이상~만 15세 미만은 2/3포씩, 만 7세 이상~만 11세 미만은 1/2포씩, 만 3세 이상~만 7세 미만은 1/3포씩 승차 30분 전에 1회 복용합니다.

필요시 추가 복용할 경우에는 1회 복용량을 4시간 이상의 간격을 두고 복용합니다.

이 약의 하루 최대 복용횟수는 2회입니다.
",,"이 약을 복용하는 동안에는 다른 진토제, 감기약, 해열진통제, 항히스타민제, 진정제, 진해거담제, 위장진통∙진경제 등을 복용하지 마십시오.

이 약을 복용하는 동안에는 알코올 음료를 마시지 마십시오.
","발진, 충혈되서 붉어짐, 가려움, 두통, 안면홍조, 눈부심, 배뇨장애, 목마름, 변비 등이 나타나는 경우 복용을 즉각 중지하고 의사 또는 약사와 상의하십시오.
","습기와 빛을 피해 실온에서 보관하십시오.

어린이의 손이 닿지 않는 곳에 보관하십시오.
"
8806417063810 ,크로아존엔정10T,"2,000",6417063810,6417,0638,8806417063810,8806417063810,64170638,OK,202400654,OK,"이 약은 신경통, 허리통, 어깨결림에 사용합니다.
","성인은 1회 1~2정씩, 1일 2회 통증 또는 발작시에 복용합니다.
",,"다른 해열진통제, 감기약, 진정약 등과 함께 복용하지 마십시오.
","발진 및 충혈되어 붉어지는 발적, 구역, 구토, 변비, 식욕부진, 현기증 등이 나타나는 경우 이 약의 복용을 즉각 중지하고 의사 또는 약사와 상의하십시오.
","습기와 빛을 피해 실온에서 보관하십시오.

어린이의 손이 닿지 않는 곳에 보관하십시오.
"
8806417064510 ,메코엠지프리미엄정120T,"45,000",6417064510,6417,0645,8806417064510,8806417064510,64170645,OK,202402513,NO_ITEM,,,,,,
8806418006519 ,광동우황청심원(사향함유)(환제),"14,000",6418006519,6418,0065,8806418006519,8806418006519,64180065,OK,198601268,NO_ITEM,,,,,,
8806418006618 ,광동 우황청심원-환/1丸(영묘향)(신),"9,900",6418006618,6418,0066,8806418006618,8806418006618,64180066,OK,200102705,NO_ITEM,,,,,,
8806418006922 ,[광동] 우황청심원 현탁액(사향) 50ml,"13,000",6418006922,6418,0069,8806418006922,8806418006922,64180069,OK,199102325,NO_ITEM,,,,,,
8806418007011 ,[광동] 우황청심원 현탁액(영묘향/갈색) 50ml,"7,000",6418007011,6418,0070,8806418007011,8806418007011,64180070,OK,199902843,NO_ITEM,,,,,,
8806418007028 ,[광동] 우황청심원 현탁액(영묘향) 50ml,"7,000",6418007028,6418,0070,8806418007028,8806418007028,64180070,OK,199902843,NO_ITEM,,,,,,
8806418007615 ,광동원탕 100ml,"1,000",6418007615,6418,0076,8806418007615,8806418007615,64180076,OK,199401699,NO_ITEM,,,,,,
8806418027736 ,솔표쌍감탕액(갈근탕)(10입),"9,000",6418027736,6418,0277,8806418027736,8806418027736,64180277,OK,200102708,NO_ITEM,,,,,,
8806418031429 ,[광동] 파워라센액 20ml x 30V,"100,000",6418031429,6418,0314,8806418031429,8806418031429,64180314,OK,200202349,OK,"이 약은 자양강장, 허약체질, 육체피로, 병후의 체력저하, 식욕부진, 영양장애, 발열성·소모성질환에 사용합니다.",성인 1일 1회 1병(20 mL)을 복용합니다.이 약은 경구용으로만 사용하고 주사용으로는 사용하지 마십시오.,사람 태반을 원재료로 사용하여 제조한 것이므로 그 유익성이 위험성을 웃도는 경우에만 복용하십시오.,레보도파와 함께 복용하지 마십시오.,"구역, 구토, 묽은 변, 속쓰림 등이 나타나는 경우 복용을 즉각 중지하고 의사 또는 약사와 상의하십시오.",습기와 빛을 피해 실온에서 보관하십시오.어린이의 손이 닿지 않는 곳에 보관하십시오.
8806418032228 ,페리비타캡슐,"60,000",6418032228,6418,0322,8806418032228,8806418032228,64180322,OK,200402806,OK,이 약은 철 결핍성 빈혈의 예방 및 치료에 사용합니다.,"성인 및 12세 이상은 1일 1회, 1캡슐을 식후 복용합니다.",만 6세 이하의 어린이가 과량 복용시 철분 중독성 사망을 일으킬 수 있으므로 어린이의 손에 닿지 않는 곳에 보관하십시오.,"인산염, 칼슘염, 경구용 테트라사이클린계 항생제, 제산제와 함께 복용하지 마십시오.이 약을 복용하기 전에 철 함유제제(철분제, MRI용 간장 조영제 등), 항알도스테론제, 트리암테렌, 퀴놀론계, 페니실라민, 콜레스티라민, 췌장엑스 및 비타민 E와 같은 물질, 디포스폰산 염류, 티록신, 세프디니르 제제, 200 mg 이상의 아스코르빈산(비타민 C)을 함께 복용 시 의사 또는 약사와 상의하십시오.녹차, 홍차 등 탄닌을 함유하는 차 및 우유ㆍ유제품은 복용 중, 복용 전후에는 피하십시오.","두드러기, 가려움, 햇빛 노출시 피부 과민반응, 복부ㆍ위통증, 위 경련, 위부불쾌감, 구토, 설사, 구역, 식욕부진, 변비, 흑변, 치아변색, 열, 혼수, 진단 또는 검사 시 AST, ALT의 상승, ALP 상승 등이 나타나는 경우 복용을 즉각 중지하고 의사 또는 약사와 상의하십시오.",습기와 빛을 피해 실온에서 보관하십시오.어린이의 손이 닿지 않는 곳에 보관하십시오.
8806418051915 ,센스리베정(PTP),"8,000",6418051915,6418,0519,8806418051915,8806418051915,64180519,OK,201206706,OK,이 약은 피임에 사용합니다.,"1일 1정씩 21일간 표시된 순서에 따라 복용하고, 7일간 휴약합니다.복용시간은 가능하면 매일 같은 시간에 복용하는 것이 바람직합니다.7일의 휴약기간 동안 월경이 나타나며 대개 정제의 마지막 복용 후 2~3일 내에 시작됩니다.이 약을 계속 복용할 경우 7일간 휴약 후 새 포장의 정제로 복용을 시작하며 새로운 포장을 시작하기 전에 월경이 끝나지 않을 수도 있습니다.자세한 사항은 허가사항 상세정보를 참고하십시오.",혈전증과 같은 심각한 심혈관계 위험이 증가할 수 있어 경구피임제를 복용하는 여성은 흡연을 삼갑니다. 35세 이상 흡연자는 이 약을 복용하지 마십시오.,"C형 간염 직접 작용 항바이러스제, 페니토인, 바르비탈류, 프리미돈, 카르바마제핀, 리팜피신, 루피나미드, 아프레피탄트, 보센탄, 에파비렌즈, 옥스카르바제핀, 토피라메이트, 펠바메이트, 그리세오풀빈과 세인트존스풀, 고지혈증약물, 항생제와 함께 복용하지 마십시오.자몽주스와 함께 복용하지 마십시오.","동맥혈전색전증, 정맥혈전색전증, 뇌혈관사고, 혈관폐쇄, 심근경색의 증상이 나타나는 경우 복용을 즉각 중지하고 의사 또는 약사와 상의하십시오.비뇨생식기계 증상(월경외출혈, 월경량 변화 및 무월경 등), 유방 증상(유방긴장감 및 확대, 유루증, 유방통 등), 소화기계 증상(구역, 구토, 복부팽만감, 간장애 등), 중추신경계 증상(두통, 편두통, 우울증, 어지러움 등), 피부 증상(기미, 여드름, 다형성 홍반 등), 눈 증상(시각장애, 각막굴절변화 등), 청각장애, 대사 증상(나트륨 및 체액저류 등), 체중변화, 식욕변화 등이 나타날 수 있습니다.상세한 이상반응은 허가사항 상세정보를 확인하십시오.",실온에서 보관하십시오.어린이의 손이 닿지 않는 곳에 보관하십시오.
8806418067510 ,벤포파워제트액(이중캡),"3,000",6418067510,6418,0675,8806418067510,8806418067510,64180675,OK,201903344,OK,"이 약은 육체피로, 임신ㆍ수유기, 병중ㆍ병후(병을 앓는 동안이나 회복 후)의 체력 저하 시 비타민 B1, B2, B6의 보급과 신경통, 근육통, 관절통(요통, 어깨결림 등), 구각염(입꼬리염), 구순염(입술염), 구내염(입안염), 설염(혀염), 습진, 피부염 증상의 완화, 각기, 눈의 피로와 아연의 보급에 사용합니다.","만 12세 이상 및 성인은 1일 2회, 1회 1병을 식후에 복용합니다.",,"인산염, 칼슘염, 경구용 테트라사이클린계 제제, 제산제, 레보도파와 함께 복용하지 마십시오.항알도스테론제, 트리암테렌과 함께 복용 시 의사 또는 약사와 상의하십시오.녹차, 홍차 등 탄닌을 함유하는 차는 복용 중, 복용 전후에는 피하십시오.","역, 구토, 묽은 변, 설사, 위장관장애, 소화장애, 상복부통증, 저혈압, 폐부종 등이 나타나는 경우 복용을 즉각 중지하고 의사 또는 약사와 상의하십시오.",습기와 빛을 피해 실온에서 보관하십시오.어린이의 손이 닿지 않는 곳에 보관하십시오.
8806418068111 ,평위천프라임액 75ml,"1,000",6418068111,6418,0681,8806418068111,8806418068111,64180681,OK,201906489,OK,"이 약은 식욕감퇴(식욕부진), 위부팽만감, 소화불량, 과식, 체함, 구역, 구토, 소화촉진에 사용합니다.","만 15세 이상은 1회 1병(75 mL), 1일 1~3회 식후 복용합니다.복용간격은 4시간 이상으로 합니다.",,,"근육병증(무력감, 사지경련, 마비 등)이 나타나는 경우 복용을 즉각 중지하고 의사 또는 약사와 상의하십시오.",습기와 빛을 피해 실온에서 보관하십시오.어린이의 손이 닿지 않는 곳에 보관하십시오.
8806418068722 ,센코딜에프 20T,"3,000",6418068722,6418,0687,8806418068722,8806418068722,64180687,OK,202000645,OK,"이 약은 변비와 변비에 따른 식욕부진(식욕감퇴), 복부팽만, 장내이상발효, 치질 증상의 완화에 사용합니다.
","만 15세 이상은 1회 1~2정씩, 1일 1회 취침 시(또는 공복시) 복용합니다.

다만, 초회는 최소량을 복용하고 변의 모양과 상태를 보면서 조금씩 증량 또는 감량합니다.
",,"제산제와 함께 복용하지 마십시오.

우유 섭취 후 1시간 이내에 이 약을 복용하지 마십시오.
","발진, 충혈되어 붉어짐, 가려움, 심한 복통(배아픔), 설사, 구토, 복부불쾌감, 경련이 나타나는 경우 복용을 즉각 중지하고 의사 또는 약사와 상의하십시오.
","습기와 빛을 피해 실온에서 보관하십시오.

어린이의 손이 닿지 않는 곳에 보관하십시오.
"
8806418069910 ,큐아크네 플러스 15g,"9,000",6418069910,6418,0699,8806418069910,8806418069910,64180699,OK,202007900,OK,"이 약은 여드름, 뾰루지에 사용합니다.
","비누 등으로 세안 후 적당량을 1일 수회 환부(질환 부위)에 도포하여 사용합니다.
",,,"국소적인 피부자극감(발진(충혈되어 붉어짐), 가려움, 건조, 작열감(화끈감), 자극감(따끔따끔), 부기)이 나타나거나, 증상의 개선이 나타나지 않을 경우에는 사용을 중지하고 약사 또는 의사와 상의하십시오.
","습기와 빛을 피해 실온에서 보관하십시오.

어린이의 손이 닿지 않는 곳에 보관하십시오.

사용기한을 넘긴 제품은 사용하지 마십시오.
"
8806418073443 ,광동 공진단 30환,"1,300,000",6418073443,6418,0734,8806418073443,8806418073443,64180734,OK,200301909,NO_ITEM,,,,,,
8806418073450 ,광동 공진단 90환,"3,750,000",6418073450,6418,0734,8806418073450,8806418073450,64180734,OK,200301909,NO_ITEM,,,,,,
8806418074617 ,광동 인후엔 가글액 100ml,"3,000",6418074617,6418,0746,8806418074617,8806418074617,64180746,OK,202302073,NO_ITEM,,,,,,
8806419002435 ,뉴브이 로토이엑스 12ml,"3,500",6419002435,6419,0024,8806419002435,8806419002435,64190024,OK,200409934,OK,"이 약은 눈의 피로, 결막충혈, 눈병예방(수영후, 먼지나 땀이 눈에 들어간 때 등), 자외선 및 기타의 광선에 의한 눈염증(설안염(눈(snow)에 의한 눈의 염증) 등), 안검염(눈꺼풀염)(눈꺼풀의 진무름), 하드콘택트렌즈 착용시의 불쾌감, 눈의 가려움, 눈의 침침함(눈곱이 많이 낄 때 등)에 사용합니다.","1회 2~3적, 1일 5~6회 점안(눈에 넣음)합니다.",,,"눈의 충혈, 가려움, 부기, 피부의 발진, 발적(충혈되어 붉어짐), 가려움, 눈의 침침한 증상이 개선되지 않는 경우 즉각 사용을 중지하고 의사 또는 약사와 상의하십시오.",습기와 빛을 피해 실온에서 보관하십시오.어린이의 손이 닿지 않는 곳에 보관하십시오.서늘한 곳에 뚜껑을 꼭 닫아 보관하십시오.사용기간이 경과된 제품은 사용하지 마십시오.
8806419004439 ,로토 지파이 뉴 11ml,"4,000",6419004439,6419,0044,8806419004439,8806419004439,64190044,OK,200704593,OK,"이 약은 눈의 피로, 결막충혈, 수영 후 눈의 불쾌감 또는 먼지나 땀이 눈에 들어갔을 때, 자외선 및 기타광선에 의한 눈의 염증, 눈꺼풀의 짓무름, 하드콘택트렌즈를 착용시 불쾌감, 눈의 가려움, 눈의 침침함(눈곱이 많을 때 등)에 사용합니다.","1회 2~3적, 1일 5~6회 점안(눈에넣음)합니다.",,,"눈의 충혈, 가려움, 부기, 눈의 침침한 증상이 개선되지 않는 경우 사용을 즉각 중지하고 의사 또는 약사와 상의하십시오.",습기와 빛을 피해 실온에서 보관하십시오.어린이의 손이 닿지 않는 곳에 보관하십시오.사용기간이 경과된 것은 사용하지 마십시오.
8806419031312 ,용각산 25g,"5,500",6419031312,6419,0313,8806419031312,8806419031312,64190313,OK,196600062,NO_ITEM,,,,,,
8806419031329 ,용각산 55g,"11,000",6419031329,6419,0313,8806419031329,8806419031329,64190313,OK,196600062,NO_ITEM,,,,,,
8806419031695 ,용각산쿨 복숭아향 50P,"16,000",6419031695,6419,0316,8806419031695,8806419031695,64190316,OK,200101057,OK,"이 약은 기침, 가래, 인후(목구멍)의 염증에 의한 인후(목구멍)의 목쉼, 통증·부기, 불쾌감에 사용합니다.
","성인 및 15세 이상 청소년은 1회 1포씩, 11세 이상~15세 미만은 1회 2/3포씩, 7세 이상~11세 미만은 1회 1/2포씩, 3세 이상~7세 미만은 1회 1/3포씩 1일 3~6회 물 없이 복용합니다.

복용간격은 2시간 이상으로 합니다.
",,"다른 진해거담제, 감기약, 항히스타민제, 진정제, 알코올과 함께 복용하지 마십시오.

칼륨함유제제, 감초함유제제, 글리시리진산 또는 그 염류 함유제제, 루프계 이뇨제(푸로세미드, 에타크린산) 또는 티아지드계 이뇨제(트리클로르메티아지드)와 함께 사용 시 의사 또는 약사와 상의하십시오.

복용 중에는 음주하지 마십시오.
","발진, 발적(충혈되어 붉어짐), 가려움, 구역, 구토, 식욕부진, 어지럼, 요량이 감소하거나 얼굴과 손발이 붓고, 눈꺼풀이 무거워지고, 손이 굳어지고, 혈압이 높아지거나 두통, 무력감, 사지경련, 마비 등이 나타나는 경우 복용을 즉각 중지하고 의사 또는 약사와 상의하십시오.
","습기와 빛을 피해 실온에서 보관하십시오.

어린이의 손이 닿지 않는 곳에 보관하십시오.
"
8806419031718 ,용각산쿨 민트향 50P,"16,000",6419031718,6419,0317,8806419031718,8806419031718,64190317,OK,200101057,OK,"이 약은 기침, 가래, 인후(목구멍)의 염증에 의한 인후(목구멍)의 목쉼, 통증·부기, 불쾌감에 사용합니다.
","성인 및 15세 이상 청소년은 1회 1포씩, 11세 이상~15세 미만은 1회 2/3포씩, 7세 이상~11세 미만은 1회 1/2포씩, 3세 이상~7세 미만은 1회 1/3포씩 1일 3~6회 물 없이 복용합니다.

복용간격은 2시간 이상으로 합니다.
",,"다른 진해거담제, 감기약, 항히스타민제, 진정제, 알코올과 함께 복용하지 마십시오.

칼륨함유제제, 감초함유제제, 글리시리진산 또는 그 염류 함유제제, 루프계 이뇨제(푸로세미드, 에타크린산) 또는 티아지드계 이뇨제(트리클로르메티아지드)와 함께 사용 시 의사 또는 약사와 상의하십시오.

복용 중에는 음주하지 마십시오.
","발진, 발적(충혈되어 붉어짐), 가려움, 구역, 구토, 식욕부진, 어지럼, 요량이 감소하거나 얼굴과 손발이 붓고, 눈꺼풀이 무거워지고, 손이 굳어지고, 혈압이 높아지거나 두통, 무력감, 사지경련, 마비 등이 나타나는 경우 복용을 즉각 중지하고 의사 또는 약사와 상의하십시오.
","습기와 빛을 피해 실온에서 보관하십시오.

어린이의 손이 닿지 않는 곳에 보관하십시오.
"
8806419056124 ,로토 씨큐브 아쿠아차지 아이 12ml,"4,000",6419056124,6419,0561,8806419056124,8806419056124,64190561,OK,200902679,OK,"이 약은 눈의 피로, 누액(눈물)의 보조(눈의 건조), 하드콘택트 렌즈 또는 소프트 콘택트렌즈를 착용했을때의 불쾌감, 눈의 침침함(눈꼽이 많이 낄 때 등)에 사용합니다.","1회 1~2적, 1일 5~6회 점안(눈에 넣음)합니다.",,,"눈의 충혈, 가려움, 부종(부기), 따끔거림, 피부의 발진, 발적(충혈되어 붉어짐), 가려움, 눈의 침침한 증상이 개선되지 않을 경우 사용을 즉각 중지하고 의사 또는 약사와 상의하십시오.",습기와 빛을 피해 실온에서 보관하십시오.어린이의 손이 닿지 않는 곳에 보관하십시오.
8806419065119 ,트란시노2 120T,"50,000",6419065119,6419,0651,8806419065119,8806419065119,64190651,OK,201603141,OK,이 약은 기미에 사용합니다.,"15세 이상은 1회 2정씩, 1일 2회 식후에 복용합니다.2개월 이상 계속하여 복용하지 마십시오.",,"트라넥삼산, 트롬빈을 복용하는 동안 이 약을 복용하지 마십시오.이 약을 복용하기 전에 경구피임약, 호르몬보충요법 등의 혈전증을 일으킬 우려가 있는 약을 복용하고 있는 사람은 의사 또는 약사와 상의하십시오.","이 약은 혈전(혈액이 굳어진 것)을 용해하기 어렵게 하는 작용이 있으므로 혈전증의 초기증상(심한 두통ㆍ혀의 꼬임, 10분 이상 가슴을 죄는 듯한 통증ㆍ갑작스런 숨참, 한쪽 종아리의 통증ㆍ부종, 원인불명의 갑작스런 호흡곤란ㆍ가슴의 통증을 동반한 일과성의 의식 소실 등)에 주의하십시오.발진, 가려움, 설사, 오심, 구토, 복통, 식욕부진, 가슴쓰림, 가슴이 두근거림, 두통, 현기증 등이 나타나는 경우 복용을 즉각 중지하고 의사 또는 약사와 상의하십시오.",습기와 빛을 피해 실온에서 보관하십시오.어린이의 손이 닿지 않는 곳에 보관하십시오.
8806420000628 ,누보클렌액 50ml,"3,000",6420000628,6420,0006,8806420000628,8806420000628,64200006,OK,199803082,OK,"이 약은 긁힌 상처, 베인 상처, 창상, 손 및 손가락의 살균과 소독, 치질인 경우 항문 살균 및 소독에 사용합니다.",1일 수회 환부(질환 부위)에 적당량을 바릅니다.,,비누를 사용할 경우에는 사전에 충분히 씻어낸 후에 사용하십시오.,"드물게 쇽 증상(구역, 불쾌감, 식은땀, 어지러움, 답답함, 호흡곤란, 발작), 과민증상(때때로 발진, 두드러기, 가려움, 부종) 등이 나타나는 경우 사용을 즉각 중지하고 의사 또는 약사와 상의하십시오.",습기와 빛을 피해 실온에서 보관하십시오.어린이의 손이 닿지 않는 곳에 보관하십시오.
8806420003216 ,마이녹실액3% 60ml,"19,000",6420003216,6420,0032,8806420003216,8806420003216,64200032,OK,198701670,OK,이 약은 남성형 탈모증(안드로젠탈모증) 및 여성형 탈모증(안드로젠탈모증)의 치료에 사용합니다.,"남성은 모발과 두피를 완전히 건조시킨 후, 이 약 0.5~1 mL를 1일 2회(아침, 저녁), 최소 4개월 동안, 환부에만 바르고, 하루 총 투여량이 2 mL를 초과하지 마십시오.여성은 모발과 두피를 완전히 건조시킨 후, 이 약 0.5 mL를 1일 2회(아침, 저녁), 최소 4개월 동안, 환부에만 바르고, 1일 총 투여량이 1.3 mL를 초과하지 마십시오.",,"이 약을 사용하는 동안 다른 두피용 약물, 외용 코르티코이드, 레티노이드, 바셀린, 디트라놀 또는 경피흡수를 촉진시킨다고 알려진 약물, 구아네티틴 등의 혈관확장제를 함께 사용하지 마십시오.","가려움, 인설, 홍반, 발적, 피부염, 피부건조, 이 약을 바른 부위 이외의 다모증(여성의 경우 안면털 성장), 모낭염, 작열감 및 피진을 포함한 국소 자극, 박리, 탈모, 피부 농양, 여드름, 조갑장애, 지루, 습진, 모발이상, 때때로 설사, 구역, 구토, 흉통, 혈압변화, 맥박변화, 심계항진, 심박동의 증가, 심낭삼출, 심막염, 전색, 빈맥, 기존에 존재하던 협심증의 악화 또는 진단 받지 않은 관상동맥질환자에서 협심증의 유발, 기관지염, 상기도 감염증, 부비동염, 호흡곤란, 호흡의 단축, 골절, 배통, 건염, 동통, 신경염(다발성 신경염 등), 쇠약, 어지럼, 두통, 몽롱함, 실신, 간염, 부종, 신결석, 염 및 체액저류, 열, 두드러기, 알레르기비염, 전신성 홍반 및 안면부종, 오한, 안구자극, 쓴맛, 이염(특히 외이염), 미각변화, 시력장애, 발기부전, 찌르는 것 같은 아픔, 갑작스러운 원인불명의 체중증가 등이 나타나는 경우 사용을 즉각 중지하고 의사 또는 약사와 상의하십시오.",습기와 빛을 피해 실온에서 보관하십시오.어린이의 손이 닿지 않는 곳에 보관하십시오.화기 근처에 두지 마십시오.
8806420003223 ,마이녹실액3% 180ml,"40,000",6420003223,6420,0032,8806420003223,8806420003223,64200032,OK,198701670,OK,이 약은 남성형 탈모증(안드로젠탈모증) 및 여성형 탈모증(안드로젠탈모증)의 치료에 사용합니다.,"남성은 모발과 두피를 완전히 건조시킨 후, 이 약 0.5~1 mL를 1일 2회(아침, 저녁), 최소 4개월 동안, 환부에만 바르고, 하루 총 투여량이 2 mL를 초과하지 마십시오.여성은 모발과 두피를 완전히 건조시킨 후, 이 약 0.5 mL를 1일 2회(아침, 저녁), 최소 4개월 동안, 환부에만 바르고, 1일 총 투여량이 1.3 mL를 초과하지 마십시오.",,"이 약을 사용하는 동안 다른 두피용 약물, 외용 코르티코이드, 레티노이드, 바셀린, 디트라놀 또는 경피흡수를 촉진시킨다고 알려진 약물, 구아네티틴 등의 혈관확장제를 함께 사용하지 마십시오.","가려움, 인설, 홍반, 발적, 피부염, 피부건조, 이 약을 바른 부위 이외의 다모증(여성의 경우 안면털 성장), 모낭염, 작열감 및 피진을 포함한 국소 자극, 박리, 탈모, 피부 농양, 여드름, 조갑장애, 지루, 습진, 모발이상, 때때로 설사, 구역, 구토, 흉통, 혈압변화, 맥박변화, 심계항진, 심박동의 증가, 심낭삼출, 심막염, 전색, 빈맥, 기존에 존재하던 협심증의 악화 또는 진단 받지 않은 관상동맥질환자에서 협심증의 유발, 기관지염, 상기도 감염증, 부비동염, 호흡곤란, 호흡의 단축, 골절, 배통, 건염, 동통, 신경염(다발성 신경염 등), 쇠약, 어지럼, 두통, 몽롱함, 실신, 간염, 부종, 신결석, 염 및 체액저류, 열, 두드러기, 알레르기비염, 전신성 홍반 및 안면부종, 오한, 안구자극, 쓴맛, 이염(특히 외이염), 미각변화, 시력장애, 발기부전, 찌르는 것 같은 아픔, 갑작스러운 원인불명의 체중증가 등이 나타나는 경우 사용을 즉각 중지하고 의사 또는 약사와 상의하십시오.",습기와 빛을 피해 실온에서 보관하십시오.어린이의 손이 닿지 않는 곳에 보관하십시오.화기 근처에 두지 마십시오.
8806420003315 ,마이녹실액5% 60ml,"19,000",6420003315,6420,0033,8806420003315,8806420003315,64200033,OK,199803081,OK,이 약은 남성형 탈모증(안드로젠탈모증)의 치료에 사용합니다.,"모발과 두피를 완전히 건조시킨 후, 이 약 0.5~1 mL를 1일 2회(아침, 저녁), 최소 4개월 동안 환부에만 바르고, 하루 총 투여량이 2 mL를 초과하지 마십시오.",,"이 약을 사용하는 동안 다른 두피용 약물, 외용 코르티코이드, 레티노이드, 바셀린, 디트라놀 또는 경피흡수를 촉진시킨다고 알려진 약물, 구아네티틴 등의 혈관확장제를 함께 사용하지 마십시오.","가려움, 인설, 홍반, 발적, 피부염, 피부건조, 이 약을 바른 부위 이외의 다모증(여성의 경우 안면털 성장), 모낭염, 작열감 및 피진을 포함한 국소 자극, 박리, 탈모, 피부 농양, 여드름, 조갑장애, 지루, 습진, 모발이상, 때때로 설사, 구역, 구토, 흉통, 혈압변화, 맥박변화, 심계항진, 심박동의 증가, 심낭삼출, 심막염, 전색, 빈맥, 기존에 존재하던 협심증의 악화 또는 진단 받지 않은 관상동맥질환자에서 협심증의 유발, 기관지염, 상기도 감염증, 부비동염, 호흡곤란, 호흡의 단축, 골절, 배통, 건염, 동통, 신경염(다발성 신경염 등), 쇠약, 어지럼, 두통, 몽롱함, 실신, 간염, 부종, 신결석, 염 및 체액저류, 열, 두드러기, 알레르기비염, 전신성 홍반 및 안면부종, 오한, 안구자극, 쓴맛, 이염(특히 외이염), 미각변화, 시력장애, 발기부전, 찌르는 것 같은 아픔, 갑작스러운 원인불명의 체중증가 등이 나타나는 경우 사용을 즉각 중지하고 의사 또는 약사와 상의하십시오.",빛을 피해 실온에서 보관하십시오.어린이의 손이 닿지 않는 곳에 보관하십시오.화기 근처에 두지 마십시오.
8806420003384 ,마이녹실액5% 150ml,"30,000",6420003384,6420,0033,8806420003384,8806420003384,64200033,OK,199803081,OK,이 약은 남성형 탈모증(안드로젠탈모증)의 치료에 사용합니다.,"모발과 두피를 완전히 건조시킨 후, 이 약 0.5~1 mL를 1일 2회(아침, 저녁), 최소 4개월 동안 환부에만 바르고, 하루 총 투여량이 2 mL를 초과하지 마십시오.",,"이 약을 사용하는 동안 다른 두피용 약물, 외용 코르티코이드, 레티노이드, 바셀린, 디트라놀 또는 경피흡수를 촉진시킨다고 알려진 약물, 구아네티틴 등의 혈관확장제를 함께 사용하지 마십시오.","가려움, 인설, 홍반, 발적, 피부염, 피부건조, 이 약을 바른 부위 이외의 다모증(여성의 경우 안면털 성장), 모낭염, 작열감 및 피진을 포함한 국소 자극, 박리, 탈모, 피부 농양, 여드름, 조갑장애, 지루, 습진, 모발이상, 때때로 설사, 구역, 구토, 흉통, 혈압변화, 맥박변화, 심계항진, 심박동의 증가, 심낭삼출, 심막염, 전색, 빈맥, 기존에 존재하던 협심증의 악화 또는 진단 받지 않은 관상동맥질환자에서 협심증의 유발, 기관지염, 상기도 감염증, 부비동염, 호흡곤란, 호흡의 단축, 골절, 배통, 건염, 동통, 신경염(다발성 신경염 등), 쇠약, 어지럼, 두통, 몽롱함, 실신, 간염, 부종, 신결석, 염 및 체액저류, 열, 두드러기, 알레르기비염, 전신성 홍반 및 안면부종, 오한, 안구자극, 쓴맛, 이염(특히 외이염), 미각변화, 시력장애, 발기부전, 찌르는 것 같은 아픔, 갑작스러운 원인불명의 체중증가 등이 나타나는 경우 사용을 즉각 중지하고 의사 또는 약사와 상의하십시오.",빛을 피해 실온에서 보관하십시오.어린이의 손이 닿지 않는 곳에 보관하십시오.화기 근처에 두지 마십시오.
8806420012829 ,[현대] 물파스 에프 88ml,"3,500",6420012829,6420,0128,8806420012829,8806420012829,64200128,OK,199702967,OK,"이 약은 삠, 타박상, 근육통, 관절통, 골절통, 요통, 어깨결림, 신경통, 류마티스통증의 진통ㆍ소염과 피부 가려움, 벌레물린데, 동창에 사용합니다. 
","1일 1~수회 환부에 적당량을 바릅니다.
",,,"발진ㆍ발적(충혈되어 붉어짐), 가려움, 부종(부기) 등이 나타나는 경우 사용을 즉각 중지하고 의사 또는 약사와 상의하십시오.
","습기와 빛을 피해 실온에서 보관하십시오.

어린이의 손이 닿지 않는 곳에 보관하십시오.

화기 근처에 두지 마십시오.
"
8806420014335 ,마이녹실겔5% 15g,"5,000",6420014335,6420,0143,8806420014335,8806420014335,64200143,OK,200712998,OK,이 약은 남성형 탈모증(안드로젠탈모증)의 치료에 사용합니다.,"모발과 두피를 완전히 건조시킨 후, 이 약 0.5~1 g을 1일 2회(아침, 저녁), 최소 4개월 동안, 환부에만 바릅니다.1일 총 사용량이 2 g을 초과하지 마십시오.",,"다른 두피용 약물, 외용 코르티코이드, 레티노이드, 바셀린, 디트라놀 또는 경피흡수 촉진 약물과 함께 사용하지 마십시오.혈관확장제(구아네티틴 등)와 함께 사용시 의사 또는 약사와 상의하십시오.","가려움, 인설, 홍반, 발적, 피부염, 피부건조, 이 약을 바른 부위 이외의 다모증(여성의 경우 안면털 성장), 모낭염, 작열감 및 피진을 포함한 국소 자극, 박리, 탈모, 피부 농양, 여드름, 조갑장애, 지루, 습진, 모발이상, 때때로 설사, 구역, 구토, 흉통, 혈압변화, 맥박변화, 심계항진, 심박동의 증가, 심낭삼출, 심막염, 전색, 빈맥, 기존에 존재하던 협심증의 악화 또는 진단받지 않은 관상동맥질환자에서 협심증의 유발, 기관지염, 상기도 감염증, 부비동염, 호흡곤란, 호흡의 단축, 골절, 배통, 건염, 동통, 신경염(다발성 신경염 등), 쇠약, 어지럼, 두통, 몽롱함, 실신, 간염, 부종, 신결석, 염 및 체액저류, 열, 두드러기, 알레르기비염, 전신성 홍반 및 안면부종, 오한, 안구자극, 쓴맛, 이염(특히 외이염), 미각변화, 시력장애, 발기부전, 찌르는 것 같은 아픔, 갑작스러운 원인불명의 체중증가 등이 나타나는 경우 사용을 즉각 중지하고 의사 또는 약사와 상의하십시오.",습기와 빛을 피해 실온에서 보관하십시오.어린이의 손이 닿지 않는 곳에 보관하십시오.화기 근처에 두지 마십시오.
8806420014427 ,버물리 키드 25g,"3,500",6420014427,6420,0144,8806420014427,8806420014427,64200144,OK,200802686,OK,"이 약은 가려움, 피부염, 습진, 두드러기, 땀띠, 동상, 벌레 물림, 짓무름에 사용합니다.",1일 수회(여러 차례) 환부에 적당량을 바릅니다.,,,"현기증(어지럼), 구역질, 권태감(노곤함), 호흡 이상, 발진, 발적(충혈되어 붉어짐), 가려움, 부기 등이 나타나는 경우 사용을 즉각 중지하고 의사 또는 약사와 상의하십시오.",습기와 빛을 피해 실온에서 보관하십시오.어린이의 손이 닿지 않는 곳에 보관하십시오.
8806420014595 ,[현대] 에어파스 맥스 200ml,"3,500",6420014595,6420,0145,8806420014595,8806420014595,64200145,OK,,NO_ITEMSEQ,,,,,,
8806420019033 ,마이녹실에스 180C,"55,000",6420019033,6420,0190,8806420019033,8806420019033,64200190,OK,200903837,OK,"이 약은 손상된 모발, 감염성이 아닌 손톱의 발육 부진, 탈모의 보조치료에 사용합니다.","성인은 1회 1캡슐을 1일 3회, 12세 이상 소아는 식후 1회 1캡슐을 1일 1~2회 식후에 복용합니다.평균치료기간은 3~6개월입니다.",,설폰아미드 제제와 함께 사용 시 의사 또는 약사와 상의하십시오.,"위장관 불쾌감(위통, 구토), 발한, 빈맥, 가려움, 두드러기, 두통, 어지럼, 홍조, 두부이외의 신체부위에서 발모현상이 나타나는 경우 복용을 즉각 중지하고 의사 또는 약사와 상의하십시오.",습기와 빛을 피해 25℃ 이하에서 보관하십시오.어린이의 손이 닿지 않는 곳에 보관하십시오.
8806420019040 ,마이녹실에스 360C,"90,000",6420019040,6420,0190,8806420019040,8806420019040,64200190,OK,200903837,OK,"이 약은 손상된 모발, 감염성이 아닌 손톱의 발육 부진, 탈모의 보조치료에 사용합니다.","성인은 1회 1캡슐을 1일 3회, 12세 이상 소아는 식후 1회 1캡슐을 1일 1~2회 식후에 복용합니다.평균치료기간은 3~6개월입니다.",,설폰아미드 제제와 함께 사용 시 의사 또는 약사와 상의하십시오.,"위장관 불쾌감(위통, 구토), 발한, 빈맥, 가려움, 두드러기, 두통, 어지럼, 홍조, 두부이외의 신체부위에서 발모현상이 나타나는 경우 복용을 즉각 중지하고 의사 또는 약사와 상의하십시오.",습기와 빛을 피해 25℃ 이하에서 보관하십시오.어린이의 손이 닿지 않는 곳에 보관하십시오.
8806420029926 ,루핑 0.5ml x 30관,"5,500",6420029926,6420,0299,8806420029926,8806420029926,64200299,OK,201109823,OK,"이 약은 눈의 피로, 누액의 보조(눈의 건조), 하드콘택트렌즈 또는 소프트렌즈 착용시 불쾌감, 눈의 침침함(눈곱이 많을 때 등)에 사용합니다.","1일 3~6회, 1회 1~3방울 점안합니다.점안 후 남은 액과 용기는 바로 버립니다.",,,"눈의 충혈, 가려움, 부종 등이 나타나는 경우 사용을 즉각 중지하고 의사 또는 약사와 상의하십시오.",습기와 빛을 피해 실온에서 보관하십시오.어린이의 손이 닿지 않는 곳에 보관하십시오.
8806420035675 ,마이녹실액5% 360ml,"55,000",6420035675,6420,0356,8806420035675,8806420035675,64200356,OK,199803081,OK,이 약은 남성형 탈모증(안드로젠탈모증)의 치료에 사용합니다.,"모발과 두피를 완전히 건조시킨 후, 이 약 0.5~1 mL를 1일 2회(아침, 저녁), 최소 4개월 동안 환부에만 바르고, 하루 총 투여량이 2 mL를 초과하지 마십시오.",,"이 약을 사용하는 동안 다른 두피용 약물, 외용 코르티코이드, 레티노이드, 바셀린, 디트라놀 또는 경피흡수를 촉진시킨다고 알려진 약물, 구아네티틴 등의 혈관확장제를 함께 사용하지 마십시오.","가려움, 인설, 홍반, 발적, 피부염, 피부건조, 이 약을 바른 부위 이외의 다모증(여성의 경우 안면털 성장), 모낭염, 작열감 및 피진을 포함한 국소 자극, 박리, 탈모, 피부 농양, 여드름, 조갑장애, 지루, 습진, 모발이상, 때때로 설사, 구역, 구토, 흉통, 혈압변화, 맥박변화, 심계항진, 심박동의 증가, 심낭삼출, 심막염, 전색, 빈맥, 기존에 존재하던 협심증의 악화 또는 진단 받지 않은 관상동맥질환자에서 협심증의 유발, 기관지염, 상기도 감염증, 부비동염, 호흡곤란, 호흡의 단축, 골절, 배통, 건염, 동통, 신경염(다발성 신경염 등), 쇠약, 어지럼, 두통, 몽롱함, 실신, 간염, 부종, 신결석, 염 및 체액저류, 열, 두드러기, 알레르기비염, 전신성 홍반 및 안면부종, 오한, 안구자극, 쓴맛, 이염(특히 외이염), 미각변화, 시력장애, 발기부전, 찌르는 것 같은 아픔, 갑작스러운 원인불명의 체중증가 등이 나타나는 경우 사용을 즉각 중지하고 의사 또는 약사와 상의하십시오.",빛을 피해 실온에서 보관하십시오.어린이의 손이 닿지 않는 곳에 보관하십시오.화기 근처에 두지 마십시오.
8806420038515 ,버물리 플라스타 42매,"5,000",6420038515,6420,0385,8806420038515,8806420038515,64200385,OK,201602401,OK,"이 약은 벌레물린데, 가려움, 동창(언 상처)에 사용합니다.","수회(여러 차례), 1회 1매씩 환부(질환 부위)에 붙입니다.",,,"발진, 발적, 종창, 가려움, 통증, 부종 등이 나타나는 경우 사용을 즉각 중지하고 의사 또는 약사와 상의하십시오.이 약을 사용한 부위에 물이 닿은 경우 강한 자극 등이 나타날 수 있습니다.",습기와 빛을 피해 실온에서 보관하십시오.어린이의 손이 닿지 않는 곳에 보관하십시오.
8806420044516 ,풋원겔 15g,"3,000",6420044516,6420,0445,8806420044516,8806420044516,64200445,OK,201907160,OK,"이 약은 무좀, 완선(사타구니백선), 백선에 사용합니다.",1일 1회 적당량을 환부(질환 부위)에 도포합니다.,,,"염증, 낙설(비듬이나 대와 같은 피부의 벗겨짐), 상처, 피부건조 및 피부가 당겨지는 느낌, 피부의 갈라짐, 통증, 색소 침착, 자극감, 열감, 인바늘, 짓무름, 수포, 발진 발적(충혈되어 붉어짐), 가려움증, 부기, 두드러기 등이 나타나는 경우 사용을 즉각 중지하고 의사 또는 약사와 상의하십시오.",습기와 빛을 피해 실온에서 보관하십시오.어린이의 손이 닿지 않는 곳에 보관하십시오.뚜껑을 꼭 닫아 보관하십시오.화기 근처에 두지 마십시오.
8806420047852 ,유린타민캡슐 360C,"60,000",6420047852,6420,0478,8806420047852,8806420047852,64200478,OK,202007980,OK,"이 약은 전립선비대에 의한 배뇨곤란ㆍ잔뇨 및 잔뇨감ㆍ빈뇨에 사용합니다.
","성인은 1회 2캡슐씩, 1일 3회 복용합니다.
",,,"때때로 일과성의 위통, 가슴쓰림, 위부팽만감, 식욕부진, 구기, 일과성의 두통등 의 증상이 나타날 수 있습니다.
","습기와 빛을 피해 실온에서 보관하십시오.

어린이의 손이 닿지 않는 곳에 보관하십시오.
"
8806420052917 ,마이녹실폼 에어로솔5% 60g,"15,000",6420052917,6420,0529,8806420052917,8806420052917,64200529,OK,202401876,NO_ITEM,,,,,,
8806420053419 ,둥근머리 버물리 에스겔 35g,"3,500",6420053419,6420,0534,8806420053419,8806420053419,64200534,OK,202402764,NO_ITEM,,,,,,
8806421010220 ,안티푸라민 에스로션(손흥민에디션) 100ml,"3,000",6421010220,6421,0102,8806421010220,8806421010220,64210102,OK,199800728,OK,"이 약은 삠, 타박상, 근육통, 관절통, 골절통, 요(허리)통, 어깨결림, 신경통, 류마티스통증, 피부 가려움, 벌레 물린데, 동창(언 상처)의 진통ㆍ소염(항염)에 사용합니다.
","1일 1~4회 환부(질환 부위)에 적당량을 바르십시오.
",,,"발진, 발적(충혈되어 붉어짐), 종창(부기), 가려움, 통증 등이 나타나는 경우 사용을 즉각 중지하고 의사 또는 약사와 상의하십시오.
","습기와 빛을 피해 실온에서 보관하십시오.

어린이의 손이 닿지 않는 곳에 보관하십시오.
"
8806421010251 ,안티푸라민 에스로션(손흥민에디션) 500ml,"11,000",6421010251,6421,0102,8806421010251,8806421010251,64210102,OK,199800728,OK,"이 약은 삠, 타박상, 근육통, 관절통, 골절통, 요(허리)통, 어깨결림, 신경통, 류마티스통증, 피부 가려움, 벌레 물린데, 동창(언 상처)의 진통ㆍ소염(항염)에 사용합니다.
","1일 1~4회 환부(질환 부위)에 적당량을 바르십시오.
",,,"발진, 발적(충혈되어 붉어짐), 종창(부기), 가려움, 통증 등이 나타나는 경우 사용을 즉각 중지하고 의사 또는 약사와 상의하십시오.
","습기와 빛을 피해 실온에서 보관하십시오.

어린이의 손이 닿지 않는 곳에 보관하십시오.
"
8806421010756 ,알마겔에프 15ml x 6P,"1,700",6421010756,6421,0107,8806421010756,8806421010756,64210107,OK,199000541,OK,"이 약은 위·십이지장궤양, 위염, 위산과다, 속쓰림, 구역, 구토, 위통, 신트림의 제산작용 및 증상의 개선에 사용합니다.",성인 및 12세 이상의 소아는 1회 1∼1.5 g을 1일 3회 식후 30분∼1시간에 복용합니다.필요시 취침 전에 1회 더 복용할 수 있습니다.,,"이 약을 복용하는 동안 테트라사이클린계 항생제는 복용하지 마십시오.이 약을 복용하기 전에 비스테로이드소염(항염)진통제, 궤양치료제, 디기탈리스 제제, 클로르프로마진, 란소프라졸, 프레드니솔론, 페니실린, 퀴놀론, 철(Fe)염 제제, 살리실산염을 복용하는 환자는 의사 또는 약사와 상의하십시오.","변비, 설사 등이 나타나는 경우 복용을 즉각 중지하고 의사 또는 약사와 상의하십시오.",습기와 빛을 피해 실온에서 보관하십시오.어린이의 손이 닿지 않는 곳에 보관하십시오.
8806421023114 ,코푸정 에스 10T,"2,500",6421023114,6421,0231,8806421023114,8806421023114,64210231,OK,200100592,OK,"이 약은 기침, 가래에 사용합니다.","성인은 1회 1정씩, 1일 3~4회 식후 및 취침시 복용합니다.",,"MAO 억제제(항우울제, 항정신병제, 감정조절제, 항파킨슨제 등), 다른 진해거담제, 감기약, 항히스타민제, 진정제, 알코올 등과 함께 복용하지 마십시오.복용 중에는 음주하지 마십시오.","발진, 발적, 가려움, 구역, 구토, 식욕부진, 어지러움, 배뇨곤란, 목마름(지속적이거나 심한), 불안, 떨림, 불면 등이 나타나는 경우 복용을 즉각 중지하고 의사 또는 약사와 상의하십시오.",습기와 빛을 피해 실온에서 보관하십시오.어린이의 손이 닿지 않는 곳에 보관하십시오.
8806421039436 ,안티푸라민 파프 6매,"3,000",6421039436,6421,0394,8806421039436,8806421039436,64210394,OK,201006814,OK,"이 약은 퇴행성관절염(골(뼈)관절염), 어깨관절주위염, 건(힘줄)ㆍ건초염(힘줄윤활막염), 상완골(위팔뼈)상과염(테니스 엘보우 등), 근육통, 외상(상처)후의 종창(부기)ㆍ동통(통증)의 진통ㆍ소염(항염)에 사용합니다.
","1일 2회 약면의 박리지를 떼어내 환부에 붙입니다.

적용부위의 땀을 닦아낸 후 사용하십시오.
",,,"때때로 발적(충혈되어 붉어짐), 발진, 약진(약물발진), 가려움 및 작열감(화끈감), 접촉피부염, 천식발작(건성수포음(거품소리), 천명(숨을 쌕쌕거림), 호흡 곤란 등) 등이 나타나는 경우 사용을 즉각 중지하고 의사 또는 약사와 상의하십시오.
","실온에서 보관하십시오.
"
8806421041330 ,안티푸라민 쿨 6매,"3,000",6421041330,6421,0413,8806421041330,8806421041330,64210413,OK,201110740,OK,"이 약은 퇴행성관절염(골관절염), 어깨관절주위염, 건ㆍ건초염, 건주위염, 상완골상과염(테니스 엘보우 등), 근육통, 외상후의 종창ㆍ동통의 진통ㆍ소염(항염)에 사용합니다.
","약면의 박리지를 떼어낸 후 1회 1매를 1일 2회 환부에 붙입니다.
",,,"때때로 가려움, 홍반, 발적, 피부염(발진, 습진), 접촉피부염, 드물게 자극감 또는 수포 등이 나타나는 경우 사용을 즉각 중지하고 의사 또는 약사와 상의하십시오.
","실온에서 보관하십시오.
"
8806421041613 ,덱스피드 10C,"2,500",6421041613,6421,0416,8806421041613,8806421041613,64210416,OK,201110646,OK,"이 약은 만성 다발성 관절염, 류마티스관절염, 관절증, 강직척추염, 외상 및 수술 후 통증성 부종 또는 염증, 염증, 통증 및 발열을 수반하는 감염증의 치료보조에 사용합니다.
","성인은 1회 1캡슐(300 mg), 1일 2~4회 복용합니다. 단, 1일 4캡슐(1,200 mg)을 초과하지 않습니다.
","매일 세 잔 이상 정기적 음주자가 이 약 또는 다른 해열진통제를 복용할  때는 의사 또는 약사와 상의하십시오. 위장출혈을 일으킬 수 있습니다.

이 약 복용시 치명적일 수 있는 중대한 심혈관계 혈전 반응, 심근경색증, 뇌졸중의 위험이 증가하며, 위장관 출혈, 궤양 및 천공 등 심각한 위장관계 이상반응이 나타날 수 있습니다.

이 약 복용시 위장관의 출혈, 궤양 및 천공(뚫림) 등 치명적일 수 있는 중대한 위장관계 이상반응이 나타날 수 있습니다.
","이 약을 복용하는 동안 다른 비스테로이드성 소염진통제, 아스피린, 고용량의 메토트렉세이트를 사용하지 마십시오.

이 약을 복용하기 전에 코르티코스테로이드, 알코올, 디곡신, 페니토인, 프로베네시드, 설핀피라존, 설포닐우레아제, ACE 억제제 또는 안지오텐신Ⅱ 수용체 길항제, 이뇨제, 리튬, 쿠마린계 항응고제(와르파린 등), 바클로펜, 면역억제제(시클로스포린, 타크로리무스, 시롤리무스), 혈전용해제, 티클로피딘, 항혈전제, 혈중 칼륨농도를 증가시키는 약물(예, 칼륨 저류형 이뇨제, ACE 억제제, 안지오텐신-Ⅱ 수용체 길항제, 시클로스포린과 타크로리무스와 같은 면역억제제, 트리메토프림, 헤파린 등), CYP2C8, CYP2C9의 유도제(예, 리팜피신, 페노바르비탈), 저용량(15 mg/주 미만)의 메토트렉세이트, 항혈소판제 및 선택적 세로토닌 재흡수 억제제를 함께 사용 시 의사 또는 약사와 상의하십시오.
","드물게 쇽(호흡곤란, 혈압저하 등), 재생불량성빈혈, 용혈성빈혈, 무과립구증, 과립구감소, 백혈구감소, 혈소판감소, 혈소판 기능 저하 (출혈시간 연장), 호산구증가 등의 혈액장애, 소화불량, 복부팽만, 속쓰림, 상복부의 통증, 설사나 변비, 때때로 식욕부진, 구역, 구토, 복통, 위부불쾌감이나 드물게 식도염, 식도협착, 게실악화, 비특이성출혈성대장염, 궤양성대장염 또는 크론병, 소화성궤양 위장출혈, 천공, 혈변, 위염, 췌장염, 매우 드물게 구갈, 구내염, 다형홍반, 전신홍반루프스, 탈모, 때때로 혈관부종, 드물게 피부점막안증후군(스티븐스-존슨증후군) 및 독성표피괴사용해(리엘증후군), 빈도불명의 호산구 증가 및 전신 증후군을 동반한 약물 발진(DRESS 증후군), 급성전신발진고름물집증, 발진, 두드러기, 가려움, 자색반, 드물게 천식발작, 습진, 아나필락시스 반응, 광민감반응, 황달, ALT 상승, AST 상승, ALP 상승, 간기능이상, 간염, 때때로 비염, 기관지경련, 드물게 심부전 환자의 경우에 급성폐렴의 위험, 앞이 보이지 않음, 암침 등의 시각장애, 난청, 이명, 미각이상, 피로, 졸음, 두통, 어지러움, 때때로 불안, 안절부절, 착란, 우울증, 드물게 무균성수막염, 혈압저하, 혈압상승, 심계항진, 급성신부전, 핍뇨(소변감소), 혈뇨 등의 증상 및 요단백(소변에 포함된 단백질), BUN, 혈중 크레아티닌의 상승, 고칼륨혈증, 급성 폐부종, 말초부종, 체액저류, 여성의 생식능력 감소, 안와주위부종, 매우 드물게 권태감, 발열, 코피, 염증악화 등이 나타나는 경우 즉각 복용을 중지하고 의사 또는 약사와 상의하십시오.
","습기와 빛을 피해 실온에서 보관하십시오.

어린이의 손이 닿지 않는 곳에 보관하십시오.
"
8806421042924 ,삐콤씨 100T,"22,000",6421042924,6421,0429,8806421042924,8806421042924,64210429,OK,201206997,OK,"이 약은 육체피로, 임신ㆍ수유기, 병중ㆍ병후(병을 앓는 동안이나 회복 후) 체력 저하 시, 노년기의 비타민 E, B1, B2, B6, C의 보급과 신경통, 근육통, 관절통(요통, 어깨결림 등) 증상의 완화, 각기ㆍ눈의 피로, 구각염(입꼬리염), 구순염(입술염), 구내염(입안염), 설염(혀염), 습진, 피부염 증상의 완화, 햇빛ㆍ피부병 등에 의한 색소침착(기미, 주근깨)의 완화, 잇몸출혈ㆍ비출혈(코피) 예방에 사용합니다.
","만 12세 이상 및 성인은 1회 1정씩, 1일 2회(아침, 저녁) 복용합니다.
",,"인산염, 칼슘염, 경구용 테트라사이클린계 제제, 제산제, 레보도파와 함께 복용하지 마십시오.

에스트로겐을 포함한 경구용 피임제, 항알도스테론제, 트리암테렌과 함께 복용 시 의사 또는 약사와 상의하십시오.

녹차, 홍차 등 탄닌을 함유하는 차는 복용 중, 복용 전후에는 피하십시오.
","위부불쾌감, 설사, 변비, 발진, 발적(충혈되어 붉어짐), 구역, 구토, 묽은 변, 피부염, 땀ㆍ호흡 시 악취, 탈모, 조급증, 생리가 예정보다 빨라지거나 양이 점점 많아질 수 있으며즉, 출혈이 오래 지속될 경우 복용을 각 중지하고 의사 또는 약사와 상의하십시오.
","습기와 빛을 피해 실온에서 보관하십시오.

어린이의 손이 닿지 않는 곳에 보관하십시오.
"
8806421043013 ,안티푸라민 한방 6매,"3,000",6421043013,6421,0430,8806421043013,8806421043013,64210430,OK,201306284,OK,"이 약은 삠, 타박상, 근육통, 관절통, 골(뼈)절통, 요(허리)통, 어깨결림, 동창(언 상처)의 진통ㆍ소염에 사용합니다.",성인은 1일 1~2회 약면의 비닐을 떼어버리고 나서 환부(질환 부위)에 붙입니다.,,,"발진ㆍ발적, 가려움, 부종 등이 나타나는 경우 사용을 즉각 중지하고 의사 또는 약사와 상의하십시오.",습기와 빛을 피해 실온에서 보관하십시오.어린이의 손이 닿지 않는 곳에 보관하십시오.
8806421044614 ,래피콜노즈연질캡슐 10C,"2,000",6421044614,6421,0446,8806421044614,8806421044614,64210446,OK,201401826,OK,"이 약은 감기의 여러 증상(콧물, 코막힘, 재채기, 인후통, 기침, 가래, 오한(춥고 떨리는 증상), 발열, 두통, 관절통, 근육통)의 완화에 사용합니다.
","만 15세 이상 및 성인은 1회 2캡슐씩, 만 8세 이상~만 15세 미만은 1회 1캡슐씩, 1일 3회 식후 30분에 복용합니다.
","매일 세잔 이상 정기적 음주자가 이 약 또는 다른 해열진통제를 복용할 때는 의사 또는 약사와 상의하십시오. 간손상을 일으킬 수 있습니다.

매우 드물게 치명적일 수 있는 급성전신발진고름물집증, 스티븐스-존슨증후군, 독성표피괴사용해와 같은 중대한 피부반응이 보고되었고 이 약 복용 후 피부발진 또는 다른 과민반응의 징후가 나타나는 경우 즉시 복용을 중단하십시오.

아세트아미노펜으로 일일 최대 용량(4,000 mg)을 초과하여 복용하지 마십시오. 간손상을 일으킬 수 있습니다. 아세트아미노펜을 포함하는 다른 제품과 함께 복용하지 마십시오.

급성전신발진고름물집증과 같은 중증 피부 이상반응이 나타나는 경우 복용을 중단하고 의사 또는 약사와 상의하십시오.
","진해거담제, 다른 감기약, 해열진통제, 진정제, 항히스타민제를 함유하는 내복약(비염용 경구제, 멀미약, 알레르기용약)과 함께 복용하지 마십시오.

MAO억제제(항우울제, 항정신병제, 감정조절제, 항파킨슨제 등)를 복용하고 있거나 복용을 중단한 후 2주 이내의 사람은 이 약을 복용하지 마십시오.

이 약을 복용하기 전에 당뇨약, 통풍약, 관절염약, 항응고제, 스테로이드제 등을 투여 받고 있는 사람은 의사 또는 약사와 상의하십시오.

바르비탈계 약물, 삼환계 항우울제, 알코올을 투여하는 환자는 의사 또는 약사와 상의하십시오.

복용 중에는 음주하지 마십시오.
","발진·발적, 가려움, 구역·구토, 식욕부진, 변비, 부기, 배뇨곤란, 목마름(지속적이거나 심한), 어지러움, 불안, 떨림, 불면, 드물게 쇽 증상(복용 후 바로 두드러기, 부종, 가슴답답함 등과 함께 안색이 창백하고, 손발이 차고, 식은땀, 숨쉬기 곤란함), 피부점막안증후군(스티븐스-존슨증후군), 독성표피괴사용해(고열을 동반하고, 발진·발적, 화상과 같이 물집이 생기는 심한 증상이 전신 피부, 입이나 눈점막에 나타남), 급성전신발진고름물집증, 발열, 홍반(붉은 반점), 다수의 작능 농포(고름물집), 천식, 전신의 나른함, 황달, 간질성폐렴(기침을 동반하고, 숨이 차고, 호흡곤란, 발열), 가역적 후뇌 병증 증후군 및 가역적 뇌혈관 수축 증후군(갑작스러운 심한 두통, 번개 두통, 구역, 구토, 혼돈, 발작, 시각 장애 등) 등이 나타나는 경우 복용을 즉각 중지하고 의사 또는 약사와 상의하십시오.
","습기와 빛을 피해 실온에서 보관하십시오.

어린이의 손이 닿지 않는 곳에 보관하십시오.
"
8806421045116 ,확펜 10C,"2,000",6421045116,6421,0451,8806421045116,8806421045116,64210451,OK,201403391,OK,"이 약은 류마티양 관절염, 골관절염(퇴행성 관절질환), 강직성 척추염, 건염(힘줄염), 급성통풍, 월경곤란증과 활액(윤활)낭염, 골격근장애(염좌(삠), 좌상(타박상), 외상(상처), 요천통(허리통증), 수술후 동통(통증), 편두통, 발치(이를 뽑음)후 동통(통증)에 사용합니다.
","성인은 류마티양 관절염, 골(뼈)관절염, 강직성 척추염에는 1회 1~2캡슐(250~500 mg), 1일 2회(12시간마다), 급성통풍에는 초회량(처음 복용량)으로 3캡슐(750 mg) 복용하고 발작이 소실(사라짐)될 때까지 8시간 간격으로 1캡슐(250 mg)을 복용합니다.

골격근장애, 수술후 동통(통증), 발치(이를 뽑음)후 동통(통증), 월경곤란증, 건(힘줄)염, 활액(윤활)낭염에는 초회량(처음 복용량)으로 2캡슐(500 mg)을 복용한 후 6~8시간 간격으로 1캡슐(250 mg)씩 복용하고 1일 총용량이 5캡슐(1,250 mg)을 초과하지 않도록 합니다.

편두통에는 초회량(처음 복용량)으로 3캡슐(750 mg)을 복용하고 필요하면 1일 1~2캡슐(250 ~ 500 mg)을 더 복용할 수 있으며 초회량(처음 복용량)의 복용 30분 후에 복용합니다. 1일 총용량이 5캡슐(1,250 mg)을 초과하지 않도록 합니다.
","매일 세잔 이상 정기적 음주자가 이 약 또는 다른 해열진통제를 복용할 때는 의사 또는 약사와 상의하십시오. 위장출혈을 일으킬 수 있습니다.

이 약 복용 시 치명적일 수 있는 중대한 심혈관계 혈전 반응, 심근경색증, 뇌졸중의 위험이 증가하며, 위장관 출혈, 궤양 및 천공 등 심각한 위장관계 이상반응이 나타날 수 있습니다.
","다른 비스테로이드성 소염진통제 및 나프록센 유도체와 함께 복용하지 마십시오.

히단토인계 항간질제, 설파제, 설포닐요소계 혈당강하제, 프로프라놀롤 및 다른 -차단제, ACE 저해제(캅토프릴 등), 루프계 및 티아지드계 이뇨제, 프로베네시드, 아스피린, 리튬, 메토트렉세이트, 쿠마린계 항응혈제(와파린 등), 지도부딘, 뉴퀴놀론계 항생물질(에녹사신 등)과 함께 복용 시 의사 또는 약사와 상의하십시오.
","드물게 쇽증상(호흡곤란, 혈압강하, 서맥(느린 맥), 식은땀, 부종(부기) 등), PIE증후군(호산구증가를 수반하는 폐침윤 : 발열, 천명(숨을 쌕쌕거림), 기침, 가래를 동반함), 두드러기, 때때로 발진, 가려움 등의 과민증상, 토혈(혈액구토), 위장출혈, 소화성궤양, 천공(뚫림), 드물게 무과립구증, 호산구증다, 백혈구감소, 혈소판감소, 재생불량성빈혈, 용혈성(적혈구파괴성)빈혈, 혈소판 기능저하, 무균성 수막염(심한 두통, 구역, 구토, 불면, 목이 뻣뻣함, 발열 또는 의식장애), 때때로 습진, 발한(땀이 남), 자반(자주색 반점) 드물게 광과민증, 탈모, 발적(충혈되어 붉어짐), 괴사성용해, 다형성홍반(여러 모양의 붉은 반점), 피부점막안증후군(스티븐스-존슨증후군), 두드러기, 표피수포증, 호산구 증가 및 전신 증상 동반 약물 반응, 고정약물발진, 독성 표피괴사, 탈락성 피부염 등이 나타나는 경우 복용을 즉각 중지하고 의사 또는 약사와 상의하십시오.

때때로 위부불쾌감, 위통, 복통(배아픔), 구역, 구토, 식욕부진, 소화불량, 가슴쓰림, 설사, 변비, 구내염(입안염), 드물게 복부팽만감, 흑변, 구갈, 드물게 GOT, GPT 상승, 황달, 간염, 신장애(신장장애), 사구체 신염(신장염), 혈뇨, 고칼륨혈증, 간질성신염(신장염), 신증후군, 신장(콩팥) 유두괴사, 단백뇨(단백질이 섞인 오줌), 때때로 졸음, 인식기능장애, 드물게 현기(어지러움), 두통, 수족저림, 정력감퇴, 피로, 우울, 비정상적인 꿈, 집중능력 상실, 지남력상실, 불면, 근육통, 근쇠약, 이명(귀울림), 청각장애, 시각장애, 때때로 부종(부기), 호흡곤란, 드물게 심계항진(두근거림), 근무력증(근육무력증), 울혈성심부전, 호산구성 폐렴, 아나필락시양 반응, 월경장애, 오한(춥고 떨리는 증상)과 발열, 맥관염(혈관염), 고혈당, 저혈당 등이 나타날 수 있습니다.
","실온에서 보관하십시오.

어린이의 손이 닿지 않는 곳에 보관하십시오.
"
8806421050127 ,젠텔정 2T,"1,100",6421050127,6421,0501,8806421050127,8806421050127,64210501,OK,198701888,OK,"이 약은 회충, 요충, 십이지장충, 편충, 아메리카 구충, 분선충의 감염 및 이들 혼합감염의 치료에 사용합니다.","성인 및 24개월 이상의 소아는 요충에 감염된 경우 1일 1회 1정(400 mg) 복용합니다. 박멸을 위하여 7일 뒤, 한번만 더 1정(400 mg)을 복용합니다.회충, 십이지장충, 편충, 아메리카구충에 감염된 경우 1정(400 mg)을 단회(1회) 복용합니다.분선충의 다른 기생충(조충)과 중증(심한증상) 혼합 감염시 1일 1회 1정(400 mg)씩 3일간 복용합니다.삼키기 어려울 경우 씹거나 소량의 물로 복용할 수 있으며 식사를 중단하거나 하제를 쓰는 등의 특별한 과정은 필요하지 않습니다.치료 3주 후 검사를 하여 치료되지 않았으면 경우에 따라 2차 투여를 실시할 수 있습니다.",,"이 약을 복용하는 동안 테오필린, 시메티딘, 프라지콴텔, 덱사메타손, 리토나비르, 페니토인, 카르바마제핀, 페노바르비탈을 함께 복용하지 마십시오.","피부점막안증후군(스티븐스-존슨증후군), 다형홍반(여러 모양의 붉은 반점), 구역, 구토, 속쓰림, 설사, 상복부(배부분) 또는 복부(배부분) 통증, 두통 및 어지럼, 발열, 전신 발적(충혈되어 붉어짐), 발진, 가려움, 두드러기 등의 과민반응, 가역적인(회복 가능한) 탈모증 등이 나타나는 경우 복용을 즉각 중지하고 의사 또는 약사와 상의하십시오.",습기와 빛을 피해 실온에서 보관하십시오.어린이의 손이 닿지 않는 곳에 보관하십시오.
8806421050516 ,센스데이 21T,"6,000",6421050516,6421,0505,8806421050516,8806421050516,64210505,OK,201706350,OK,이 약은 피임에 사용합니다.,"1일 1정씩 21일간 복용하고, 7일간 휴약한 후 새로운 포장을 복용합니다.정제는 매일 대략 같은 시간에, 물과 함께, 포장에 표시된 순서대로 복용합니다.7일의 휴약기간 동안 소퇴성 출혈이 나타나는데, 대개 정제의 마지막 복용 후 2~3일 내에 시작되며, 새로운 포장을 시작하기 전에 월경이 끝나지 않을 수도 있습니다.자세한 사항은 허가사항 상세정보를 참고하십시오.",혈전증과 같은 심각한 심혈관계 위험이 증가할 수 있어 경구피임제를 복용하는 여성은 흡연을 삼갑니다. 35세 이상 흡연자는 이 약을 복용하지 마십시오.,"C형 간염 직접 작용 항바이러스제, 페니토인, 히단토인, 바르비탈계 약물, 프리미돈, 카르바마제핀, 리팜피신, 리파부틴, 옥스카르바제핀, 토피라메이트, 펠바메이트, 그리세오풀빈, 루피나미드, 아프레피탄트, 일부 HIV 프로테아제 저해제(예 : 리토나비르),비뉴클레오시드유사체 역전사효소억제제(에파비렌즈), 성요한풀 함유 제품 및 자몽주스와 함께 복용하지 마십시오.상세한 상호작용 약물은 허가사항 상세정보를 확인하십시오.","혈전성정맥염, 혈전증, 정맥성혈전색전증, 동맥성혈전색전증, 뇌졸중, 뇌출혈, 뇌혈전증, 심근경색, 폐색전증, 혈압상승, 정맥류악화 등이 나타나는 경우 복용을 즉각 중지하고 의사 또는 약사와 상의하십시오.비뇨생식기계 증상(월경외출혈, 월경량 변화 및 무월경 등), 유방 증상(유방긴장감 및 확대, 유루증, 유방통 등), 소화기계 증상(구역, 구토, 복부팽만감, 간장애 등), 중추신경계 증상(두통, 편두통, 우울증, 어지러움 등), 피부 증상(기미, 여드름, 다형성 홍반 등), 눈 증상(시각장애, 각막굴절변화 등), 청각장애, 대사 증상(나트륨 및 체액저류 등), 체중변화, 식욕변화 등이 나타날 수 있습니다.상세한 이상반응은 허가사항 상세정보를 확인하십시오.",실온에서 보관하십시오.
8806421054118 ,래피콜코프플러스연질캡슐 10C,"2,000",6421054118,6421,0541,8806421054118,8806421054118,64210541,OK,201902261,OK,"이 약은 감기의 여러 증상(콧물, 코막힘, 재채기, 인후(목구멍)통, 기침, 가래, 오한(춥고 떨리는 증상), 발열, 두통, 관절통, 근육통)의 완화에 사용합니다.
","만 15세 이상 및 성인 1회 2캡슐씩, 만 8세 이상~만 15세 미만 1회 1캡슐씩, 1일 3회 식후 30분에 복용합니다.
","매일 세잔 이상 정기적 음주자가 이 약 또는 다른 해열진통제를 복용할 때는 의사 또는 약사와 상의하십시오. 간손상을 일으킬 수 있습니다.

매우 드물게 치명적일 수 있는 급성전신발진고름물집증, 스티븐스-존슨증후군, 독성표피괴사용해와 같은 중대한 피부반응이 보고되었고 이 약 복용 후 피부발진 또는 다른 과민반응의 징후가 나타나는 경우 즉시 복용을 중단하십시오.

아세트아미노펜으로 일일 최대 용량(4,000 mg)을 초과하여 복용하지 마십시오. 간손상을 일으킬 수 있습니다. 아세트아미노펜을 포함하는 다른 제품과 함께 복용하지 마십시오.
","아세트아미노펜을 포함하는 다른 제품, MAO억제제(항우울제, 항정신병제, 감정조절제, 항파킨슨제 등), 진해거담제, 다른 감기약, 해열진통제, 진정제, 항히스타민제를 함유하는 내복약(비염용 경구제, 멀미약, 알레르기용약)과 함께 복용하지 마십시오.

당뇨약, 통풍약, 관절염약, 항응고제, 스테로이드제, 바르비탈계 약물, 삼환계 항우울제, 알코올과 함께 복용 시 의사 또는 약사와 상의하십시오.

복용 중에는 음주하지 마십시오.
","발진·발적, 가려움, 구역·구토, 식욕부진, 변비, 부종, 배뇨곤란, 목마름(지속적이거나 심한), 어지러움, 불안, 떨림, 불면, 쇽 증상(드물게 복용후 두드러기, 부종, 가슴답답함 등과 함께 안색이 창백하고, 손발이 차고, 식은땀, 숨쉬기 곤란함), 피부점막안증후군(스티븐스-존슨증후군), 독성표피괴사용해(고열을 동반하고, 발진·발적, 화상과 같이 물집이 생기는 심한 증상), 천식, 전신의 나른함, 황달, 간질성폐렴(기침을 동반하고, 숨이 차고, 호흡곤란, 발열) 등이 나타나는 경우 복용을 즉각 중지하고 의사 또는 약사와 상의하십시오.
","습기와 빛을 피해 실온에서 보관하십시오.

어린이의 손이 닿지 않는 곳에 보관하십시오.
"
8806421055238 ,코푸시럽에스 20ml x 12p,"3,800",6421055238,6421,0552,8806421055238,8806421055238,64210552,OK,196900058,OK,"이 약은 기침, 가래에 사용합니다.
","성인은 1회 20 mL씩, 11세 이상~15세 미만은 1회 13 mL씩, 8세 이상~11세 미만은 1회 10 mL씩, 5세 이상~8세 미만은 1회 7 mL씩, 3세 이상~5세 미만은 1회 5 mL씩, 2세 이상~3세 미만은 1회 4 mL씩, 1일 3~4회 식후 및 취침 시에 복용합니다.
",,"MAO 억제제(항우울제, 항정신병제, 감정조절제, 항파킨슨제 등), 다른 진해거담제, 감기약, 항히스타민제, 진정제, 알코올과 함께 복용하지 마십시오.

MAO 억제제(항우울제, 항정신병제, 감정조절제, 항파킨슨제 등) 복용을 중단한 후 2주 이내의 사람은 이 약을 복용하지 마십시오.

복용 중에는 음주하지 마십시오.
","발진, 발적, 가려움, 구역, 구토, 식욕부진, 어지럼, 배뇨곤란, 목마름(지속적이거나 심한), 불안, 떨림, 불면 등이 나타나는 경우 복용을 즉각 중지하고 의사 또는 약사와 상의하십시오.
","습기와 빛을 피해 실온에서 보관하십시오.

어린이의 손이 닿지 않는 곳에 보관하십시오.
"
8806421058918 ,래피콜콜드연질캡슐 10C,"2,000",6421058918,6421,0589,8806421058918,8806421058918,64210589,OK,202203017,OK,"이 약은 감기의 제증상(콧물, 코막힘, 재채기, 인후통, 기침, 가래, 오한, 발열, 두통, 관절통, 근육통)의 완화에 사용합니다.
","만 15세 이상 및 성인은 1회 2캡슐씩, 1일 3회, 만 8세 이상~만 15세 미만은 1회 1캡슐씩, 1일 3회 식후 30분에 복용합니다.
","매일 세 잔 이상 정기적 음주자가 이 약 또는 다른 해열진통제를 복용할  때는 의사 또는 약사와 상의하십시오. 간손상을 일으킬 수 있습니다.

매우 드물게 치명적일 수 있는 급성 전신성 발진성 고름물집증, 스티븐스-존슨 증후군, 독성 표피 괴사용해와 같은 중대한 피부반응이 보고되었고 이 약 복용후 피부발진 또는 다른 과민반응의 징후가 나타나는 경우 즉시 복용을 중단하십시오.

아세트아미노펜으로 일일 최대 용량(4,000 mg)을 초과하여 복용하지 마십시오. 간손상을 일으킬 수 있습니다. 아세트아미노펜을 포함하는 다른 제품과 함께 복용하지 마십시오.

급성전신발진고름물집증과 같은 중증 피부 이상반응이 나타나는 경우 복용을 중단하고 의사 또는 약사와 상의하십시오.
","MAO 억제제(항우울제, 항정신병제, 감정조절제, 항파킨슨제 등), 진해거담제(기침·가래약), 다른 감기약, 해열진통제, 진정제, 항히스타민제를 함유하는 내복약(비염[코염]용 경구제, 멀미약, 알레르기용약)과 함께 복용하지 마십시오.

MAO 억제제(항우울제, 항정신병제, 감정조절제, 항파킨슨제 등) 복용을 중단한 후 2주 이내의 사람은 이 약을 복용하지 마십시오.

바르비탈계 약물, 삼환계 항우울제 및 알코올, 당뇨약, 통풍약, 관절염약, 항응고제, 스테로이드제 등 다른 약물을 투여 받고 있는 사람은 의사 또는 약사와 상의하십시오.
","발진·발적(충혈되어 붉어짐), 가려움, 구역·구토, 식욕부진, 변비, 부종(부기), 배뇨(소변을 눔)곤란, 지속적이거나 심한 목마름, 어지러움, 불안, 떨림, 불면, 슈도에페드린 성분과 관련한 허혈성 대장염(급성 복통, 장출혈 등)의 증상, 쇽 증상(복용후 바로 두드러기, 부종, 가슴답답함 등과 함께 안색이 창백하고, 손발이 차고, 식은땀, 숨쉬기 곤란함), 피부점막안(눈)증후군(스티븐스-존슨증후군), 독성표피괴사용해(리엘증후군: 고열을 동반하고, 발진·발적, 화상과 같이 물집이 생기는 등의 심한 증상), 급성 전신성 발진성 농포증, 발열, 홍반, 다수의 작은 농포와 같은 중증 피부 이상반응, 천식, 전신의 나른함, 황달(피부 또는 눈의 흰자위가 황색을 띄게 됨), 간질성폐렴(기침을 동반하고, 숨이 차고, 호흡곤란, 발열 등), 가역적 후뇌 병증 증후군 및 가역적 뇌혈관 수축 증후군(갑작스러운 심한 두통, 번개 두통, 구역, 구토, 혼돈, 발작, 시각 장애 등) 등이 나타날 경우 복용을 즉각 중지하고 의사 또는 약사와 상의하십시오.
","습기와 빛을 피해 실온에서 보관하십시오.

어린이의 손이 닿지 않는 곳에 보관하십시오.
"
8806421061932 ,라라올라 20ml x 30v,"60,000",6421061932,6421,0619,8806421061932,8806421061932,64210619,OK,201606702,OK,이 약은 정신적·신체적 기능무력 증상의 보조요법 및 회복기간(아미노산 결핍상태) 동안의 보조요법으로 사용합니다.,12세 이상의 청소년 및 성인은 1일 1회 5 g을 복용합니다.아침에 복용하는 것이 좋지만 취침전에도 복용 가능합니다.적은 양의 물과 함께 복용할 수 있습니다.,,"이 약을 복용하는 동안 항정신병약, 수면제를 함께 복용하지 마십시오.",알레르기 반응이 나타나는 경우 복용을 즉각 중지하고 의사 또는 약사와 상의하십시오.,빛을 피해 실온에서 보관하십시오.
8806421062328 ,리버올라 20ml x 30V,"50,000",6421062328,6421,0623,8806421062328,8806421062328,64210623,OK,200200614,OK,이 약은 간질환의 보조 치료에 사용합니다.,성인은 1일 10~30 mL를 식간에 분할 복용합니다.이 약 10 mL를 약 반 컵의 물에 희석(묽게)하여 복용합니다.,,,,습기와 빛을 피해 실온에서 보관하십시오.어린이의 손이 닿지 않는 곳에 보관하십시오.
8806421062724 ,래피콜케어 건조시럽 레몬향 12포,"10,000",6421062724,6421,0627,8806421062724,8806421062724,64210627,OK,202501326,NO_ITEM,,,,,,
8806421062748 ,래피콜케어 건조시럽 히비스커스향 12포,"10,000",6421062748,6421,0627,8806421062748,8806421062748,64210627,OK,202501326,NO_ITEM,,,,,,
8806421063714 ,콘택콜드캡슐 10C,"3,500",6421063714,6421,0637,8806421063714,8806421063714,64210637,OK,202502051,NO_ITEM,,,,,,
8806422014241 ,아락실과립 8g,"20,000",6422014241,6422,0142,8806422014241,8806422014241,64220142,OK,198400661,OK,"이 약은 변비와 변비에 수반하는 식욕부진(식욕감퇴), 복부(배부분)팽만, 장내이상발효, 치질의 완화에 사용합니다.
","성인 및 15세 이상의 소아는 1회 4 g~ 8 g을 1일 1회(저녁) 또는 2회(아침 및 저녁) 복용하되, 씹지말고 통상 아침에는 냉수, 저녁에는 온수로 복용합니다.
이 약을 취침 직전이나 누워있는 동안 복용하지 마십시오.
",,"강심배당체를 함께 복용 시 의사 또는 약사와 상의하십시오.
","복통, 설사, 구토가 나타나는 경우 복용을 즉각 중지하고 의사 또는 약사와 상의하십시오.
","습기와 빛을 피해 실온에서 보관하십시오.

어린이의 손이 닿지 않는 곳에 보관하십시오.
"
8806422021256 ,타벡스겔 50g,"9,000",6422021256,6422,0212,8806422021256,8806422021256,64220212,OK,199301708,OK,"이 약은 타박상, 삠의 진통ㆍ소염에 사용합니다.
","1일 1~수회 환부에 적당량 바르십시오.
",,,"드물게 알레르기성 피부 발진이 나타날 수 있습니다.
","습기와 빛을 피해 보관하십시오.

어린이의 손이 닿지 않는 곳에 보관하십시오.
"
880642202156 ,타벡스겔 50g,"9,000",642202156,6422,0215,880642202156,880642202156,64220215,OK,,NO_ITEMSEQ,,,,,,
8806422024813 ,아락실큐 20정,"3,500",6422024813,6422,0248,8806422024813,8806422024813,64220248,OK,200712401,OK,"이 약은 변비와 변비에 수반하는 식욕부진(식욕감퇴), 복부(배부분)팽만, 장내이상발효, 치질의 완화에 사용합니다.","15세 이상 및 성인은 1회 2정, 1일 1회 취침시에 복용합니다.단, 처음은 최소량을 이용하고, 변의 모양과 상태를 보면서 조금씩 증량 또는 감량(줄임)하십시오.",,제산제와 함께 복용하지 마십시오.우유 섭취 후 1시간 이내는 복용을 피하십시오.,"발진·발적(충혈되어 붉어짐), 가려움, 심한 복통(배아픔), 설사, 구토, 복부불쾌감, 경련이 나타나는 경우 복용을 즉각 중지하고 의사 또는 약사와 상의하십시오.",습기와 빛을 피해 실온에서 보관하십시오.어린이의 손이 닿지 않는 곳에 보관하십시오.
8806422035727 ,[부광] 클리스톤지 30g,"3,000",6422035727,6422,0357,8806422035727,8806422035727,64220357,OK,201405279,OK,"이 약은 2차 감염된 알레르기성 또는 염증성 피부질환 (습진, 접촉피부염, 지루피부염, 아토피피부염, 광피부염, 만성단순태선, 간찰진(피부스침증), 박탈피부염, 가려움, 건선(마른비늘증)), 1도 화상에 사용합니다.
","1일 1~3회 환부(질환분위)에 적당량을 바릅니다.
",,,"피부의 세균성(전염성 농가진, 모낭염 등), 바이러스성 감염증, 모낭염, 부스럼, 피부자극, 자통, 발열, 작열감, 가려움, 발진 · 발적, 홍조, 피부건조, 농포성피부염, 땀띠, 상처 악화, 욕창, 농포증, 과민증, 피부변색, 다모증, 여드름상발진, 색소침착저하증, 입주위피부염, 알레르기성접촉피부염, 피부짓무름, 2차감염, 피부위축, 줄무늬, 안검 피부에 사용 시 안압 상승, 녹내장, 빈도불명의 시야 흐림 등이 나타나는 경우 사용을 즉각 중지하고 의사 또는 약사와 상의하십시오.
","실온에서 보관하십시오.

어린이의 손이 닿지 않는 곳에 보관하십시오.
"
8806422044613 ,코트리나,"3,000",6422044613,6422,0446,8806422044613,8806422044613,64220446,OK,202002383,OK,"이 약은 코감기(급성비염), 알레르기성 비염 또는 부비강염에 의한 코막힘, 콧물, 재채기, 눈물, 목의 통증, 머리 무거움 완화에 사용합니다.
","15세 이상 및 성인은 1회 1캡슐씩 1일 3회, 매 식후에 복용합니다.
","급성전신발진고름물집증과 같은 중증 피부 이상반응이 나타나는 경우 복용을 중단하고 의사 또는 약사와 상의하십시오.
","MAO억제제(항우울제, 항정신병제, 감정조절제, 항파킨슨제 등), 다른 비염용 경구제, 항히스타민제를 함유하는 내복약(감기약, 진해거담제, 멀미약, 알레르기용약 등)과 함께 복용하지 마십시오.

복용 중에는 음주하지 마십시오.
","출혈성뇌졸중, 구역, 구토, (지속적이거나 심한) 목마름, 변비, 식욕부진, 발진, 발적, 가려움, 배뇨곤란, 두통, 안면홍조, 비정상적인 눈부심, 쇽 증상(복용 후 바로 두드러기, 부종, 가슴답답함, 창백, 수족냉증, 식은땀, 숨쉬기 곤란함), 급성전신발진고름물집증, 위알도스테론증(요량이 감소하거나 얼굴과 손발이 붓고, 눈꺼풀이 무거워지고, 손이 굳어지고, 혈압이 높아지거나 두통), 근병증(무력감, 사지경련, 마비 등), 허혈성 대장염(급격한 복통, 직장 출혈) 등이 나타나는 경우 복용을 즉각 중지하고 의사 또는 약사와 상의하십시오.
","습기와 빛을 피해 실온에서 보관하십시오.

어린이의 손이 닿지 않는 곳에 보관하십시오.
"
8806422045443 ,헥사메딘,"40,000",6422045443,6422,0454,8806422045443,8806422045443,64220454,OK,201708285,OK,"이 약은 보철(의치)에 의한 염증, 아구창 등의 구강내 칸디다감염증, 치은염, 인두염, 아프타성 구내염에 의한 염증 완화와 치근막 수술후 살균소독에 사용합니다.
","1회 15 mL씩, 1일 2회 약 1분동안 입안을 헹구어 내거나 가글한 후 뱉어내며, 양치한 이후에 사용합니다.

사용 직후에 물이나 다른 구강 세정제로 헹구거나 이를 닦거나 음식을 섭취하는 것을 피하십시오.

의치로 인한 구내염의 경우에는 의치를 1일 2회 15분간 담가 세척합니다.

연령, 증상에 따라 적절히 증감할 수 있습니다.
","구강 내 정상 세균총의 불균형을 일으킬 수 있으므로 장기간 사용하지 마십시오.
",,"일시적인 이하선염, 치아나 구강(입안)표면에 착색 증가, 치은연상치석 형성 증가, 미감각의 변화 등이 나타날 수 있습니다.

드물게 쇽 증상(예: 구역, 불쾌감, 식은 땀, 어지러움, 답답함, 호흡곤란, 발작), 때때로 발진, 두드러기 등이 나타나는 경우 사용을 즉각 중지하고 의사 또는 약사와 상의하십시오.
","습기와 빛을 피해 실온에서 보관하십시오.

어린이의 손이 닿지 않는 곳에 보관하십시오.
"
8806422045528 ,위속엔 20정,"3,000",6422045528,6422,0455,8806422045528,8806422045528,64220455,OK,202102295,OK,"이 약은 위산과다, 속쓰림, 위부불쾌감, 위부팽만감, 식체(위체), 구역, 구토, 위통, 신트림, 소화불량, 식욕감퇴(식욕부진), 과식, 소화촉진으로 인한 위부팽만감에 사용합니다.
","성인은 1회 2정씩, 1일 3회 식후에 복용합니다.
",,"위장진통, 진경제와 함께 복용하지 마십시오.

칼륨함유제제, 감초함유제제, 글리시리진산 또는 그 염류 함유제제, 루프계 이뇨제(푸로세미드, 에타크린산) 또는 티아지드계 이뇨제(트리클로르메티아지드)와 함께 복용 시 의사 또는 약사와 상의하십시오.
","알레르기 증상(발진, 가려움등), 드물게 동계, 졸음, 현훈, 권태감, 두통, 변비, 입이 마르는 증상, 심계항진, GOT, GPT 상승, 위알도스테론증(요량이 감소하거나 얼굴과 손발이 붓고, 눈꺼풀이 무거워지고, 손이 굳어지고, 혈압이 높아지거나 두통 등), 근병증(무력감, 사지경련, 마비 등) 등이 나타나는 경우 복용을 즉각 중지하고 의사 또는 약사와 상의하십시오.
","습기와 빛을 피해 실온에서 보관하십시오.

어린이의 손이 닿지 않는 곳에 보관하십시오.
"
8806423025116 ,쓸기담캅셀 50mg 60캡슐,"15,000",6423025116,6423,0251,8806423025116,8806423025116,64230251,OK,199806891,OK,"이 약은 만성 간질환의 간기능 개선과 간기능 장애에 의한 육체피로, 전신권태 증상의 개선에 사용합니다.",성인은 1회 1캡슐 1일 3회 복용합니다.,,"이 약을 복용하는 동안 경구용 당뇨병용제(톨부타미드), 콜레스티라민, 콜레스티폴, 약용탄, 마그네슘 및 수산화알루미늄을 함유하는 제산제, 간에서 콜레스테롤 분비를 증가시키는 약물(예 : 에스트로겐 함유 경구용 피임제, 클로피브레이트와 같이 지질감소약물)은 함께 복용하지 마십시오.","설사, 구역, 구토, 배 아픔, 변비, 가슴앓이, 위부불쾌감, 가려움, 발진, 전신권태감, 어지럼, 담석의 석회화, 간효소치의 증가, 백혈구감소, 간질성폐렴(발열, 기침, 호흡곤란, 흉부 X선 이상을 동반) 등이 나타나는 경우 복용을 즉각 중지하고 의사 또는 약사와 상담하십시오.",어린이의 손이 닿지 않는 곳에 보관하십시오.
8806427000911 ,까스활명수큐액 75ml,"1,000",6427000911,6427,0009,8806427000911,8806427000911,64270009,OK,198900667,OK,"이 약은 식욕감퇴(식욕부진), 위부팽만감, 소화불량, 과식, 체함, 구역, 구토에 사용합니다.
","만 15세 이상 및 성인은 1회 1병(75 mL), 만 11세 이상~만 15세 미만은 1회 2/3병(50 mL), 만 8세 이상~만 11세 미만은 1회 1/2병(37.5 mL), 만 5세 이상~만 8세 미만은 1회 1/3병(25 mL), 만 3세 이상~만 5세 미만은 1회 1/4병(18.75 mL), 만 1세 이상~만 3세 미만은 1회 1/5병(15 mL), 1일 3회 식후에 복용합니다.

복용간격은 4시간 이상으로 합니다.
",,,,"습기와 빛을 피해 실온에서 보관하십시오.

어린이의 손이 닿지 않는 곳에 보관하십시오.
"
8806427018510 ,샤이닝 10T,"3,000",6427018510,6427,0185,8806427018510,8806427018510,64270185,OK,200001102,OK,"이 약은 위장관계 질환의 발작성 동통(통증) 또는 담도계(쓸개길), 비뇨기계, 월경곤란증 등 여성 생식기계의 기능장애 및 경련성 동통(통증)에 사용합니다.",성인은 1회 1~2정 1일 3회 복용합니다.1일 최대용량은 6정을 초과하지 마십시오.,"매일 세잔 이상 정기적 음주자가 이 약 또는 다른 해열진통제를 복용할 때는 의사 또는 약사와 상의하십시오. 간손상을 일으킬 수 있습니다.아세트아미노펜으로 일일 최대 용량(4,000mg)을 초과하여 복용하지 마십시오. 간손상을 일으킬 수 있습니다. 아세트아미노펜을 포함하는 다른 제품과 함께 복용하지 마십시오.","아세트아미노펜을 포함하는 다른 제품, 바르비탈계 약물, 삼환계 항우울약 및 알코올을 투여한 환자, 항전간제, 리팜피신과 함께 이 약을 복용하지 마십시오.항히스타민제, 퀴니딘, 아만타딘, 디소피라미드, 메토클로프라미드와 같은 항도파민약, β-효능약, 프로판텔린, 클로람페니콜, 경구용 항응고약, 지도부딘과 함께 복용 시 의사 또는 약사와 상의하십시오.","혈소판감소증, 과립구감소증, 청색증, 백혈구감소증, 전체혈구감소증, 구역, 구토, 식욕부진, 변비, 목마름, 배뇨(소변을 눔)장애, 동공확대, 모양근마비, 홍조, 어지러움, 불안, 흥분, 환각, 기립성 저혈압, 발진, 빠른맥, 이상고열 등이 나타날 수 있습니다.퀸케부종, 호흡곤란, 발한, 구역, 혈압저하, 쇽, 발적(충혈되어 붉어짐), 발진 등의 피부증상, 두드러기, 부기(후두, 눈꺼풀, 입술 등), 가슴답답함 등과 함께 안색이 창백해지고, 수족이 차가워지고 식은땀, 숨가쁨, 고열동반한 발진, 화상모양 수포, 천식이 나타나는 경우 복용을 즉각 중지하고 의사 또는 약사와 상의하십시오.",실온에서 보관하십시오.
8806427026942 ,잇치페이스트 120g,"8,800",6427026942,6427,0269,8806427026942,8806427026942,64270269,OK,200300553,NO_ITEM,,,,,,
8806427026966 ,잇치 페이스트 피톤치드 150g,"11,000",6427026966,6427,0269,8806427026966,8806427026966,64270269,OK,200300553,NO_ITEM,,,,,,
8806427035128 ,동화 판콜에스/30A,"15,000",6427035128,6427,0351,8806427035128,8806427035128,64270351,OK,198900672,OK,"이 약은 감기의 여러 증상(콧물, 코막힘, 재채기, 기침, 인후(목구멍)통, 가래, 오한(춥고 떨리는 증상), 발열, 두통, 관절통, 근육통)의 완화에 사용합니다.
","성인 1회 1병(30 mL) 1일 3회 식후 30분에 복용합니다.
","매일 세잔 이상 정기적 음주자가 이 약 또는 다른 해열진통제를 복용할 때는 의사 또는 약사와 상의하십시오. 간손상을 일으킬 수 있습니다.

매우 드물게 치명적일 수 있는 급성전신발진고름물집증, 스티븐스-존슨증후군, 독성표피괴사용해와 같은 중대한 피부반응이 보고되었고 이 약 복용 후 피부발진 또는 다른 과민반응의 징후가 나타나는 경우 즉시 복용을 중단하십시오.

아세트아미노펜으로 일일 최대 용량(4,000 mg)을 초과하여 복용하지 마십시오. 간손상을 일으킬 수 있습니다. 아세트아미노펜을 포함하는 다른 제품과 함께 복용하지 마십시오.
","아세트아미노펜을 포함하는 다른 제품, 진해거담제, 다른 감기약, 해열진통제, 진정제, 항히스타민제를 함유하는 내복약(비염용 경구제, 멀미약, 알레르기용약)과 함께 복용하지 마십시오.

당뇨약, 통풍약, 관절염약, 항응고제, 스테로이드제, 바르비탈계 약물, 삼환계 항우울제, 알코올을 투여한 경우 의사 또는 약사와 상의하십시오.

복용 중에는 음주하지 마십시오.
","급성전신발진고름물집증, 피부점막안증후군(스티븐스-존슨증후군), 독성표피괴사용해(리엘증후군: 고열을 동반하고 발진·발적, 화상과 같이 물집이 생기는 등의 심한 증상), 발진·발적, 가려움, 구역·구토, 식욕부진, 변비, 부종, 배뇨곤란, 목마름(지속적이거나 심한), 어지러움, 불안, 떨림, 불면, 드물게 복용 후 바로 두드러기, 부종, 가슴답답함 등과 함께 안색이 창백하고, 손발이 차고, 식은땀, 숨쉬기 곤란함, 천식, 전신의 나른함, 황달(피부 또는 눈의 흰자위가 황색을 띄게 됨), 간질성폐렴(기침을 동반하고, 숨이 차고, 호흡곤란, 발열) 등이 나타나는 경우 복용을 즉각 중지하고 의사 또는 약사와 상의하십시오.
","습기와 빛을 피해 실온에서 보관하십시오.

어린이의 손이 닿지 않는 곳에 보관하십시오.
"
8806427036712 ,포스테리산 연고 25g,"6,000",6427036712,6427,0367,8806427036712,8806427036712,64270367,OK,199806424,OK,이 약은 치질에 사용합니다.,"1일 2회, 가능한 한 배변 후 적량을 환부(질환 부위)에 바릅니다.",,,"가벼운 정도의 소양감(가려움), 통증, 출혈이 나타날 수 있습니다.",습기와 빛을 피해 실온에서 보관하십시오.어린이의 손이 닿지 않는 곳에 보관하십시오.
8806427036828 ,포스테리산 좌제 10개,"8,000",6427036828,6427,0368,8806427036828,8806427036828,64270368,OK,199806423,OK,이 약은 치질에 사용합니다.,"아침 ∙ 저녁 1회 1개씩, 1일 2회 가능한 한 배변 후 항문내에 삽입합니다.",,,"가벼운 정도의 소양감(가려움), 통증, 출혈이 나타날 수 있습니다.",습기와 빛을 피해 실온에서 보관하십시오.어린이의 손이 닿지 않는 곳에 보관하십시오.
8806427039713 ,동화 후시딘연고/5g,"4,800",6427039713,6427,0397,8806427039713,8806427039713,64270397,OK,197900171,OK,"이 약은 포도구균, 연쇄구균, 코리네박테륨, 클로스트리듐으로 인한 농가진, 감염성습진양피부염, 심상성여드름(보통여드름), 모낭염, 종기 및 종기증, 화농성한선염, 농가진성습진, 화상ㆍ외상ㆍ봉합창ㆍ식피창에 의한 2차 감염에 사용합니다.",환부를 깨끗이 하고 1일 1~2회 적당량을 환부에 직접 바르거나 무균거즈에 넓게 펴발라 붙입니다.1주 정도로 투여기간을 제한합니다.두껍게 바르지 않습니다.,,,"감작된 증후(가려움, 발적, 종창, 구진, 소수포 등), 일시적인 작열감, 때때로 발진, 약한 동통 및 자극 등의 과민반응, 중증의 다리궤양 환자에 적용시 통증이 나타나는 경우 사용을 즉각 중지하고 의사 또는 약사와 상담하십시오.",실온에서 보관하십시오.어린이의 손이 닿지 않는 곳에 보관하십시오.
8806427039720 ,동화 후시딘연고/10g,"6,500",6427039720,6427,0397,8806427039720,8806427039720,64270397,OK,197900171,OK,"이 약은 포도구균, 연쇄구균, 코리네박테륨, 클로스트리듐으로 인한 농가진, 감염성습진양피부염, 심상성여드름(보통여드름), 모낭염, 종기 및 종기증, 화농성한선염, 농가진성습진, 화상ㆍ외상ㆍ봉합창ㆍ식피창에 의한 2차 감염에 사용합니다.",환부를 깨끗이 하고 1일 1~2회 적당량을 환부에 직접 바르거나 무균거즈에 넓게 펴발라 붙입니다.1주 정도로 투여기간을 제한합니다.두껍게 바르지 않습니다.,,,"감작된 증후(가려움, 발적, 종창, 구진, 소수포 등), 일시적인 작열감, 때때로 발진, 약한 동통 및 자극 등의 과민반응, 중증의 다리궤양 환자에 적용시 통증이 나타나는 경우 사용을 즉각 중지하고 의사 또는 약사와 상담하십시오.",실온에서 보관하십시오.어린이의 손이 닿지 않는 곳에 보관하십시오.
8806427041815 ,아프타치정 10T,"6,000",6427041815,6427,0418,8806427041815,8806427041815,64270418,OK,200804589,OK,이 약은 미란(짓무름) 또는 궤양을 수반하는 난치성 구내염(입안염) 및 설염(혀염)에 의한 염증의 완화에 사용합니다.,"1회 1정(0.025 mg), 1일 1~2회 백색면을 환부(질환 부위)점막에 부착합니다.연령(나이), 증상에 따라 적절히 증감할 수 있습니다.이 약은 다음과 같은 순서대로 사용합니다.손끝에 타액(침)을 약간 묻혀 정제의 착색면에 손끝을 대어 손끝에 정제를 부착시킨 후, 환부(질환 부위) 점막에 흰색면을 접촉시키고 2~3초 가볍게 손끝으로 누른 후 손을 뗍니다.",,,때때로 칸디다증이 나타나는 경우 사용을 즉각 중지하고 의사 또는 약사와 상의하십시오.,빛을 피해 실온에서 보관하십시오.
8806427064036 ,꼬마활명수액 10ml x 5개입,"4,000",6427064036,6427,0640,8806427064036,8806427064036,64270640,OK,201601802,NO_ITEM,,,,,,
8806427065422 ,활명수유액 10ml x 5P,"4,000",6427065422,6427,0654,8806427065422,8806427065422,64270654,OK,201801258,NO_ITEM,,,,,,
8806427070914 ,큐립연고 8g,"7,000",6427070914,6427,0709,8806427070914,8806427070914,64270709,OK,202000372,OK,"이 약은 입술 갈라짐, 입술 짓무름, 입술염, 입술꼬리염에 사용합니다.
","1일 여러 차례 적당량을 질환 부위에 바르십시오.
",,,"피부에 발진, 발적, 가려움 등이 나타나는 경우 이 약의 사용을 즉각 중지하고 의사 또는 약사와 사용하십시오.

벤조산(나트륨)에 의한 피부, 눈, 점막에 경미한 자극이 있을 수 있습니다.
","습기와 빛을 피해 실온에서 뚜껑을 꼭 닫아 보관하십시오.

어린이의 손이 닿지 않는 곳에 보관하십시오.

사용기한이 지난 제품은 사용하지 마십시오. 사용기한 내라도 개봉 후에는 가능한 한 빨리 사용하십시오.
"
8806427070921 ,큐립연고 마일드허브향 8g,"7,000",6427070921,6427,0709,8806427070921,8806427070921,64270709,OK,202000372,OK,"이 약은 입술 갈라짐, 입술 짓무름, 입술염, 입술꼬리염에 사용합니다.
","1일 여러 차례 적당량을 질환 부위에 바르십시오.
",,,"피부에 발진, 발적, 가려움 등이 나타나는 경우 이 약의 사용을 즉각 중지하고 의사 또는 약사와 사용하십시오.

벤조산(나트륨)에 의한 피부, 눈, 점막에 경미한 자극이 있을 수 있습니다.
","습기와 빛을 피해 실온에서 뚜껑을 꼭 닫아 보관하십시오.

어린이의 손이 닿지 않는 곳에 보관하십시오.

사용기한이 지난 제품은 사용하지 마십시오. 사용기한 내라도 개봉 후에는 가능한 한 빨리 사용하십시오.
"
8806427071515 ,소가프텐 10T,"2,000",6427071515,6427,0715,8806427071515,8806427071515,64270715,OK,202105133,OK,"이 약은 위산과다 및 속쓰림과 관련된 가슴앓이의 경감에 사용합니다.
","성인 및 만 15세 이상은 1회 1정씩 복용합니다.

24시간 안에 2정을 초과하여 복용하지 마십시오.
",,"다른 위장약과 함께 복용하지 마십시오.

아테놀올, 메토프로롤, 프로프라놀롤, 클로로퀸, 싸이클린계 항생제, 디클루니살, 디곡신, 이인산염, 펙소페나딘, 철(염), 플루오로퀴놀론계 항생제, 불화나트륨, 글루코코르티코이드, 인도메타신, 케토코나졸, 란소프라졸, 페노치아전계 항전간제, 페니실라민, 인산염, 티록신, 살리실산, 제산제와 함께 복용 시 의사 또는 약사와 상의하십시오.
","때때로 구역, 설사, 두통, 드물게 아나필락시스, 효소이상, 변비, 식욕부진, 복부불쾌감, 고창(복부팽만), 구토, 구갈(목마름), 발진, 가려움증, 담마진(두드러기), 표피 박리, 피로, 황달, 간염, 맥관신경증성 부종(부기), 관절통, 근육경련이 나타날 수 있습니다.
","습기와 빛을 피해 실온에서 보관하십시오.

어린이의 손이 닿지 않는 곳에 보관하십시오.
"
8806427071812 ,세비타비 18g,"8,000",6427071812,6427,0718,8806427071812,8806427071812,64270718,OK,202100690,OK,"이 약은 경증 내지 중등증의 염증성 여드름의 국소치료에 사용합니다.
","환부를 깨끗이 씻어 내고 1일 2회씩, 아침, 저녁으로 환부에 충분한 양을 바릅니다.
",,"여러 약물 간 발생할 수 있는 상호작용을 방지하기 위해 처방중인 다른 치료에 대해 의사나 약사에게 반드시 알리십시오.
","피부 건조, 드물게 가려움증, 홍반, 작열감 및 자극이 나타날 경우 복용을 즉각 중지하고 의사 또는 약사와 상의하십시오.
","습기와 빛을 피해 실온에서 보관하십시오.

어린이의 손이 닿지 않는 곳에 보관하십시오.

사용 기한이 지난 제품은 사용하지 마십시오.

개봉 후에는 되도록 빨리 사용하십시오.

용기가 손상된 경우, 사용하지 마십시오.
"
8806427073915 ,잇치페이스트 프로폴리스 140g,"14,000",6427073915,6427,0739,8806427073915,8806427073915,64270739,OK,200300553,NO_ITEM,,,,,,
8806427074615 ,드라이언 30ml,"7,000",6427074615,6427,0746,8806427074615,8806427074615,64270746,OK,202301701,OK,"이 약은 겨드랑이, 손, 발에서 과도하게 땀이 나는 다한증에 사용합니다.
","저녁에 적용 부위에 적당량을 바른 후, 다음 날 아침에 물로 씻어 제거하십시오.

땀이 나는 발한이 멈출 때까지는 매일 밤에 한번씩, 증상이 나아질 경우에는 일주일에 1~2회 사용으로 줄이십시오.
",,"제모제는 이 약 사용하기 전 또는 후로부터 12시간 이내에는 환부에 사용하지 마십시오.
","이 약 사용 후 땀분비의 감소가 일시적으로 자극감이나 충혈되어 붉어지는 발적을 초래할 수 있습니다. 이런 증상이 심해지는 경우 이 약의 사용을 일시 중단하십시오.

적용부위에 대해 자극감, 피부염을 포함한 과민반응 등이 나타나는 경우 이 약의 사용을 즉각 중지하고 의사 또는 약사와 상의하십시오.

드물게 통증, 가려움증, 홍반, 발진 및 피부 작열감 등의 적용부위반응이 나타나는 경우 이 약의 사용을 즉각 중지하고 의사 또는 약사와 상의하십시오.
","빛을 피해 섭씨 25도 이하의 서늘한 곳에 보관하십시오.

온도, 햇볕, 습도 등을 주의하여 보관하십시오.
"
8806427075926 ,화이투벤 노즈시럽 20ml x 5p,"2,500",6427075926,6427,0759,8806427075926,8806427075926,64270759,OK,202401331,OK,"이 약은 콧물, 코막힘, 재채기, 인후통, 기침, 가래, 오한, 발열, 두통, 관절통, 근육통 등 감기의 여러 증상의 완화에 사용합니다.
","만 15세 이상은 1회 1포 (20 ml)씩을, 만 11세 이상~만 15세 미만은 1회 2/3포씩을, 만 7세 이상~만 11세 미만은 1회 1/2포씩을, 만 3세 이상~만 7세 미만은 1회 1/3포씩을, 만 2세 이상~만 3세 미만은 1회 1/4포씩을, 1일 3회 식후 30분에 복용합니다.
","매일 세잔 이상 정기적 음주자가 이 약 또는 다른 해열진통제를 복용할 때는 의사 또는 약사와 상의하십시오. 간손상을 일으킬 수 있습니다.

매우 드물게 치명적일 수 있는 급성전신발진고름물집증, 피부점막안증후군 (스티븐스-존슨증후군), 독성표피괴사용해 (리엘증후군)와 같은 중대한 피부반응이 보고되었고 이 약 복용 후 피부발진 또는 다른 과민반응의 징후가 나타나는 경우 즉시 복용을 중단하십시오.

아세트아미노펜으로 일일 최대 용량 (4,000 mg)을 초과하여 복용하지 마십시오. 간손상을 일으킬 수 있습니다. 아세트아미노펜을 포함하는 다른 제품과 함께 복용하지 마십시오.

급성전신발진고름물집증과 같은 중증 피부이상반응이 나타나는 경우 복용을 중단하고 의사 또는 약사와 상의하십시오.
","이 약을 복용하는 동안 진해거담제, 다른 감기약, 해열진통제, 진정제, 항히스타민제를 함유하는 내복약을 복용하지 마십시오.

우울증, 파킨슨병 치료 등에 사용되는 MAO 억제제를 복용하고 있거나 복용을 중단한 후 2주 이내의 사람은 이 약을 복용하지 마십시오.

이 약을 복용하기 전에 당뇨약, 통풍약, 관절염약, 항응고제, 스테로이드제 등을 투여받고 있는 사람은 의사 또는 약사와 상의하십시오.

바르비탈계 약물, 삼환계 항우울제 및 알코올을 투여받는 환자는 의사 또는 약사와 상의하십시오.

복용 중 음주하지 마십시오.
","발진 및 발적, 가려움, 구역 및 구토, 식욕부진, 변비, 부종, 어지러움, 불안, 떨림, 불면 등이 나타나는 경우 이 약의 복용을 즉각 중지하고 의사 또는 약사와 상의하십시오.

드물게 복용 후 바로 두드러기, 부종, 가슴답답함 등과 함께 안색이 창백하고, 손발이 차고, 식은 땀, 숨쉬기 곤란함 등이 나타날 수 있는 쇽 (아낙필락시스) 혹은 피부점막안증후군 (스티븐스-존슨증후군), 독성표피괴사용해 (리엘증후군), 천식 또는 전신의 나른함, 황달 등의 간기능장애, 간질성폐렴이나 갑작스러운 심한 두통, 번개 두통, 구역, 구토, 혼돈, 발작, 시각 장애 등의 가역적 후뇌 병증 증후군 및 가역적 뇌혈관 수축 증후군의 증상 등이 나타나는 경우 복용을 즉각 중지하고 의사 또는 약사와 상의하십시오.
","습기와 빛을 피해 실온에서 보관하십시오.

어린이의 손이 닿지 않는 곳에 보관하십시오.
"
8806427076022 ,화이투벤 콜드시럽 20ml x 5p,"2,500",6427076022,6427,0760,8806427076022,8806427076022,64270760,OK,202401314,OK,"이 약은 감기의 제증상(콧물, 코막힘, 재채기, 인후(목구멍)통, 기침, 가래, 오한(춥고 떨리는 증상), 발열, 두통, 관절통, 근육통)의 완화에 사용합니다.
","다음의 1회 용량을 1일 3회 식후 30분에 복용합니다.

만 15세 이상은 1포(20 ml)씩, 만 11세 이상~만 15세 미만은 2/3포씩, 만 7세 이상~만 11세 미만은 1/2포씩, 만 3세 이상~만 7세 미만은 1/3포씩, 만 2세 이상~만 3세 미만은 1/4포씩 복용합니다.
","매일 세잔 이상 정기적 음주자가 이 약 또는 다른 해열진통제를 복용할 때는 의사 또는 약사와 상의하십시오. 간손상을 일으킬 수 있습니다.
매우 드물게 치명적일 수 있는 급성전신발진고름물집증, 피부점막안증후군(스티븐스-존슨증후군), 독성표피괴사용해(리엘증후군)와 같은 중대한 피부반응이 보고되었고 이 약 복용 후 피부발진 또는 다른 과민반응의 징후가 나타나는 경우 즉시 복용을 중단하십시오.
아세트아미노펜으로 일일 최대 용량(4,000 mg)을 초과하여 복용하지 마십시오. 간손상을 일으킬 수 있습니다. 아세트아미노펜을 포함하는 다른 제품과 함께 복용하지 마십시오.
","MAO억제제(항우울제, 항정신병제, 감정조절제, 항파킨슨제 등), 진해(기침을 그치게 함)거담제(가래약), 다른 감기약, 해열진통제, 진정제, 항히스타민제를 함유하는 내복약(비염(코염)용 경구제, 멀미약, 알레르기용약)과 함께 복용하지 마십시오.

MAO억제제(항우울제, 항정신병제, 감정조절제, 항파킨슨제 등) 복용을 중단한 후 2주 이내의 사람은 이 약을 복용하지 마십시오.

이 약을 복용하기 전에 당뇨약, 통풍약, 관절염약, 항응고제, 스테로이드제 등을 복용하고 있는 사람은 의사 또는 약사와 상의하십시오.

바르비탈계 약물, 삼환계 항우울제 및 알코올과 함께 복용 시 의사 또는 약사와 상의하십시오.

복용 중에는 음주하지 마십시오.
","발진·발적(충혈되어 붉어짐), 가려움, 구역·구토, 식욕부진, 변비, 부종(부기), 배뇨(소변을 눔)곤란, 목마름(지속적이거나 심한), 어지러움, 불안, 떨림, 불면, 드물게 쇽 증상(복용후 바로 두드러기, 부종, 가슴답답함 등과 함께 안색이 창백하고, 손발이 차고, 식은땀, 숨쉬기 곤란함 등), 피부점막안증후군(스티븐스-존슨증후군), 독성표피괴사용해(리엘증후군)(고열을 동반하고, 발진·발적, 화상과 같이 물집이 생기는 등의 심한 증상이 전신피부, 입이나 눈점막에 나타남), 천식, 간기능장애(전신의 나른함, 황달), 간질성폐렴(기침을 동반하고, 숨이 차고, 호흡곤란, 발열 등) 등이 나타나는 경우 복용을 즉각 중지하고 의사 또는 약사와 상의하십시오.
","습기와 빛을 피해 실온에서 보관하십시오.

어린이의 손이 닿지 않는 곳에 보관하십시오.
"
8806427076121 ,화이투벤 코프시럽 20ml x 5p,"2,500",6427076121,6427,0761,8806427076121,8806427076121,64270761,OK,202401290,OK,"이 약은 감기의 제증상(인후(목구멍)통, 기침, 가래, 오한(춥고 떨리는 증상), 발열, 두통, 관절통, 근육통)의 완화에 사용합니다.
","다음의 1회 용량씩, 1일 3회 식후 30분에 복용합니다.

만 15세 이상은 1포(20 ml)씩, 만 11세 이상~만 15세 미만은 2/3포씩, 만 7세 이상~만 11세 미만은 1/2포씩, 만 3세 이상~만 7세 미만은 1/3포씩, 만 2세 이상~만 3세 미만은 1/4포씩 복용합니다.
","매일 세잔 이상 정기적 음주자가 이 약 또는 다른 해열진통제를 복용할 때는 의사 또는 약사와 상의하십시오. 간손상을 일으킬 수 있습니다.
매우 드물게 치명적일 수 있는 급성전신발진고름물집증, 피부점막안증후군(스티븐스-존슨증후군), 독성표피괴사용해(리엘증후군)와 같은 중대한 피부반응이 보고되었고 이 약 복용 후 피부발진 또는 다른 과민반응의 징후가 나타나는 경우 즉시 복용을 중단하십시오.
아세트아미노펜으로 일일 최대 용량(4,000 mg)을 초과하여 복용하지 마십시오. 간손상을 일으킬 수 있습니다. 아세트아미노펜을 포함하는 다른 제품과 함께 복용하지 마십시오.
","MAO억제제(항우울제, 항정신병제, 감정조절제, 항파킨슨제 등), 진해(기침을 그치게 함)거담제(가래약), 다른 감기약, 해열진통제, 진정제, 항히스타민제를 함유하는 내복약(비염(코염)용 경구제, 멀미약, 알레르기용약)과 함께 복용하지 마십시오.

MAO억제제(항우울제, 항정신병제, 감정조절제, 항파킨슨제 등) 복용을 중단한 후 2주 이내의 사람은 이 약을 복용하지 마십시오.

이 약을 복용하기 전에 당뇨약, 통풍약, 관절염약, 항응고제, 스테로이드제 등을 복용하고 있는 사람은 의사 또는 약사와 상의하십시오.

바르비탈계 약물, 삼환계 항우울제 및 알코올과 함께 복용 시 의사 또는 약사와 상의하십시오.

복용 중에는 음주하지 마십시오.
","발진·발적(충혈되어 붉어짐), 가려움, 구역·구토, 식욕부진, 변비, 부종(부기), 어지러움, 불안, 떨림, 불면, 드물게 쇽 증상(복용후 바로 두드러기, 부종, 가슴답답함 등과 함께 안색이 창백하고, 손발이 차고, 식은땀, 숨쉬기 곤란함 등), 피부점막안증후군(스티븐스-존슨증후군), 독성표피괴사용해(리엘증후군)(고열을 동반하고, 발진·발적, 화상과 같이 물집이 생기는 등의 심한 증상이 전신피부, 입이나 눈점막에 나타남), 천식, 간기능장애(전신의 나른함, 황달), 간질성폐렴(기침을 동반하고, 숨이 차고, 호흡곤란, 발열 등) 등이 나타나는 경우 복용을 즉각 중지하고 의사 또는 약사와 상의하십시오.
","빛을 피해 실온에서 보관하십시오.

어린이의 손이 닿지 않는 곳에 보관하십시오.
"
8806427077913 ,화이투벤큐플러스 10C,"2,000",6427077913,6427,0779,8806427077913,8806427077913,64270779,OK,202300071,OK,"이 약은 감기의 제증상(여러 증상)(콧물, 코막힘, 재채기, 인후(목구멍)통, 기침, 가래, 오한(춥고 떨리는 증상), 발열, 두통, 관절통, 근육통)의 완화에 사용합니다.
","만 15세 이상 및 성인은 1회 2캡슐씩, 만 8세 이상~만 15세 미만은 1회 1캡슐씩, 1일 3회 식후 30분에 복용합니다.
","매일 세 잔 이상 정기적 음주자가 이 약 또는 다른 해열진통제를 복용할  때는 의사 또는 약사와 상의하십시오. 간손상을 일으킬 수 있습니다.

매우 드물게 치명적일 수 있는 급성 전신성 발진성 고름물집증, 스티븐스-존슨 증후군, 독성 표피 괴사용해와 같은 중대한 피부반응이 보고되었고 이 약 복용후 피부발진 또는 다른 과민반응의 징후가 나타나는 경우 즉시 복용을 중단하십시오.

아세트아미노펜으로 일일 최대 용량(4,000 mg)을 초과하여 복용하지 마십시오. 간손상을 일으킬 수 있습니다. 아세트아미노펜을 포함하는 다른 제품과 함께 복용하지 마십시오.

급성전신발진고름물집증과 같은 중증 피부 이상반응이 나타나는 경우 복용을 중단하고 의사 또는 약사와 상의하십시오.
","아세트아미노펜을 포함하는 다른 제품, MAO억제제(항우울제, 항정신병제, 감정조절제, 항파킨슨제 등), 진해(기침을 그치게 함)거담제(가래약), 다른 감기약, 해열진통제, 진정제, 항히스타민제를 함유하는 내복약(비염용 경구제, 멀미약, 알레르기용약)과 함께 복용하지 마십시오.

MAO억제제(항우울제, 항정신병제, 감정조절제, 항파킨슨제 등) 복용을 중단한 후 2주 이내의 사람은 이 약을 복용하지 마십시오.

바르비탈계 약물, 삼환계 항우울제 및 알코올을 투여한 환자, 당뇨약, 통풍약, 관절염약, 항응고제, 스테로이드제 등 다른 약물을 투여 받고 있는 사람은 의사 또는 약사와 상의하십시오.

복용 중에는 음주하지 마십시오.
","발진·발적, 가려움, 구역·구토, 식욕부진, 변비, 부기, 배뇨곤란, 목마름(지속적이거나 심한), 어지러움, 불안, 떨림, 불면, 쇽 증상(드물게 복용후 두드러기, 부종, 가슴답답함 등과 함께 안색이 창백하고, 손발이 차고, 식은땀, 숨쉬기 곤란함), 피부점막안증후군(스티븐스-존슨증후군), 중독성표피괴사용해(고열을 동반하고, 발진·발적, 화상과 같이 물집이 생기는 심한 증상), 천식, 전신의 나른함, 황달, 간질성폐렴(기침을 동반하고, 숨이 차고, 호흡곤란, 발열) 등이 나타나는 경우 복용을 즉각 중지하고 의사 또는 약사와 상의하십시오.

가역적 후뇌 병증 증후군 및 가역적 뇌혈관 수축 증후군의 증상(갑작스러운 심한 두통, 번개 두통, 구역, 구토, 혼돈, 발작, 시각 장애 등)이 나타나는 경우 복용을 즉각 중지하고 의사 또는 약사와 상의하십시오.
","습기와 빛을 피해 실온에서 보관하십시오.

어린이의 손이 닿지 않는 곳에 보관하십시오.
"
8806427078019 ,화이투벤큐플러스 코프 10C,"2,000",6427078019,6427,0780,8806427078019,8806427078019,64270780,OK,202300008,OK,"이 약은 감기의 제증상(여러 증상)(콧물, 코막힘, 재채기, 인후(목구멍)통, 기침, 가래, 오한(춥고 떨리는 증상), 발열, 두통, 관절통, 근육통)의 완화에 사용합니다.
","만 15세 이상 및 성인은 1일 3회, 1회 2캡슐 식후 30분에 복용합니다.

만 8세 이상~만 15세 미만은 1일 3회, 1회 1캡슐 식후 30분에 복용합니다.
","매일 세잔 이상 정기적 음주자가 이 약 또는 다른 해열진통제를 복용할 때는 의사 또는 약사와 상의하십시오. 간손상을 일으킬 수 있습니다.
매우 드물게 치명적일 수 있는 급성전신발진고름물집증, 스티븐스-존슨 증후군, 독성표피괴사용해와 같은 중대한 피부반응이 보고되었고 이 약 복용 후 피부발진 또는 다른 과민반응의 징후가 나타나는 경우 즉시 복용을 중단하십시오.
아세트아미노펜으로 일일 최대 용량(4,000 mg)을 초과하여 복용하지 마십시오. 간손상을 일으킬 수 있습니다. 아세트아미노펜을 포함하는 다른 제품과 함께 복용하지 마십시오.
","MAO억제제(항우울제, 항정신병제, 감정조절제, 항파킨슨제 등), 진해(기침을 그치게 함)거담제(가래약), 다른 감기약, 해열진통제, 진정제, 항히스타민제를 함유하는 내복약(비염(코염)용 경구제, 멀미약, 알레르기용약)과 함께 복용하지 마십시오.

복용 중 음주하지 마십시오.
","발진·발적, 가려움, 구역·구토, 식욕부진, 변비, 부종(부기), 배뇨(소변을 눔)곤란, 목마름(지속적이거나 심한), 어지러움, 드물게 쇽 증상(두드러기, 가슴답답함 등과 함께 안색이 창백하고, 손발이 차고, 식은땀, 숨쉬기 곤란함 등), 피부점막안증후군(스티븐스-존슨증후군), 독성표피괴사용해(리엘증후군), 천식, 간기능장애, 간질성폐렴이 나타나거나 5~6회 복용하여도 증상이 좋아지지 않을 경우 복용을 즉각 중지하고 의사 또는 약사와 상의하십시오.
","습기와 빛을 피해 실온에서 보관하십시오.

어린이의 손이 닿지 않는 곳에 보관하십시오.
"
8806427078118 ,화이투벤큐플러스 노즈 10C,"2,000",6427078118,6427,0781,8806427078118,8806427078118,64270781,OK,202300078,OK,"이 약은 감기의 제증상(여러 증상)(콧물, 코막힘, 재채기, 인후(목구멍)통, 기침, 가래, 오한(춥고 떨리는 증상), 발열, 두통, 관절통, 근육통)의 완화에 사용합니다.
","만 15세 이상 및 성인은 1일 3회, 1회 2캡슐 식후 30분에 복용합니다. 

만 8세 이상~ 만 15세 미만은 1일 3회, 1회 1캡슐 식후 30분에 복용합니다.
","매일 세잔 이상 정기적 음주자가 이 약 또는 다른 해열진통제를 복용할 때는 의사 또는 약사와 상의하십시오. 간손상을 일으킬 수 있습니다.

매우 드물게 치명적일 수 있는 급성전신발진고름물집증, 스티븐스-존슨 증후군, 독성표피괴사용해와 같은 중대한 피부반응이 보고되었고 이 약 복용 후 피부발진 또는 다른 과민반응의 징후가 나타나는 경우 즉시 복용을 중단하십시오.

아세트아미노펜으로 일일 최대 용량(4,000 mg)을 초과하여 복용하지 마십시오. 간손상을 일으킬 수 있습니다. 아세트아미노펜을 포함하는 다른 제품과 함께 복용하지 마십시오.

급성전신발진고름물집증과 같은 중증 피부 이상반응이 나타나는 경우 복용을 중단하고 의사 또는 약사와 상의하십시오.
","MAO 억제제(항우울제, 항정신병제, 감정조절제, 항파킨슨제 등), 진해(기침을 그치게 함)거담제(가래약), 다른 감기약, 해열진통제, 진정제, 항히스타민제를 함유하는 내복약(비염(코염)용 경구제, 멀미약, 알레르기용약)과 함께 복용하지 마십시오.

MAO 억제제(항우울제, 항정신병제, 감정조절제, 항파킨슨제 등) 복용을 중단한 후 2주 이내의 사람은 이 약을 복용하지 마십시오.

이 약을 복용하기 전에 당뇨약, 통풍약, 관절염약, 항응고제, 스테로이드제 등 다른 약물을 투여 받고 있는 사람은 의사 또는 약사와 상의하십시오.

바르비탈계 약물, 삼환계 항우울제 및 알코올을 투여한 환자는 다량의 아세트아미노펜을 대사시키는 능력이 감소되어 아세트아미노펜의 혈장 반감기를 증가시킬 수 있으므로 주의하십시오.

복용 중 음주하지 마십시오.
","발진·발적, 가려움, 구역·구토, 식욕부진, 변비, 부종(부기), 배뇨(소변을 눔)곤란, 목마름(지속적이거나 심한), 어지러움, 불안, 떨림, 불면, 드물게 쇽 증상(두드러기, 가슴답답함 등과 함께 안색이 창백하고, 손발이 차고, 식은땀, 숨쉬기 곤란함 등), 피부점막안증후군(스티븐스-존슨증후군), 독성표피괴사용해(리엘증후군), 천식, 간기능장애, 간질성폐렴이 나타나는 경우 복용을 즉각 중지하고 의사 또는 약사와 상의하십시오.

가역적 후뇌 병증 증후군 및 가역적 뇌혈관 수축 증후군의 증상(갑작스러운 심한 두통, 번개 두통, 구역, 구토, 혼돈, 발작, 시각 장애 등)이 나타나는 경우 복용을 즉각 중지하고 의사 또는 약사와 상의하십시오.
","습기와 빛을 피해 실온에서 보관하십시오.

어린이의 손이 닿지 않는 곳에 보관하십시오.
"
8806428003010 ,덴타포스 10C,"2,000",6428003010,6428,0030,8806428003010,8806428003010,64280030,OK,200201771,OK,"이 약은 치주치료 후 치은염, 경·중등도 치주염의 보조치료에 사용합니다.","성인은 1회 1캡슐, 1일 3회 식후에 복용합니다.",,,"발진, 발적, 설사, 식욕부진, 위부불쾌감, 구역, 구토, 구내염, 피부점막안증후군(스티븐스-존슨증후군), 독성표피괴사용해(발열, 홍반, 가려움, 안충혈, 구내염 등의 증상, 전신의 피부, 입과 목의 점막에 고열을 동반하는 발진·발적, 화상모양의 수종 등의 중증의 증상) 등이 나타나는 경우 복용을 즉각 중지하고 의사 또는 약사와 상의하십시오.",실온에서 보관하십시오.어린이의 손이 닿지 않는 곳에 보관하십시오.
8806428008114 ,비아핀 에멀젼 46.5g,"9,000",6428008114,6428,0081,8806428008114,8806428008114,64280081,OK,199604632,OK,"이 약은 1도, 2도 화상 및 기타 비감염성 피부상처, 방사선 치료에 의한 2차적 홍반(붉은 반점)에 사용합니다.",1도 화상인 경우 1일 2~4회 약물이 더 이상 흡수되지 않을 때까지 두껍게 바른 후 부드럽게 마사지합니다.2도 화상 및 기타 비감염성 피부상처인 경우 상처부위와 그 주위에 약물을 두껍게 바르고 항상 상처부위에 약물이 과량 존재하도록 반복해서 바르며 드레싱이 필요한 경우에는 이 약을 두껍게 바른 후(약 0.5 cm 두께로) 축축한 무균패드로 덮고 드레싱 합니다.방사선 치료에 의한 2차적 홍반(붉은 반점)인 경우 일정한 간격을 두고 1일 2~3회 방사선을 조사할 부위와 주위에 약물을 두껍게 바르고 부드럽게 마사지합니다.,,,"중등도의 일시적인 따끔따끔한 느낌, 드물게 접촉성알레르기가 나타날 수 있습니다.",실온에서 보관하십시오.
8806428028518 ,콜로덤 에스액 10ml,"8,000",6428028518,6428,0285,8806428028518,8806428028518,64280285,OK,201508488,OK,"이 약은 티눈, 굳은살, 사마귀에 사용합니다.","1일 1~3회 환부(질환 부위)에 바릅니다.이 약을 사용 시 질환부위에 하얀 필름층이 형성될 수 있으므로 재 적용시 이를 문지르거나 벗겨내어 제거하고 사용하고, 3~4일간 사용한 후 더운 물에 환부(질환 부위)를 담가 부드러워진 각질을 벗겨냅니다.이 약의 1일 최대 사용량은 2g이며 치료기간은 보통 1주일 이상 사용하지 않습니다.",,"메토트렉세이트, 설포닐우레아를 투여하는 경우 의사 또는 약사와 상의하십시오.","매우 드물게 피부의 과민반응(알러지성 접촉 피부염), 피부 표면의 작은 혈관의 돌출(모세 혈관 확장증), 갈색 반점, 햇빛에 노출 된 이후에 나타나는 피부반응(감광성), 피부의 염증(피부염)의 확장, 상단 피부 층의 박막화, 색소 침착, 탈색, 과도한 자극 등이 나타나는 경우 사용을 즉각 중지하고 의사 또는 약사와 상의하십시오.",습기와 빛을 피해 실온에서 보관하십시오.어린이의 손이 닿지 않는 곳에 보관하십시오.
8806428028617 ,하벤프레쉬나잘스프레이 15ml,"8,000",6428028617,6428,0286,8806428028617,8806428028617,64280286,OK,201601470,OK,"이 약은 코점막 보습 및 보호에 사용합니다.
","1회 사용 시 1~2회 좌우 비강에 분무하며, 1일 3회 사용합니다.
",,"이 약을 사용하기 전에 다른 약을 복용하고 있는 경우 의사 또는 약사와 상의하십시오.
","민감하거나 자극이 나타날 경우 사용을 중지하고 의사 또는 약사와 상의하십시오.
","빛을 피해 실온에서 보관하십시오.

어린이의 손이 닿지 않는 곳에 보관하십시오.

개봉 후 12주 이상 사용하지 마십시오.
"
8806428028716 ,하벤플러스 15ml,"8,000",6428028716,6428,0287,8806428028716,8806428028716,64280287,OK,201602094,OK,"이 약은 코감기(급성비염), 알레르기성 비염 또는 부비동염에 의한 코막힘, 콧물, 재채기, 머리무거움의 완화에 사용합니다.
","만 12세 이상 및 성인은 1회 1번씩 1일 1~3회 비강에 분무합니다.

연령 및 증상에 따라 적절히 증감하되 1일 3회를 넘지 않도록 합니다.

매회 최소 8시간 이상의 간격을 두고 적용합니다. 
",,"MAO 억제제(항우울제, 항정신병제, 감정조절제, 항파킨슨제 등), 디펜히드라민 및 그 염류 함유제제를 함께 사용하지 마십시오.

사용 중에는 음주하지 마십시오.
","발진·발적, 부종, 자극감, 가려움 등의 증상이 나타나는 경우 사용을 즉각 중지하고 의사 또는 약사와 상의하십시오.
","빛과 습기를 피해 실온에서 보관하십시오.

어린이의 손이 닿지 않는 곳에 보관하십시오.
"
8806428028921 ,멀스토 2EA,"2,000",6428028921,6428,0289,8806428028921,8806428028921,64280289,OK,201603600,OK,"이 약은 멀미에 의한 구역, 구토, 어지러움에 사용합니다.","12세 이상 청소년 및 성인은 1일 1회 1~2매를 혀 위에 놓고 녹여서 복용하고, 녹은 후에는 입안에 머금지 않고, 바로 삼킵니다.멀미의 예방에는 승차 1시간 전에 복용합니다.",,"알코올, 진정제, 정신안정제, 다른 진토제, 감기약, 해열진통제, 항히스타민제, 진해거담제, 모노아민산화효소저해제(MAO 억제제)와 함께 복용하지 마십시오.복용 중에는 알코올성 음료를 피하십시오.","어지러움, 발진, 발적(충혈되어 붉어짐), 가려움, 배뇨(소변을 눔) 어려움, 구강(입안)건조증상의 증가 혹은 지속 증상 등이 나타나는 경우 복용을 즉각 중지하고 의사 또는 약사와 상의하십시오.",습기와 빛을 피해 실온에서 보관하십시오.어린이의 손이 닿지 않는 곳에 보관하십시오.
8806429000810 ,더마큐 15g,"2,500",6429000810,6429,0008,8806429000810,8806429000810,64290008,OK,200500434,OK,"이 약은 습진, 땀띠, 피부 가려움, 알레르기 피부질환, 화상, 동상에 사용합니다.",1일 2~3회 환부(질환 부위)에 적당량 바릅니다.,,,"피부의 진균(칸디다증, 백선 등) 및 세균(전염성 고름딱지증, 오염 등) 감염증, 피부의 자극감, 발진, 빈도불명의 시야흐림 등이 나타나는 경우 사용을 즉각 중지하고 의사 또는 약사와 상의하십시오.",빛을 피해 실온에서 보관하십시오.어린이의 손이 닿지 않는 곳에 보관하십시오.
8806429000827 ,더마큐 30g,"5,000",6429000827,6429,0008,8806429000827,8806429000827,64290008,OK,200500434,OK,"이 약은 습진, 땀띠, 피부 가려움, 알레르기 피부질환, 화상, 동상에 사용합니다.",1일 2~3회 환부(질환 부위)에 적당량 바릅니다.,,,"피부의 진균(칸디다증, 백선 등) 및 세균(전염성 고름딱지증, 오염 등) 감염증, 피부의 자극감, 발진, 빈도불명의 시야흐림 등이 나타나는 경우 사용을 즉각 중지하고 의사 또는 약사와 상의하십시오.",빛을 피해 실온에서 보관하십시오.어린이의 손이 닿지 않는 곳에 보관하십시오.
8806429000933 ,덴큐 360T(병),"50,000",6429000933,6429,0009,8806429000933,8806429000933,64290009,OK,199604979,NO_ITEM,,,,,,
8806429007017 ,세노바액(딸기향) 60ml,"4,000",6429007017,6429,0070,8806429007017,8806429007017,64290070,OK,199800470,OK,"이 약은 계절성 및 다년성 알레르기성 비염, 알레르기성 결막염, 만성 특발성 두드러기, 피부소양증에 사용합니다.
","성인 및 12세 이상의 소아는 1일 1회 10 mg을 복용합니다.

2~12세 미만의 소아는 체중이 30 kg이상인 경우 1일 10 mg, 30 kg미만인 경우 1일 5 mg을 복용합니다.

이상반응에 민감한 환자의 경우에는 아침, 저녁으로 분할 복용하고, 연령, 증상에 따라 적절히 증감합니다.

신장애 환자의 투여 간격은 환자의 신기능에 따라 조절되어야 하고, 신장애를 가진 소아 환자는 환자의 신 청소율과 체중을 고려하여 개별적으로 용량을 조절해야 하므로 자세한 사항은 허가사항을 참고하십시오.
",,"이 약을 복용하는 동안 테오필린, 리토나비어, 과량의 알코올과 함께 복용하지 마십시오.
","졸음, 두통, 때때로 권태감, 마비감, 무력증, 초조, 감각이상, 드물게 가볍고 일시적인 나른함, 피로, 어지러움, 머리무거움, 흥분, 경련, 운동이상, 근육긴장이상, 실신, 떨림, 공격성, 혼돈, 우울, 환각, 불면증, 틱 장애, 기억상실, 기억장애, 자살관념, 악몽, 때때로 목마름, 입술건조감, 구역, 식욕부진, 위부불쾌감, 소화불량, 복통, 위통, 복부불쾌감, 설사, 드물게 구토, 위장장애, 입술염, 미각이상, 식욕증진, 드물게 빠른맥, 부정맥, 혈압상승, 때때로 두근거림, 혈관염, 때때로 백혈구 감소, 호중구 감소, 림프구 증가, 호산구 증가, 드물게 단구 증가, 혈소판 증가, 혈소판 감소, 광과민증, 드물게 과민증 및 과민성 쇼크, 때때로 부기, 가려움, 발진, 드물게 두드러기, 혈관신경성부종, 고정약물발진, 급성전신발진농포증, 드물게 흐린 시력, 결막충혈, 안조절 장애, 전후축의 안구운동, 현기증, 때때로 AST, ALT, ALP, 총빌리루빈, -GTP, LDH의 상승 등 간기능 장애, 황달, 간염, BUN 상승, 당뇨, 피섞인 소변, 드물게 배뇨 곤란, 야뇨증, 소변고임, 관절통, 인두염, 기침, 코피, 기관지경련, 청력이상, 시각이상, 때때로 가슴통증, 드물게 월경불순, 귀울림, 비염, 체중 증가가 나타나는 경우 복용을 즉각 중지하고 의사 또는 약사와 상의하십시오.

이 약 복용 중단 후 가려움증, 두드러기 등이 나타날 수 있습니다.
","빛을 피해 실온에서 보관하십시오.

어린이의 손이 닿지 않는 곳에 보관하십시오.
"
8806429010024 ,아로나민 골드 100T,"29,000",6429010024,6429,0100,8806429010024,8806429010024,64290100,OK,197000037,OK,"이 약은 육체피로, 임신ㆍ수유기, 병중ㆍ병후(병을 앓는 동안이나 회복 후)의 체력 저하 시, 노년기(간유, 비타민 D, E 함유시)의 비타민 B1, B2, B6, E, C의 보급과 신경통, 근육통, 관절통(요통, 어깨결림 등) 증상의 완화, 각기, 눈의 피로에 사용합니다.
","성인은 1회 1정씩, 1일 2회 복용합니다.
",,"레보도파와 함께 복용하지 마십시오.

에스트로겐을 포함한 경구용 피임제와 함께 복용 시 의사 또는 약사와 상의하십시오.
","위부불쾌감, 설사, 변비, 발진, 발적, 구역, 구토, 묽은 변, 구내염(입안염), 식욕부진, 복부팽만감, 생리가 예정보다 빨라지거나 양이 점점 많아질 수 있으며, 출혈이 오래 지속되는 증상이 나타나는 경우 즉각 복용을 중지하고 의사 또는 약사와 상의하십시오.
","습기와 빛을 피해 실온에서 보관하십시오.

어린이의 손이 닿지 않는 곳에 보관하십시오.
"
8806429010062 ,아로나민 골드 300T,"88,000",6429010062,6429,0100,8806429010062,8806429010062,64290100,OK,197000037,OK,"이 약은 육체피로, 임신ㆍ수유기, 병중ㆍ병후(병을 앓는 동안이나 회복 후)의 체력 저하 시, 노년기(간유, 비타민 D, E 함유시)의 비타민 B1, B2, B6, E, C의 보급과 신경통, 근육통, 관절통(요통, 어깨결림 등) 증상의 완화, 각기, 눈의 피로에 사용합니다.
","성인은 1회 1정씩, 1일 2회 복용합니다.
",,"레보도파와 함께 복용하지 마십시오.

에스트로겐을 포함한 경구용 피임제와 함께 복용 시 의사 또는 약사와 상의하십시오.
","위부불쾌감, 설사, 변비, 발진, 발적, 구역, 구토, 묽은 변, 구내염(입안염), 식욕부진, 복부팽만감, 생리가 예정보다 빨라지거나 양이 점점 많아질 수 있으며, 출혈이 오래 지속되는 증상이 나타나는 경우 즉각 복용을 중지하고 의사 또는 약사와 상의하십시오.
","습기와 빛을 피해 실온에서 보관하십시오.

어린이의 손이 닿지 않는 곳에 보관하십시오.
"
8806429010130 ,아로나민 씨플러스 100T,"32,000",6429010130,6429,0101,8806429010130,8806429010130,64290101,OK,200400325,OK,"이 약은 육체피로, 임신ㆍ수유기, 병중ㆍ병후(병을 앓는 동안이나 회복 후)의 체력 저하 시, 노년기의 비타민 B1, B2, B6, C, E의 보급과 신경통, 근육통, 관절통(요통, 어깨결림 등), 각기, 눈의 피로, 햇빛 ㆍ 피부병 등에 의한 색소침착(기미, 주근깨)의 완화, 잇몸출혈, 코피 예방과 아연의 보급에 사용합니다.
","만 12세 이상 어린이 및 성인은 1회 2정을 1일 1회 복용 또는 1회 1정씩 1일 2회 복용합니다.
","만 6세 이하의 어린이가 과량 복용 시 철분 중독성 사망을 일으킬 수 있으므로 어린이의 손에 닿지 않는 곳에 보관하십시오.
","인산염, 칼슘염, 경구용 테트라사이클린계 제제, 제산제, 레보도파와 함께 사용하지 마십시오.

이 약을 복용하기 전에 에스트로겐을 포함한 경구용 피임제, 항알도스테론제, 트리암테렌과 함께 사용 시 의사 또는 약사와 상의하십시오.

녹차, 홍차 등 탄닌을 함유하는 차는 복용 중, 복용 전후에는 피하십시오.
","위부불쾌감, 설사, 변비, 발진, 발적, 구역, 구토, 묽은 변, 구내염(입안염), 식욕부진, 복부팽만감, 두드러기, 가려움, 광선과민반응, 복부ㆍ위통증, 경련, 열, 혼수, 피부염, 땀 ㆍ 호흡시 악취, 탈모, 조급증, 위장관장애, 소화장애, 상복부통증, 저혈압, 폐부종, 생리가 예정보다 빨라지거나 양이 점점 많아질 수 있으며, 출혈이 오래 지속되는 증상이 나타나는 경우 복용을 즉각 중지하고 의사 또는 약사와 상의하십시오.
","습기와 빛을 피해 실온에서 보관하십시오.

어린이의 손이 닿지 않는 곳에 보관하십시오.
"
8806429010178 ,아로나민 씨플러스 300T,"85,000",6429010178,6429,0101,8806429010178,8806429010178,64290101,OK,200400325,OK,"이 약은 육체피로, 임신ㆍ수유기, 병중ㆍ병후(병을 앓는 동안이나 회복 후)의 체력 저하 시, 노년기의 비타민 B1, B2, B6, C, E의 보급과 신경통, 근육통, 관절통(요통, 어깨결림 등), 각기, 눈의 피로, 햇빛 ㆍ 피부병 등에 의한 색소침착(기미, 주근깨)의 완화, 잇몸출혈, 코피 예방과 아연의 보급에 사용합니다.
","만 12세 이상 어린이 및 성인은 1회 2정을 1일 1회 복용 또는 1회 1정씩 1일 2회 복용합니다.
","만 6세 이하의 어린이가 과량 복용 시 철분 중독성 사망을 일으킬 수 있으므로 어린이의 손에 닿지 않는 곳에 보관하십시오.
","인산염, 칼슘염, 경구용 테트라사이클린계 제제, 제산제, 레보도파와 함께 사용하지 마십시오.

이 약을 복용하기 전에 에스트로겐을 포함한 경구용 피임제, 항알도스테론제, 트리암테렌과 함께 사용 시 의사 또는 약사와 상의하십시오.

녹차, 홍차 등 탄닌을 함유하는 차는 복용 중, 복용 전후에는 피하십시오.
","위부불쾌감, 설사, 변비, 발진, 발적, 구역, 구토, 묽은 변, 구내염(입안염), 식욕부진, 복부팽만감, 두드러기, 가려움, 광선과민반응, 복부ㆍ위통증, 경련, 열, 혼수, 피부염, 땀 ㆍ 호흡시 악취, 탈모, 조급증, 위장관장애, 소화장애, 상복부통증, 저혈압, 폐부종, 생리가 예정보다 빨라지거나 양이 점점 많아질 수 있으며, 출혈이 오래 지속되는 증상이 나타나는 경우 복용을 즉각 중지하고 의사 또는 약사와 상의하십시오.
","습기와 빛을 피해 실온에서 보관하십시오.

어린이의 손이 닿지 않는 곳에 보관하십시오.
"
8806429017726 ,[일동] 엑소데릴 30ml,"6,000",6429017726,6429,0177,8806429017726,8806429017726,64290177,OK,198900345,OK,"이 약은 백선(족부백선, 수부백선, 고부백선(완선), 체부백선), 피부칸디다증, 어루러기, 조갑(손톱, 발톱) 진균증에 사용합니다.","피부진균증에 사용하는 경우 1일 1회(가능하면 취침시) 환부를 깨끗이 닦고 완전히 건조시킨 후 환부 및 그 주위의 피부에 얇게 바르고 부드럽게 문지르십시오.조갑(손톱, 발톱) 진균증에 사용하는 경우 손톱, 발톱을 짧게 깎고, 1일 1회(가능하면 취침시) 또는 필요에 따라 1일 2회(아침, 저녁) 얇게 바릅니다. 재발 방지를 위해 모든 증상이 소실된 후에도 약 2주간 더 사용합니다.",,다른 국소 적용 약물과 함께 사용 시 의사 또는 약사와 상의하십시오.,"드물게 작열감, 찔린 상처, 건조감, 홍반, 가려움, 국소자극 등이 나타날 수 있습니다.",실온에서 보관하십시오.어린이의 손이 닿지 않는 곳에 보관하십시오.
8806429020641 ,캐롤에프 10T,"2,000",6429020641,6429,0206,8806429020641,8806429020641,64290206,OK,200703429,OK,"이 약은 류마티스 관절염, 골관절염, 배통, 두통, 월경통, 외상후 소염ㆍ진통, 유행성 감기로 인한 발열 및 통증에 사용합니다.
","성인 및 12세 이상의 소아는 1회 1~2정을 4~6시간마다 물과 함께 복용하며 1일 최대 6정(이부프로펜으로서 1,200 mg)까지 복용할 수 있습니다.
",,"이 약을 복용하는 동안 바크로펜, 메토트렉세이트과 함께 복용하지 마십시오.

다른 해열진통제, 프로베네시드, 설핀피라존, 디곡신, 페니토인, 항고혈압제, 이뇨제, ACE억제제, 푸로세미드, 아스피린, 리튬, 경구용 항응혈제(와파린 등)를 복용하는 경우 의사 또는 약사와 상의하십시오.
","구역, 복부팽만감, 위통, 가슴앓이, 식욕부진, 설사, 변비, 구토, 위염, 잠재성출혈과다, 드물게 출혈을 동반한 소화기계의 궤양, 때때로 중추신경 이상반응, 두통, 우울, 현기증, 불면, 공포, 의식장애, 이명(귀울림), 난청, 약시, 드물게 두드러기, 자반, 가려움증, 발진, 매우 드물게 스티븐스-존슨증후군(피부점막안증후군), 광민감 반응(빈도불명), 다형성 홍반, 탈락 피부염, 독성표피괴사용해, 호산구 증가 및 전신 증후군을 동반한 약물발진(DRESS 증후군), 급성전신발진고름물집증, 드물게 황달, GOT, GPT, ALP의 상승, 드물게 재생불량성빈혈, 용혈성빈혈, 자가면역 출혈성빈혈, 출혈, 과립구감소, 혈소판감소, 혈소판기능저하(출혈시간 연장), 드물게 급성 신부전, 소변감소, 혈뇨 등의 증상 및 요단백, BUN, 혈중크레아티닌의 상승, 고칼륨혈증 등이 나타나는 경우 복용을 즉각 중지하고 의사 또는 약사와 상의하십시오.
","실온에서 보관하십시오.

어린이의 손이 닿지 않는 곳에 보관하십시오.
"
8806429026056 ,후루케어 200mg 10c,"2,500",6429026056,6429,0260,8806429026056,8806429026056,64290260,OK,200000559,OK,"이 약은 급ㆍ만성기관지염, 기관지천식, 후두염, 부비동염, 낭성섬유증의 질환에서 객담배출곤란에 사용합니다.","급성질환에 성인은 1회 1캡슐(200 mg)씩, 1일 3회, 6~14세는 1회 1캡슐(200 mg)씩, 1일 2회 식전에 소량의 물과 함께 복용합니다.만성질환에 성인은 1회 1캡슐(200 mg)씩, 1일 2회, 6~14세는 1회  1/2 캡슐(100 mg)씩, 1일 3회 식전에 소량의 물과 함께 복용합니다.낭성섬유증에 6세 이상은 1회 1캡슐(200 mg)씩, 1일 3회 식전에 소량의 물과 함께 복용합니다.",,"경구용 항생제(아목시실린, 세푸록심, 독시사이클린, 에리트로마이신, 티암페니콜)와 함께 복용 시 적어도 2시간 간격을 두고 복용하십시오.","드물게 구역, 구토, 구내염, 가슴쓰림, 설사, 두드러기, 가려움, 발진, 두통, 이명, 기관지경련(특히 천식 환자), 빈맥, 고혈압 등이 나타나는 경우 즉각 복용을 중지하고 의사 또는 약사와 상담하십시오.",실온에서 보관하십시오.어린이의 손이 닿지 않는 곳에 보관하십시오.
8806429046627 ,티로클 10g,"4,500",6429046627,6429,0466,8806429046627,8806429046627,64290466,OK,201309247,OK,"이 약은 티로트리신 감수성 균에 감염된 외상(예, 찰과상), 곪은 피부감염의 개선에 사용합니다.",감염된 부위에 1일 2~3회 적당량을 바릅니다.가벼운 상처나 점막 부위의 감염에는 드레싱이 필요하지 않으나 심한 삼출성 상처에는 드레싱이 권장되며 이 약을 1~2회 사용시마다 드레싱을 교체하는 것이 권장됩니다.,,,피부 화끈감 등의 과민반응이 나타나는 경우 사용을 즉각 중지하고 의사 또는 약사와 상의하십시오.,실온에서 보관하십시오.어린이의 손이 닿지 않는 곳에 보관하십시오.
8806429053212 ,아로나민 실버 프리미엄정 120T,"40,000",6429053212,6429,0532,8806429053212,8806429053212,64290532,OK,201500313,OK,"이 약은 육체피로, 임신ㆍ수유기, 병중ㆍ병후(병을 앓는 동안이나 회복 후)의 체력 저하 시, 발육기, 노년기의 비타민 A, D, E, B1, B2, B6, C의 보급과 신경통, 근육통, 관절통(요통, 어깨결림 등) 증상의 완화, 각기, 눈의 피로, 구각염(입꼬리염), 구순염(입술염), 구내염(입안염), 설염(혀염), 습진, 피부염 증상의 완화, 뼈, 이의 발육불량, 구루병의 예방에 사용합니다.","만 12세 이상 및 성인은 1회 1~2정씩, 1일 1회 식후에 복용합니다.","비타민 A를 1일 5,000 IU 이상 복용 시 선천성 기형을 일으킬 수 있습니다. 임신 3개월 이내 또는 임신하고 있을 가능성이 있는 여성은 복용하지 마십시오.만 6세 이하의 어린이가 과량 복용시 철분 중독성 사망을 일으킬 수 있으므로 어린이의 손에 닿지 않는 곳에 보관하십시오.","이 약을 복용하는 동안 인산염, 칼슘염, 경구용 테트라사이클린계 제제, 제산제, 레보도파를 복용하지 마십시오.강심배당체, 에스트로겐을 포함한 경구용 피임제, 항알도스테론제, 트리암테렌과 함께 복용 시 의사 또는 약사와 상의하십시오.녹차, 홍차 등 탄닌을 함유하는 차는 복용 중, 복용 전후에는 피하십시오.","구역, 구토, 가려움, 건조하고 거친 피부, 통증성 관절부종, 설사, 위부불쾌감, 변비, 발진, 발적, 묽은 변, 구내염(입안염), 저혈압, 얼굴달아오름, 심박동불규칙, 피부발진, 두드러기, 광선과민반응, 복부ㆍ위통증, 경련, 열, 혼수, 상복부 통증, 붉은 반점, 부전수축(심장박동정지), 중추신경계 기능저하, 피부염, 땀ㆍ호흡시 악취, 탈모, 조급증, 위장관장애, 소화장애, 폐부종, 생리가 예정보다 빨라지거나 양이 점점 많아질 수 있으며, 출혈이 오래 지속되는 등의 증상이 나타나는 경우 복용을 즉각 중지하고 의사 또는 약사와 상의하십시오.",습기와 빛을 피해 실온에서 보관하십시오.어린이의 손이 닿지 않는 곳에 보관하십시오.
8806429058019 ,무조라실쿨 20g,"6,000",6429058019,6429,0580,8806429058019,8806429058019,64290580,OK,201701134,OK,"이 약은 피부사상균에 의한 피부진균(곰팡이)감염증(무좀, 완선(사타구니백선), 백선)에 사용합니다.",1일 1회 적당량을 환부(질환 부위)에 도포합니다.,,,"발진 및 발적(충혈되어 붉어짐), 가려움, 부기, 자극감, 열감, 인비늘, 낙설(비듬이나 대와 같은 피부의 벗겨짐), 짓무름, 피부건조 및 피부가 당겨지는 느낌, 피부의 갈라짐 등이 나타나는 경우 사용을 즉각 중지하고 의사 또는 약사와 상의하십시오.",습기와 빛을 피해 실온에서 보관하십시오.어린이의 손이 닿지 않는 곳에 보관하십시오.
8806429059023 ,에너라민파워액,"150,000",6429059023,6429,0590,8806429059023,8806429059023,64290590,OK,201707611,OK,"이 약은 성인의 병적인 체중감소, 뚜렷한 원인이 없는 쇠약, 식욕부진, 무력증, 병후(병을 않고 난 회복 후) 회복기, 스테로이드 제제의 장기치료, 갑상선기능항진증 치료 등에서 비롯된 대사억제 상태, 간질환 및 신장질환에 의한 저단백혈증에 사용합니다.어린이는 미숙아, 유아, 어린이의 영양결핍에 의한 모든 증상, 성장지연, 저체중, 체중감소, 영양실조, 식욕부진, 감염 후 허약기에 사용합니다.",성인은 1일 2~3병을 복용합니다.어린이 및 청소년은 1일 1∼2병을 물에 희석(묽게 함)하여 복용합니다.유아 및 미숙아는 1일 1병을 물에 희석(묽게 함)하여 복용합니다.이 약은 상부용기 내의 산제와 하부용기 내의 액제가 분리되어 있으므로 복용 직전에 혼합하여 흔들어서 복용합니다.,,,혈액학적 이상 반응 등이 나타나는 경우 복용을 즉각 중지하고 의사 또는 약사와 상의하십시오.,습기와 빛을 피해 실온에서 보관하십시오.어린이의 손이 닿지 않는 곳에 보관하십시오.
8806429059412 ,푸레파인 연고 28g,"6,500",6429059412,6429,0594,8806429059412,8806429059412,64290594,OK,201705734,OK,이 약은 치열·치핵의 아픔·가려움·부종(부기)·출혈의 일시적 완화 및 소독에 사용합니다.,성인 및 청소년(만 15세 이상)은 1일 3회의 범위 내에서 환부에 직접 바릅니다.,,"이 약을 사용하는 동안 dl-메틸에페드린염산염, 스코폴리아 엑스 및 글리시리진산 함유 좌제 또는 연고제, 크림제, 혈압강하제, 항우울약을 사용하지 복용(사용)하지 마십시오.","부종(부기), 자극감, 알레르기 증상(발진, 충혈되어 붉어짐, 가려움 등), 출혈 등이 나타나는 경우 사용을 즉각 중지하고 의사 또는 약사와 상의하십시오.",습기와 빛을 피해 실온에서 보관하십시오.어린이의 손이 닿지 않는 곳에 보관하십시오.
8806429063921 ,푸레파인 마일드 좌제 10T,"9,900",6429063921,6429,0639,8806429063921,8806429063921,64290639,OK,202002671,OK,"이 약은 치열, 치핵의 아픔, 가려움, 부종(부기), 출혈의 일시적 완화에 사용합니다.
","만 15세 이상 및 성인은 1회 1개, 1일 3회의 범위 내에서 직장내에 삽입합니다.
",,"dl-메틸에페드린염산염, 스코폴리아 엑스 및 글리시리진산 함유 좌제 또는 연고제, 크림제, 혈압강하제, 항우울약과 함께 사용하지 마십시오.
","부종(부기), 자극감, 알레르기 증상(발진, 충혈되어 붉어짐, 가려움 등), 출혈 등이 나타나는 경우 사용을 즉각 중지하고 의사 또는 약사와 상의하십시오.
","습기와 빛을 피해 실온에서 보관하십시오.

어린이의 손이 닿지 않는 곳에 보관하십시오.
"
8806429064010 ,푸레파인 마일드 연고 28g,"6,500",6429064010,6429,0640,8806429064010,8806429064010,64290640,OK,202002514,OK,"이 약은 치열, 치핵의 아픔, 가려움, 부종(부기), 출혈의 일시적 완화 및 소독에 사용합니다.","성인 및 만 15세 이상은 도포하는 경우 1일 3회의 범위 내에서 환부에 직접 바릅니다.주입하는 경우 1회 2 g, 1일 3회의 범위 내에서 직장내 삽입하여 주입하고, 직장내 적용할 경우 주입기를 튜브에 끼우고 직장내 삽입합니다.",,"dl-메틸에페드린염산염, 스코폴리아 엑스 및 글리시리진산 함유 좌제 또는 연고제, 크림제, 혈압강하제, 항우울약과 함께 사용하지 마십시오.","부종(부기), 자극감, 알레르기 증상(발진, 충혈되어 붉어짐, 가려움 등), 출혈 등이 나타나는 경우 사용을 즉각 중지하고 의사 또는 약사와 상의하십시오.",습기와 빛을 피해 실온에서 보관하십시오.어린이의 손이 닿지 않는 곳에 보관하십시오.
8806429065512 ,아로나민 골드 프리미엄 120T,"50,000",6429065512,6429,0655,8806429065512,8806429065512,64290655,OK,202102039,OK,"이 약은 육체피로, 임신·수유기, 병중·병후(병을 앓는 동안이나 회복 후)의 체력 저하 시, 발육기, 노년기의 비타민 D, E, B1, B2, B6의 보급과 뼈, 이의 발육불량, 구루병의 예방, 각기, 눈의 피로, 신경통, 근육통, 관절통(요통, 어깨결림 등), 구각염(입꼬리염), 구순염(입술염), 구내염(입안염), 설염(혀염), 습진, 피부염 증상의 완화에 사용합니다. 
 
","8세 이상 및 성인은 1회 1정씩, 1일 1~2회 복용합니다. 
",,"에스트로겐을 포함한 경구용 피임제, 인산염, 칼슘염, 경구용 테트라사이클린계 제제, 제산제, 레보도파와 함께 복용하지 마십시오.
","구역, 구토, 설사, 묽은 변, 붉은 반점, 부전수축(심장박동정지), 중추신경계 기능저하, 피부염, 땀․호흡시 악취, 탈모, 조급증, 위장관장애, 소화장애, 상복부통증, 저혈압, 폐부종 등의 증상이 나타나는 경우 복용을 즉각 중지하고 의사 또는 약사와 상의하십시오.
","습기와 빛을 피해 실온에서 보관하십시오.

어린이의 손이 닿지 않는 곳에 보관하십시오.
"
8806429065536 ,아로나민 골드 프리미엄 180T,"60,000",6429065536,6429,0655,8806429065536,8806429065536,64290655,OK,202102039,OK,"이 약은 육체피로, 임신·수유기, 병중·병후(병을 앓는 동안이나 회복 후)의 체력 저하 시, 발육기, 노년기의 비타민 D, E, B1, B2, B6의 보급과 뼈, 이의 발육불량, 구루병의 예방, 각기, 눈의 피로, 신경통, 근육통, 관절통(요통, 어깨결림 등), 구각염(입꼬리염), 구순염(입술염), 구내염(입안염), 설염(혀염), 습진, 피부염 증상의 완화에 사용합니다. 
 
","8세 이상 및 성인은 1회 1정씩, 1일 1~2회 복용합니다. 
",,"에스트로겐을 포함한 경구용 피임제, 인산염, 칼슘염, 경구용 테트라사이클린계 제제, 제산제, 레보도파와 함께 복용하지 마십시오.
","구역, 구토, 설사, 묽은 변, 붉은 반점, 부전수축(심장박동정지), 중추신경계 기능저하, 피부염, 땀․호흡시 악취, 탈모, 조급증, 위장관장애, 소화장애, 상복부통증, 저혈압, 폐부종 등의 증상이 나타나는 경우 복용을 즉각 중지하고 의사 또는 약사와 상의하십시오.
","습기와 빛을 피해 실온에서 보관하십시오.

어린이의 손이 닿지 않는 곳에 보관하십시오.
"
8806429068018 ,엑세라민 엔,"60,000",6429068018,6429,0680,8806429068018,8806429068018,64290680,OK,202302440,OK,"이 약은 육체피로, 임신 및 수유기, 병을 앓는 동안이나 회복 후의 체력저하 시, 발육기, 노년기의 비타민 D, B1, B2, B6의 보급에 사용합니다.

이 약은 함유된 비타민 등을 통해 신경통, 근육통, 요통이나 어깨결림 등의 관절통, 구각염, 구순염, 구내염, 설염, 습진, 피부염 증상의 완화에 사용합니다.

이 약은 함유된 비타민 등을 통해 뼈나 이의 발육불량, 구루병의 예방, 각기, 눈의 피로에 사용합니다.
","만 8세 이상 및 성인은 1회 1정씩, 1일 1회 복용합니다.
",,"이 약을 복용하는 동안 인산염, 칼슘염, 경구용 테트라사이클린계 제제, 제산제, 레보도파를 복용하지 마십시오.

항알도스테론제, 트리암테렌과 병용투여 시 의사 또는 약사와 상의하십시오.

녹차, 홍차 등 탄닌을 함유하는 차는 복용 중, 복용 전후에는 피하십시오.
","구역, 구토, 설사, 묽은 변, 구내염, 식욕부진, 복부팽만감, 붉은 반점, 부전수축, 중추신경계 기능저하 등이 나타나는 경우 이 약의 복용을 즉각 중지하고 의사 또는 약사와 상의하십시오.
","습기와 빛을 피해 실온에서 보관하십시오.

어린이의 손이 닿지 않는 곳에 보관하십시오.
"
8806429068810 ,푸레파쎈600,"35,000",6429068810,6429,0688,8806429068810,8806429068810,64290688,OK,202401475,OK,"이 약은 정맥부전과 관련된 증상(다리 중압감, 통증)의 개선, 모세혈관 취약증에 의한 장애의 보조치료, 치질과 관련된 징후의 치료에 사용합니다.
","정맥 부전은 1회 1정(600 mg)씩, 1일 1회를 식사 시, 치질은 1회 1정(600 mg)씩, 1일 2~3회(1,200~1,800 mg)를 식사 시 복용합니다.
",,,"소화장애 등이 나타나는 경우 복용을 즉각 중지하고 의사 또는 약사와 상의하십시오.
","실온에서 보관하십시오.

어린이의 손이 닿지 않는 곳에 보관하십시오.
"
8806429068916 ,콘센비타800,"60,000",6429068916,6429,0689,8806429068916,8806429068916,64290689,OK,,NO_ITEMSEQ,,,,,,
8806429069015 ,로이히츠보코 156매,"15,000",6429069015,6429,0690,8806429069015,8806429069015,64290690,OK,202402581,NO_ITEM,,,,,,
8806429069718 ,판테놀케어 60g,"8,000",6429069718,6429,0697,8806429069718,8806429069718,64290697,OK,202500870,NO_ITEM,,,,,,
8806429070820 ,푸레파스피드 24T,"12,000",6429070820,6429,0708,8806429070820,8806429070820,64290708,OK,,NO_ITEMSEQ,,,,,,
8806432001316 ,미녹시딜3% 200ml,"25,000",6432001316,6432,0013,8806432001316,8806432001316,64320013,OK,200600191,OK,"이 약은 남성형 탈모증(안드로젠탈모증) 및 여성형 탈모증(안드로젠탈모증)의 치료에 사용합니다.
","남성은 모발과 두피를 완전히 건조시킨 후, 이 약 0.5~1 mL를 1일 2회(아침, 저녁), 최소 4개월 동안, 환부에만 바르고, 하루 총 투여량이 2 mL를 초과하지 마십시오.

여성은 모발과 두피를 완전히 건조시킨 후, 이 약 0.5 mL를 1일 2회(아침, 저녁), 최소 4개월 동안, 환부에만 바르고, 1일 총 투여량이 1.3 mL를 초과하지 마십시오.
",,"이 약을 사용하는 동안 다른 두피용 약물, 외용 코르티코이드, 레티노이드, 바셀린, 디트라놀 또는 경피흡수를 촉진시킨다고 알려진 약물, 구아네티틴 등의 혈관확장제를 함께 사용하지 마십시오.
","가려움, 인설, 홍반, 발적, 피부염, 피부건조, 이 약을 바른 부위 이외의 다모증(여성의 경우 안면털 성장), 모낭염, 작열감 및 피진을 포함한 국소 자극, 박리, 탈모, 피부 농양, 여드름, 조갑장애, 지루, 습진, 모발이상, 때때로 설사, 구역, 구토, 흉통, 혈압변화, 맥박변화, 심계항진, 심박동의 증가, 심낭삼출, 심막염, 전색, 빈맥, 기존에 존재하던 협심증의 악화 또는 진단 받지 않은 관상동맥질환자에서 협심증의 유발, 기관지염, 상기도 감염증, 부비동염, 호흡곤란, 호흡의 단축, 골절, 배통, 건염, 동통, 신경염(다발성 신경염 등), 쇠약, 어지럼, 두통, 몽롱함, 실신, 간염, 부종, 신결석, 염 및 체액저류, 열, 두드러기, 알레르기비염, 전신성 홍반 및 안면부종, 오한, 안구자극, 쓴맛, 이염(특히 외이염), 미각변화, 시력장애, 발기부전, 찌르는 것 같은 아픔, 갑작스러운 원인불명의 체중증가 등이 나타나는 경우 사용을 즉각 중지하고 의사 또는 약사와 상의하십시오.
","습기와 빛을 피해 실온에서 보관하십시오.

어린이의 손이 닿지 않는 곳에 보관하십시오.

화기 근처에 두지 마십시오.
"
8806432001422 ,미녹시딜5% 200ml,"25,000",6432001422,6432,0014,8806432001422,8806432001422,64320014,OK,200600194,OK,"이 약은 남성형 탈모증(안드로젠탈모증)의 치료에 사용합니다.
","모발과 두피를 완전히 건조시킨 후, 이 약 0.5~1 mL를 1일 2회(아침, 저녁), 최소 4개월 동안 환부에만 바르고, 하루 총 투여량이 2 mL를 초과하지 마십시오.
",,"이 약을 사용하는 동안 다른 두피용 약물, 외용 코르티코이드, 레티노이드, 바셀린, 디트라놀 또는 경피흡수를 촉진시킨다고 알려진 약물, 구아네티틴 등의 혈관확장제를 함께 사용하지 마십시오.
","가려움, 인설, 홍반, 발적, 피부염, 피부건조, 이 약을 바른 부위 이외의 다모증(여성의 경우 안면털 성장), 모낭염, 작열감 및 피진을 포함한 국소 자극, 박리, 탈모, 피부 농양, 여드름, 조갑장애, 지루, 습진, 모발이상, 때때로 설사, 구역, 구토, 흉통, 혈압변화, 맥박변화, 심계항진, 심박동의 증가, 심낭삼출, 심막염, 전색, 빈맥, 기존에 존재하던 협심증의 악화 또는 진단 받지 않은 관상동맥질환자에서 협심증의 유발, 기관지염, 상기도 감염증, 부비동염, 호흡곤란, 호흡의 단축, 골절, 배통, 건염, 동통, 신경염(다발성 신경염 등), 쇠약, 어지럼, 두통, 몽롱함, 실신, 간염, 부종, 신결석, 염 및 체액저류, 열, 두드러기, 알레르기비염, 전신성 홍반 및 안면부종, 오한, 안구자극, 쓴맛, 이염(특히 외이염), 미각변화, 시력장애, 발기부전, 찌르는 것 같은 아픔, 갑작스러운 원인불명의 체중증가 등이 나타나는 경우 사용을 즉각 중지하고 의사 또는 약사와 상의하십시오.
","빛을 피해 실온에서 보관하십시오.

어린이의 손이 닿지 않는 곳에 보관하십시오.

화기 근처에 두지 마십시오.
"
8806432002948 ,디퓨탭 10T,"2,500",6432002948,6432,0029,8806432002948,8806432002948,64320029,OK,200001172,OK,"이 약은 류마티양 관절염, 연소성 류마티양 관절염, 골관절염(퇴행성 관절질환), 감기로 인한 발열 및 동통, 요통, 월경곤란증, 수술후 동통과 강직성 척추염, 두통, 치통, 근육통, 신경통, 급성통풍, 건선성 관절염, 연조직손상(염좌, 좌상), 비관절 류마티스질환(건염, 건초염, 활액낭염)에 사용합니다.
","류마티양 관절염, 골관절염, 강직성 척추염, 연조직손상, 비관절 류마티스질환, 급성통풍, 건선성 관절염에 성인은 1회1정, 1일 2회 복용하며, 1일 최 3200 mg까지 복용할 수 있습니다.

연소성 류마티양 관절염에는 1일 체중 kg당 30~40 mg을 2회 분할하여 복용하며, 경증 및 중등도의 동통이나 감기에는 성인 1회 1정, 1일 2회 복용합니다.

권장용량을 초과하여 복용하지 마십시오.
","매일 세 잔 이상 정기적 음주자가 이 약 또는 다른 해열진통제를 복용할  때는 의사 또는 약사와 상의하십시오. 위장출혈을 일으킬 수 있습니다.

이 약 복용시 치명적일 수 있는 중대한 심혈관계 혈전 반응, 심근경색증, 뇌졸중의 위험이 증가하며, 위장관 출혈, 궤양 및 천공 등 심각한 위장관계 이상반응이 나타날 수 있습니다.
","다른 비스테로이드성 소염진통제, 저용량 아스피린, 고용량의 메토트렉세이트와 함께 복용하지 마십시오.

ACE 저해제, 리튬, 푸로세미드 및 티아지드계 이뇨제, 쿠마린계 항응혈제(와파린 등), 선택적 세로토닌 재흡수억제제와 함께 복용 시 의사 또는 약사와 상의하십시오.
","쇽 증상(가슴쓰림, 오한, 호흡곤란, 혈압저하), 헤마토크릿 감소, 헤모글로빈 감소, 빈혈, 재생불량성빈혈, 용혈성빈혈, 무과립구증, 과립구감소, 백혈구감소, 혈소판감소, 혈소판기능저하(출혈시간 연장), 호산구증가 등의 혈액장애, 소화성궤양, 위장관궤양, 위장출혈, 천공(뚫림), 궤양성 대장염, 혈변, 위염, 췌장염, 혈액구토, 크론병, 식욕부진, 구역, 구토, 복통, 소화불량, 설사, 위부불쾌감, 상복부 통증, 구갈, 구내염, 복부팽만감, 구강궤양, 변비, 흑변, 피부점막안증후군(스티븐스-존슨증후군), 독성표피괴사용해(리엘증후군), 광민감 반응, 빈도불명의 호산구 증가 및 전신 증후군을 동반한 약물 발진(DRESS 증후군), 혈관신경성 부종, 수포성피부염, 다형성 홍반, 반구진 발진, 피부 붉어짐, 수포(물집), 발진, 탈락 피부염, 급성전신발진고름물집증, 간염, 황달, GOT, GPT, ALP의 상승 등과 같은 간기능이상, 간장애, 과민증 또는 아나필락시스 반응, 천식발작, 두드러기, 습진, 자반(자주색반점), 발진, 가려움증, 천식, 기관지수축, 호흡곤란 또는 쌕쌕거림, 시야불능부위 등 시각장애, 난청(귀먹음), 귀울림, 미각이상, 현기증, 졸음, 어지러움, 우울, 두통, 뇌혈관 사고 또는 신경질, 무균성 수막염 또는 수막염(심한 두통, 구역, 구토, 불면, 목이 뻣뻣함, 발열 또는 의식장애 등의 증상), 혈압상승, 심계항진(두근거림), 심부전, 심근경색증 또는 협심증, 급성신부전, 핍뇨(소변감소), 혈뇨, 요단백, BUN, 혈중크레아티닌의 상승, 고칼륨혈증, 간질성 콩팥염, 콩팥염증후군, 콩팥유두괴사, 요량 감소, 전신부종 및 이에 수반하는 숨가쁨, 나른함, 눈주변 부기, 얼굴부기, 권태감, 발열, 코피, 말초부종 등이 나타나는 경우 복용을 즉각 중지하고 의사 또는 약사와 상의하십시오.
","실온에서 보관하십시오.

어린이의 손이 닿지 않는 곳에 보관하십시오.
"
8806432002962 ,디퓨탭 30T,"6,000",6432002962,6432,0029,8806432002962,8806432002962,64320029,OK,200001172,OK,"이 약은 류마티양 관절염, 연소성 류마티양 관절염, 골관절염(퇴행성 관절질환), 감기로 인한 발열 및 동통, 요통, 월경곤란증, 수술후 동통과 강직성 척추염, 두통, 치통, 근육통, 신경통, 급성통풍, 건선성 관절염, 연조직손상(염좌, 좌상), 비관절 류마티스질환(건염, 건초염, 활액낭염)에 사용합니다.
","류마티양 관절염, 골관절염, 강직성 척추염, 연조직손상, 비관절 류마티스질환, 급성통풍, 건선성 관절염에 성인은 1회1정, 1일 2회 복용하며, 1일 최 3200 mg까지 복용할 수 있습니다.

연소성 류마티양 관절염에는 1일 체중 kg당 30~40 mg을 2회 분할하여 복용하며, 경증 및 중등도의 동통이나 감기에는 성인 1회 1정, 1일 2회 복용합니다.

권장용량을 초과하여 복용하지 마십시오.
","매일 세 잔 이상 정기적 음주자가 이 약 또는 다른 해열진통제를 복용할  때는 의사 또는 약사와 상의하십시오. 위장출혈을 일으킬 수 있습니다.

이 약 복용시 치명적일 수 있는 중대한 심혈관계 혈전 반응, 심근경색증, 뇌졸중의 위험이 증가하며, 위장관 출혈, 궤양 및 천공 등 심각한 위장관계 이상반응이 나타날 수 있습니다.
","다른 비스테로이드성 소염진통제, 저용량 아스피린, 고용량의 메토트렉세이트와 함께 복용하지 마십시오.

ACE 저해제, 리튬, 푸로세미드 및 티아지드계 이뇨제, 쿠마린계 항응혈제(와파린 등), 선택적 세로토닌 재흡수억제제와 함께 복용 시 의사 또는 약사와 상의하십시오.
","쇽 증상(가슴쓰림, 오한, 호흡곤란, 혈압저하), 헤마토크릿 감소, 헤모글로빈 감소, 빈혈, 재생불량성빈혈, 용혈성빈혈, 무과립구증, 과립구감소, 백혈구감소, 혈소판감소, 혈소판기능저하(출혈시간 연장), 호산구증가 등의 혈액장애, 소화성궤양, 위장관궤양, 위장출혈, 천공(뚫림), 궤양성 대장염, 혈변, 위염, 췌장염, 혈액구토, 크론병, 식욕부진, 구역, 구토, 복통, 소화불량, 설사, 위부불쾌감, 상복부 통증, 구갈, 구내염, 복부팽만감, 구강궤양, 변비, 흑변, 피부점막안증후군(스티븐스-존슨증후군), 독성표피괴사용해(리엘증후군), 광민감 반응, 빈도불명의 호산구 증가 및 전신 증후군을 동반한 약물 발진(DRESS 증후군), 혈관신경성 부종, 수포성피부염, 다형성 홍반, 반구진 발진, 피부 붉어짐, 수포(물집), 발진, 탈락 피부염, 급성전신발진고름물집증, 간염, 황달, GOT, GPT, ALP의 상승 등과 같은 간기능이상, 간장애, 과민증 또는 아나필락시스 반응, 천식발작, 두드러기, 습진, 자반(자주색반점), 발진, 가려움증, 천식, 기관지수축, 호흡곤란 또는 쌕쌕거림, 시야불능부위 등 시각장애, 난청(귀먹음), 귀울림, 미각이상, 현기증, 졸음, 어지러움, 우울, 두통, 뇌혈관 사고 또는 신경질, 무균성 수막염 또는 수막염(심한 두통, 구역, 구토, 불면, 목이 뻣뻣함, 발열 또는 의식장애 등의 증상), 혈압상승, 심계항진(두근거림), 심부전, 심근경색증 또는 협심증, 급성신부전, 핍뇨(소변감소), 혈뇨, 요단백, BUN, 혈중크레아티닌의 상승, 고칼륨혈증, 간질성 콩팥염, 콩팥염증후군, 콩팥유두괴사, 요량 감소, 전신부종 및 이에 수반하는 숨가쁨, 나른함, 눈주변 부기, 얼굴부기, 권태감, 발열, 코피, 말초부종 등이 나타나는 경우 복용을 즉각 중지하고 의사 또는 약사와 상의하십시오.
","실온에서 보관하십시오.

어린이의 손이 닿지 않는 곳에 보관하십시오.
"
8806432005024 ,비가졸액 120ml,"7,000",6432005024,6432,0050,8806432005024,8806432005024,64320050,OK,199600829,OK,"이 약은 효모균에 의한 다음의 피부질환(비듬, 지루피부염, 어루러기)에 사용합니다.","감염 부위(몸통, 얼굴, 두피, 머리카락)에 이 약을 바르고 일반 샴푸처럼 3~5분간 적용한 후에 헹구어 냅니다.치료기간은 비듬 및 지루피부염 치료 시 1주 2회, 2~4주, 재발 방지 시 1~2주마다 1회 적용하고, 어루러기 치료시 1일 1회, 최대 5일, 재발방지 시 일광에 노출하기 전 단일 요법으로 1일 1회, 최대 3일간 적용합니다.",,"동종의 항진균제(미코나졸, 에코나졸, 이소코나졸 등)와 함께 사용 시 의사 또는 약사와 상의하십시오.","적용부위에 화상, 결막염, 눈자극, 눈물흘림 증가, 탈모, 지각과민, 모낭염, 고름물집, 발진, 압통, 여드름, 탈모, 피부건조, 피부장애, 머릿결 이상, 머리카락 색 변화, 모낭염, 미각이상, 두드러기 등이 나타날 수 있습니다.과민증상 및 자극감이 나타나는 경우 사용을 즉각 중지하고 의사 또는 약사와 상의하십시오.",습기와 빛을 피해 실온에서 보관하십시오.어린이의 손이 닿지 않는 곳에 보관하십시오.
8806432006014 ,[동성] 쎄레론지 30g,"3,000",6432006014,6432,0060,8806432006014,8806432006014,64320060,OK,200300640,OK,"이 약은 2차 감염된 알레르기성 또는 염증성 피부질환 (습진, 접촉피부염, 지루피부염, 아토피피부염, 광피부염, 만성단순태선, 간찰진(피부스침증), 박탈피부염, 가려움, 건선(마른비늘증)), 1도 화상에 사용합니다.",1일 1~3회 환부(질환분위)에 적당량을 바릅니다.,,,"전염성 농가진(고름딱지증), 모낭염, 바이러스성 감염, 부스럼, 피부자극, 자통(찌름 통증), 발열, 작열감(화끈감), 가려움, 발진, 발적(충혈되어 붉어짐), 홍조, 부종, 구진, 소수포(물집), 피부건조, 농포(고름물집)성피부염, 땀띠, 상처 악화, 욕창, 농포(고름물집)증, 과민증, 피부변색, 다모(털과다)증, 여드름상발진, 색소침착저하증, 입주위피부염, 알레르기성접촉피부염, 피부짓무름, 2차감염, 피부위축, 줄무늬, 안검피부에 사용 시 안압 상승, 녹내장(시야흐림) 등이 나타나는 경우 사용을 즉각 중지하고 의사 또는 약사와 상의하십시오.",실온에서 보관하십시오.어린이의 손이 닿지 않는 곳에 보관하십시오.
8806432008537 ,유그린에프 50g,"5,000",6432008537,6432,0085,8806432008537,8806432008537,64320085,OK,200607786,OK,"이 약은 진행성 지장각피증(주부습진의 건조형), 손·발바닥 각피증, 어린선(魚鱗蘚), 노인성 건피증, 모공성태선, 아토피 피부에 사용합니다.",환부를 씻은 다음 1일 1~수회 이 약을 바른 후 충분히 문지릅니다.,,"코르티코이드, 디트라놀, 5-플루오로우라실을 함께 사용 시 의사 또는 약사와 상의하십시오.","통증, 열감, 때때로 홍조, 가려움 등이 나타날 수 있습니다.과민증상, 때때로 습진화, 피부의 균열(갈라짐), 구진, 따끔따끔한 느낌, 작열감, 인설, 드물게 부종, 건조화 등이 나타나는 경우 사용을 즉각 중지하고 의사 또는 약사와 상의하십시오.",실온에서 보관하십시오.어린이의 손이 닿지 않는 곳에 보관하십시오.
8806432013517 ,바로비크림 10g,"3,000",6432013517,6432,0135,8806432013517,8806432013517,64320135,OK,200801957,OK,"이 약은 단순포진(물집) 바이러스 감염증(초기 및 재발성 생식기 포진(물집)과 구순포진(물집) 포함)에 사용합니다.
","약 4시간 간격으로 1일 5회 환부(질환 부위)에 바릅니다.

치료는 5일간 계속하여야 하며, 5일간 사용 후에도 치료되지 않을 경우에는 5일간 더 사용할 수 있습니다.
",,"프로베네시드를 투여한 환자는 의사 또는 약사와 상의하십시오.
","압통 등의 불쾌감, 일시적인 작열감, 자통을 포함하는 가벼운 동통 및 접촉피부염, 홍반성 발진, 습진, 알레르기반응 및 때때로 도포부위의 자극감, 가려움, 외음염, 안면 부종, 피부 탈색, 두드러기, 발진, 소수포성 발진, 피부 벗겨짐 등이 나타날 수 있습니다.
","실온에서 보관하십시오.
"
8806432027910 ,바르핀쿨크림 20g,"7,000",6432027910,6432,0279,8806432027910,8806432027910,64320279,OK,201507235,OK,"이 약은 피부사상균에 의한 피부진균(곰팡이)감염증(무좀, 완선(사타구니백선), 백선)에 사용합니다.",1일 1회 적당량을 환부(질환 부위)에 도포합니다.,,,"발진 및 발적(충혈되어 붉어짐), 가려움, 부기, 자극감, 열감, 인비늘, 낙설(비듬이나 대와 같은 피부의 벗겨짐), 짓무름, 피부건조 및 피부가 당겨지는 느낌, 피부의 갈라짐 등이 나타나는 경우 사용을 즉각 중지하고 의사 또는 약사와 상의하십시오.",습기와 빛을 피해 실온에서 보관하십시오.어린이의 손이 닿지 않는 곳에 보관하십시오.
8806432029716 ,치스민 60C,"15,000",6432029716,6432,0297,8806432029716,8806432029716,64320297,OK,201800133,OK,"이 약은 정맥부전과 관련된 증상(다리 중압감, 통증 등)의 개선, 모세혈관 취약증에 의한 장애의 보조치료, 치질과 관련된 징후의 치료에 사용합니다.
","성인은 1회 1캡슐(300 mg)씩, 1일 2회 (점심, 저녁 식사 시) 복용합니다.

치질의 재발이나 악화 시에는 1일 4~6캡슐(1,200~1,800 mg)까지 복용할 수 있습니다.

연령, 증상에 따라 적절히 증감합니다.
",,,"소화장애가 나타나는 경우 복용을 즉각 중지하고 의사 또는 약사와 상의하십시오.
","실온에서 보관하십시오.

어린이의 손이 닿지 않는 곳에 보관하십시오.
"
8806432029815 ,정로환에프 100환,"5,500",6432029815,6432,0298,8806432029815,8806432029815,64320298,OK,201802464,OK,"이 약은 설사, 체함, 묽은 변, 토사에 사용합니다.
","성인 및 만 15세 이상은 1회 3환씩, 만 11세 이상 ~ 만 15세 미만은 1회 2환씩, 만 8세 이상 ~ 만 11세 미만은 1회 1환씩, 1일 3회 식후에 복용합니다.

복용간격은 4시간 이상으로 합니다.
",,,"드물게 식욕부진, 위부불쾌감 등이 나타나는 경우 복용을 즉각 중지하고 의사 또는 약사와 상의하십시오.
","습기와 빛을 피해 실온에서 보관하십시오.

어린이의 손이 닿지 않는 곳에 보관하십시오.
"
8806432030224 ,정로환에프 36T,"4,500",6432030224,6432,0302,8806432030224,8806432030224,64320302,OK,201803204,OK,"이 약은 설사, 체함, 묽은 변, 토사에 사용합니다.
","만 15세 이상 및 성인은  1회 4정씩, 만 8세 이상 ~ 만 15세 미만은 1회 2정씩, 1일 3회 식후에 복용합니다.
복용간격은 4시간 이상으로 하십시오.
",,,"식욕부진, 위부불쾌감 등이 나타나는 경우 복용을 즉각 중지하고 의사 또는 약사와 상의하십시오.
","습기와 빛을 피해 실온에서 보관하십시오.

어린이의 손이 닿지 않는 곳에 보관하십시오.
"
8806432030637 ,디알클린 0.5ml*30,"7,000",6432030637,6432,0306,8806432030637,8806432030637,64320306,OK,201604460,OK,"이 약은 안구건조증이나 바람·태양에 노출되어 생기는 화끈거리는 증상, 자극감, 불쾌감을 일시적으로 완화 및 안구자극감 예방에 사용합니다.","필요시 증상이 있는 눈에 1~2방울을 점안하고 점안 후 남은 액과 용기는 버립니다.다른 점안제와 동시에 사용할 경우, 희석 효과를 피하기 위해 적어도 15분의 간격을 두고 점안합니다.",,,"통증, 시야변화, 지속적인 충혈이나 자극감을 경험하거나, 증상이 악화되거나 72시간 이상 지속되는 경우 사용을 즉각 중지하고 의사 또는 약사와 상의하십시오.",상온에서 보관하십시오.어린이의 손이 닿지 않는 곳에 보관하십시오.
8806432033515 ,록소앤 튜브타입 50g,"7,000",6432033515,6432,0335,8806432033515,8806432033515,64320335,OK,202001082,OK,"이 약은 요통, 어깨 결림에 따른 어깨 통증, 관절통, 근육통, 건초염(손·손목 통증), 팔꿈치 통증(테니스 엘보우 등), 타박상, 염좌(삠)에 사용합니다.
","증상에 따라 적당량을 1일 3~4회 환부(질환부위)에 바르고 잘 스며들도록 가볍게 문지릅니다.

연속 2주 이상 사용하지 마십시오.
",,"다른 국소 진통소염약물과 함께 사용하지 마십시오.
","쇽 증상(두드러기, 부종, 가슴 답답함 등과 함께 안색이 창백하고, 손발이 차고, 식은땀, 숨쉬기 곤란함 등), 발진, 발적, 가려움, 부어오름, 따끔거림, 염증 및 물집, 색소 침착, 배가 거북함, 상복부 통증, 설사, 묽은 변, 부종 등이 나타나는 경우 사용을 즉각 중지하고 의사 또는 약사와 상의하십시오.
","습기와 빛을 피해 실온에서 보관하십시오.

어린이의 손이 닿지 않는 곳에 보관하십시오.
"
8806432033522 ,록소앤겔(롤온) 50g,"7,000",6432033522,6432,0335,8806432033522,8806432033522,64320335,OK,202001082,OK,"이 약은 요통, 어깨 결림에 따른 어깨 통증, 관절통, 근육통, 건초염(손·손목 통증), 팔꿈치 통증(테니스 엘보우 등), 타박상, 염좌(삠)에 사용합니다.
","증상에 따라 적당량을 1일 3~4회 환부(질환부위)에 바르고 잘 스며들도록 가볍게 문지릅니다.

연속 2주 이상 사용하지 마십시오.
",,"다른 국소 진통소염약물과 함께 사용하지 마십시오.
","쇽 증상(두드러기, 부종, 가슴 답답함 등과 함께 안색이 창백하고, 손발이 차고, 식은땀, 숨쉬기 곤란함 등), 발진, 발적, 가려움, 부어오름, 따끔거림, 염증 및 물집, 색소 침착, 배가 거북함, 상복부 통증, 설사, 묽은 변, 부종 등이 나타나는 경우 사용을 즉각 중지하고 의사 또는 약사와 상의하십시오.
","습기와 빛을 피해 실온에서 보관하십시오.

어린이의 손이 닿지 않는 곳에 보관하십시오.
"
8806432034512 ,바르핀케어네일라카 5ml,"15,000",6432034512,6432,0345,8806432034512,8806432034512,64320345,OK,202106262,OK,"이 약은 조갑진균증(손, 발톱무좀)에 사용합니다.
","손발을 씻고 건조시킨 후 취침 전에 하루에 한번 얇은 막이 형성되도록 환부에 바릅니다.

손발톱전체와 손발톱 주위 5 mm의 피부, 가능하면 손발톱끝의 아래부분에 바릅니다. 30초 정도 건조 시킨 후 적어도 6시간 동안은 씻지 않아야 하므로 취침 전에 바르도록 합니다.

이 약은 유기용매나 긁어내지 않고 물로도 충분히 제거되므로 만약 의도치 않게 물에 씻었다면 이 약을 다시 바릅니다.

정기적으로 자라난 손발톱끝 부분과 환부는 가위나 손톱깎이 등으로 잘라줍니다. 적용기간은 건강한 손발톱이 자랄 때까지 지속해야 하는데 일반적으로, 손톱의 경우는 대략 6개월 발톱의 경우는 9~12개월이 예상됩니다.

만약 효과가 없거나 환부(질환 부위)가 광범위할 경우 의사와 상담하십시오.

남아 있는 활성성분이 배양결과에 영향을 주는 것을 피하기 위해 배양검사는 치료가 끝난 후 4주 후에 합니다.

특정 연령층에 대하여 용량조절은 필요하지 않습니다.

이 약물에 내약성이 있거나 한 개이상의 손발톱에서 광범위한 침투가 있는 경우 추가적인 경구 치료를 고려해 보아야 합니다.
",,,"자극성접촉성피부염, 매우 드물게 국소적으로 홍반, 비늘, 작열감, 가려움 등이 나타날 수 있습니다.
","습기와 빛을 피해 실온에서 보관하십시오.

어린이의 손이 닿지 않는 곳에 보관하십시오.

냉장보관하지 마십시오.

사용한 후 병마개를 잘 닫아 보관하고, 개봉 후 6개월 이상 사용은 피하십시오.

화기 근처에 두지 마십시오.
"
8806432034727 ,토스롱S 20ml x 5P,"3,000",6432034727,6432,0347,8806432034727,8806432034727,64320347,OK,202301116,OK,"이 약은 멀미에 의한 어지러움·구토·두통의 예방 및 완화에 사용합니다.
","만 15세 이상 1포, 만 11세 이상~만 15세 미만 2/3포, 만 7세 이상~만 11세 미만 1/2포, 만 3세 이상~만 7세 미만 1/3포를 승차 30분 전에 복용합니다.

필요시 추가 복용할 경우에는 1회 1포 를 4시간 이상의 간격을 두고 복용하며, 1일 복용횟수는 2회를 넘지 마십시오.
",,"다른 진토제, 감기약, 해열진통제, 항히스타민제, 진정제, 진해(기침을 그치게 함)거담제(가래약), 위장진통·진경(경련완화)제 등과 함께 복용하지 마십시오.

복용 중 음주하지 마십시오.
","발진, 충혈되서 붉어짐, 가려움, 두통, 안면홍조, 눈부심, 배뇨(소변을 눔)장애,  구갈(목마름) 또는 변비가 나타나는 경우 복용을 즉각 중지하고 의사 또는 약사와 상의하십시오.
","습기와 빛을 피해 실온에서 보관하십시오.

어린이의 손이 닿지 않는 곳에 보관하십시오.

1포를 분할한 후 잔량을 사용할 경우에는 입구를 잘 봉하여 보관하고 2일 이내 사용하십시오.
"
8806432035021 ,이엠지 스피드 더블액션 20ml x 5P,"8,000",6432035021,6432,0350,8806432035021,8806432035021,64320350,OK,202401065,OK,"이 약은 육체피로, 임신·수유기, 병중·병후(병을 앓는 동안이나 회복 후)의 체력저하시 비타민 B2, B6의 보급에 사용합니다.

이 약은 구각염(입꼬리염), 구순염(입술염), 구내염(입안염), 설염(혀염), 습진, 피부염 증상의 완화에 사용합니다.

이 약은 마그네슘결핍으로 인한 근육경련에 사용합니다.
","만 12세 이상 및 성인은 1일 1회, 1회 20 mL씩, 식간에(식사때와 식사때 사이에) 복용합니다.
",,"인산염, 칼슘염, 경구(먹는)용 테트라사이클린계 제제, 제산제, 레보도파와 함께 복용하지 마십시오.

항알도스테론제, 트리암테렌을 함께 복용 시 의사 또는 약사와 상의하십시오.

녹차, 홍차 등 탄닌을 함유하는 차는 복용 중, 복용 전후에는 피하십시오.
","붉은 반점, 설사, 부전수축(심장박동정지), 중추신경계 기능저하 등이 나타나는 경우 복용을 즉각 중지하고 의사 또는 약사와 상의하십시오.
","습기와 빛을 피해 실온에서 보관하십시오.

어린이의 손이 닿지 않는 곳에 보관하십시오.
"
8806432035113 ,디클리어 25ml,"7,000",6432035113,6432,0351,8806432035113,8806432035113,64320351,OK,202401155,OK,"이 약은 겨드랑이, 손, 발에서 과도하게 땀이 나는 다한증에 사용합니다.
","저녁에 적용 부위에 적당량을 바른 후, 다음 날 아침에 물로 씻어 제거하십시오.

땀이 나는 발한이 멈출 때까지는 매일 밤에 한번씩, 증상이 나아질 경우에는 일주일에 1~2회 사용으로 줄이십시오.
",,"제모제는 이 약 사용하기 전 또는 후로부터 12시간 이내에는 질환 부위에 사용하지 마십시오.
","이 약 사용 후 땀분비의 감소가 일시적으로 자극감이나 충혈되어 붉어지는 발적을 초래할 수 있습니다. 이런 증상이 심해지는 경우 이 약의 사용을 일시 중단하십시오.

적용부위에 대해 자극감, 피부염을 포함한 과민반응 등이 나타나는 경우 이 약의 사용을 즉각 중지하고 의사 또는 약사와 상의하십시오.

드물게 통증, 가려움증, 홍반, 발진 및 피부 작열감 등의 적용부위반응이 나타나는 경우 이 약의 사용을 즉각 중지하고 의사 또는 약사와 상의하십시오.
","빛을 피해 섭씨 25도 이하의 서늘한 곳에 보관하십시오.

온도, 햇볕, 습도 등을 주의하여 보관하십시오.
"
8806433025212 ,젤콤정 500mg 1T,"1,000",6433025212,6433,0252,8806433025212,8806433025212,64330252,OK,198800154,OK,"이 약은 회충, 요충, 편충, 십이지장충의 감염 및 이들 혼합감염의 치료에 사용합니다.",성인 및 소아는 1정(500 mg)을 1회 복용합니다.,,,"드물게 일과성 구역, 복통, 설사, 발진, 두드러기, 혈관부종 등이 나타나는 경우 복용을 즉각 중지하고 의사 또는 약사와 상의하십시오.",습기와 빛을 피해 실온에서 보관하십시오.어린이의 손이 닿지 않는 곳에 보관하십시오.
8806433025328 ,젤콤현탁액 15ml x 2P,"2,500",6433025328,6433,0253,8806433025328,8806433025328,64330253,OK,199300228,OK,"이 약은 회충, 요충, 편충, 십이지장충의 감염 및 이들 혼합감염의 치료에 사용합니다.",성인 및 소아는 15 mL(500 mg)을 1회 복용합니다.,,,"드물게 일과성 구역, 복통, 설사, 발진, 두드러기, 혈관부종 등이 나타나는 경우 복용을 즉각 중지하고 의사 또는 약사와 상의하십시오.",습기와 빛을 피해 실온에서 보관하십시오.어린이의 손이 닿지 않는 곳에 보관하십시오.
8806433050214 ,펜잘큐 10T,"2,500",6433050214,6433,0502,8806433050214,8806433050214,64330502,OK,200810700,OK,"이 약은 두통, 치통, 발치(이를 뽑음)후 동통(통증), 인후통, 귀의 통증, 관절통, 신경통, 허리통, 근육통, 어깨결림, 타박통, 골절통, 염좌통(삔 통증), 월경통(생리통), 외상(상처)통의 진통, 오한, 발열 시의 해열에 사용합니다.
","만 15세 이상 및 성인은 1회 1정씩, 만 11세 이상~만 15세 미만은 1회 1/2 ~ 2/3정씩, 만 8세 이상~만 11세 미만은 1회 1/2정씩, 1일 3회 빈 속을 피하여 4시간 이상 간격을 두고 복용합니다.
","매일 세잔 이상 정기적 음주자가 이 약 또는 다른 해열진통제를 복용할 때는 의사 또는 약사와 상의하십시오. 간손상을 일으킬 수 있습니다.

매우 드물게 치명적일 수 있는 급성전신발진고름물집증, 스티븐스-존슨증후군, 독성표피괴사용해와 같은 중대한 피부반응이 보고되었고 이 약 복용 후 피부발진 또는 다른 과민반응의 징후가 나타나는 경우 즉시 복용을 중단하십시오.

아세트아미노펜으로 일일 최대 용량(4,000 mg)을 초과하여 복용하지 마십시오. 간손상을 일으킬 수 있습니다. 아세트아미노펜을 포함하는 다른 제품과 함께 복용하지 마십시오.
","다른 해열진통제, 감기약, 진정제와 함께 복용하지 마십시오.

바르비탈계 약물, 삼환계 항우울제, 알코올, 이뇨제, 당뇨약, 통풍약, 관절염약, 항응고제, 스테로이드제 등과 함께 복용 시 의사 또는 약사와 상의하십시오.
","발진·발적(충혈되어 붉어짐), 가려움, 구역·구토, 식욕부진, 변비, 위통, 소화관출혈, 위부불쾌감, 어지러움, 난청(귀먹음), 부종(부기), 이명(귀울림), 드물게 쇽 증상(복용 후 바로 두드러기, 부종(부기), 가슴답답함 등과 함께 안색이 창백하고, 손발이 차고, 식은땀, 숨쉬기 곤란함), 피부점막안증후군(스티븐스-존슨증후군), 독성표피괴사용해(리엘증후군), 천식, 전신의 나른함, 황달 등이 나타나는 경우 복용을 즉각 중지하고 의사 또는 약사와 상의하십시오.
","습기와 빛을 피해 실온에서 보관하십시오.

어린이의 손이 닿지 않는 곳에 보관하십시오.
"
8806433052317 ,류파프카타플라스마 6P,"3,000",6433052317,6433,0523,8806433052317,8806433052317,64330523,OK,200905268,OK,"이 약은 퇴행성관절염(골관절염), 어깨관절주위염, 건ㆍ건초염, 건주위염, 상완골상과염(테니스 엘보우 등), 근육통, 외상후의 종창ㆍ동통의 진통ㆍ소염(항염)에 사용합니다.",약면의 박리지를 떼어낸 후 1회 1매를 1일 2회 환부에 붙입니다.,,,"때때로 가려움, 홍반, 발적, 피부염(발진, 습진), 접촉피부염, 드물게 자극감 또는 수포 등이 나타나는 경우 사용을 즉각 중지하고 의사 또는 약사와 상의하십시오.",실온에서 보관하십시오.
8806433052324 ,류파프카타플라스마(H-TYPE) 6P,"3,000",6433052324,6433,0523,8806433052324,8806433052324,64330523,OK,200905268,OK,"이 약은 퇴행성관절염(골관절염), 어깨관절주위염, 건ㆍ건초염, 건주위염, 상완골상과염(테니스 엘보우 등), 근육통, 외상후의 종창ㆍ동통의 진통ㆍ소염(항염)에 사용합니다.",약면의 박리지를 떼어낸 후 1회 1매를 1일 2회 환부에 붙입니다.,,,"때때로 가려움, 홍반, 발적, 피부염(발진, 습진), 접촉피부염, 드물게 자극감 또는 수포 등이 나타나는 경우 사용을 즉각 중지하고 의사 또는 약사와 상의하십시오.",실온에서 보관하십시오.
8806433062811 ,모드코S 코감기 10C,"2,500",6433062811,6433,0628,8806433062811,8806433062811,64330628,OK,201203128,OK,"이 약은 감기의 여러 증상(콧물, 코막힘, 재채기, 인후통, 기침, 가래, 오한(춥고 떨리는 증상), 발열, 두통, 관절통, 근육통)의 완화에 사용합니다.
","만 15세 이상 및 성인은 1회 2캡슐씩, 만 8세 이상~만 15세 미만은 1회 1캡슐씩, 1일 3회 식후 30분에 복용합니다.
","매일 세 잔 이상 정기적 음주자가 이 약 또는 다른 해열진통제를 복용할 때는 의사 또는 약사와 상의하십시오. 간손상을 일으킬 수 있습니다.

급성전신발진고름물집증과 같은 중증 피부 이상반응이 나타나는 경우 복용을 중단하고 의사 또는 약사와 상의하십시오.

매우 드물게 치명적일 수 있는 급성전신발진고름물집증, 스티븐스-존슨증후군, 독성표피괴사용해와 같은 중대한 피부반응이 보고되었고 이 약 복용 후 피부발진 또는 다른 과민반응의 징후가 나타나는 경우 즉시 복용을 중단하십시오.

아세트아미노펜으로 일일 최대 용량(4,000 mg)을 초과하여 복용하지 마십시오. 간손상을 일으킬 수 있습니다. 아세트아미노펜을 포함하는 다른 제품과 함께 복용하지 마십시오.
","진해거담제, 다른 감기약, 해열진통제, 진정제, 항히스타민제를 함유하는 내복약(비염용 경구제, 멀미약, 알레르기용약)과 함께 복용하지 마십시오.

MAO억제제(항우울제, 항정신병제, 감정조절제, 항파킨슨제 등)를 복용하고 있거나 복용을 중단한 후 2주 이내의 사람은 이 약을 복용하지 마십시오.

바르비탈계 약물, 삼환계 항우울제 및 알코올, 당뇨약, 통풍약, 관절염약, 항응고제, 스테로이드제 등과 함께 복용 시 의사 또는 약사와 상의하십시오.

복용 중에는 음주하지 마십시오.
","발진·발적(충혈되어 붉어짐), 가려움, 구역·구토, 식욕부진, 변비, 부기, 배뇨(소변을 눔)곤란, 목마름(지속적이거나 심한), 어지러움, 불안, 떨림, 불면, 드물게 쇽 증상(복용후 바로 두드러기, 부종(부기), 가슴답답함 등과 함께 안색이 창백하고, 손발이 차고, 식은땀, 숨쉬기 곤란함), 피부점막안증후군(스티븐스-존슨증후군), 독성표피괴사용해(리엘증후군: 고열을 동반하고, 발진·발적, 화상과 같이 물집이 생기는 등의 심한 증상), 천식, 전신의 나른함, 황달, 기침, 숨이 참, 호흡곤란, 발열 등이 나타나는 경우 복용을 즉각 중지하고 의사 또는 약사와 상의하십시오.

가역적 후뇌 병증 증후군 및 가역적 뇌혈관 수축 증후군의 증상(갑작스러운 심한 두통, 번개 두통, 구역, 구토, 혼돈, 발작, 시각 장애 등)이 나타나는 경우 복용을 즉각 중지하고 의사 또는 약사와 상의하십시오.
","습기와 빛을 피해 실온에서 보관하십시오.

어린이의 손이 닿지 않는 곳에 보관하십시오.
"
8806433062910 ,모드콜S 종합감기 10C,"2,500",6433062910,6433,0629,8806433062910,8806433062910,64330629,OK,201204330,OK,"이 약은 감기의 여러 증상(콧물, 코막힘, 재채기, 인후통, 기침, 가래, 오한(춥고 떨리는 증상), 발열, 두통, 관절통, 근육통)의 완화에 사용합니다.
","만 15세 이상 및 성인은 1회 2캡슐씩, 만 8세 이상~만 15세 미만은 1회 1캡슐씩, 1일 3회 식후 30분에 복용합니다.
","매일 세 잔 이상 정기적 음주자가 이 약 또는 다른 해열진통제를 복용할 때는 의사 또는 약사와 상의하십시오. 간손상을 일으킬 수 있습니다.

급성전신발진고름물집증과 같은 중증 피부 이상반응이 나타나는 경우 복용을 중단하고 의사 또는 약사와 상의하십시오.

매우 드물게 치명적일 수 있는 급성전신발진고름물집증, 스티븐스-존슨증후군, 독성표피괴사용해와 같은 중대한 피부반응이 보고되었고 이 약 복용 후 피부발진 또는 다른 과민반응의 징후가 나타나는 경우 즉시 복용을 중단하십시오.

아세트아미노펜으로 일일 최대 용량(4,000 mg)을 초과하여 복용하지 마십시오. 간손상을 일으킬 수 있습니다. 아세트아미노펜을 포함하는 다른 제품과 함께 복용하지 마십시오.
","진해거담제, 다른 감기약, 해열진통제, 진정제, 항히스타민제를 함유하는 내복약(비염용 경구제, 멀미약, 알레르기용약)과 함께 복용하지 마십시오.

MAO 억제제(항우울제, 항정신병제, 감정조절제, 항파킨슨제 등)를 복용하고 있거나 복용을 중단한 후 2주 이내의 사람은 이 약을 복용하지 마십시오.

바르비탈계 약물, 삼환계 항우울제 및 알코올, 당뇨약, 통풍약, 관절염약, 항응고제, 스테로이드제 등과 함께 복용 시 의사 또는 약사와 상의하십시오.

복용 중에는 음주하지 마십시오.
","발진·발적(충혈되어 붉어짐), 가려움, 구역·구토, 식욕부진, 변비, 부기, 배뇨곤란, 목마름(지속적이거나 심한), 어지러움, 불안, 떨림, 불면, 드물게 쇽 증상(복용후 바로 두드러기, 부종(부기), 가슴답답함 등과 함께 안색이 창백하고, 손발이 차고, 식은땀, 숨쉬기 곤란함), 피부점막안증후군(스티븐스-존슨증후군), 독성표피괴사용해(리엘증후군: 고열을 동반하고, 발진·발적, 화상과 같이 물집이 생기는 등의 심한 증상), 천식, 전신의 나른함, 황달, 기침, 숨이 참, 호흡곤란, 발열 등이 나타나는 경우 복용을 즉각 중지하고 의사 또는 약사와 상의하십시오.

가역적 후뇌 병증 증후군 및 가역적 뇌혈관 수축 증후군의 증상(갑작스러운 심한 두통, 번개 두통, 구역, 구토, 혼돈, 발작, 시각 장애 등)이 나타나는 경우 복용을 즉각 중지하고 의사 또는 약사와 상의하십시오.
","습기와 빛을 피해 실온에서 보관하십시오.

어린이의 손이 닿지 않는 곳에 보관하십시오.
"
8806433062927 ,모드콜S 종합감기 연질캡슐 20C,"4,000",6433062927,6433,0629,8806433062927,8806433062927,64330629,OK,201204330,OK,"이 약은 감기의 여러 증상(콧물, 코막힘, 재채기, 인후통, 기침, 가래, 오한(춥고 떨리는 증상), 발열, 두통, 관절통, 근육통)의 완화에 사용합니다.
","만 15세 이상 및 성인은 1회 2캡슐씩, 만 8세 이상~만 15세 미만은 1회 1캡슐씩, 1일 3회 식후 30분에 복용합니다.
","매일 세 잔 이상 정기적 음주자가 이 약 또는 다른 해열진통제를 복용할 때는 의사 또는 약사와 상의하십시오. 간손상을 일으킬 수 있습니다.

급성전신발진고름물집증과 같은 중증 피부 이상반응이 나타나는 경우 복용을 중단하고 의사 또는 약사와 상의하십시오.

매우 드물게 치명적일 수 있는 급성전신발진고름물집증, 스티븐스-존슨증후군, 독성표피괴사용해와 같은 중대한 피부반응이 보고되었고 이 약 복용 후 피부발진 또는 다른 과민반응의 징후가 나타나는 경우 즉시 복용을 중단하십시오.

아세트아미노펜으로 일일 최대 용량(4,000 mg)을 초과하여 복용하지 마십시오. 간손상을 일으킬 수 있습니다. 아세트아미노펜을 포함하는 다른 제품과 함께 복용하지 마십시오.
","진해거담제, 다른 감기약, 해열진통제, 진정제, 항히스타민제를 함유하는 내복약(비염용 경구제, 멀미약, 알레르기용약)과 함께 복용하지 마십시오.

MAO 억제제(항우울제, 항정신병제, 감정조절제, 항파킨슨제 등)를 복용하고 있거나 복용을 중단한 후 2주 이내의 사람은 이 약을 복용하지 마십시오.

바르비탈계 약물, 삼환계 항우울제 및 알코올, 당뇨약, 통풍약, 관절염약, 항응고제, 스테로이드제 등과 함께 복용 시 의사 또는 약사와 상의하십시오.

복용 중에는 음주하지 마십시오.
","발진·발적(충혈되어 붉어짐), 가려움, 구역·구토, 식욕부진, 변비, 부기, 배뇨곤란, 목마름(지속적이거나 심한), 어지러움, 불안, 떨림, 불면, 드물게 쇽 증상(복용후 바로 두드러기, 부종(부기), 가슴답답함 등과 함께 안색이 창백하고, 손발이 차고, 식은땀, 숨쉬기 곤란함), 피부점막안증후군(스티븐스-존슨증후군), 독성표피괴사용해(리엘증후군: 고열을 동반하고, 발진·발적, 화상과 같이 물집이 생기는 등의 심한 증상), 천식, 전신의 나른함, 황달, 기침, 숨이 참, 호흡곤란, 발열 등이 나타나는 경우 복용을 즉각 중지하고 의사 또는 약사와 상의하십시오.

가역적 후뇌 병증 증후군 및 가역적 뇌혈관 수축 증후군의 증상(갑작스러운 심한 두통, 번개 두통, 구역, 구토, 혼돈, 발작, 시각 장애 등)이 나타나는 경우 복용을 즉각 중지하고 의사 또는 약사와 상의하십시오.
","습기와 빛을 피해 실온에서 보관하십시오.

어린이의 손이 닿지 않는 곳에 보관하십시오.
"
8806433063016 ,모드코프S 목감기 10C,"2,500",6433063016,6433,0630,8806433063016,8806433063016,64330630,OK,201204389,OK,"이 약은 감기의 여러 증상(인후통, 기침, 가래, 오한(춥고 떨리는 증상), 발열, 두통, 관절통, 근육통)의 완화에 사용합니다.
","만 15세 이상 및 성인은 1회 2캡슐씩, 만 8세 이상~만 15세 미만은 1회 1캡슐씩, 1일 3회 식후 30분에 복용합니다.
","매일 세 잔 이상 정기적 음주자가 이 약 또는 다른 해열진통제를 복용할 때는 의사 또는 약사와 상의하십시오. 간손상을 일으킬 수 있습니다.

매우 드물게 치명적일 수 있는 급성전신발진고름물집증, 스티븐스-존슨증후군, 독성표피괴사용해와 같은 중대한 피부반응이 보고되었고 이 약 복용 후 피부발진 또는 다른 과민반응의 징후가 나타나는 경우 즉시 복용을 중단하십시오.

아세트아미노펜으로 일일 최대 용량(4,000 mg)을 초과하여 복용하지 마십시오. 간손상을 일으킬 수 있습니다. 아세트아미노펜을 포함하는 다른 제품과 함께 복용하지 마십시오.
","진해거담제, 다른 감기약, 해열진통제, 진정제, 항히스타민제를 함유하는 내복약(비염용 경구제, 멀미약, 알레르기용약)과 함께 복용하지 마십시오.

바르비탈계 약물, 삼환계 항우울제 및 알코올, 당뇨약, 통풍약, 관절염약, 항응고제, 스테로이드제 등과 함께 복용 시 의사 또는 약사와 상의하십시오.

복용 중에는 음주하지 마십시오.
","발진·발적(충혈되어 붉어짐), 가려움, 구역·구토, 식욕부진, 변비, 부기, 어지러움, 불안, 떨림, 불면, 드물게 쇽 증상(복용후 바로 두드러기, 부종(부기), 가슴답답함 등과 함께 안색이 창백하고, 손발이 차고, 식은땀, 숨쉬기 곤란함), 피부점막안증후군(스티븐스-존슨증후군), 독성표피괴사용해(리엘증후군: 고열을 동반하고, 발진·발적, 화상과 같이 물집이 생기는 등의 심한 증상), 천식, 전신의 나른함, 황달, 기침, 숨이 참, 호흡곤란, 발열 등이 나타나는 경우 복용을 즉각 중지하고 의사 또는 약사와 상의하십시오.
","습기와 빛을 피해 실온에서 보관하십시오.

어린이의 손이 닿지 않는 곳에 보관하십시오.
"
8806433065928 ,프리페민 90T,"40,000",6433065928,6433,0659,8806433065928,8806433065928,64330659,OK,201307607,NO_ITEM,,,,,,
8806433069315 ,낙센 250mg 10C,"2,000",6433069315,6433,0693,8806433069315,8806433069315,64330693,OK,201501592,OK,"이 약은 류마티양 관절염, 골관절염(퇴행성 관절질환), 강직성 척추염, 건염(힘줄염), 급성통풍, 월경곤란증과 활액(윤활)낭염, 골격근장애(염좌(삠), 좌상(타박상), 외상(상처), 요천통(허리통증), 수술후 동통(통증), 편두통, 발치(이를 뽑음)후 동통(통증)에 사용합니다.
","성인은 류마티양 관절염, 골관절염, 강직성 척추염에는 1회 1~2캡슐(250~500 mg), 1일 2회(12시간마다), 급성통풍에는 초회량(처음 복용량)으로 3캡슐(750 mg) 복용하고 발작이 소실(없어짐)될 때까지 8시간 간격으로 1캡슐(250 mg)을 복용합니다.

골격근장애, 수술후 동통(통증), 발치(이를 뽑음)후 동통(통증), 월경곤란증, 건염(힘줄염), 활액(윤활)낭염에는 초회량(처음 복용량)으로 2캡슐(500 mg)을 복용한 후 6~8시간 간격으로 1캡슐(250 mg)씩 복용하고 1일 총용량이 5캡슐(1,250 mg)을 초과하지 않도록 합니다.

편두통에는 초회량(처음 복용량)으로 3캡슐(750 mg)을 복용하고 필요하면 1일 1~2캡슐(250 ~ 500 mg)을 더 복용할 수 있으며 초회량(처음 복용량)의 복용 30분 후에 복용합니다. 1일 총용량이 5캡슐(1,250 mg)을 초과하지 않도록 합니다.
","매일 세잔 이상 정기적 음주자가 이 약 또는 다른 해열진통제를 복용할 때는 의사 또는 약사와 상의하십시오. 위장출혈을 일으킬 수 있습니다.

이 약 복용 시 치명적일 수 있는 중대한 심혈관계 혈전 반응, 심근경색증, 뇌졸중의 위험이 증가하며, 위장관 출혈, 궤양 및 천공 등 심각한 위장관계 이상반응이 나타날 수 있습니다.
","다른 비스테로이드성 소염진통제 및 나프록센 유도체와 함께 복용하지 마십시오.

히단토인계 항간질제, 설파제, 설포닐요소계 혈당강하제, 프로프라놀롤 및 다른 -차단제, ACE 저해제(캅토프릴 등), 루프계 및 티아지드계 이뇨제, 프로베네시드, 아스피린, 리튬, 메토트렉세이트, 쿠마린계 항응혈제(와파린 등), 지도부딘, 뉴퀴놀론계 항생물질(에녹사신 등)과 함께 복용 시 의사 또는 약사와 상의하십시오.
","드물게 쇽증상(호흡곤란, 혈압강하, 서맥(느린 맥), 식은땀, 부종(부기) 등), PIE증후군(호산구증가를 수반하는 폐침윤 : 발열, 천명(숨을 쌕쌕거림), 기침, 가래를 동반함), 두드러기, 때때로 발진, 가려움 등의 과민증상, 토혈(혈액구토), 위장출혈, 소화성궤양, 천공(뚫림), 드물게 무과립구증, 호산구증다, 백혈구감소, 혈소판감소, 재생불량성빈혈, 용혈성(적혈구파괴성)빈혈, 혈소판 기능저하, 무균성 수막염(심한 두통, 구역, 구토, 불면, 목이 뻣뻣함, 발열 또는 의식장애), 때때로 습진, 발한(땀이 남), 자반(자주색 반점) 드물게 광과민증, 탈모, 발적(충혈되어 붉어짐), 괴사성용해, 다형성홍반(여러 모양의 붉은 반점), 피부점막안증후군(스티븐스-존슨증후군), 두드러기, 표피수포증, 호산구 증가 및 전신 증상 동반 약물 반응, 고정약물발진, 탈락성 피부염, 독성 표피괴사 등이 나타나는 경우 복용을 즉각 중지하고 의사 또는 약사와 상의하십시오.

때때로 위부불쾌감, 위통, 복통(배아픔), 구역, 구토, 식욕부진, 소화불량, 가슴쓰림, 설사, 변비, 구내염(입안염), 드물게 복부팽만감, 흑변, 구갈, 드물게 GOT, GPT 상승, 황달, 간염, 신장애(신장장애), 사구체 신염(신장염), 혈뇨, 고칼륨혈증, 간질성신염(신장염), 신증후군, 신장(콩팥) 유두괴사, 단백뇨(단백질이 섞인 오줌), 때때로 졸음, 인식기능장애, 드물게 현기(어지러움), 두통, 수족저림, 정력감퇴, 피로, 우울, 비정상적인 꿈, 집중능력 상실, 지남력상실, 불면, 근육통, 근쇠약, 이명(귀울림), 청각장애, 시각장애, 때때로 부종(부기), 호흡곤란, 드물게 심계항진(두근거림), 근무력증(근육무력증), 울혈성심부전, 호산구성 폐렴, 아나필락시양 반응, 월경장애, 오한(춥고 떨리는 증상)과 발열, 맥관염(혈관염), 고혈당, 저혈당 등이 나타날 수 있습니다.
","실온에서 보관하십시오.

어린이의 손이 닿지 않는 곳에 보관하십시오.
"
8806433090425 ,모드콜 콜드시럽(성인용) 15ml x 5P,"2,500",6433090425,6433,0904,8806433090425,8806433090425,64330904,OK,202203513,OK,"이 약은 감기의 제증상(콧물, 코막힘, 재채기, 인후통, 기침, 가래, 오한, 발열, 두통, 관절통, 근육통)의 완화에 사용합니다.
","만 15세 이상은 1회 15 ml, 만 11세 이상~만 15세 미만은 10 ml, 만 7세 이상~만 11세 미만은 7.5 ml, 만 3세이상~만 7세 미만은 5 ml, 만 2세 이상~만 3세 미만은 3.75 ml씩, 1일 3회 식후 30분 및 필요한 경우 취침시에 복용합니다.

원칙적으로 복용간격은 4시간으로 합니다.
","매일 세 잔 이상 정기적 음주자가 이 약 또는 다른 해열진통제를 복용할  때는 의사 또는 약사와 상의하십시오. 간손상을 일으킬 수 있습니다.

매우 드물게 치명적일 수 있는 급성 전신성 발진성 고름물집증, 스티븐스-존슨 증후군, 독성 표피 괴사용해와 같은 중대한 피부반응이 보고되었고 이 약 복용후 피부발진 또는 다른 과민반응의 징후가 나타나는 경우 즉시 복용을 중단하십시오.

아세트아미노펜으로 일일 최대 용량(4,000 mg)을 초과하여 복용하지 마십시오. 간손상을 일으킬 수 있습니다. 아세트아미노펜을 포함하는 다른 제품과 함께 복용하지 마십시오.

급성전신발진고름물집증과 같은 중증 피부 이상반응이 나타나는 경우 복용을 중단하고 의사 또는 약사와 상의하십시오.
","MAO 억제제(항우울제, 항정신병제, 감정조절제, 항파킨슨제 등), 진해거담제(기침·가래약), 다른 감기약, 해열진통제, 진정제, 항히스타민제를 함유하는 내복약(비염[코염]용 경구제, 멀미약, 알레르기용약)과 함께 복용하지 마십시오.

바르비탈계 약물, 삼환계 항우울제 및 알코올, 당뇨약, 통풍약, 관절염약, 항응고제, 스테로이드제 등 다른 약물을 투여 받고 있는 사람은 의사 또는 약사와 상의하십시오.
","슈도에페드린 성분과 관련한 허혈성 대장염(급성 복통, 장출혈 등)의 증상, 발진·발적(충혈되어 붉어짐), 가려움, 구역·구토, 식욕부진, 변비, 부종, 배뇨(소변을 눔)곤란, 지속적이거나 심한 목마름, 어지러움, 불안, 떨림, 불면, 드물게 쇽 증상(복용후 바로 두드러기, 부종, 가슴답답함 등과 함께 안색이 창백하고, 손발이 차고, 식은땀, 숨쉬기 곤란함), 피부점막안(눈)증후군(스티븐스-존슨증후군), 독성표피괴사용해(리엘증후군: 고열을 동반하고, 발진·발적, 화상과 같이 물집이 생기는 등의 심한 증상), 천식, 전신의 나른함, 황달(피부 또는 눈의 흰자위가 황색을 띄게 됨), 간질성폐렴(기침을 동반하고, 숨이 차고, 호흡곤란, 발열 등) 등이 나타날 경우 복용을 즉각 중지하고 의사 또는 약사와 상의하십시오.
","습기와 빛을 피해 실온에서 보관하십시오.

어린이의 손이 닿지 않는 곳에 보관하십시오.
"
8806433090524 ,모드콜 콜드시럽(소아용) 5ml x 10P,"2,500",6433090524,6433,0905,8806433090524,8806433090524,64330905,OK,202203513,OK,"이 약은 감기의 제증상(콧물, 코막힘, 재채기, 인후통, 기침, 가래, 오한, 발열, 두통, 관절통, 근육통)의 완화에 사용합니다.
","만 15세 이상은 1회 15 ml, 만 11세 이상~만 15세 미만은 10 ml, 만 7세 이상~만 11세 미만은 7.5 ml, 만 3세이상~만 7세 미만은 5 ml, 만 2세 이상~만 3세 미만은 3.75 ml씩, 1일 3회 식후 30분 및 필요한 경우 취침시에 복용합니다.

원칙적으로 복용간격은 4시간으로 합니다.
","매일 세 잔 이상 정기적 음주자가 이 약 또는 다른 해열진통제를 복용할  때는 의사 또는 약사와 상의하십시오. 간손상을 일으킬 수 있습니다.

매우 드물게 치명적일 수 있는 급성 전신성 발진성 고름물집증, 스티븐스-존슨 증후군, 독성 표피 괴사용해와 같은 중대한 피부반응이 보고되었고 이 약 복용후 피부발진 또는 다른 과민반응의 징후가 나타나는 경우 즉시 복용을 중단하십시오.

아세트아미노펜으로 일일 최대 용량(4,000 mg)을 초과하여 복용하지 마십시오. 간손상을 일으킬 수 있습니다. 아세트아미노펜을 포함하는 다른 제품과 함께 복용하지 마십시오.

급성전신발진고름물집증과 같은 중증 피부 이상반응이 나타나는 경우 복용을 중단하고 의사 또는 약사와 상의하십시오.
","MAO 억제제(항우울제, 항정신병제, 감정조절제, 항파킨슨제 등), 진해거담제(기침·가래약), 다른 감기약, 해열진통제, 진정제, 항히스타민제를 함유하는 내복약(비염[코염]용 경구제, 멀미약, 알레르기용약)과 함께 복용하지 마십시오.

바르비탈계 약물, 삼환계 항우울제 및 알코올, 당뇨약, 통풍약, 관절염약, 항응고제, 스테로이드제 등 다른 약물을 투여 받고 있는 사람은 의사 또는 약사와 상의하십시오.
","슈도에페드린 성분과 관련한 허혈성 대장염(급성 복통, 장출혈 등)의 증상, 발진·발적(충혈되어 붉어짐), 가려움, 구역·구토, 식욕부진, 변비, 부종, 배뇨(소변을 눔)곤란, 지속적이거나 심한 목마름, 어지러움, 불안, 떨림, 불면, 드물게 쇽 증상(복용후 바로 두드러기, 부종, 가슴답답함 등과 함께 안색이 창백하고, 손발이 차고, 식은땀, 숨쉬기 곤란함), 피부점막안(눈)증후군(스티븐스-존슨증후군), 독성표피괴사용해(리엘증후군: 고열을 동반하고, 발진·발적, 화상과 같이 물집이 생기는 등의 심한 증상), 천식, 전신의 나른함, 황달(피부 또는 눈의 흰자위가 황색을 띄게 됨), 간질성폐렴(기침을 동반하고, 숨이 차고, 호흡곤란, 발열 등) 등이 나타날 경우 복용을 즉각 중지하고 의사 또는 약사와 상의하십시오.
","습기와 빛을 피해 실온에서 보관하십시오.

어린이의 손이 닿지 않는 곳에 보관하십시오.
"
8806433090623 ,모드콜 코프시럽(성인용) 20ml x 5P,"2,500",6433090623,6433,0906,8806433090623,8806433090623,64330906,OK,202203444,OK,"이 약은 기침, 가래에 사용합니다.
","만 15세 이상은 1회 20 ml, 만 11세 이상~만 15세 미만은 13.3 ml, 만 8세 이상~만 11세 미만은 10 ml, 만 5세이상~만 8세 미만은 6.7 ml, 만 3세 이상~만 5세 미만은 5 ml, 만 2세 이상~만 3세 미만은 4 ml, 1일 5-6회, 약 4시간 간격을 두고 복용합니다.
",,"MAO 억제제(항우울제, 항정신병제, 감정조절제, 항파킨슨제 등), 다른 진해거담제(기침·가래약), 감기약, 항히스타민제를 함유하는 내복약(비염[코염]용 경구제, 멀미약, 알레르기용약), 진정제와 함께 복용하지 마십시오.
","발진·발적(충혈되어 붉어짐), 가려움, 구역·구토, 식욕부진, 어지러움, 배뇨(소변을 눔)곤란, 지속적이거나 심한 목마름, 어지러움, 불안, 떨림, 불면 등이 나타날 경우 복용을 즉각 중지하고 의사 또는 약사와 상의하십시오.
","습기와 빛을 피해 실온에서 보관하십시오.

어린이의 손이 닿지 않는 곳에 보관하십시오.
"
8806433090722 ,모드콜코프시럽(소아용) 5ml x 10P,"2,500",6433090722,6433,0907,8806433090722,8806433090722,64330907,OK,202203444,OK,"이 약은 기침, 가래에 사용합니다.
","만 15세 이상은 1회 20 ml, 만 11세 이상~만 15세 미만은 13.3 ml, 만 8세 이상~만 11세 미만은 10 ml, 만 5세이상~만 8세 미만은 6.7 ml, 만 3세 이상~만 5세 미만은 5 ml, 만 2세 이상~만 3세 미만은 4 ml, 1일 5-6회, 약 4시간 간격을 두고 복용합니다.
",,"MAO 억제제(항우울제, 항정신병제, 감정조절제, 항파킨슨제 등), 다른 진해거담제(기침·가래약), 감기약, 항히스타민제를 함유하는 내복약(비염[코염]용 경구제, 멀미약, 알레르기용약), 진정제와 함께 복용하지 마십시오.
","발진·발적(충혈되어 붉어짐), 가려움, 구역·구토, 식욕부진, 어지러움, 배뇨(소변을 눔)곤란, 지속적이거나 심한 목마름, 어지러움, 불안, 떨림, 불면 등이 나타날 경우 복용을 즉각 중지하고 의사 또는 약사와 상의하십시오.
","습기와 빛을 피해 실온에서 보관하십시오.

어린이의 손이 닿지 않는 곳에 보관하십시오.
"
8806433092528 ,모드콜로시럽 20ml x 5P,"3,500",6433092528,6433,0925,8806433092528,8806433092528,64330925,OK,202204501,OK,"이 약은 기침, 가래에 사용합니다.
","만 15세 이상은 1회 20 mL를 1일 3회, 약 4시간 간격을 두고 복용합니다.
",,"MAO 억제제(항우울제, 항정신병제, 감정조절제, 항파킨슨제 등), 다른 진해거담제, 감기약, 항히스타민제를 함유하는 내복약(비염용 경구제, 멀미약, 알레르기용약), 진정제와 함께 복용하지 마십시오.

MAO 억제제(항우울제, 항정신병제, 감정조절제, 항파킨슨제 등) 복용을 중단한 후 2주 이내의 사람은 이 약을 복용하지 마십시오.

복용 시에는 음주하지 마십시오.
","발진·발적, 가려움, 구역·구토, 식욕부진, 어지러움, 불안, 떨림, 불면 증상 등이 나타나는 경우 복용을 즉각 중지하고 의사 또는 약사와 상의하십시오.
","습기와 빛을 피해 실온에서 보관하십시오.

어린이의 손에 닿지 않는 곳에 보관하십시오.
"
8806433092627 ,모드콜 노즈시럽(소아용) 5ml x 10P,"2,500",6433092627,6433,0926,8806433092627,8806433092627,64330926,OK,202007833,OK,"이 약은 눈의 가려움, 눈물, 콧물, 코 또는 인후(목구멍)의가려움, 재채기, 코막힘 및 부비동 울혈의 일시적 완화에 사용합니다.
","만 12세 이상 및 성인은 1회 20 mL씩, 만 6세 이상~만 12세 미만은 1회 10 mL씩, 만 2세 이상~만 6세 미만은 1회 5 mL씩, 4~6시간마다 복용하고, 24시간 동안 4회를 넘지마십시오.
포 포장 제품에 한하여 1회 투여량 복용 후 남은 약은 버리십시오.
","급성전신발진고름물집증과 같은 중증 피부 이상반응이 나타나는 경우 복용을 중단하고 의사 또는 약사와 상의하십시오.
","모노아민옥시다아제 억제제(MAOI-우울증, 정신 및 감정장애, 파킨슨병 치료제 중 일부)와 함께 복용하지 마십시오.

모노아민옥시다아제 억제제(우울증, 정신 및 감정장애, 파킨슨병 치료제 중 일부) 복용을 중지한지 2주 이내인 사람은 이 약을 복용하지 마십시오.

진정제, 신경안정제와 함께 복용 시 의사 또는 약사와 상의하십시오.
","흥분(특히 어린이), 현저한 졸음, 불안, 어지러움 또는 불면증, 인후(목구멍)통이 2일 이상 지속되거나 두통, 발열, 발진, 구역 또는 구토, 급성전신성발진성농포증(AGEP), 발열, 홍반, 다수의 작은 농포와 같은 중증 피부 이상반응, 허혈성 대장염(급격한 복통, 직장 출혈 등)이 나타나는 경우 복용을 즉각 중지하고 의사 또는 약사와 상의하십시오.

가역적 후뇌 병증 증후군 및 가역적 뇌혈관 수축 증후군의 증상(갑작스러운 심한 두통, 번개 두통, 구역, 구토, 혼돈, 발작, 시각 장애 등)이 나타나는 경우 복용을 즉각 중지하고 의사 또는 약사와 상의하십시오.
","습기와 빛을 피해 실온에서 보관하십시오.

어린이의 손이 닿지 않는 곳에 보관하십시오.
"
8806433092726 ,포텐스틱 20ml x 5P,"7,500",6433092726,6433,0927,8806433092726,8806433092726,64330927,OK,202204635,OK,"이 약은 정신적·신체적 기능무력 증상의 보조요법과 회복기간(아미노산 결핍상태) 동안의 보조요법에 사용합니다.
","12세 이상의 청소년 및 성인은 L-아스파르트산-L-아르기닌으로서 1일 1회 5 g을 복용합니다.
아침에 복용하는 것이 좋지만 취침전에도 복용 가능합니다.
적은 양의 물과 함께 복용할 수 있습니다.
",,"항정신병약과 수면제(최면효과를 증가시킬 수 있습니다)와 함께 복용하지 마십시오.
","이상증상이나 알레르기 반응이 나타날 경우 복용을 즉각 중지하고 의사 또는 약사와 상의하십시오.
","습기와 빛을 피해 실온에서 보관하십시오.
"
8806433092733 ,포텐스틱 20ml x 20P,"30,000",6433092733,6433,0927,8806433092733,8806433092733,64330927,OK,202204635,OK,"이 약은 정신적·신체적 기능무력 증상의 보조요법과 회복기간(아미노산 결핍상태) 동안의 보조요법에 사용합니다.
","12세 이상의 청소년 및 성인은 L-아스파르트산-L-아르기닌으로서 1일 1회 5 g을 복용합니다.
아침에 복용하는 것이 좋지만 취침전에도 복용 가능합니다.
적은 양의 물과 함께 복용할 수 있습니다.
",,"항정신병약과 수면제(최면효과를 증가시킬 수 있습니다)와 함께 복용하지 마십시오.
","이상증상이나 알레르기 반응이 나타날 경우 복용을 즉각 중지하고 의사 또는 약사와 상의하십시오.
","습기와 빛을 피해 실온에서 보관하십시오.
"
8806433092924 ,모드콜 노즈시럽(성인용) 20ml x 5P,"2,500",6433092924,6433,0929,8806433092924,8806433092924,64330929,OK,202007833,OK,"이 약은 눈의 가려움, 눈물, 콧물, 코 또는 인후(목구멍)의가려움, 재채기, 코막힘 및 부비동 울혈의 일시적 완화에 사용합니다.
","만 12세 이상 및 성인은 1회 20 mL씩, 만 6세 이상~만 12세 미만은 1회 10 mL씩, 만 2세 이상~만 6세 미만은 1회 5 mL씩, 4~6시간마다 복용하고, 24시간 동안 4회를 넘지마십시오.
포 포장 제품에 한하여 1회 투여량 복용 후 남은 약은 버리십시오.
","급성전신발진고름물집증과 같은 중증 피부 이상반응이 나타나는 경우 복용을 중단하고 의사 또는 약사와 상의하십시오.
","모노아민옥시다아제 억제제(MAOI-우울증, 정신 및 감정장애, 파킨슨병 치료제 중 일부)와 함께 복용하지 마십시오.

모노아민옥시다아제 억제제(우울증, 정신 및 감정장애, 파킨슨병 치료제 중 일부) 복용을 중지한지 2주 이내인 사람은 이 약을 복용하지 마십시오.

진정제, 신경안정제와 함께 복용 시 의사 또는 약사와 상의하십시오.
","흥분(특히 어린이), 현저한 졸음, 불안, 어지러움 또는 불면증, 인후(목구멍)통이 2일 이상 지속되거나 두통, 발열, 발진, 구역 또는 구토, 급성전신성발진성농포증(AGEP), 발열, 홍반, 다수의 작은 농포와 같은 중증 피부 이상반응, 허혈성 대장염(급격한 복통, 직장 출혈 등)이 나타나는 경우 복용을 즉각 중지하고 의사 또는 약사와 상의하십시오.

가역적 후뇌 병증 증후군 및 가역적 뇌혈관 수축 증후군의 증상(갑작스러운 심한 두통, 번개 두통, 구역, 구토, 혼돈, 발작, 시각 장애 등)이 나타나는 경우 복용을 즉각 중지하고 의사 또는 약사와 상의하십시오.
","습기와 빛을 피해 실온에서 보관하십시오.

어린이의 손이 닿지 않는 곳에 보관하십시오.
"
8806433094218 ,동의고 카타플라스마(8cmX12cm) 6P,"3,000",6433094218,6433,0942,8806433094218,8806433094218,64330942,OK,200607950,OK,"이 약은 염좌(삠), 타박, 근육통, 관절통, 골절통, 요(허리)통, 견통(어깨통증), 동창의 진통ㆍ소염에 사용합니다.","1일 1~2회, 1회 1매씩 환부에 부착합니다.",,,"발진ㆍ발적(충혈되어 붉어짐), 가려움, 부종 등이 나타나는 경우 사용을 즉각 중지하고 의사 또는 약사와 상의하십시오.",습기와 빛을 피해 실온에서 보관하십시오.어린이의 손이 닿지 않는 곳에 보관하십시오.
8806433094317 ,브레이닝 60C,"30,000",6433094317,6433,0943,8806433094317,8806433094317,64330943,OK,200008959,NO_ITEM,,,,,,
8806433095710 ,더마그램 100ml,"13,000",6433095710,6433,0957,8806433095710,8806433095710,64330957,OK,202400335,NO_ITEM,,,,,,
8806433095819 ,더마그램 18g,"7,500",6433095819,6433,0958,8806433095819,8806433095819,64330958,OK,202402425,NO_ITEM,,,,,,
8806433098926 ,모드콜 키즈펜시럽 5ml x 10P,"2,500",6433098926,6433,0989,8806433098926,8806433098926,64330989,OK,202501414,NO_ITEM,,,,,,
8806433099114 ,장트라올라 30C,"7,000",6433099114,6433,0991,8806433099114,8806433099114,64330991,OK,202501572,NO_ITEM,,,,,,
8806433099817 ,더마그램 30C,"9,000",6433099817,6433,0998,8806433099817,8806433099817,64330998,OK,202501707,NO_ITEM,,,,,,
8806433101114 ,더마그램 피디알엔 10g,"30,000",6433101114,6433,1011,8806433101114,8806433101114,64331011,OK,202502554,NO_ITEM,,,,,,
8806433101121 ,더마그램 피디알엔 크림 30g,"70,000",6433101121,6433,1011,8806433101121,8806433101121,64331011,OK,202502554,NO_ITEM,,,,,,
8806435000712 ,히아로겔/ 15g(H.POP),"10,000",6435000712,6435,0007,8806435000712,8806435000712,64350007,OK,200301797,OK,"이 약은 치육점막이 상승된 히알루론산 농도를 필요로 하는 치은염, 잇몸출혈과 같은 염증상태와 스케일링, 박리, 발치, 외과적 처치후와 같은 외상성 상태의 치료에 사용합니다.","양치 후 1일 3~4회(식사 후), 3~4주간, 모든 증상이 소실될 때까지 지속적으로 사용합니다. 잇몸 조직에 이 약을 도포하여 점막 표면에 잘 분포할 수 있도록 손가락으로 가볍게 마사지합니다.",,,,습기와 빛을 피해 실온에서 보관하십시오.어린이의 손이 닿지 않는 곳에 보관하십시오.
8806435002242 ,눈앤점안액0.5%(1회용) / (0.5mL*5)*6(OTC),"9,000",6435002242,6435,0022,8806435002242,8806435002242,64350022,OK,200710762,OK,"이 약은 안구건조증이나 바람·태양에 노출되어 생기는 화끈거리는 증상, 자극감, 불쾌감을 일시적으로 완화 및 안구자극감 예방에 사용합니다.","필요시 증상이 있는 눈에 1~2방울을 점안하고 점안 후 남은 액과 용기는 버립니다.다른 점안제와 동시에 사용할 경우, 희석 효과를 피하기 위해 적어도 15분의 간격을 두고 점안합니다.",,,"통증, 시야변화, 지속적인 충혈이나 자극감을 경험하거나, 증상이 악화되거나 72시간 이상 지속되는 경우 사용을 즉각 중지하고 의사 또는 약사와 상의하십시오.",상온에서 보관하십시오.어린이의 손이 닿지 않는 곳에 보관하십시오.
8806435010032 ,목시딜액5% 30mL,"7,000",6435010032,6435,0100,8806435010032,8806435010032,64350100,OK,199902702,OK,이 약은 남성형 탈모증(안드로젠탈모증)의 치료에 사용합니다.,"모발과 두피를 완전히 건조시킨 후, 이 약 0.5~1 mL를 1일 2회(아침, 저녁), 최소 4개월 동안 환부에만 바르고, 하루 총 투여량이 2 mL를 초과하지 마십시오.",,"이 약을 사용하는 동안 다른 두피용 약물, 외용 코르티코이드, 레티노이드, 바셀린, 디트라놀 또는 경피흡수를 촉진시킨다고 알려진 약물, 구아네티틴 등의 혈관확장제를 함께 사용하지 마십시오.","가려움, 인설, 홍반, 발적, 피부염, 피부건조, 이 약을 바른 부위 이외의 다모증(여성의 경우 안면털 성장), 모낭염, 작열감 및 피진을 포함한 국소 자극, 박리, 탈모, 피부 농양, 여드름, 조갑장애, 지루, 습진, 모발이상, 때때로 설사, 구역, 구토, 흉통, 혈압변화, 맥박변화, 심계항진, 심박동의 증가, 심낭삼출, 심막염, 전색, 빈맥, 기존에 존재하던 협심증의 악화 또는 진단 받지 않은 관상동맥질환자에서 협심증의 유발, 기관지염, 상기도 감염증, 부비동염, 호흡곤란, 호흡의 단축, 골절, 배통, 건염, 동통, 신경염(다발성 신경염 등), 쇠약, 어지럼, 두통, 몽롱함, 실신, 간염, 부종, 신결석, 염 및 체액저류, 열, 두드러기, 알레르기비염, 전신성 홍반 및 안면부종, 오한, 안구자극, 쓴맛, 이염(특히 외이염), 미각변화, 시력장애, 발기부전, 찌르는 것 같은 아픔, 갑작스러운 원인불명의 체중증가 등이 나타나는 경우 사용을 즉각 중지하고 의사 또는 약사와 상의하십시오.",빛을 피해 실온에서 보관하십시오.어린이의 손이 닿지 않는 곳에 보관하십시오.화기 근처에 두지 마십시오.
8806435010520 ,무조날 크림/ 15g(NEW),"5,000",6435010520,6435,0105,8806435010520,8806435010520,64350105,OK,199902693,OK,"이 약은 피부사상균에 의한 피부진균감염증(족부백선, 고부백선(완선), 체부백선)과 피티로스포룸 올비큘라레균에 의한 어루러기 및 피부칸디다증에 사용합니다.","1일 1~2회 환부(질환 부위)에 바릅니다.질환에 따른 치료기간은 족부백선(발백선증, 무좀)인 경우 1일 1회 1주, 지간(발가락사이)형 족부백선(발백선증, 무좀)인 경우 1일 2회 1주, 족저형(발바닥) 족부백선(발백선증, 무좀)인 경우 1일 2회 2주, 체부백선, 고부백선(대퇴부백선)(완선(사타구니백선))인 경우 1~2주, 피부칸디다증인 경우 1~2주, 어루러기인 경우 2주간 사용합니다.",,,"발진을 동반한 과민반응, 과도한 자극, 피부의 두드러기, 발적, 발진, 홍반, 가려움, 자극감, 국소의 접촉피부염, 피부박리, 상처의 딱지, 색소침착이상, 자통, 작열감 등이 나타나는 경우 사용을 즉각 중지하고 의사 또는 약사와 상의하십시오.",실온에서 보관하십시오.어린이의 손이 닿지 않는 곳에 보관하십시오.
8806435011442 ,복합써스펜 좌약/ 10S(NEW),"10,000",6435011442,6435,0114,8806435011442,8806435011442,64350114,OK,199102142,OK,"이 약은 감기로 인한 발열 및 통증에 사용합니다.
","3~6세는 1회 2개, 1~2세는 1회 1~2개, 3~12개월은 1회 1개씩, 1일 2~3회 좌약의 둥근부분부터 직장내 깊이 삽입합니다.

직장 근육긴장으로 밀려나올 경우에는 양쪽대퇴부를 오므려 약 1분간 안아줍니다.
","매일 세잔 이상 정기적 음주자가 이 약 또는 다른 해열진통제를 복용(사용)할 때는 의사 또는 약사와 상의하십시오. 간손상을 일으킬 수 있습니다.

아세트아미노펜으로 일일 최대 용량(4,000mg)을 초과하여 복용(사용)하거나, 아세트아미노펜을 포함하는 다른 제품과 함께 복용(사용)하지 마십시오. 간손상을 일으킬 수 있습니다. 
","아세트아미노펜을 포함하는 다른 제품, 다른 소염진통제, 다른 해열진통제와 함께 사용하지 마십시오.

플루클록사실린, 바르비탈계 약물, 삼환계 항우울제, 알코올, 리튬, 티아지드계 이뇨제, 레보도파와 함께 사용 시 의사 또는 약사와 상의하십시오.
","쇽(호흡곤란, 두드러기 등), 천식발작, 드물게 혈소판감소, 과립구감소, 용혈성빈혈, 메트헤모글로빈혈증, 청색증, 드물게 발진, 안면부종, 호흡곤란, 발한, 저혈압, 구역, 구토, 식욕부진, 설사, 변의, 피부점막안증후군(스티븐스-존슨증후군), 독성표피괴사용해(리엘증후군) 등이 나타나는 경우 사용을 즉각 중지하고 의사 또는 약사와 상의하십시오.
","실온에서 보관하십시오.

어린이의 손이 닿지 않는 곳에 보관하십시오.
"
8806435013217 ,소하자임플러스정 10T(PTP)(NEW),"3,000",6435013217,6435,0132,8806435013217,8806435013217,64350132,OK,200301805,OK,"이 약은 위산과다, 속쓰림, 위부불쾌감, 위부팽만감, 식체(위체), 구역, 구토, 위통, 신트림, 소화불량, 식욕부진, 과식, 소화촉진, 소화불량으로 인한 위부팽만감에 사용합니다.
","성인은 1회 2정씩, 1일 3회 매 식후에 복용합니다.
",,"위장진통, 진경제와 함께 복용하지 마십시오.

칼륨함유제제, 감초함유제제, 글리시리진산 혹은 그 염류 함유제제, 루프계 이뇨제(푸로세미드, 에타크린산) 또는 티아지드계 이뇨제(트리클로르메티아지드)와 함께 복용 시 의사 또는 약사와 상의하십시오.
","알레르기 증상(발진, 가려움 등), 동계, 졸음, 현훈(어지러움), 권태감, 두통, 변비, 또는 입이 마르는 증상, 뇨량이 감소하거나, 얼굴이나 손발이 붓거나, 눈꺼풀이 무겁거나, 손이 굳어지거나, 혈압이 오르거나, 근병증(무력감, 사지경련, 마비 등) 등이 나타나는 경우 복용을 즉각 중지하고 의사 또는 약사와 상의하십시오.

드물게 심계항진, GOT, GPT 상승이 나타날 수 있습니다.
","습기와 빛을 피해 실온에서 보관하십시오.

어린이의 손이 닿지 않는 곳에 보관하십시오.
"
8806435015716 ,텐텐츄정/ 120T(NEW),"17,000",6435015716,6435,0157,8806435015716,8806435015716,64350157,OK,199802435,OK,"이 약은 육체피로, 임신ㆍ수유기, 병중ㆍ병후(병을 앓는 동안이나 회복 후)의 체력 저하 시, 노년기의 비타민 C, B2, B6, E의 보급과 햇빛ㆍ피부병 등에 의한 색소침착(기미,주근깨)의 완화, 잇몸출혈ㆍ비출혈(코피) 예방에 사용합니다.
","만 8세 이상 어린이 및 성인은 1회 2정씩, 만 2세~8세는 1회 1정씩, 1일 1~2회 입안에서 녹이거나 씹어서 복용합니다.
","이 약은 체내에서 페닐알라닌으로 대사되는 아스파탐이 함유되어 페닐알라닌의 섭취를 규제할 필요가 있는 페닐케톤뇨증 환자는 복용하지 마십시오.
","레보도파와 함께 복용하지 마십시오.

에스트로겐을 포함한 경구용 피임제와 함께 복용 시 의사 또는 약사와 상의하십시오.
","위부불쾌감, 설사, 변비, 발진, 발적, 구역, 구토, 생리가 예정보다 빨라지거나 양이 점점 많아지거나, 출혈이 오래 지속 되는 증상이 나타나는 경우 복용을 즉각 중지하고 의사 또는 약사와 상의하십시오.
","습기와 빛을 피해 실온에서 보관하십시오.

어린이의 손이 닿지 않는 곳에 보관하십시오.
"
8806435024541 ,"케어가글액(무색, 박하향) 1000mL(약국용)","10,000",6435024541,6435,0245,8806435024541,8806435024541,64350245,OK,199702589,OK,"이 약은 구강내 소독, 발치수술 또는 구강수술 후의 소독 및 살균에 사용합니다.
","1회 적당량을 1일 2~3회 사용해서 입안을 헹구어 냅니다.

구강내 소독시에는 이 약을 2.5배 희석합니다.
",,,"자극감 등의 증상이 나타나는 경우 사용을 즉각 중지하고 의사 또는 약사와 상의하십시오.
","습기와 빛을 피해 보관하십시오.

어린이의 손이 닿지 않는 곳에 보관하십시오.
"
8806435024589 ,"케어가글액(무색,사과향) 250ml(약국용)","4,000",6435024589,6435,0245,8806435024589,8806435024589,64350245,OK,199702589,OK,"이 약은 구강내 소독, 발치수술 또는 구강수술 후의 소독 및 살균에 사용합니다.
","1회 적당량을 1일 2~3회 사용해서 입안을 헹구어 냅니다.

구강내 소독시에는 이 약을 2.5배 희석합니다.
",,,"자극감 등의 증상이 나타나는 경우 사용을 즉각 중지하고 의사 또는 약사와 상의하십시오.
","습기와 빛을 피해 보관하십시오.

어린이의 손이 닿지 않는 곳에 보관하십시오.
"
8806435028839 ,텐텐츄정 120T,"19,000",6435028839,6435,0288,8806435028839,8806435028839,64350288,OK,200700800,OK,"이 약은 발육기, 병중ㆍ병후(병을 앓는 동안이나 회복 후)의 체력 저하 시, 육체피로, 임신ㆍ수유기, 노년기의 비타민 A, B1, B2, B6, C, D, E의 보급과 눈의 건조함의 완화, 야맹증, 뼈, 이의 발육불량, 구루병의 예방에 사용합니다.
","만 8세 이상은 1회 2정씩, 1일 2회, 만 36개월 이상~만 8세 미만은 1회 1정씩, 1일 2회을 복용합니다.

입안에서 녹이거나 씹어서 복용합니다.
","비타민 A를 1일 5,000 IU 이상 복용 시 선천성 기형을 일으킬 수 있습니다. 임신 3개월 이내 또는 임신하고 있을 가능성이 있는 여성은 복용하지 마십시오.
","인산염, 칼슘염, 경구용 테트라사이클린계 제제, 제산제, 레보도파와 함께 복용하지 마십시오.

에스트로겐을 포함한 경구용 피임제, 강심배당체, 항알도스테론제, 트리암테렌과 함께 복용 시 의사 또는 약사와 상의하십시오.

녹차, 홍차 등 탄닌을 함유하는 차는 복용 중, 복용 전후에는 피하십시오.
","구역, 구토, 가려움, 건조하고 거친 피부, 통증성 관절부종, 설사, 위부불쾌감, 변비, 발진, 발적, 묽은 변, 저혈압, 얼굴달아오름, 심박동불규칙, 피부발진, 붉은 반점, 부전수축(심장박동정지), 중추신경계 기능저하, 생리가 예정보다 빨라지거나 양이 점점 많아지거나, 출혈이 오래 지속되는 증상이 나타나는 경우 복용을 즉각 중지하고 의사 또는 약사와 상의하십시오.
","습기와 빛을 피해 실온에서 보관하십시오.

어린이의 손이 닿지 않는 곳에 보관하십시오.
"
8806435031747 ,파워겔/1.0g*5,"9,000",6435031747,6435,0317,8806435031747,8806435031747,64350317,OK,200003108,OK,이 약은 남성 성기 촉각의 예민성 감소에 사용합니다.,성교 5~15분전에 겔로서 0.25~0.66 g(리도카인으로서 23~62mg)을 도포합니다.용량과 적용 시간은 개인에 따라 다르며 최저유효량을 사용하되 24시간 이내에 최대 2 g(리도카인으로서 184 mg)을 초과하여 투여하지 않습니다.,,,본인 또는 상대방에 발진 또는 자극이 나타나는 경우 사용을 즉각 중지하고 의사 또는 약사와 상의하십시오.,실온에서 보관하십시오.어린이의 손이 닿지 않는 곳에 보관하십시오.
8806435055316 ,프리비정/ 30T*2,"35,000",6435055316,6435,0553,8806435055316,8806435055316,64350553,OK,201001804,OK,"이 약은 육체피로, 임신ㆍ수유기, 병중ㆍ병후(병을 앓는 동안이나 회복 후)의 체력 저하 시, 노년기의 비타민 B1, B2, B6, C, E보급 과 철 결핍성 빈혈의 예방 및 치료에 사용합니다.
","만 12세 이상 및 성인 1회 1정씩, 1일 1회 복용합니다.
","만 6세 이하의 어린이가 과량 복용시 철분 중독성 사망을 일으킬 수 있으므로 어린이의 손에 닿지 않는 곳에 보관하십시오.
","인산염, 칼슘염, 경구용 테트라사이클린계 제제, 제산제, 레보도파와 함께 복용하지 마십시오.

강심배당체, 에스트로겐을 포함한 경구용 피임제, 항알도스테론제, 트리암테렌과 함께 복용 시 의사 또는 약사와 상의하십시오.

녹차, 홍차 등 탄닌을 함유하는 차는 복용 중, 복용 전후에는 피하십시오.
","위부불쾌감, 설사, 변비, 발진, 발적, 구역, 구토, 묽은 변, 저혈압, 얼굴달아오름, 심박동불규칙, 피부발진, 두드러기, 가려움, 광선과민반응, 복부ㆍ위통증, 경련, 열, 혼수, 피부염, 땀ㆍ호흡시 악취, 탈모, 조급증, 위장관장애, 소화장애, 상복부통증, 폐부종, 생리가 예정보다 빨라지거나 양이 점점 많아지거나, 출혈이 오래 지속 되는 증상이 나타나는 경우 복용을 즉각 중지하고 의사 또는 약사와 상의하십시오.
","습기와 빛을 피해 실온에서 보관하십시오.

어린이의 손이 닿지 않는 곳에 보관하십시오.
"
8806435062116 ,코앤나잘스프레이 15mL(140회),"10,000",6435062116,6435,0621,8806435062116,8806435062116,64350621,OK,201201484,OK,"이 약은 코점막 보습 및 보호에 사용합니다.
","1회 사용 시 1~2회 좌우 비강에 분무하며, 1일 3회 사용합니다.
",,"이 약을 사용하기 전에 다른 약을 복용하고 있는 경우 의사 또는 약사와 상의하십시오.
","민감하거나 자극이 나타날 경우 사용을 중지하고 의사 또는 약사와 상의하십시오.
","빛을 피해 실온에서 보관하십시오.

어린이의 손이 닿지 않는 곳에 보관하십시오.

개봉 후 12주 이상 사용하지 마십시오.
"
8806435065117 ,장쾌락시럽 15mL*30P,"30,000",6435065117,6435,0651,8806435065117,8806435065117,64350651,OK,201209553,OK,"이 약은 만성변비, 영·유아 및 소아의 변비, 분만 후의 변비에 사용합니다.","만성변비에는 성인은 처음 2~3일간 1일 15~30 mL를 아침식전에 복용하고, 그 후 계속 1일 10~15 mL를 복용합니다. 심할 경우 45 mL까지 복용할 수 있습니다. 소아(7∼14세)는 처음 2~3일간 1일 15 mL를 복용하고 그 후 계속 1일 10 mL를 복용합니다. 유아(1~6세)는 1일 5~10 mL, 영아(12개월 미만)는 1일 5 mL를 복용합니다.",,"아카보즈 등의 α-글리코시다아제 저해제, 광범위 항균 스펙트럼 항생제, 이뇨제, 코르티코이드, 암포테리신 B, 강심배당체, 제산제를 복용하는 환자는 의사 또는 약사와 상의하십시오.","묽은 변 또는 설사가 나타나는 경우 복용을 즉각 중지하고 의사 또는 약사와 상의하십시오.트림, 경련성 복부불쾌감, 때때로 복명, 복부팽만감, 복통, 식욕부진, 구역, 구토가 나타날 수 있습니다.",실온에서 보관하십시오.어린이의 손이 닿지 않는 곳에 보관하십시오.
8806435067210 ,무조날쿨크림 15g,"7,000",6435067210,6435,0672,8806435067210,8806435067210,64350672,OK,201401380,OK,"이 약은 피부사상균에 의한 피부진균(곰팡이)감염증(무좀, 완선(사타구니백선), 백선)에 사용합니다.","1일 1회, 적당량을 환부(질환 부위)에 도포합니다.",,,"발진 및 발적(충혈되어 붉어짐), 가려움, 부기, 자극감, 열감, 인비늘, 낙설(비듬이나 대와 같은 피부의 벗겨짐), 짓무름, 피부건조 및 피부가 당겨지는 느낌, 피부의 갈라짐 등이 나타나는 경우 사용을 즉각 중지하고 의사 또는 약사와 상의하십시오.",습기와 빛을 피해 실온에서 보관하십시오.어린이의 손이 닿지 않는 곳에 보관하십시오.
8806435070913 ,목앤스프레이 20mL,"10,000",6435070913,6435,0709,8806435070913,8806435070913,64350709,OK,201500199,OK,"이 약은 목(인후)의 염증으로 인한 목의 통증, 목의 부종, 목의 불쾌감, 목이 쉼, 구내염에 사용합니다.
","1일 수회 적당량을 환부에 분사 도포합니다.

목의 염증에 사용하는 경우 용기의 분사구가 목의 환부를 향하게 하고 가볍게 숨을 내쉬면서 1회 3~4번 분사하고, 1일 3~5회 사용합니다.

처음 사용하는 경우 약액이 나올 때까지 4~5회 분사 후 사용합니다.

호흡을 들이마실 때 이 약을 사용하면 약액이 기관지 또는 폐로 들어갈 수 있으므로, 용기 분사구를 목의 환부로 향하게 하고 ‘아’하고 목소리를 내면서(가볍게 숨을 내쉬면서) 분사합니다.
",,,"입에 자극감, 피부에 발진·발적(충혈되어 붉어짐), 가려움, 위부 불쾌감, 메스꺼움, 증상 악화 등이 나타나는 경우 사용을 즉각 중지하고 의사 또는 약사와 상의하십시오.
","빛을 피해 실온에서 보관하십시오.

뚜껑을 닫아 보관하십시오.

어린이의 손이 닿지 않는 곳에 보관하십시오.

화기 근처에 두지 마시십시오. 
"
8806435071248 ,안토시안 60C,"28,000",6435071248,6435,0712,8806435071248,8806435071248,64350712,OK,201500970,NO_ITEM,,,,,,
8806435073914 ,코앤쿨나잘스프레이 20mL,"10,000",6435073914,6435,0739,8806435073914,8806435073914,64350739,OK,201505113,OK,"이 약은 코감기(급성비염), 알레르기성 비염 또는 부비동염에 의한 코막힘, 콧물, 재채기, 머리무거움의 완화에 사용합니다.
","만 12세 이상 및 성인은 1회 1번씩 1일 1~3회 비강에 분무합니다.

연령 및 증상에 따라 적절히 증감하되 1일 3회를 넘지 않도록 합니다.

매회 최소 8시간 이상의 간격을 두고 적용합니다. 
",,"디펜히드라민 및 그 염류 함유제제와 함께 사용하지 마십시오.

사용 중에는 음주하지 마십시오.
","발진·발적, 부종, 자극감, 가려움 등의 증상이 나타나는 경우 사용을 즉각 중지하고 의사 또는 약사와 상의하십시오.
","빛과 습기를 피해 실온에서 보관하십시오.

어린이의 손이 닿지 않는 곳에 보관하십시오.
"
8806435074812 ,까스앤프리츄정80밀리그램 12T(PTP),"4,000",6435074812,6435,0748,8806435074812,8806435074812,64350748,OK,201508272,OK,"이 약은 위내시경 검사시 장내기포제거, 복부 X선 촬영시 장내가스제거, 위장관내 가스로 인한 복부 증상(복부팽만감, 공기연하증 등)의 개선에 사용합니다.","성인은 위내시경 검사시 장내기포제거에는 검사 15~40분전에 1회 1정을 씹어서 복용, 복부 X-선 검사시 장내가스제거에는 검사 3~4일전부터 1회 1정 1일 3회 식후 또는 식간에 씹어서 복용, 위장관내 가스로인한 복부증상의 개선에는 1회 1정 1일 3회 식후 또는 취침시에 씹어서 복용합니다.",,,"때때로 연변, 복부불쾌감, 설사, 복통, 구토, 구역, 복부중압감, 식욕부진, 드물게 두통이 나타날 수 있습니다.",습기와 빛을 피해 실온에서 보관하십시오.어린이의 손이 닿지 않는 곳에 보관하십시오.
8806435079411 ,무조날에스네일라카 6mL,"25,000",6435079411,6435,0794,8806435079411,8806435079411,64350794,OK,201800145,OK,"이 약은 조갑진균증(손, 발톱무좀)에 사용합니다.","손발을 씻고 건조시킨 후 취침 전에 하루에 한번 얇은 막이 형성되도록 환부에 바릅니다.손발톱전체와 손발톱 주위 5 mm의 피부, 가능하면 손발톱끝의 아래부분에 바릅니다. 30초 정도 건조 시킨 후 적어도 6시간 동안은 씻지 않아야 하므로 취침 전에 바르도록 합니다.이 약은 유기용매나 긁어내지 않고 물로도 충분히 제거되므로 만약 의도치 않게 물에 씻었다면 이 약을 다시 바릅니다.정기적으로 자라난 손발톱끝 부분과 환부는 가위나 손톱깎이 등으로 잘라줍니다. 적용기간은 건강한 손발톱이 자랄 때까지 지속해야 하는데 일반적으로, 손톱의 경우는 대략 6개월 발톱의 경우는 9~12개월이 예상됩니다.만약 효과가 없거나 환부(질환 부위)가 광범위할 경우 의사와 상담하십시오.남아 있는 활성성분이 배양결과에 영향을 주는 것을 피하기 위해 배양검사는 치료가 끝난 후 4주 후에 합니다.특정 연령층에 대하여 용량조절은 필요하지 않습니다.이 약물에 내약성이 있거나 한 개이상의 손발톱에서 광범위한 침투가 있는 경우 추가적인 경구 치료를 고려해 보아야 합니다.",,,"자극성접촉성피부염, 매우 드물게 국소적으로 홍반, 비늘, 작열감, 가려움 등이 나타날 수 있습니다.","습기와 빛을 피해 실온에서 보관하십시오.어린이의 손이 닿지 않는 곳에 보관하십시오.냉장보관하지 마십시오.사용한 후 병마개를 잘 닫아 보관하고, 개봉 후 6개월 이상 사용은 피하십시오."
8806435081725 ,한미치쏙정600밀리그램 30T*2,"40,000",6435081725,6435,0817,8806435081725,8806435081725,64350817,OK,,NO_ITEMSEQ,,,,,,
8806435087218 ,눈앤큐 15mL,"4,000",6435087218,6435,0872,8806435087218,8806435087218,64350872,OK,202302477,OK,"이 약은 눈의 피로, 결막충혈, 수영 후 눈의 불쾌감 또는 먼지나 땀이 눈에 들어갔을 때, 자외선 및 기타 광선에 의한 눈의 염증, 눈꺼풀의 짓무름, 하드콘택트렌즈 착용 시 불쾌감, 눈의 가려움, 눈곱이 많을 때 등의 눈의 침침함에 사용합니다.
","1회 1~3방울씩, 1일 3~6회 눈에 넣으십시오.
",,,"눈의 충혈, 가려움, 부종 등의 증상이 나타나는 경우 이 약의 사용을 즉각 중지하고 의사 또는 약사와 상의하십시오.
","습기와 빛을 피해 실온에서 보관하십시오.

어린이의 손이 닿지 않는 곳에 보관하십시오.
"
8806435087911 ,리렉스담정 10T,"2,000",6435087911,6435,0879,8806435087911,8806435087911,64350879,OK,202400351,OK,"이 약은 신경통, 허리통, 어깨결림에 사용합니다.
","성인은 1회 1~2정씩, 1일 2회 통증 및 동통 또는 발작시에 복용합니다.
",,"다른 해열진통제, 감기약, 진정약 등과 함께 복용하지 마십시오.
","발진 및 충혈되어 붉어지는 발적, 구역, 구토, 변비, 식욕부진, 현기증 등이 나타나는 경우 이 약의 복용을 즉각 중지하고 의사 또는 약사와 상의하십시오.
","습기와 빛을 피해 실온에서 보관하십시오.

어린이의 손이 닿지 않는 곳에 보관하십시오.
"
8806435088024 ,눈앤쿨 0.5ml x 30관,"8,000",6435088024,6435,0880,8806435088024,8806435088024,64350880,OK,202400682,OK,"이 약은 눈의 건조 또는 바람이나 태양에 의한 화끈거리는 증상, 자극감, 불쾌감의 일시적인 완화 및 눈의 자극감 예방에 사용합니다.
","필요 시 증상이 있는 눈에 1~2방울 넣으십시오.
",,,"가려움, 부종, 눈의 통증, 시야의 변화, 지속적인 눈의 충혈 또는 자극감 등의 증상이 나타나는 경우 이 약의 사용을 즉각 중지하고 의사 또는 약사와 상의하십시오.

하드콘택트렌즈를 착용하는 사람에게서 눈곱 등의 분비물이 많아지면서 드물게 렌즈가 흐려지는 경우 이 약의 사용을 즉각 중지하고 의사 또는 약사와 상의하십시오.
","습기와 빛을 피해 실온에서 보관하십시오.

어린이의 손이 닿지 않는 곳에 보관하십시오.
"
8806435088116 ,코앤쿨 에스 30ml,"8,000",6435088116,6435,0881,8806435088116,8806435088116,64350881,OK,202401177,OK,"이 약은 코감기, 알레르기성 비염 또는 부비동염에 의한 코막힘, 콧물, 재채기, 머리 무거움 증상의 완화에 사용합니다.
","만 7세 이상 및 성인은 1회 1~2번씩, 1일 1~2회로 각 코 안에 뿌리십시오.

10~12시간의 간격을 두고 뿌리고, 24시간 동안 2회를 초과하지 마십시오.
",,"우울증, 파킨슨병 치료 등에 사용되는 MAO 억제제를 복용하고 있거나 복용을 중단한 후 2주 이내인 사람은 이 약을 사용하지 마십시오.

사용 시에는 음주하지 마십시오.
","발진 및 발적, 부종, 자극감, 가려움 등이 나타나는 경우 이 약의 사용을 즉각 중지하고 의사 또는 약사와 상의하십시오.
","습기와 빛을 피해 실온에서 보관하십시오.

어린이의 손이 닿지 않는 곳에 보관하십시오.
"
8806435088529 ,마그네비 스피드액 20ml x 5P,"6,000",6435088529,6435,0885,8806435088529,8806435088529,64350885,OK,202403017,NO_ITEM,,,,,,
8806435088710 ,무조날맥스 5ml,"15,000",6435088710,6435,0887,8806435088710,8806435088710,64350887,OK,202500523,OK,"이 약은 조갑진균증(손, 발톱무좀)에 사용합니다.
","처음 4주간은 1일 1회, 그 이후는 주 1회 사용합니다.

적용기간은 건강한 손발톱이 자랄 때까지 지속해야 하는데 일반적으로, 손톱의 경우는 대략 6개월, 발톱의 경우는 9~12개월이 예상됩니다.

치료기간이 끝난 후 국소 치료에 대한 부적절한 반응이 있는 경우 또는 하나 이상의 손발톱 기질(손발톱 아래 조직) 침범을 포함한 심각한 손발톱 감염이 나타난 경우에는 추가적인 경구(먹는 약) 치료가 필요할 수 있으므로 의사와 상의하십시오.

손발톱에만 적용하며, 적용 전에 손발톱과 바로 인접한 피부에서 매니큐어나 기타 화장품을 제거해야 합니다. 적용 전에 바르는 부위를 깨끗이 씻고, 완전히 건조시킨 후 사용합니다.

이 약을 질환 부위의 전체 표면과 손발톱으로부터 약 5 mm까지의 범위, 가능한 경우 손발톱 가장자리 아래 및 손발톱 아래 피부에까지 기구를 사용하여 얇게 바른 후 완전히 마를 때까지 30초 건조시킵니다.

이 약 사용 후 적어도 6시간 동안 씻거나 젖지 않아야 하므로 저녁 취침 전, 샤워나 목욕 후에 바르기를 권장하고 그 시간이 지나면 정상적인 위생 관리가 가능합니다.

이 약을 제거하고자 할 때 유기용매나 연마제가 아닌, 손발톱을 물로 조심스럽게 씻는 것으로 충분합니다.
",,,"적용부위의 피부 발적 및 과도한 자극이 나타나거나 더 심해지는 경우 사용을 즉각 중지하고 의사 또는 약사와 상의하십시오.

에탄올을 함유하고 있어 손상된 피부에 작열감(화끈감)이 나타날 수 있습니다.
","어린이의 손이 닿지 않는 곳에 보관하십시오.

이 약을 사용한 직후에는 마개를 잘 닫아 보관하십시오.

빛을 피해 보관하십시오.

가연성이므로 열과 화기를 멀리해야 합니다.

개봉 후 6개월 이상 사용하지 마십시오.
"
8806435089526 ,써스펜 키즈시럽 6ml x 10P,"4,000",6435089526,6435,0895,8806435089526,8806435089526,64350895,OK,202501821,NO_ITEM,,,,,,
8806435089618 ,맥시부펜노즈 12C,"4,000",6435089618,6435,0896,8806435089618,8806435089618,64350896,OK,202501849,NO_ITEM,,,,,,
8806435089915 ,맥시부펜콜드 12C,"4,000",6435089915,6435,0899,8806435089915,8806435089915,64350899,OK,202502043,NO_ITEM,,,,,,
8806435090010 ,맥시부펜코프 12C,"4,000",6435090010,6435,0900,8806435090010,8806435090010,64350900,OK,202502046,NO_ITEM,,,,,,
8806436003125 ,노바손크림 30g,"3,000",6436003125,6436,0031,8806436003125,8806436003125,64360031,OK,200004086,OK,"이 약은 2차 감염된 알레르기성 또는 염증성 피부질환 (습진, 접촉피부염, 지루피부염, 아토피피부염, 광피부염, 만성단순태선, 간찰진(피부스침증), 박탈피부염, 가려움, 건선(마른비늘증)), 1도 화상에 사용합니다.",1일 1~3회 환부(질환 부위)에 적당량을 바릅니다.,,,"전염성 농가진(고름딱지증), 모낭염, 바이러스성 감염, 부스럼, 피부자극, 자통(찌름 통증), 발열, 작열감(화끈감), 가려움, 발진, 발적(충혈되어 붉어짐), 홍조, 부종, 구진, 소수포(물집), 피부건조, 농포(고름물집)성피부염, 땀띠, 상처 악화, 욕창, 농포(고름물집)증, 과민증, 피부변색, 다모(털과다)증, 여드름상발진, 색소침착저하증, 입주위피부염, 알레르기성접촉피부염, 피부짓무름, 2차감염, 피부위축, 줄무늬, 안검피부에 사용 시 안압 상승, 녹내장(시야흐림), 국소 코르티코이드의 전신적 흡수로 쿠싱증후군, 고혈당증, 당뇨 등이 나타나는 경우 사용을 즉각 중지하고 의사 또는 약사와 상의하십시오.",실온에서 보관하십시오.어린이의 손이 닿지 않는 곳에 보관하십시오.
8806436008328 ,후시메드 10g,"3,000",6436008328,6436,0083,8806436008328,8806436008328,64360083,OK,199202640,OK,"이 약은 포도구균, 연쇄구균, 코리네박테륨, 클로스트리듐으로 인한 농가진, 감염성습진양피부염, 심상성여드름(보통여드름), 모낭염, 종기 및 종기증, 화농성한선염, 농가진성습진, 화상ㆍ외상ㆍ봉합창ㆍ식피창에 의한 2차 감염에 사용합니다.",환부를 깨끗이 하고 1일 1~2회 적당량을 환부에 직접 바르거나 무균거즈에 넓게 펴발라 붙입니다.1주 정도로 투여기간을 제한합니다.두껍게 바르지 않습니다.,,,"감작된 증후(가려움, 발적, 종창, 구진, 소수포 등), 일시적인 작열감, 때때로 발진, 약한 동통 및 자극 등의 과민반응, 중증의 다리궤양 환자에 적용시 통증이 나타나는 경우 사용을 즉각 중지하고 의사 또는 약사와 상담하십시오.",실온에서 보관하십시오.어린이의 손이 닿지 않는 곳에 보관하십시오.
8806436010611 ,바스포 10g,"2,500",6436010611,6436,0106,8806436010611,8806436010611,64360106,OK,198200799,OK,"이 약은 경미한 베인 상처, 긁힌 상처, 화상의 감염 방지에 사용합니다.",상처부위를 깨끗이 하고 1일 1~3회 적당량을 상처부위에 바릅니다.,,,"발진, 가려움, 발적, 부종, 구진, 소수포, 자극감, 중복감염이 등이 나타나는 경우 사용을 즉각 중지하고 의사 또는 약사와 상의하십시오.",습기와 빛을 피해 실온에서 보관하십시오.어린이의 손이 닿지 않는 곳에 보관하십시오.
8806436016712 ,탁센 10C,"2,000",6436016712,6436,0167,8806436016712,8806436016712,64360167,OK,200710782,OK,"이 약은 류마티양 관절염, 골관절염(퇴행성 관절질환), 강직성 척추염, 건염(힘줄염), 급성통풍, 월경곤란증과 활액(윤활)낭염, 골격근장애(염좌(삠), 좌상(타박상), 외상(상처), 요천통(허리통증), 수술 후 동통(통증), 편두통, 발치(이를 뽑음)후 동통(통증)에 사용합니다.
","류마티양 관절염, 골관절염, 강직성 척추염에 성인은 1회 1~2캡슐(250~500 mg)씩, 1일 2회 12시간마다 복용합니다.

급성통풍에 성인은 처음 복용량으로 3캡슐(750 mg)을 복용하고 발작이 없어질 때까지 8시간 간격으로 1캡슐(250 mg)씩 복용합니다.

골격근장애, 수술후 동통(통증), 발치(이를 뽑음)후 동통(통증), 월경곤란증, 건염(힘줄염), 활액(윤활)낭염에 성인은 처음 복용량으로 2캡슐(500 mg)을 복용하고 6~8시간 간격으로 1캡슐(250 mg)씩 복용합니다.

편두통에 성인은 처음 복용량으로 3캡슐(750 mg)을 복용합니다. 필요 시, 1일 1~2캡슐(250~500 mg)을 더 복용할 수 있으며 처음 복용량의 복용 30분 후에 복용합니다.

1일 총용량이 5캡슐(1,250 mg)을 초과하지 않도록 합니다.

연령, 증상에 따라 적절히 증감할 수 있습니다.
","매일 세 잔 이상 정기적 음주자가 이 약 또는 다른 해열진통제를 복용할 때는 의사 또는 약사와 상의하십시오. 위장출혈을 일으킬 수 있습니다.

이 약 복용 시 치명적일 수 있는 중대한 심혈관계 혈전 반응, 심근경색증 및 뇌졸중의 위험이 증가하며, 위장관 출혈, 궤양 및 천공 등 심각한 위장관계 이상반응이 나타날 수 있습니다.
","다른 비스테로이드성 소염진통제, 나프록센 유도체, 고용량의 메토트렉세이트와 함께 복용하지 마십시오.

히단토인계 항뇌전증약, 설파제, 설포닐요소계 혈당강하제, 프로프라놀롤 및 다른 -차단제, ACE억제제(캅토프릴 등), 루프계 이뇨제 및 티아지드계 이뇨제, 프로베네시드, 아스피린, 리튬, 저용량의 메토트렉세이트, 쿠마린계 혈액응고저지제(와파린 등), 지도부딘, 뉴퀴놀론계 항생물질(에녹사신 등)과 함께 복용 시 의사 또는 약사와 상의하십시오.
","드물게 쇽 증상(호흡곤란, 혈압강하, 느린 맥, 식은땀, 부기), PIE증후군(호산구증가를 수반하는 폐침윤: 발열, 숨을 쌕쌕거림, 기침, 가래를 동반함), 두드러기, 때때로 발진, 가려움 등의 과민증상, 혈액구토, 위장출혈, 소화성궤양, 뚫림, 무과립구증, 호산구증가, 백혈구감소, 혈소판감소, 재생불량성빈혈, 적혈구파괴성빈혈, 혈소판기능저하(출혈시간의 연장), 무균성 수막염(심한 두통, 구역, 구토, 불면, 목이 뻣뻣함, 발열 또는 의식장애 등), 습진, 땀이 남, 자주색 반점, 광과민증, 탈모, 발적(충혈되어 붉어짐), 괴사성용해, 여러 모양의 붉은 반점, 피부점막안증후군(스티븐스-존슨증후군), 두드러기, 표피 수포증, 호산구 증가 및 전신 증상 동반 약물 반응, 고정약물발진, 독성 표피괴사 등이 나타나는 경우 복용을 즉각 중지하고 의사 또는 약사와 상의하십시오.

때때로 위부불쾌감, 위통, 복통, 구역, 구토, 식욕부진, 소화불량, 가슴쓰림, 설사, 변비, 입안염, 드물게 복부팽만감, 흑변, 구갈, GOT, GPT 수치의 상승, 황달, 간염, 신장애, 사구체 신염, 혈뇨, 고칼륨 혈증, 간질성 신염, 신증후군, 콩팥 유두괴사, 단백질이 섞인 오줌, 신부전, 때때로 졸음, 인식기능장애, 드물게 어지러움, 두통, 수족저림, 정력감퇴, 피로, 우울, 비정상적인 꿈, 집중능력 상실, 방향감각장애, 불면, 근육통, 근쇠약, 귀울림, 청각장애, 시각장애, 부기, 호흡곤란, 두근거림, 근육무력증, 울혈성심부전, 호산구성 폐렴, 아나필락시양 반응, 월경장애, 오한(춥고 떨리는 증상)과 발열, 혈관염, 고혈당, 저혈당 등이 나타날 수 있습니다.
","실온에서 보관하십시오.

어린이의 손이 닿지 않는 곳에 보관하십시오.
"
8806436016736 ,탁센 30C,"5,500",6436016736,6436,0167,8806436016736,8806436016736,64360167,OK,200710782,OK,"이 약은 류마티양 관절염, 골관절염(퇴행성 관절질환), 강직성 척추염, 건염(힘줄염), 급성통풍, 월경곤란증과 활액(윤활)낭염, 골격근장애(염좌(삠), 좌상(타박상), 외상(상처), 요천통(허리통증), 수술 후 동통(통증), 편두통, 발치(이를 뽑음)후 동통(통증)에 사용합니다.
","류마티양 관절염, 골관절염, 강직성 척추염에 성인은 1회 1~2캡슐(250~500 mg)씩, 1일 2회 12시간마다 복용합니다.

급성통풍에 성인은 처음 복용량으로 3캡슐(750 mg)을 복용하고 발작이 없어질 때까지 8시간 간격으로 1캡슐(250 mg)씩 복용합니다.

골격근장애, 수술후 동통(통증), 발치(이를 뽑음)후 동통(통증), 월경곤란증, 건염(힘줄염), 활액(윤활)낭염에 성인은 처음 복용량으로 2캡슐(500 mg)을 복용하고 6~8시간 간격으로 1캡슐(250 mg)씩 복용합니다.

편두통에 성인은 처음 복용량으로 3캡슐(750 mg)을 복용합니다. 필요 시, 1일 1~2캡슐(250~500 mg)을 더 복용할 수 있으며 처음 복용량의 복용 30분 후에 복용합니다.

1일 총용량이 5캡슐(1,250 mg)을 초과하지 않도록 합니다.

연령, 증상에 따라 적절히 증감할 수 있습니다.
","매일 세 잔 이상 정기적 음주자가 이 약 또는 다른 해열진통제를 복용할 때는 의사 또는 약사와 상의하십시오. 위장출혈을 일으킬 수 있습니다.

이 약 복용 시 치명적일 수 있는 중대한 심혈관계 혈전 반응, 심근경색증 및 뇌졸중의 위험이 증가하며, 위장관 출혈, 궤양 및 천공 등 심각한 위장관계 이상반응이 나타날 수 있습니다.
","다른 비스테로이드성 소염진통제, 나프록센 유도체, 고용량의 메토트렉세이트와 함께 복용하지 마십시오.

히단토인계 항뇌전증약, 설파제, 설포닐요소계 혈당강하제, 프로프라놀롤 및 다른 -차단제, ACE억제제(캅토프릴 등), 루프계 이뇨제 및 티아지드계 이뇨제, 프로베네시드, 아스피린, 리튬, 저용량의 메토트렉세이트, 쿠마린계 혈액응고저지제(와파린 등), 지도부딘, 뉴퀴놀론계 항생물질(에녹사신 등)과 함께 복용 시 의사 또는 약사와 상의하십시오.
","드물게 쇽 증상(호흡곤란, 혈압강하, 느린 맥, 식은땀, 부기), PIE증후군(호산구증가를 수반하는 폐침윤: 발열, 숨을 쌕쌕거림, 기침, 가래를 동반함), 두드러기, 때때로 발진, 가려움 등의 과민증상, 혈액구토, 위장출혈, 소화성궤양, 뚫림, 무과립구증, 호산구증가, 백혈구감소, 혈소판감소, 재생불량성빈혈, 적혈구파괴성빈혈, 혈소판기능저하(출혈시간의 연장), 무균성 수막염(심한 두통, 구역, 구토, 불면, 목이 뻣뻣함, 발열 또는 의식장애 등), 습진, 땀이 남, 자주색 반점, 광과민증, 탈모, 발적(충혈되어 붉어짐), 괴사성용해, 여러 모양의 붉은 반점, 피부점막안증후군(스티븐스-존슨증후군), 두드러기, 표피 수포증, 호산구 증가 및 전신 증상 동반 약물 반응, 고정약물발진, 독성 표피괴사 등이 나타나는 경우 복용을 즉각 중지하고 의사 또는 약사와 상의하십시오.

때때로 위부불쾌감, 위통, 복통, 구역, 구토, 식욕부진, 소화불량, 가슴쓰림, 설사, 변비, 입안염, 드물게 복부팽만감, 흑변, 구갈, GOT, GPT 수치의 상승, 황달, 간염, 신장애, 사구체 신염, 혈뇨, 고칼륨 혈증, 간질성 신염, 신증후군, 콩팥 유두괴사, 단백질이 섞인 오줌, 신부전, 때때로 졸음, 인식기능장애, 드물게 어지러움, 두통, 수족저림, 정력감퇴, 피로, 우울, 비정상적인 꿈, 집중능력 상실, 방향감각장애, 불면, 근육통, 근쇠약, 귀울림, 청각장애, 시각장애, 부기, 호흡곤란, 두근거림, 근육무력증, 울혈성심부전, 호산구성 폐렴, 아나필락시양 반응, 월경장애, 오한(춥고 떨리는 증상)과 발열, 혈관염, 고혈당, 저혈당 등이 나타날 수 있습니다.
","실온에서 보관하십시오.

어린이의 손이 닿지 않는 곳에 보관하십시오.
"
8806436017214 ,페리덱스 6g,"3,000",6436017214,6436,0172,8806436017214,8806436017214,64360172,OK,198902460,OK,이 약은 미란(짓무름) 또는 궤양을 수반하는 난치성 구내염(입안염) 및 설염(혀염)에 의한 염증의 완화에 사용합니다.,"1일 1~수회 환부(질환 부위)에 적당량을 바릅니다.연령(나이), 증상에 따라 적절히 증감할 수 있습니다.",,,"구강(입안)의 진균(곰팡이)성 및 세균성 감염증, 과민증상, 빈도불명의 시야흐림, 시력장애 등이 나타나는 경우 사용을 즉각 중지하고 의사 또는 약사와 상의하십시오.",빛을 피해 실온에서 보관하십시오.
8806436033115 ,제놀한방 5매,"2,500",6436033115,6436,0331,8806436033115,8806436033115,64360331,OK,200713744,OK,"이 약은 삠, 타박상, 근육통, 관절통, 골절통, 요(허리)통, 어깨결림, 동창(언 상처)의 진통ㆍ소염(항염)에 사용합니다.
","성인은 1일 1~2회 약면의 비닐을 떼어버리고 나서 환부(질환 부위)에 붙입니다.
",,,"발진ㆍ발적(충혈되어 붉어짐), 가려움, 부종 등이 나타나는 경우 사용을 즉각 중지하고 의사 또는 약사와 상의하십시오.
","습기와 빛을 피해 서늘한 곳에 보관하십시오.

어린이의 손이 닿지 않는 곳에 보관하십시오.
"
8806436035713 ,써버쿨 키드크림 15g,"2,500",6436035713,6436,0357,8806436035713,8806436035713,64360357,OK,200901276,OK,"이 약은 습진, 피부염, 땀띠, 옻 등에 의한 피부염, 가려움, 벌레물림, 두드러기, 동창에 사용합니다.
","1일 수회(여러 차례) 환부(질환부위)에 적당량을 바릅니다.
",,,"발진·발적, 가려움, 부종 등이 나타나는 경우 사용을 즉각 중지하고 의사 또는 약사와 상의하십시오.
","습기와 빛을 피해 실온에서 보관하십시오.

어린이의 손이 닿지 않는 곳에 보관하십시오.

사용기간이 지난 제품은 사용하지 마십시오.

시계, 안경 등의 플라스틱류, 도장이 되어있는 마로, 가구 등에 접촉 시 변질될 수 있습니다. 닿지 않게 주의하십시오.
"
8806436036413 ,쿨드림 10C,"2,000",6436036413,6436,0364,8806436036413,8806436036413,64360364,OK,200903737,OK,"이 약은 일시적 불면증의 완화에 사용합니다.
","성인은 1회 1캡슐(50 mg)씩, 1일 1회 취침 전에 복용합니다.

개인에 따라 1캡슐(50 mg) 복용 시 과도한 진정작용이 나타날 경우 ½캡슐(25 mg)을 취침 전에 복용합니다.
",,"이 약과 동일한 성분을 함유한 다른 제제, 다른 최면진정제, MAO억제제, 감기약, 해열진통제, 진해거담제, 항히스타민제를 함유하고 있는 내복약(비염용 내복약, 멀미약, 알러지용약)과 함께 복용하지 마십시오.

복용 중에는 음주하지 마십시오.
","발진, 발적, 가려움, 구갈, 위통, 오심ㆍ구토, 식욕부진, 설사, 어지러움, 두통, 기상시의 두중감, 활동중의 졸음, 불쾌감, 신경과민, 일시적인 의식장해(주의력의 저하, 잠이 덜깨는 증상, 판단력의 저하, 말ㆍ행동의 이상 등), 두근거림, 권태감, 배뇨곤란, 시야혼란, 폐쇄각 녹내장 등이 나타나는 경우 복용을 즉각 중지하고 의사 또는 약사와 상의하십시오.
","실온에서 보관하십시오.

어린이의 손이 닿지 않는 곳에 보관하십시오.
"
8806436044814 ,알러샷 10C,"2,500",6436044814,6436,0448,8806436044814,8806436044814,64360448,OK,200906254,OK,"이 약은 계절성 및 다년성 알레르기성 비염(코염), 알레르기성 결막염, 만성 특발성(원인 불명의) 두드러기, 피부 소양증(가려움증)에 사용합니다.
","성인 및 6세 이상의 소아는 1회 1캡슐(10mg)씩, 1일 1회 취침 전에 복용하고, 이상반응에 민감한 환자의 경우는 1/2캡슐(5 mg)씩을 아침, 저녁에 분할 복용합니다.

연령, 증상에 따라 적절히 증감할 수 있습니다.

신장애 환자의 복용 간격은 환자의 신기능에 따라 조절되어야 하고, 신장애를 가진 소아 환자는 환자의 신 청소율과 체중을 고려하여 개별적으로 용량을 조절해야 하므로 자세한 사항은 허가사항을 참고하십시오.
",,"테오필린, 리토나비르, 과량의 알코올과 함께 복용하지 마십시오.
","졸음, 두통, 때때로 권태감, 마비감, 무력증, 초조, 감각이상, 드물게 가볍고 일시적인 나른함, 피로, 어지러움, 머리무거움, 흥분, 경련, 운동이상, 근육긴장이상, 실신, 떨림, 공격성, 혼돈, 우울, 환각, 불면증, 틱 장애, 기억상실, 기억장애, 자살관념, 악몽, 때때로 목마름, 입술건조감, 구역, 식욕부진, 위부불쾌감, 소화불량, 복통, 위통, 복부불쾌감, 설사, 드물게 구토, 위장장애, 입술염, 미각이상, 식욕증진, 드물게 빠른맥, 부정맥, 혈압상승, 때때로 두근거림, 혈관염, 때때로 백혈구 감소, 호중구 감소, 림프구 증가, 호산구 증가, 드물게 단구 증가, 혈소판 증가, 드물게 혈소판 감소, 광과민증, 드물게 과민성 쇼크, 때때로 부기, 가려움, 발진, 드물게 두드러기, 혈관신경성부종, 고정약물발진, 급성전신발진고름물집증, 드물게 흐린 시력, 결막충혈, 안조절 장애, 전후축의 안구운동, 현기증, 간기능 장애(때때로 AST, ALT, ALP, 총빌리루빈, -GTP, LDH의 상승), 황달, 때때로 BUN 상승, 당뇨, 피섞인 소변, 드물게 배뇨 곤란, 야뇨증, 소변고임, 관절통, 인두염, 기침, 코피, 기관지경련, 청력이상, 시각이상, 때때로 가슴통증, 드물게 월경불순, 귀울림, 비염, 체중 증가가 나타나는 경우 복용을 즉각 중지하고 의사 또는 약사와 상의하십시오.

이 약 투여 중단 후 가려움증, 두드러기가 나타날 수 있습니다.
","실온에서 보관하십시오.

어린이의 손이 닿지 않는 곳에 보관하십시오.
"
8806436049819 ,제놀쿨 5매,"2,000",6436049819,6436,0498,8806436049819,8806436049819,64360498,OK,200302217,OK,"이 약은 염좌(삠), 타박, 근육통, 관절통, 골절통, 요(허리)통, 견통(어깨결림)의 진통ㆍ소염(항염)에 사용합니다.",1일 1~2회 환부(질환 부위)에 붙입니다.,,,"발진ㆍ발적(충혈되어 붉어짐), 가려움 등이 나타나는 경우 사용을 즉각 중지하고 의사 또는 약사와 상의하십시오.",빛을 피해 실온에서 보관하십시오.어린이의 손이 닿지 않는 곳에 보관하십시오.
8806436050211 ,디어미 21T,"6,000",6436050211,6436,0502,8806436050211,8806436050211,64360502,OK,201401236,OK,"1일 1정씩 21일간 표시된 순서에 따라 복용하고, 7일간 휴약합니다.

복용시간은 가능하면 매일 같은 시간에 복용하는 것이 바람직합니다.

7일의 휴약기간 동안 월경이 나타나며 대개 정제의 마지막 복용 후 2~3일 내에 시작됩니다.

이 약을 계속 복용할 경우 7일간 휴약 후 새 포장의 정제로 복용을 시작하며 새로운 포장을 시작하기 전에 월경이 끝나지 않을 수도 있습니다.

기타 자세한 사항은 허가사항 상세정보를 참고하십시오.
","1일 1정씩 21일간 표시된 순서에 따라 복용하고, 7일간 휴약합니다.

복용시간은 가능하면 매일 같은 시간에 복용하는 것이 바람직합니다.

7일의 휴약기간 동안 월경이 나타나며 대개 정제의 마지막 복용 후 2~3일 내에 시작됩니다.

이 약을 계속 복용할 경우 7일간 휴약 후 새 포장의 정제로 복용을 시작하며 새로운 포장을 시작하기 전에 월경이 끝나지 않을 수도 있습니다.

자세한 사항은 허가사항 상세정보를 참고하십시오.
","혈전증과 같은 심각한 심혈관계 위험이 증가할 수 있어 경구피임제를 복용하는 여성은 흡연을 삼갑니다. 35세 이상 흡연자는 이 약을 복용하지 마십시오.
","C형 간염 직접 작용 항바이러스제, 페니토인, 바르비탈류, 프리미돈, 카르바마제핀, 리팜피신, 루피나미드, 아프레피탄트, 보센탄, 에파비렌즈, 옥스카르바제핀, 토피라메이트, 펠바메이트, 그리세오풀빈과 세인트존스풀, 고지혈증약물, 항생제와 함께 복용하지 마십시오.

자몽주스와 함께 복용하지 마십시오.

기타 자세한 사항은 허가사항 상세정보를 참고하십시오.
","동맥혈전색전증, 정맥혈전색전증, 뇌혈관사고, 혈관폐쇄, 심근경색의 증상이 나타나는 경우 복용을 즉각 중지하고 의사 또는 약사와 상의하십시오.

비뇨생식기계 증상(월경외출혈, 월경량 변화 및 무월경 등), 유방 증상(유방긴장감 및 확대, 유루증, 유방통 등), 소화기계 증상(구역, 구토, 복부팽만감, 간장애 등), 중추신경계 증상(두통, 편두통, 우울증, 어지러움 등), 피부 증상(기미, 여드름, 다형성 홍반 등), 눈 증상(시각장애, 각막굴절변화 등), 청각장애, 대사 증상(나트륨 및 체액저류 등), 체중변화, 식욕변화 등이 나타날 수 있습니다.

기타 자세한 사항은 허가사항 상세정보를 참고하십시오.
","실온에서 보관하십시오.

어린이의 손이 닿지 않는 곳에 보관하십시오.
"
8806436051911 ,탁센400 이부프로펜 10C,"2,000",6436051911,6436,0519,8806436051911,8806436051911,64360519,OK,201602703,OK,"이 약은 감기로 인한 발열 및 동통(통증), 요(허리)통, 생리통, 류마티양 관절염, 연소성(어리거나 젊은 나이에 나타나는) 류마티양 관절염, 골(뼈)관절염(퇴행성 관절질환), 수술후 동통(통증)과 두통, 편두통, 치통, 근육통, 신경통, 강직성 척추염, 급성통풍, 건선(마른비늘증)성 관절염, 연조직손상(염좌(삠), 좌상(타박상)), 비관절 류마티스질환(건염(힘줄염), 건초염(힘줄윤활막염), 활액(윤활)낭염)에 사용합니다.
","류마티양 관절염, 골관절염, 강직성 척추염, 연조직손상, 비관절 류마티스질환, 급성통풍, 건선성 관절염에 성인은 1회 1/2 캡슐~1.5캡슐(200~600 mg), 1일 3~4회 복용하며 1일 최고 8캡슐(3,200 mg)까지 복용할 수 있습니다. 

연소성 류마티양 관절염에는 1일 체중 kg당 30~40 mg을 3~4회 분할하여 복용하며, 경증 및 중등도의 동통이나 감기에는 성인 1회 1/2캡슐~1캡슐(200~400 mg), 1일 3~4회 복용합니다.

편두통에 성인은 1회 1/2~1캡슐(200~400 mg)을 복용하고 24시간 동안 1캡슐(400 mg)을 초과하지 않도록 합니다.

연령, 증상에 따라 적절히 증감하십시오.
","매일 세 잔 이상 정기적 음주자가 이 약 또는 다른 해열진통제를 복용할  때는 의사 또는 약사와 상의하십시오. 위장출혈을 일으킬 수 있습니다.

이 약 복용시 치명적일 수 있는 중대한 심혈관계 혈전 반응, 심근경색증, 뇌졸중의 위험이 증가하며, 위장관 출혈, 궤양 및 천공 등 심각한 위장관계 이상반응이 나타날 수 있습니다.
","다른 비스테로이드성 소염진통제, 고용량의 메토트렉세이트와 함께 복용하지 마십시오.

저용량 아스피린, ACE 저해제, 리튬, 푸로세미드 및 티아지드계 이뇨제, 저용량의 메토트렉세이트, 쿠마린계 항응혈제(와파린 등), 선택적 세로토닌 재흡수억제제와 함께 복용 시 의사 또는 약사와 상의하십시오.
","쇽 증상(가슴쓰림, 오한, 호흡곤란, 혈압저하), 헤마토크릿 감소, 헤모글로빈 감소, 빈혈, 재생불량성빈혈, 용혈성빈혈, 무과립구증, 과립구감소, 백혈구감소, 혈소판감소, 혈소판기능저하(출혈시간 연장), 호산구증가 등의 혈액장애, 소화성궤양, 위장관궤양, 위장출혈, 천공(뚫림), 궤양성 대장염, 혈변, 위염, 췌장염, 혈액구토, 크론병, 식욕부진, 구역, 구토, 복통, 소화불량, 설사, 위부불쾌감, 상복부 통증, 구갈, 구내염, 복부팽만감, 구강궤양, 변비, 흑변, 피부점막안증후군(스티븐스-존슨증후군), 독성표피괴사용해(리엘증후군), 광민감 반응, 빈도불명의 호산구 증가 및 전신 증후군을 동반한 약물 발진(DRESS 증후군), 혈관신경성 부종, 수포성피부염, 다형성 홍반, 반구진 발진, 피부 붉어짐, 물집, 발진, 탈락피부염, 급성전신발진고름물집증, 간염, 황달, GOT, GPT, ALP의 상승 등과 같은 간기능이상, 간장애, 과민증 또는 아나필락시스 반응, 천식발작, 두드러기, 습진, 자반(자주색반점), 가려움증, 천식, 기관지수축, 호흡곤란 또는 쌕쌕거림, 시야불능부위 등 시각장애, 난청(귀먹음), 귀울림, 미각이상, 현기증, 졸음, 어지러움, 우울, 두통, 뇌혈관 사고 또는 신경질, 무균성 수막염 또는 수막염(심한 두통, 구역, 구토, 불면, 목이 뻣뻣함, 발열 또는 의식장애 등의 증상), 혈압상승, 심계항진(두근거림), 심부전, 심근경색증 또는 협심증, 급성신부전, 핍뇨(소변감소), 혈뇨, 요단백, BUN, 혈중크레아티닌의 상승, 고칼륨혈증, 간질성 콩팥염, 콩팥염증후군, 콩팥유두괴사, 요량 감소, 전신부종 및 이에 수반하는 숨가쁨, 나른함, 눈주변 부기, 얼굴부기, 권태감, 발열, 코피, 말초부종 등이 나타나는 경우 복용을 즉각 중지하고 의사 또는 약사와 상의하십시오.
","실온에서 보관하십시오.

어린이의 손이 닿지 않는 곳에 보관하십시오.
"
8806436052512 ,로시놀 더블액션 크림 20g,"3,000",6436052512,6436,0525,8806436052512,8806436052512,64360525,OK,201604578,OK,"이 약은 피부사상균에 의한 피부진균(곰팡이)감염증(무좀, 완선(사타구니백선), 백선)에 사용합니다.",1일 1회 적당량을 환부(질환 부위)에 도포합니다.,,,"발진 및 발적(충혈되어 붉어짐), 가려움, 부기, 자극감, 열감, 인비늘, 낙설(비듬이나 대와 같은 피부의 벗겨짐), 짓무름, 피부건조 및 피부가 당겨지는 느낌, 피부의 갈라짐 등이 나타나는 경우 사용을 즉각 중지하고 의사 또는 약사와 상의하십시오.",습기와 빛을 피해 실온에서 보관하십시오.어린이의 손이 닿지 않는 곳에 보관하십시오.
8806436056022 ,백초시럽 5ml x 10개,"5,000",6436056022,6436,0560,8806436056022,8806436056022,64360560,OK,200502778,NO_ITEM,,,,,,
8806436057029 ,스카힐골드겔 20g,"10,000",6436057029,6436,0570,8806436057029,8806436057029,64360570,OK,201906430,OK,"이 약은 상처 조직의 치료 후 처치(비대성·켈로이드성 흉터, 여드름 흉터, 수술 흉터)에 사용합니다.
","만 2세 이상 및 성인은 상처 및 주변 피부에 1일 수회 적용하여 가볍게 마사지합니다.

성인의 경우 비후성 흉터에 대해서는 전날 두껍게 바르고 붕대로 고정하여, 하루 저녁 동안 적용할 수 있습니다.
",,"항응고제(쿠마린, 아스피린, 디피리다몰, 덱스트란, 스트렙토키나제)와 함께 사용하지 마십시오.
","알레르기 반응 등이 나타나는 경우 사용을 즉각 중지하고 의사 또는 약사와 상의하십시오.
","실온에서 보관하십시오.

어린이의 손이 닿지 않는 곳에 보관하십시오.
"
8806436058613 ,탁센 덱시부프로펜 10C,"2,000",6436058613,6436,0586,8806436058613,8806436058613,64360586,OK,202001495,OK,"이 약은 만성 다발성 관절염, 류마티스관절염, 관절증, 강직척추염, 외상 및 수술 후 통증성 부종 또는 염증, 감염증(염증, 통증 및 발열을 수반)의 치료보조에 사용합니다.
","성인은 1회 300 mg을 1일 2～4회 경구투여하십시오. 단, 1일 1,200 mg을 초과하지 마십시오.
","매일 세잔 이상 정기적 음주자가 이 약 또는 다른 해열진통제를 복용할 때는 의사 또는 약사와 상의하십시오. 위장출혈을 일으킬 수 있습니다.
이 약 복용 시 치명적일 수 있는 중대한 심혈관계 혈전 반응, 심근경색증, 뇌졸중의 위험이 증가하며, 위장관 출혈, 궤양 및 천공 등 심각한 위장관계 이상반응이 나타날 수 있습니다.
","아스피린, 다른 비스테로이드성 소염진통제와 함께 사용하지 마십시오.
항응고제, 코르티코스테로이드, 알코올, 디곡신, 페니토인, 프로베네시드, 설핀피라존, 설포닐우레아제, ACE 억제제 또는 안지오텐신Ⅱ 수용체 길항제, 이뇨제, 리튬, 쿠마린계 항응고제(와르파린 등), 바클로펜, 면역억제제(시클로스포린, 타크로리무스, 시롤리무스), 혈전용해제, 티클로피딘, 항혈전제, 혈중 칼륨농도를 증가시키는 약물(칼륨 저류형 이뇨제, ACE 억제제, 안지오텐신-Ⅱ 수용체 길항제, 시클로스포린과 타크로리무스와 같은 면역억제제, 트리메토프림, 헤파린 등), CYP2C8, CYP2C9의 유도제(리팜피신, 페노바르비탈), 저용량(15 mg/주 미만)의 메토트렉세이트, 항혈소판제 및 선택적 세로토닌 재흡수 억제제(SSRI)와 함께 사용 시 의사 또는 약사와 상담하십시오.
","드물게 쇽(흉부불쾌감, 오한, 호흡곤란, 혈압저하 등), 재생불량성빈혈, 용혈성(적혈구 파괴성)빈혈, 과립백혈구감소, 백혈구감소, 무과립증, 범혈구감소, 혈소판감소, 혈소판기능저하(출혈시간 연장), 호산구중다 등의 혈액장애, 소화불량, 복부팽만, 속쓰림, 상복부의 통증, 설사나 변비, 때때로 식욕부진, 구역, 구토, 복통, 위부불쾌감이나 드물게 식도염, 식도협착, 게실악화, 비특이성 출혈성 대장염, 궤양성 대장염 또는 크론병, 소화성궤양 위장출혈, 천공, 혈변, 위염, 췌장염 매우 드물게 구갈, 구내염, 다형홍반, 전신홍반루프스(SLE), 탈모, 때때로 혈관부종, 드물게 피부점막안증후군(스티븐스-존슨증후군) 및 독성표피괴사용해(리엘증후군), 빈도불명의 호산구 증가 및 전신 증후군을 동반한 약물 발진(DRESS 증후군), 급성전신발진고름물집증, 발진, 두드러기, 가려움, 자색반, 드물게 천식발작의 유발, 습진, 아나필락시스 반응, 광민감반응, 황달, ALT 상승, AST 상승, ALP 상승, 간기능 이상, 간염 등, 비염, 기관지경련, 드물게 심부전 환자의 경우에 급성 폐렴의 위험, 드물게 무시, 암침 등의 시각장애, 난청, 이명, 미각이상 등, 피로, 졸음, 두통, 어지러움, 때때로 불안, 안절부절, 착란, 우울증, 드물게 무균성 수막염, 심한 두통, 구역, 구토, 불면, 목이 뻣뻣함, 발열 또는 의식장애, 혈압저하, 혈압상승, 심계항진 등, 급성신부전, 핍뇨, 혈뇨 등의 증상 및 요단백, BUN, 혈중 크레아티닌의 상승, 고칼륨혈증, 요량감소, 전신부종 및 이에 수반한 숨가쁨, 나른함, 드물게 신장유두괴사, 신증후군, 간질신장염, 말초부종, 급성 폐부종, 여성의 생식능력 감소, 때때로 안와주위부종, 또한 매우 드물게 권태감, 발열, 코피, 염증악화 등이 나타나는 경우 즉각 복용을 중지하고 의사 또는 약사와 상담하십시오.
","빛을 피해 실온에서 보관하십시오.

어린이의 손이 닿지 않는 곳에 보관하십시오.
"
8806436058811 ,디어미순 28T,"7,500",6436058811,6436,0588,8806436058811,8806436058811,64360588,OK,202001726,OK,"이 약은 피임에 사용합니다.
","1일 1정씩 28일간 표시된 순서에 따라 복용(24일동안은 노란색 정제(활성약), 이후 4일 동안은 흰색 정제(위약))합니다. 

복용시간은 가능하면 매일 같은 시간에 복용하는 것이 바람직합니다.

자세한 사항은 허가사항 상세정보를 참고하십시오.
","흡연은 경구피임제로 인한 중증의 심혈관계 이상반응의 위험성을 증대시키며 이 위험성은 나이와 흡연량(1일 15개 이상)에 따라 증가되고, 특히 35세 이상의 여성에게 현저하게 나타나므로 경구피임제를 복용하는 여성은 흡연을 삼가십시오.
","간 마이크로좀 효소를 유도하는 약물, 바르비탈류, 항전간제, 리파부틴, 리팜피신, 항생물질, 루피나미드, 아프레피탄트, 보센탄, 에파비렌즈 등이 있으며, 옥스카르바제핀, 토피라메이트, 펠바메이트, 단백분해효소 저해제, 약용탄, 완하제, 세인트존스워트, 항생제, 경구피임제, 리토나비르, 세인트존스풀, 모다피닐, 플루나리진, HIV 프로테아제 저해제, 에스트로겐/프로게스토겐 복합제, 담즙산 제거제와 함께 복용하지 마십시오.
","혈전성 정맥염, 혈전증 및 동맥성 혈전색전증, 뇌졸중, 뇌출혈, 뇌혈전증, 심근경색, 폐색전증, 혈압상승, 고혈압, 정맥류 악화, 일시적 허혈 발작, 월경외출혈, 월경량 변화 및 무월경, 질분비물변화, 자궁근종 크기의 증가, 자궁경부미란, 질칸디다증, 질염, 월경전증후군, 용혈성 요독증후군, 월경곤란, 자궁경부암, 유방긴장감 및 확대, 유루증, 양성유선병증, 구역, 구토, 복부 팽만감, 복부 경련, 위장장애, 담즙 분비, 무황달성 간염, 담즙울체성 황달, 악성 및 양성 간종양, 간기능장애, 포르피린증의 악화, 만성 염증성 장질환, 궤양대장염, 복통, 췌장염, 간세포성 종양, 담석증을 포함한 담낭 질환, 허혈성 대장염, 간세포성 손상, 우울증, 어지러움, 신경과민, 시덴함 무도병의 악화, 뇌전증, 지각능력감소, 허탈, 조절장애, 기분변화, 성욕변화, 기미 및 기미의 지속, 여드름, 다형성 홍반, 결절성 홍반, 전신성 홍반성 루푸스의 악화, 출혈성, 알레르기성 발진, 부종, 가려움, 지루, 조모증, 탈모, 다모, 임신포진, 시각장애, 각막굴절변화, 망막혈전증, 시신경염, 이경화증 관련 청각장애, 나트륨 및 체액저류, 내당력 변화, 말초 인슐린저항성에 대한 영향, 당뇨병, 고트리글리세리드혈증, 고콜레스테롤혈증, 식욕변화, 언어장애 등이 나타날 경우 복용을 즉각 중지하고 의사 또는 약사와 상의하십시오.

기타 자세한 사항은 허가사항 상세정보를 확인하십시오.
","실온에서 보관하십시오.

어린이의 손이 닿지 않는 곳에 보관하십시오.
"
8806436062719 ,탁센레이디 10C,"2,000",6436062719,6436,0627,8806436062719,8806436062719,64360627,OK,202107327,OK,"이 약은 두통, 치통, 발치후 동통(통증), 인후(목구멍)통, 귀의 통증, 관절통, 신경통, 요통, 근육통, 견통(어깨결림), 타박통, 골절통, 염좌통(삠통증), 월경통(생리통), 외상통의 진통, 오한(춥고 떨리는 증상), 발열시의 해열에 사용합니다.
","만 15세 이상 및 성인은 1회 1~2캡슐씩, 1일 1~3회, 만 8세 이상 ~ 만 15세 미만은 1회 1캡슐씩, 1일 1~3회 공복(빈 속)시를 피하여 복용합니다.

복용간격은 4시간 이상으로 합니다.
","매일 세 잔 이상 정기적 음주자가 이 약 또는 다른 해열진통제를 복용할  때는 의사 또는 약사와 상의하십시오. 위장출혈을 일으킬 수 있습니다.

조절되지 않는 고혈압, 울혈심부전증, 확립된 허혈성 심장질환, 말초동맥질환, 뇌혈관질환을 가진 환자는 고용량 이부프로펜(1일 2,400 mg) 복용을 피해야 하며, 심혈관계 위험 요소(고혈압, 고지혈증, 당뇨병, 흡연 등)를 가지고 있는 환자는 고용량 이부프로펜(1일 2,400 mg) 복용이 필요한 경우 이 약을 복용하기 전에 의사 또는 약사와 상의하십시오.
","다른 해열진통제, 감기약, 진정제와 함께 복용하지 마십시오.
","발진·발적(충혈되어 붉어짐), 가려움, 구역·구토, 식욕부진, 변비, 위통, 소화관출혈, 위부불쾌감, 어지러움, 부종(부기), 드물게 아나필락시쇽(과민성쇼크 : 복용후 바로 두드러기, 부종, 가슴답답함 등과 함께 안색이 창백하고, 손발이 차고, 식은땀, 숨쉬기 곤란함), 피부점막안증후군(스티븐스-존슨증후군), 독성표피괴사용해(리엘증후군 : 고열을 동반하고, 발진·발적(충혈되어 붉어짐), 화상과 같이 물집이 생기는 등의 심한 증상), 천식, 매우 드물게 다형성 홍반, 탈락 피부염, 빈도불명의 광민감 반응, 호산구 증가 및 전신 증후군을 동반한 약물 반응(DRESS 증후군), 급성전신발진고름물집증이 나타날 경우 복용을 즉각 중지하고 의사 또는 약사와 상의하십시오.
","습기와 빛을 피해 실온에서 보관하십시오.

어린이의 손이 닿지 않는 곳에 보관하십시오.
"
8806436062726 ,탁센레이디 30C,"5,500",6436062726,6436,0627,8806436062726,8806436062726,64360627,OK,202107327,OK,"이 약은 두통, 치통, 발치후 동통(통증), 인후(목구멍)통, 귀의 통증, 관절통, 신경통, 요통, 근육통, 견통(어깨결림), 타박통, 골절통, 염좌통(삠통증), 월경통(생리통), 외상통의 진통, 오한(춥고 떨리는 증상), 발열시의 해열에 사용합니다.
","만 15세 이상 및 성인은 1회 1~2캡슐씩, 1일 1~3회, 만 8세 이상 ~ 만 15세 미만은 1회 1캡슐씩, 1일 1~3회 공복(빈 속)시를 피하여 복용합니다.

복용간격은 4시간 이상으로 합니다.
","매일 세 잔 이상 정기적 음주자가 이 약 또는 다른 해열진통제를 복용할  때는 의사 또는 약사와 상의하십시오. 위장출혈을 일으킬 수 있습니다.

조절되지 않는 고혈압, 울혈심부전증, 확립된 허혈성 심장질환, 말초동맥질환, 뇌혈관질환을 가진 환자는 고용량 이부프로펜(1일 2,400 mg) 복용을 피해야 하며, 심혈관계 위험 요소(고혈압, 고지혈증, 당뇨병, 흡연 등)를 가지고 있는 환자는 고용량 이부프로펜(1일 2,400 mg) 복용이 필요한 경우 이 약을 복용하기 전에 의사 또는 약사와 상의하십시오.
","다른 해열진통제, 감기약, 진정제와 함께 복용하지 마십시오.
","발진·발적(충혈되어 붉어짐), 가려움, 구역·구토, 식욕부진, 변비, 위통, 소화관출혈, 위부불쾌감, 어지러움, 부종(부기), 드물게 아나필락시쇽(과민성쇼크 : 복용후 바로 두드러기, 부종, 가슴답답함 등과 함께 안색이 창백하고, 손발이 차고, 식은땀, 숨쉬기 곤란함), 피부점막안증후군(스티븐스-존슨증후군), 독성표피괴사용해(리엘증후군 : 고열을 동반하고, 발진·발적(충혈되어 붉어짐), 화상과 같이 물집이 생기는 등의 심한 증상), 천식, 매우 드물게 다형성 홍반, 탈락 피부염, 빈도불명의 광민감 반응, 호산구 증가 및 전신 증후군을 동반한 약물 반응(DRESS 증후군), 급성전신발진고름물집증이 나타날 경우 복용을 즉각 중지하고 의사 또는 약사와 상의하십시오.
","습기와 빛을 피해 실온에서 보관하십시오.

어린이의 손이 닿지 않는 곳에 보관하십시오.
"
8806436063617 ,로시놀액 30ml,"4,000",6436063617,6436,0636,8806436063617,8806436063617,64360636,OK,202201550,OK,"이 약은 족부백선, 수부백선, 고부백선(완선), 체부백선), 피부칸디다증, 어루러기, 조갑(손ㆍ발톱) 진균증에 사용합니다.
","피부진균증에 사용하는 경우 1일 1회(가능하면 취침시) 환부를 깨끗이 닦고 완전히 건조시킨 후 환부 및 그 주 위의 피부에 얇게 바르고 부드럽게 문지릅니다.

조갑(손ㆍ발톱) 진균증에 사용하는 경우 손ㆍ발톱을 짧게 깎고, 1일 1회(가능하면 취침시) 또는 필요에 따라 1일 2회(아침, 저녁) 얇게 바릅니다.

재발 방지를 위해 모든 증상이 소실된 후에도 약 2주간 더 사용합니다.
",,"다른 국소 적용 약물과 함께 사용 시 의사 또는 약사와 상의하십시오.
","자극 또는 민감성 등이 나타나는 경우 사용을 즉각 중지하고 의사 또는 약사와 상의하십시오.

드물게 작열감(화끈감), 찔린 상처, 건조감, 홍반(붉은 반점), 가려움, 국소자극이 나타날 수 있습니다.
","실온에서 보관하십시오.

어린이의 손이 닿지 않는 곳에 보관하십시오.
"
8806436065413 ,탁센 아세트아미노펜 500ml 10정,"2,000",6436065413,6436,0654,8806436065413,8806436065413,64360654,OK,202301311,OK,"이 약은 감기로 인한 발열 및 통증, 두통, 신경통, 근육통, 월경통, 삔 통증에 사용합니다.

이 약은 치통, 관절통, 류마티양 통증에 사용합니다.
","만 12세 이상 소아 및 성인은 1회 1~2정씩, 1일 3~4회 4~6시간 마다 필요시 복용합니다.

1일 최대 8정을 초과하여 복용하지 마십시오.

이 약은 가능한 최단기간동안 최소 용량으로 복용합니다.
","매일 세잔 이상 정기적 음주자가 이 약 또는 다른 해열진통제를 복용할 때는 의사 또는 약사와 상의하십시오. 간손상을 일으킬 수 있습니다.

매우 드물게 치명적일 수 있는 급성전신발진고름물집증, 피부점막안증후군 (스티븐스-존슨증후군), 독성표피괴사용해 (리엘증후군)와 같은 중대한 피부반응이 보고되었고 이 약 복용 후 피부발진 또는 다른 과민반응의 징후가 나타나는 경우 즉시 복용을 중단하십시오.

아세트아미노펜으로 일일 최대 용량 (4,000 mg)을 초과하여 복용하지 마십시오. 간손상을 일으킬 수 있습니다. 아세트아미노펜을 포함하는 다른 제품과 함께 복용하지 마십시오.
","바르비탈계 약물, 삼환계 항우울제 및 알코올을 복용한 사람은 이 약을 복용하지 마십시오.

다른 소염진통제와 함께 복용하지 마십시오.

이 약을 복용하기 전에 와파린을 장기 복용하는 환자, 리튬, 티아자이드계 이뇨제를 복용한 환자는 의사 또는 약사와 상의하십시오.
","호흡곤란, 온몸이 붉어짐, 혈관부기, 두드러기 등의 쇽 증상이나 천식발작, 혈소판감소, 과립구감소, 용혈성빈혈, 메트헤모글로빈혈증, 혈소판기능 저하, 청색증 또는 얼굴부기, 땀이 남, 저혈압 등의 과민증상, 구역, 구토, 식욕부진, 위장출혈, 소화성궤양, 천공, 발진, 피부점막안증후군 (스티븐스-존슨증후군), 독성표피괴사용해 (리엘증후군), AST 상승, ALT 상승, 고정발진 등이 나타나는 경우 이 약의 복용을 즉각 중지하고 의사 또는 약사와 상의하십시오.
","실온에서 보관하십시오.

어린이의 손이 닿지 않는 곳에 보관하십시오.
"
8806436067110 ,써버쿨 에스 50ml,"4,000",6436067110,6436,0671,8806436067110,8806436067110,64360671,OK,202401301,NO_ITEM,,,,,,
8806436067219 ,그린노즈플러스 10C,"2,500",6436067219,6436,0672,8806436067219,8806436067219,64360672,OK,202401758,NO_ITEM,,,,,,
8806438000429 ,덴드로프쿨 120ml,"8,000",6438000429,6438,0004,8806438000429,8806438000429,64380004,OK,200708968,OK,이 약은 지루성피부염에 사용합니다.,"이 약은 일주일에 2~3회 또는 두피 질환 치료시 필요할 때마다 머리를 물로 적신 후 거품이 날 정도의 충분한 양을 적용하여 손가락 끝으로 충분히 마사지하고, 3~5분 후 모발을 물로 여러 번 헹구어 완전히 씻어냅니다.",,,"피부 자극, 미란(피부자극)이 나타나는 경우 사용을 즉각 중지하고 의사 또는 약사와 상의하십시오.흔하게 가려움증, 작열감(화끈감), 홍반, 적용부위 발진, 드물게 적용부위 과민증, 피부박리, 습진, 탈모증, 머리카락 변색 및 모발의 질감 변화 등이 나타날 수 있습니다.",습기와 빛을 피해 25℃ 이하에서 보관하십시오.어린이의 손이 닿지 않는 곳에 보관하십시오.화기 근처에 두지 마십시오.
8806438002119 ,스카덤겔 20g,"11,000",6438002119,6438,0021,8806438002119,8806438002119,64380021,OK,200711818,OK,"이 약은 수술, 절단, 화상, 사고 후의 비대성 및 켈로이드성, 운동제한성 또는 미용적 피부손상시의 상처 및 흉터, 외상(상처)성 경축(경련과 수축이 일어나 수축상태가 지속되는 현상), 상흔성 협착(좁아짐)에 사용합니다.
","상처 부위에 충분히 침투할 때까지 1일 수회(여러 차례) 가볍게 마사지합니다.

상처가 심하거나 오래된 흉터일 경우 드레싱으로 고정하여 하루 저녁을 지내십시오.
",,,"매우 드물게 국소 피부자극(가려움, 과민반응) 등이 나타날 수 있습니다.
","실온에서 보관하십시오.

어린이의 손이 닿지 않는 곳에 보관하십시오.
"
8806438003321 ,[신신] 물파스 에스 90ml,"3,000",6438003321,6438,0033,8806438003321,8806438003321,64380033,OK,198800991,OK,"이 약은 삠, 타박상, 근육통, 관절통, 골절통, 요(허리)통, 어깨결림, 신경통, 류마티스통증, 피부 가려움, 벌레 물린데, 동창(언 상처)의 진통 · 소염(항염)에 사용합니다.
","수회(여러 차례) 환부(질환 부위)에 적당량을 바르십시오.
",,,"발진, 발적, 종창, 가려움, 통증, 부종 등이 나타나는 경우 사용을 즉각 중지하고 의사 또는 약사와 상의하십시오.
","습기와 빛을 피해 실온에서 보관하십시오.

어린이의 손이 닿지 않는 곳에 보관하십시오.

화기 근처에 두지 마십시오.
"
8806438003352 ,[신신] 물파스 에스 120ml,"4,000",6438003352,6438,0033,8806438003352,8806438003352,64380033,OK,198800991,OK,"이 약은 삠, 타박상, 근육통, 관절통, 골절통, 요(허리)통, 어깨결림, 신경통, 류마티스통증, 피부 가려움, 벌레 물린데, 동창(언 상처)의 진통 · 소염(항염)에 사용합니다.
","수회(여러 차례) 환부(질환 부위)에 적당량을 바르십시오.
",,,"발진, 발적, 종창, 가려움, 통증, 부종 등이 나타나는 경우 사용을 즉각 중지하고 의사 또는 약사와 상의하십시오.
","습기와 빛을 피해 실온에서 보관하십시오.

어린이의 손이 닿지 않는 곳에 보관하십시오.

화기 근처에 두지 마십시오.
"
8806438003918 ,티눈고 혼합형 2매,"4,000",6438003918,6438,0039,8806438003918,8806438003918,64380039,OK,195900034,OK,"이 약은 티눈, 못(굳은살), 사마귀에 사용합니다. 
","이형지로부터 벗겨 이 약제면을 환부(질환 부위)에 대고 테이프로 고정하고 2~5일마다 교체하여 붙입니다.
",,"메토트렉세이트, 설포닐우레아, 다른 국소 적용 약물과 함께 사용 시 의사 또는 약사와 상의하십시오.
","발진, 발적(충혈되어 붉어짐), 홍반(붉은 반점), 가려움, 정상 피부에 닿았을 경우 국소 자극 반응이 나타나는 경우 사용을 즉각 중지하고 의사 또는 약사와 상의하십시오.

드물게 피부자극, 접촉성 알레르기 반응 등이 나타날 수 있습니다.
","습기와 빛을 피해 보관하십시오.

어린이의 손이 닿지 않는 곳에 보관하십시오.
"
8806438004014 ,티눈밴드 8매,"3,000",6438004014,6438,0040,8806438004014,8806438004014,64380040,OK,199901295,OK,"이 약은 티눈, 못(굳은살), 사마귀에 사용합니다.",이 약의 중앙부가 환부(질환 부위)를 덮도록 부착하며 보통 2~5일마다 교체하여 붙입니다.,,"메토트렉세이트, 설포닐우레아, 다른 국소 적용 약물을 함께 사용 시 의사 또는 약사와 상의하십시오.","발진, 발적(충혈되어 붉어짐), 홍반(붉은 반점), 가려움, 정상 피부에 닿았을 경우 국소 자극 반응이 나타나는 경우 사용을 즉각 중지하고 의사 또는 약사와 상의하십시오.드물게 피부자극, 접촉성 알레르기 반응 나타날 수 있습니다.",습기와 빛을 피해 실온에서 보관하십시오.어린이의 손이 닿지 않는 곳에 보관하십시오.
8806438004069 ,티눈밴드 발바닥형 6매,"3,000",6438004069,6438,0040,8806438004069,8806438004069,64380040,OK,199901295,OK,"이 약은 티눈, 못(굳은살), 사마귀에 사용합니다.",이 약의 중앙부가 환부(질환 부위)를 덮도록 부착하며 보통 2~5일마다 교체하여 붙입니다.,,"메토트렉세이트, 설포닐우레아, 다른 국소 적용 약물을 함께 사용 시 의사 또는 약사와 상의하십시오.","발진, 발적(충혈되어 붉어짐), 홍반(붉은 반점), 가려움, 정상 피부에 닿았을 경우 국소 자극 반응이 나타나는 경우 사용을 즉각 중지하고 의사 또는 약사와 상의하십시오.드물게 피부자극, 접촉성 알레르기 반응 나타날 수 있습니다.",습기와 빛을 피해 실온에서 보관하십시오.어린이의 손이 닿지 않는 곳에 보관하십시오.
8806438004113 ,신신 티눈액(붓타입) 10ml,"4,000",6438004113,6438,0041,8806438004113,8806438004113,64380041,OK,200501323,OK,"이 약은 티눈, 못(굳은살)에 사용합니다.",이전에 생성된 피막을 제거한 후 1일 1~2회 적당량을 환부에 바릅니다.,,,"발진, 발적(충혈되어 붉어짐), 가려움, 도포한 부위에 주름 모양의 흔적 등이 나타나는 경우 사용을 즉각 중지하고 의사 또는 약사와 상의하십시오.",습기와 빛을 피해 실온에서 보관하십시오.어린이의 손이 닿지 않는 곳에 보관하십시오.화기 근처에 두지 마십시오.
8806438004519 ,[신신] 신형) 아렉스 중형 10매,"2,800",6438004519,6438,0045,8806438004519,8806438004519,64380045,OK,200501321,OK,"이 약은 어깨결림, 허리통, 신경통, 류마티스, 타박상, 염좌(삠), 근육통, 관절통의 진통 · 소염에 사용합니다.
","1일 1~2회 질환 부위에 부착합니다.
",,,"발진, 충혈되어 붉어짐, 가려움, 통증 등이 나타나는 경우 사용을 즉각 중지하고 의사 또는 약사와 상의하십시오.
","습기와 빛을 피해 실온에서 보관하십시오.

어린이의 손이 닿지 않는 곳에 보관하십시오.
"
8806438007022 ,유라덤 50g,"4,000",6438007022,6438,0070,8806438007022,8806438007022,64380070,OK,200710519,OK,"이 약은 진행성 지장각피증(주부습진의 건조형), 손·발바닥 각피증, 어린선(魚鱗蘚), 노인성 건피증, 모공성태선, 아토피 피부에 사용합니다.",환부를 씻은 다음 1일 1~수회 이 약을 바른 후 충분히 문지릅니다.,,"코르티코이드, 디트라놀, 5-플루오로우라실을 함께 사용 시 의사 또는 약사와 상의하십시오.","통증, 열감, 때때로 홍조, 가려움 등이 나타날 수 있습니다.과민증상, 때때로 습진화, 피부의 균열(갈라짐), 구진, 따끔따끔한 느낌, 작열감, 인설, 드물게 부종, 건조화 등이 나타나는 경우 사용을 즉각 중지하고 의사 또는 약사와 상의하십시오.",실온에서 보관하십시오.어린이의 손이 닿지 않는 곳에 보관하십시오.
8806438008036 ,[신신] 케토크린 7매,"1,800",6438008036,6438,0080,8806438008036,8806438008036,64380080,OK,199901296,OK,"이 약은 퇴행성관절염(골관절염), 어깨관절주위염, 건(힘줄) · 건초염(힘줄윤활막염), 건(힘줄)주위염, 상완골(위팔뼈)상과염(테니스 엘보우 등), 근육통, 외상(상처)후의 종창(부기)ㆍ동통(통증)의 진통 · 소염(항염)에 사용합니다.",약면의 박리지를 떼어낸 후 환부에 1일 2회 부착합니다.,,,"드물게 쇽(두드러기, 호흡곤란, 얼굴부기 등 과민성유사증상), 천식발작(건성수포음, 천명, 호흡곤란), 때때로 발적, 발진, 가려움, 수포, 짓무름, 자극감 및 종창 등의 접촉피부염, 피부건조 및 색소침착, 직사일광에 의한 광과민증, 피부발진이 전신으로 확대되어 나타나는 경우 사용을 즉각 중지하고 의사 또는 약사와 상의하십시오.",빛을 피해 실온에서 보관하십시오.어린이의 손이 닿지 않는 곳에 보관하십시오.
8806438012316 ,노스엣 30ml,"8,000",6438012316,6438,0123,8806438012316,8806438012316,64380123,OK,200802778,OK,"이 약은 겨드랑이, 손, 발의 다한증(땀과다증)에 사용합니다.",저녁에 적용 부위에 적당량을 바른 후 다음날 아침 물로 씻어 제거합니다.발한(땀이 남)이 멈출 때까지는 매일 밤 한번씩 사용하고 증상이 호전(나아짐)될 경우에는 일주일에 1~2회로 줄입니다.,,,"매우 흔하게 일시적 적용부위 자극감이나 발적(충혈되어 붉어짐), 드물게 피부염을 포함한 적용부위 과민반응, 통증, 가려움증, 홍반, 발진 및 피부 작열감(화끈감) 등이 나타나는 경우 사용을 즉각 중지하고 의사 또는 약사와 상의하십시오.",습기와 빛을 피해 25℃ 이하에서 보관하십시오.
8806438012811 ,버래물(롤타입) 50ml,"3,000",6438012811,6438,0128,8806438012811,8806438012811,64380128,OK,200807607,OK,"이 약은 습진, 피부염, 땀띠, 옻 등에 의한 피부염, 가려움, 벌레물린데, 두드러기에 사용합니다.",1일 1~수회(여러 차례) 환부(질환 부위)에 적당량을 바릅니다.사용 전에 잘 흔들어 사용하십시오.,,,"피부 발진·발적(충혈되어 붉어짐), 부종(부기), 가려움 등이 나타나면 사용을 즉각 중지하고 의사 또는 약사와 상의하십시오.",습기와 빛을 피해 실온에서 보관하십시오.어린이의 손이 닿지 않는 곳에 보관하십시오.
8806438015324 ,신신 아시클로버크림 10g,"3,000",6438015324,6438,0153,8806438015324,8806438015324,64380153,OK,200905015,OK,이 약은 단순포진(물집) 바이러스 감염증(초기 및 재발성 생식기 포진(물집)과 구순포진(물집) 포함)에 사용합니다.,"약 4시간 간격으로 1일 5회 환부(질환 부위)에 바릅니다.치료는 5일간 계속하여야 하며, 5일간 사용 후에도 치료되지 않을 경우에는 5일간 더 사용할 수 있습니다.",,프로베네시드를 투여한 환자는 의사 또는 약사와 상의하십시오.,"압통 등의 불쾌감, 일시적인 작열감, 자통을 포함하는 가벼운 동통 및 접촉피부염, 홍반성 발진, 습진, 알레르기반응 및 때때로 도포부위의 자극감, 가려움, 외음염, 안면 부종, 피부 탈색, 두드러기, 발진, 소수포성 발진, 피부 벗겨짐 등이 나타날 수 있습니다.",실온에서 보관하십시오.
8806438016116 ,노스엣 센스 30ml,"8,000",6438016116,6438,0161,8806438016116,8806438016116,64380161,OK,200904822,OK,"이 약은 겨드랑이, 손, 발의 다한증(땀과다증)에 사용합니다.",저녁에 적용 부위에 적당량을 바른 후 다음날 아침 물로 씻어 제거합니다.발한이 멈출 때까지는 매일 밤 한 번씩 사용하고 증상이 호전(나아짐)될 경우 일주일에 1~2회로 줄이십시오.,,,"일시적으로 자극감, 발적 등이 나타나는 경우 사용을 즉각 중지하고 의사 또는 약사와 상의하십시오.",습기와 빛을 피해 25℃ 이하에서 보관하십시오.어린이의 손이 닿지 않는 곳에 보관하십시오.
8806438019919 ,물린디키드 15g,"4,000",6438019919,6438,0199,8806438019919,8806438019919,64380199,OK,201103942,OK,"이 약은 가려움, 피부염, 습진, 두드러기, 땀띠, 동상, 벌레 물림, 짓무름에 사용합니다.",1일 수회(여러 차례) 환부에 적당량을 바릅니다.,,,"현기증(어지럼), 구역질, 권태감(노곤함), 호흡 이상, 발진, 발적(충혈되어 붉어짐), 가려움, 부기 등이 나타나는 경우 사용을 즉각 중지하고 의사 또는 약사와 상의하십시오.",습기와 빛을 피해 실온에서 보관하십시오.어린이의 손이 닿지 않는 곳에 보관하십시오.
8806438020038 ,[신신] 세라덤 30g,"3,000",6438020038,6438,0200,8806438020038,8806438020038,64380200,OK,201110342,OK,"이 약은 2차 감염된 알레르기성 또는 염증성 피부질환(습진, 접촉피부염, 지루피부염, 아토피피부염, 광피부염, 만성단순태선, 간찰진(피부스침증), 박탈피부염, 가려움, 건선(마른비늘증)), 1도 화상에 사용합니다.
","1일 1～3회 환부(질환 부위)에 적당량을 발라서 사용합니다.
",,,"피부의 세균성(전염성 농가진(고름딱지증), 모낭염 등), 바이러스성 감염증, 모낭염, 부스럼, 피부자극, 자통(찌름 통증), 발열, 작열감(화끈감), 가려움, 발진ㆍ발적(충혈되어 붉어짐), 홍조, 피부건조, 농포(고름물집)성피부염, 땀띠, 상처 악화, 욕창, 농포(고름물집)증, 과민증, 피부변색, 다모(털과다)증, 여드름상발진, 색소침착저하증, 입주위피부염, 알레르기성접촉피부염, 피부짓무름, 2차감염, 피부위축, 줄무늬 등의 증상이 나타나는 경우 사용을 즉각 중지하고 의사 또는 약사와 상의하십시오.
","습기와 빛을 피해 실온에서 보관하십시오.

어린이의 손이 닿지 않는 곳에 보관하십시오.
"
8806438020519 ,몽푸로겔,"6,000",6438020519,6438,0205,8806438020519,8806438020519,64380205,OK,201504711,OK,"이 약은 정맥류상 부종, 표재성 정맥염, 사고시 외상, 운동시 부상(타박상), 건초염의 진통·소염에 사용합니다.",상처나 감염된 부위에 1일 수회 엷게 바른후 피부를 가볍게 문질러 줍니다.,,"다른 혈액응고저지제(예, 쿠마린, 아스피린, 디피리다몰, 덱스트란, 스트렙토키나제 등)와 함께 사용 시 출혈이 증가 할 수 있으므로 의사 또는 약사와 상의하십시오.","드물게 피부염, 접촉 알레르기, 청각장애를 동반한 이명(귀울림)증, 코피, 구역, 구토, 가려움 및 피부 점막의 건조증 등이 나타나는 경우 사용을 즉각 중지하고 의사 또는 약사와 상의하십시오.",습기와 빛을 피해 실온에서 보관하십시오.어린이의 손이 닿지 않는 곳에 보관하십시오.
8806438021332 ,나오덤크림 20g,"3,000",6438021332,6438,0213,8806438021332,8806438021332,64380213,OK,201309340,OK,"이 약은 습진, 열상(화상), 그 외의 질환에 따른 미란 및 궤양에 사용합니다.",1일 수회(여러 차례) 환부에 도포합니다.,,,"열감, 소양감, 따끔따끔한 감 등의 피부의 자극증상이 나타날 수 있습니다.",습기와 빛을 피해 실온에서 보관하십시오.
8806438022315 ,무조무알파 에어로솔 60g,"6,000",6438022315,6438,0223,8806438022315,8806438022315,64380223,OK,201500020,OK,"이 약은 무좀, 완선(사타구니백선), 백선에 사용합니다.","적용 전에 환부(질환 부위)를 깨끗이 씻고, 완전히 건조시킨 후 1일 1회 적당량 뿌립니다.",,,"피부 발진, 발적(충혈되어 붉어짐), 옻, 가려움, 부종(부기), 자극감, 열감, 피부박리(벗겨짐), 미란(짓무름), 건조, 피부균열(갈라짐) 등이 나타나는 경우 사용을 즉각 중지하고 의사 또는 약사와 상의하십시오.",습기와 빛을 피해 실온에서 보관하십시오.어린이의 손이 닿지 않는 곳에 보관하십시오.
8806438022339 ,무조무알파 에어로솔 120g,"9,500",6438022339,6438,0223,8806438022339,8806438022339,64380223,OK,201500020,OK,"이 약은 무좀, 완선(사타구니백선), 백선에 사용합니다.","적용 전에 환부(질환 부위)를 깨끗이 씻고, 완전히 건조시킨 후 1일 1회 적당량 뿌립니다.",,,"피부 발진, 발적(충혈되어 붉어짐), 옻, 가려움, 부종(부기), 자극감, 열감, 피부박리(벗겨짐), 미란(짓무름), 건조, 피부균열(갈라짐) 등이 나타나는 경우 사용을 즉각 중지하고 의사 또는 약사와 상의하십시오.",습기와 빛을 피해 실온에서 보관하십시오.어린이의 손이 닿지 않는 곳에 보관하십시오.
8806438026726 ,무조무원스 5g x 2EA,"15,000",6438026726,6438,0267,8806438026726,8806438026726,64380267,OK,201606811,OK,"이 약은 피부사상균에 의한 피부진균감염증(족부백선(발백선증,무좀))에 사용합니다.","사용 전에 환부(질환 부위)를 깨끗이 씻고, 완전히 건조시킨후 환부(질환 부위)와 그 주위가 충분히 적셔지도록 충분한 양을 단 1회 적용합니다.병소(아픈부위)가 나타나지 않은 쪽 발이라 할지라도, 양쪽 발에 발가락 사이 모두 얇게 펴 바르고 발바닥 전체와 발바닥으로부터 약 1.5 cm 높이까지 이 약을 적용하고, 필름이 될 때까지 1~2분간 건조시킵니다.이 약 적용 시에는 문질러 바르지 않습니다.이 약의 효과를 높이려면 적용 후 24시간 동안 씻지 않고 그대로 두어야 하기 때문에 샤워 또는 목욕 후에 바르기를 권장하고 그 다음날의 같은 시간 까지 기다린 후 발을 다시 씻으십시오.",,,"매우 드물게 발진, 가려움, 물집피부염 및 두드러기, 흔하지 않게 피부 건조함, 피부 자극 또는 작열감(화끈감) 등이 나타나는 경우 사용을 즉각 중지하고 의사 또는 약사와 상의하십시오.",15~30℃에서 보관하십시오.어린이의 손이 닿지 않는 곳에 보관하십시오.화기 근처에 두지 마십시오.
8806438027013 ,[신신] 찜파스 8매,"3,000",6438027013,6438,0270,8806438027013,8806438027013,64380270,OK,200401422,OK,"이 약은 어깨결림, 요(허리)통, 근육통 근육피로, 타박, 염좌(삠), 관절통 가벼운 동상에 사용합니다.",1일 수회(여러 차례) 환부(질환 부위)에 부착합니다.,,,"발진 · 발적(충혈되어 붉어짐), 가려움, 피부염, 색소침착, 피부박리(피부 벗겨짐), 통증 등이 나타나는 경우 사용을 즉각 중지하고 의사 또는 약사와 상의하십시오.",습기와 빛을 피해 실온에서 보관하십시오.어린이의 손이 닿지 않는 곳에 보관하십시오.
8806438027426 ,록소크린 플라스타 10매,"3,000",6438027426,6438,0274,8806438027426,8806438027426,64380274,OK,201706432,OK,"이 약은 퇴행성관절염(골관절염), 근육통, 외상(상처)후의 종창(부기), 통증의 진통ㆍ소염(항염)에 사용합니다.",1일 1회 1매 환부(질환부위)에 부착합니다.,,,"가려움, 홍반(붉은반점), 접촉피부염, 배가 거북함, ALT 상승, AST 상승 등의 임상 검사 치 이상, 쇽(혈압저하, 두드러기, 후두부종, 호흡곤란 등의 증상)이 나타나는 경우 사용을 즉각 중지하고 의사 또는 약사와 상의하십시오.",습기와 빛을 피해 실온에서 보관하십시오.어린이의 손이 닿지 않는 곳에 보관하십시오.
8806438027433 ,록소크린 12매,"3,000",6438027433,6438,0274,8806438027433,8806438027433,64380274,OK,201706432,OK,"이 약은 퇴행성관절염(골관절염), 근육통, 외상(상처)후의 종창(부기), 통증의 진통ㆍ소염(항염)에 사용합니다.",1일 1회 1매 환부(질환부위)에 부착합니다.,,,"가려움, 홍반(붉은반점), 접촉피부염, 배가 거북함, ALT 상승, AST 상승 등의 임상 검사 치 이상, 쇽(혈압저하, 두드러기, 후두부종, 호흡곤란 등의 증상)이 나타나는 경우 사용을 즉각 중지하고 의사 또는 약사와 상의하십시오.",습기와 빛을 피해 실온에서 보관하십시오.어린이의 손이 닿지 않는 곳에 보관하십시오.
8806438029925 ,스카덤 클리어 20g,"12,000",6438029925,6438,0299,8806438029925,8806438029925,64380299,OK,201903580,OK,"이 약은 상처 조직의 치료 후 처치(비대성 및 켈로이드성 흉터, 여드름 흉터, 수술 흉터)에 사용합니다.","성인 및 2세 이상의 소아는 상처 및 주변 피부에 1일 수회 적용하여 가볍게 마사지합니다.성인의 경우 비후성 흉터에 대해서는 전날 두껍게 바르고 붕대로 고정하여, 하루 저녁 동안 적용할 수 있습니다.",,"이 약을 사용하는 동안 항응고제(쿠마린, 아스피린, 디피리다몰, 덱스트란, 스트렙토키나제)와 함께 사용하지 마십시오.",알레르기 반응이 나타나는 경우 사용을 즉각 중지하고 의사 또는 약사와 상의하십시오.,실온에서 보관하십시오.어린이의 손이 닿지 않는 곳에 보관하십시오.
8806438031225 ,[신신] 플렉스 아렉스마일드 6매,"4,000",6438031225,6438,0312,8806438031225,8806438031225,64380312,OK,199301383,OK,"이 약은 타박상, 삠, 요통, 어깨결림, 근육통, 관절통의 진통·소염(항염)에 사용합니다.
","1일 1~3회 약면의 박리지를 벗기고 환부(질환 부위)에 부착합니다.
",,,"발진·발적(충혈되어 붉어짐), 가려움, 통증 등이 나타나는 경우 사용을 중지하고 의사 또는 약사와 상의하십시오.
","습기와 빛을 피해 실온에서 보관하십시오.

어린이으 손이 닿지 않는 곳에 보관하십시오.
"
8806438031522 ,신신 삼소음액 75ml x 10포,"9,000",6438031522,6438,0315,8806438031522,8806438031522,64380315,OK,202002621,NO_ITEM,,,,,,
8806438031621 ,신신 갈근탕액 75ml x 10포,"9,000",6438031621,6438,0316,8806438031621,8806438031621,64380316,OK,202002622,NO_ITEM,,,,,,
8806438031720 ,신신 쌍화탕액 75ml x 10포,"9,000",6438031720,6438,0317,8806438031720,8806438031720,64380317,OK,202002623,NO_ITEM,,,,,,
8806438031829 ,신신 소청룡탕액 75ml x 10포,"9,000",6438031829,6438,0318,8806438031829,8806438031829,64380318,OK,202002624,NO_ITEM,,,,,,
8806438032918 ,[신신] 아렉스 로션 100ml,"4,500",6438032918,6438,0329,8806438032918,8806438032918,64380329,OK,201605959,OK,"이 약은 삠, 타박상, 근육통, 관절통, 골절통, 요(허리)통, 어깨결림, 신경통, 류마티스통증의 진통ㆍ소염(항염)과 피부 가려움, 벌레 물린데, 언 상처에 사용합니다.
","1일 수회(여러 차례) 적당량을 환부(질환부위)에 바릅니다.
",,,,"습기와 빛을 피해 실온에서 보관하십시오.

어린이의 손이 닿지 않는 곳에 보관하십시오.

뚜껑을 닫아 보관하십시오.
"
8806438033717 ,미야리산 70g,"25,000",6438033717,6438,0337,8806438033717,8806438033717,64380337,OK,202008946,NO_ITEM,,,,,,
8806438034424 ,[신신] 플렉스 캐네펜 6매,"4,000",6438034424,6438,0344,8806438034424,8806438034424,64380344,OK,200905610,OK,"이 약은 요(허리)통, 어깨 통증, 관절통, 근육통, 골수(뼈속질)염(손ㆍ손목의 통증), 팔꿈치의 아픔(테니스엘보우 등), 타박, 염좌(삠)의 진통ㆍ소염(항염)에 사용합니다.","1일 1~2회, 1회 1매씩 환부(질환 부위)에 부착합니다.",,,"발진 · 발적(충혈되어 붉어짐), 가려움, 옻, 작열감(화끈감), 부종(부기), 통증, 열감, 건조감 등이 나타나는 경우 사용을 즉각 중지하고 의사 또는 약사와 상의하십시오.",습기와 빛을 피해 실온에서 보관하십시오.어린이의 손이 닿지 않는 곳에 보관하십시오.
8806438035216 ,물린디쿨 50ml,"4,000",6438035216,6438,0352,8806438035216,8806438035216,64380352,OK,202200584,OK,"이 약은 습진, 피부염, 땀띠, 옻 등에 의한 피부염, 가려움, 벌레물림, 두드러기, 동창(언 상처)에 사용합니다.
","1일 수회(여러 차례) 환부(질환 부위)에 적당량 바릅니다.
",,,"발진·발적(충혈되어 붉어짐), 가려움, 부종(부기), 땀띠염증, 건조감, 자극감, 열감, 따끔따끔한 감각 등이 나타날 경우 사용을 즉각 중지하고 의사 또는 약사와 상의하십시오.
","어린이의 손이 닿지 않는 곳에 보관하십시오.

습기와 빛을 피해 실온에서 보관하십시오.

사용기간이 지난 제품은 사용하지 마십시오.
"
8806438035315 ,티눈밴드S 8매,"5,000",6438035315,6438,0353,8806438035315,8806438035315,64380353,OK,199901295,OK,"이 약은 티눈, 못(굳은살), 사마귀에 사용합니다.",이 약의 중앙부가 환부(질환 부위)를 덮도록 부착하며 보통 2~5일마다 교체하여 붙입니다.,,"메토트렉세이트, 설포닐우레아, 다른 국소 적용 약물을 함께 사용 시 의사 또는 약사와 상의하십시오.","발진, 발적(충혈되어 붉어짐), 홍반(붉은 반점), 가려움, 정상 피부에 닿았을 경우 국소 자극 반응이 나타나는 경우 사용을 즉각 중지하고 의사 또는 약사와 상의하십시오.드물게 피부자극, 접촉성 알레르기 반응 나타날 수 있습니다.",습기와 빛을 피해 실온에서 보관하십시오.어린이의 손이 닿지 않는 곳에 보관하십시오.
8806438035339 ,티눈밴드S 발바닥형 6매,"5,000",6438035339,6438,0353,8806438035339,8806438035339,64380353,OK,199901295,OK,"이 약은 티눈, 못(굳은살), 사마귀에 사용합니다.",이 약의 중앙부가 환부(질환 부위)를 덮도록 부착하며 보통 2~5일마다 교체하여 붙입니다.,,"메토트렉세이트, 설포닐우레아, 다른 국소 적용 약물을 함께 사용 시 의사 또는 약사와 상의하십시오.","발진, 발적(충혈되어 붉어짐), 홍반(붉은 반점), 가려움, 정상 피부에 닿았을 경우 국소 자극 반응이 나타나는 경우 사용을 즉각 중지하고 의사 또는 약사와 상의하십시오.드물게 피부자극, 접촉성 알레르기 반응 나타날 수 있습니다.",습기와 빛을 피해 실온에서 보관하십시오.어린이의 손이 닿지 않는 곳에 보관하십시오.
8806438037012 ,[신신] 디클로맥스 6매,"4,000",6438037012,6438,0370,8806438037012,8806438037012,64380370,OK,202302480,OK,"이 약은 골관절염, 어깨관절 주위염, 힘줄 및 힘줄윤활막염, 힘줄 주위염, 테니스엘보 등의 팔꿈치 통증, 근육통, 외상 후 부기 및 통증에 사용합니다.
","1회 1매씩, 1일 1~2회 질환 부위에 붙이십시오.
",,"이 약을 사용하는 동안에는 디클로페낙 제제나 비스테로이드 소염제를 국소적으로 적용하거나 복용하지 마십시오.

이 약을 사용하기 전에 에녹사신 등의 뉴퀴놀론계 항균제를 함께 사용하는 경우 의사 또는 약사와 상의하십시오. 경련을 일으킬 수 있습니다.

푸로세미드 등의 루프 이뇨제나 티아자이드계 이뇨제, 와파린 등의 지혈을 방해하는 약물, 아스피린 등의 항혈소판제, 쿠마린계 항응혈제, 선택적 세로토닌 재흡수 억제제 및 세로토닌 노르에피네프린 재흡수 억제제와 함께 투여하는 환자는 의사 또는 약사와 상의하십시오.
","탈락성 피부염, 스티븐스-존슨 증후군 및 독성표피괴사 같은 중대한 피부 이상반응, 광선과민반응, 부종, 피부박탈, 습진, 피부건조, 때때로 피부염, 가려움, 충혈되어 붉어짐, 거칠어짐, 자극감 등이 나타나는 경우 이 약의 사용을 즉각 중지하고 의사 또는 약사와 상의하십시오.

드물게 수포형성, 색소침착 등 특히, 중대한 이상반응으로서 접촉피부염, 매우 드물게 과민반응, 혈관신경부종, 천식 등이 나타나는 경우 이 약의 사용을 즉각 중지하고 의사 또는 약사와 상의하십시오.
","습기와 빛을 피해 실온에서 보관하십시오.

어린이의 손이 닿지 않는 곳에 보관하십시오.
"
8806438037210 ,아크덤겔 30g,"8,000",6438037210,6438,0372,8806438037210,8806438037210,64380372,OK,202400593,OK,"이 약은 보통여드름에 사용합니다.
","질환 부위를 깨끗이 씻어내고 1일 1~2회 가볍게 두드리면서 바르십시오.

치료를 시작할 때에는 1일 1회 취침전에 바르십시오.

치료반응과 환자의 약에 대한 내성에 따라 용량을 조절하십시오. 환자의 적응여부 검사에서 적응이 잘 되면 아침과 저녁에 사용하는 1일 2회로 증가시킬 수 있습니다.
",,"비타민A 유도체 함유 여드름약을 포함한 다른 국소 여드름약과 함께 사용하지 마십시오.

자극 증상을 최소화 하기 위하여 향수 또는 알코올 함유 화장품은 사용하지 마십시오. 
","자극증상이 나타나는 경우 사용간격을 연장하거나 보다 낮은 농도의 약을 사용하십시오. 치료 초기에는 약한 자극증상이 나타날 수 있습니다.

중증 및 과도한 혹은 지속적인 자극 증상이 나타나는 경우 이 약의 사용을 즉각 중지하고 의사 또는 약사와 상의하십시오.

처음 사용 후 가벼운 작열감, 치료한 지 며칠 후의 발적 또는 박리가 나타날 수 있습니다.

갑작스런 피부의 건조 및 박리현상이 1~2주 후에 나타날 수 있으나. 이러한 피부박리작용은 정상적인 치료과정입니다. 치료를 일시적으로 중지하면 1~2일 내로 감소합니다.

접촉피부염, 알레르기성 접촉피부염 및 상처를 남기는 심한 홍반, 태양광선에 대한 감수성 증가, 안면의 일시적 부종, 피부염, 피부발진이 나타날 수 있습니다.
","실온에서 보관하십시오.

어린이의 손이 닿지 않는 곳에 보관하십시오.
"
8806438037418 ,신신플렉스 10T,"2,000",6438037418,6438,0374,8806438037418,8806438037418,64380374,OK,202401187,OK,"이 약은 신경통, 요통(허리통), 어깨결림에 사용합니다.
","성인은 1회 1~2정씩, 1일 2회 동통(통증) 또는 발작시에 복용합니다.
",,"다른 해열진통제, 감기약, 진정약 등과 함께 복용하지 마십시오.
","발진, 발적(충혈되어 붉어짐), 구역, 구토, 변비, 식욕부진, 현기증 등이 나타나는 경우 복용을 즉각 중지하고 의사 또는 약사와 상의하십시오.
","습기와 빛을 피해 실온에서 보관하십시오.

어린이의 손이 닿지 않는 곳에 보관하십시오.
"
8806438037913 ,[신신] 플렉스 한방 6매,"4,000",6438037913,6438,0379,8806438037913,8806438037913,64380379,OK,202401615,OK,"이 약은 삠, 타박상, 근육통, 관절통, 골절통, 요(허리)통, 어깨결림, 동창(언 상처) 증상의 진통·소염(항염)에 사용합니다.
","성인은 1일 1~2회 약면의 비닐을 떼어버리고 나서 환부(질환 부위)에 붙이십시오.
",,,"발진·발적(충혈되어 붉어짐), 가려움, 부종(부기) 등이 나타나는 경우 사용을 즉각 중지하고 의사 또는 약사와 상의하십시오.
","습기와 빛을 피해 실온에서 보관하십시오.

어린이의 손이 닿지 않는 곳에 보관하십시오.
"
8806438038514 ,디클로맥스겔 80g,"9,000",6438038514,6438,0385,8806438038514,8806438038514,64380385,OK,202501065,NO_ITEM,,,,,,
8806438039016 ,무조무네일외용액 6ml,"8,000",6438039016,6438,0390,8806438039016,8806438039016,64380390,OK,202501824,NO_ITEM,,,,,,
8806439009117 ,삼일 어린이 부루펜시럽 90ml,"6,000",6439009117,6439,0091,8806439009117,8806439009117,64390091,OK,198601920,OK,"이 약은 류마티양 관절염, 연소성 류마티양 관절염, 골관절염, 감기로 인한 발열 및 동통, 요통, 월경곤란증, 수술후 동통과 강직성 척추염, 두통, 치통, 근육통, 신경통, 급성통풍, 건선성 관절염, 연조직손상(염좌, 좌상), 비관절 류마티스질환(건염, 건초염, 활액낭염)에 사용합니다.
","류마티양 관절염, 골관절염, 강직성 척추염, 연조직손상, 비관절 류마티스질환, 급성통풍, 건선성 관절염에 성인은 1회 200-600 mg씩, 1일 3-4회 복용합니다. 1일 최고 3,200 mg까지 투여할 수 있습니다.

연소성 류마티양 관절염에 체중(kg)당 1회 30-40 mg씩, 1일 3~4회 복용합니다.

경증 및 중등도의 동통, 감기에 성인은 1회 200-400 mg씩, 1일 3~4회 복용합니다.

연령, 증상에 따라 적절히 증감할 수 있습니다.

어린이의 경우 11~14세는 200-250 mg(10~13 ml)씩, 7~10세는 150~200 mg(8~10 ml)씩, 3~6세는 100~150 mg(5~8 ml), 1~2세는 50~100 mg(3~5 ml)씩, 1일 3~4회 복용합니다. 
체중이 30 kg미만인 어린이는 1일량이 500 mg(25 ml)을 초과해서는 안되며 공복에 복용을 피하는 것이 바람직합니다.
","매일 세잔 이상 정기적 음주자가 이 약 또는 다른 해열진통제를 복용할 때는 의사 또는 약사와 상의하십시오. 위장출혈을 일으킬 수 있습니다.
이 약 복용 시 치명적일 수 있는 중대한 심혈관계 혈전 반응, 심근경색증, 뇌졸중의 위험이 증가하며, 위장관 출혈, 궤양 및 천공 등 심각한 위장관계 이상반응이 나타날 수 있습니다.
","다른 비스테로이드성 소염진통제, 알코올, 고용량 메토트랙세이트와 함께 복용하지 마십시오.

ACE 저해제, 리튬, 푸로세미드 및 티아지드계 이뇨제, 저용량 메토트렉세이트, 쿠마린계 항응혈제(와파린 등), 선택적 세로토닌 재흡수억제제 등과 함께 복용 시 의사 또는 약사와 상의하십시오.
","쇽 증상(호흡곤란, 혈압저하 등), 헤마토크릿 감소, 헤모글로빈 감소, 빈혈, 재생불량성빈혈, 용혈성빈혈, 무과립구증, 과립구감소, 백혈구감소, 혈소판감소, 혈소판 기능 저하, 호산구 증가 등의 혈액장애, 소화성궤양, 위장관궤양, 위장출혈, 천공(뚫림), 궤양성 대장염, 혈변, 위염, 췌장염, 혈액구토, 크론병, 식욕부진, 구역, 구토, 복통, 소화불량, 설사, 위부불쾌감, 상복부통증, 구갈, 구내염, 복부팽만감, 구강궤양, 변비, 흑변, 피부점막안증후군(스티븐스-존슨증후군), 독성표피괴사용해(리엘증후군), 빈도불명의 광민감 반응, 빈도불명의 호산구 증가 및 전신 증후군을 동반한 약물 발진, 혈관신경성 부종, 수포성피부염, 다형 홍반, 반구진 발진, 피부 붉어짐, 물집, 발진, 급성전신발진고름물집증, 간염, 황달, GOT, GPT, 알칼라인 포스파타제(ALP)의 상승 등과 같은 간기능이상, 간장애, 과민증 또는 아나필락시스 반응, 천식발작, 두드러기, 습진, 자반(자주색반점), 발진, 가려움증, 천식, 기관지수축, 호흡곤란 또는 쌕쌕거림, 암점 등 시각장애, 난청(귀먹음), 이명(귀울림), 미각이상, 현기증, 졸음, 어지러움, 우울, 두통, 뇌혈관 사고 또는 신경질, 무균성 수막염 또는 수막염, 혈압저하, 혈압상승, 심계항진(두근거림), 심부전, 심근경색증 또는 협심증, 코니스 증후군, 급성신부전, 핍뇨(소변감소), 혈뇨, 요단백, BUN, 혈중크레아티닌의 상승, 고칼륨혈증, 간질성 콩팥염, 콩팥염증후군, 콩팥유두괴사, 요량 감소, 전신부종 및 이에 수반하는 숨가쁨, 나른함, 안와주위부종(눈주변 부기), 안면부종(얼굴부기), 권태감, 발열, 비출혈(코피), 부종(부기), 말초부종 등이 나타나는 경우 복용을 즉각 중지하고 의사 또는 약사와 상의하십시오.
","빛을 피해 실온에서 보관하십시오.

어린이의 손이 닿지 않는 곳에 보관하십시오.
"
8806439036113 ,티어실 에어로솔 60g,"7,000",6439036113,6439,0361,8806439036113,8806439036113,64390361,OK,201804704,OK,"이 약은 무좀, 완선(사타구니백선), 백선에 사용합니다.","적용 전에 환부(질환 부위)를 깨끗이 씻고, 완전히 건조시킨 후 1일 1회 적당량 뿌립니다.",,,"피부 발진, 발적(충혈되어 붉어짐), 옻, 가려움, 부종(부기), 자극감, 열감, 피부박리(벗겨짐), 미란(짓무름), 건조, 피부균열(갈라짐) 등이 나타나는 경우 사용을 즉각 중지하고 의사 또는 약사와 상의하십시오.",습기와 빛을 피해 실온에서 보관하십시오.어린이의 손이 닿지 않는 곳에 보관하십시오.
8806440000820 ,노보민시럽(성인용) 2P,"2,000",6440000820,6440,0008,8806440000820,8806440000820,64400008,OK,200502837,OK,"이 약은 멀미에 의한 어지러움, 구토, 두통의 예방 및 완화에 사용합니다.","만 15세 이상은 1회 1포(6 mL), 만 13세 이상～만 15세 미만은 1회 2/3포(4 mL)를 복용합니다, 1일 복용횟수는 3회를 한도로 합니다.멀미의 예방에는 승차(선) 30분 전에 복용합니다. 또 필요시 추가 복용할 경우에는 1회 복용량을 4시간 이상의 간격을 두고 복용합니다.",이 약은 체내에서 페닐알라닌으로 대사되는 아스파탐이 함유되어 페닐알라닌의 섭취를 규제할 필요가 있는 페닐케톤뇨증 환자는 복용하지 마십시오.,"다른 진토제, 감기약, 해열진통제, 항히스타민제, 진정제, 진해거담제와 함께 복용하지 마십시오.복용 중에는 알코올성 음료를 피하십시오.","발진, 충혈되어 붉어짐, 가려움, 구갈(목마름)이 나타나는 경우 복용을 즉각 중지하고 의사 또는 약사와 상의하십시오.",1포를 분할한 후 잔량을 사용할 경우에는 입구를 잘 봉하여 보관하고 2일 이내 사용하십시오.습기와 빛을 피해 실온에서 보관하십시오.어린이의 손이 닿지 않는 곳에 보관하십시오.
8806440039721 ,소보민시럽(어린이용) 2P,"2,000",6440039721,6440,0397,8806440039721,8806440039721,64400397,OK,201801011,OK,"이 약은 멀미에 의한 어지러움·구토·두통의 예방 및 완화에 사용합니다.
","만 15세 이상은 1회 2포(12 mL)씩, 만 11세 이상~만 15세 미만은 1회 1½포(9 mL)씩, 만 7세 이상~만 11세 미만은 1회 1포(6 mL)씩, 만 3세 이상~만 7세 미만은 1회 ½포(3 mL)씩 복용합니다.

멀미의 예방에는 승차 30분 전에 연령에 따른 1회 분량을 복용합니다.

또 필요 시 추가 복용할 경우에는 연령에 따른 1회 분량을 4시간 이상의 간격을 두고 복용합니다.

1일 복용횟수는 3회를 한도로 합니다.
",,"다른 진토제, 감기약, 해열진통제, 항히스타민제, 진정제, 진해거담제, 디펜히드라민을 함유한 외용제와 함께 사용하지 마십시오.

복용 중에는 음주하지 마십시오.
","발진, 충혈되어 붉어짐, 가려움, 심계항진(두근거림), 구갈(목마름) 등이 나타나는 경우 복용을 즉각 중지하고 의사 또는 약사와 상의하십시오.
","습기와 빛을 피해 실온에서 보관하십시오.

어린이의 손이 닿지 않는 곳에 보관하십시오.

1포를 분할한 후 잔량을 사용할 경우에는 입구를 잘 봉하여 보관하고 2일 이내 사용하십시오.
"
8806446001951 ,리보테인 정 30c,"5,000",6446001951,6446,0019,8806446001951,8806446001951,64460019,OK,199802671,OK,"이 약은 육체피로, 임신ㆍ수유기, 병중ㆍ병후(병을 앓는 동안이나 회복 후)의 체력 저하 시 비타민 B2, B6의 보급과 구각염(입꼬리염), 구순염(입술염), 구내염(입안염), 설염(혀염), 습진, 피부염 증상의 완화에 사용합니다.
","만 8세 이상 어린이 및 성인은 1회 1정씩, 1일 3회 식후에 복용합니다.
",,"레보도파와 함께 복용하지 마십시오.
","구역, 식욕부진, 복부(배부분)팽만감 등이 나타나는 경우 복용을 즉각 중지하고 의사 또는 약사와 상의하십시오.
","습기와 빛을 피해 실온에서 보관하십시오.

어린이의 손이 닿지 않는 곳에 보관하십시오.
"
8806446001968 ,리보테인 100T,"15,000",6446001968,6446,0019,8806446001968,8806446001968,64460019,OK,199802671,OK,"이 약은 육체피로, 임신ㆍ수유기, 병중ㆍ병후(병을 앓는 동안이나 회복 후)의 체력 저하 시 비타민 B2, B6의 보급과 구각염(입꼬리염), 구순염(입술염), 구내염(입안염), 설염(혀염), 습진, 피부염 증상의 완화에 사용합니다.
","만 8세 이상 어린이 및 성인은 1회 1정씩, 1일 3회 식후에 복용합니다.
",,"레보도파와 함께 복용하지 마십시오.
","구역, 식욕부진, 복부(배부분)팽만감 등이 나타나는 경우 복용을 즉각 중지하고 의사 또는 약사와 상의하십시오.
","습기와 빛을 피해 실온에서 보관하십시오.

어린이의 손이 닿지 않는 곳에 보관하십시오.
"
8806446010021 ,디오스민 60C,"23,000",6446010021,6446,0100,8806446010021,8806446010021,64460100,OK,199202281,OK,"이 약은 정맥부전과 관련된 증상(다리 중압감, 통증 등)의 개선, 모세혈관 취약증에 의한 장애의 보조치료, 치질과 관련된 징후의 치료에 사용합니다.
","성인은 1회 1캡슐(300 mg)씩, 1일 2회 (점심, 저녁 식사 시) 복용합니다.

치질의 재발이나 악화 시에는 1일 4~6캡슐(1,200~1,800 mg)까지 복용할 수 있습니다.

연령. 증상에 따라 적절히 증감합니다.
",,,"소화장애가 나타나는 경우 복용을 즉각 중지하고 의사 또는 약사와 상의하십시오.
","실온에서 보관하십시오.

어린이의 손이 닿지 않는 곳에 보관하십시오.
"
8806446015620 ,훼마틴 에이 10ml x 30P,"55,000",6446015620,6446,0156,8806446015620,8806446015620,64460156,OK,199502133,NO_ITEM,,,,,,
8806446023526 ,엘라스에이 7ml x 10V,"45,000",6446023526,6446,0235,8806446023526,8806446023526,64460235,OK,200907902,OK,"이 약은 정맥ㆍ림프 순환장애로 인한 하지(다리) 중압감, 통증, 하지(다리)불안, 치질과 관련된 여러 증상에 사용합니다.
","성인은 1회 1앰플(7 mL)씩, 1일 1회 복용합니다.

이 약은 물 한컵과 함께 식사 중에 복용하는 것이 권장됩니다.
",,,"경미한(가벼운) 위장장애, 두통, 안면홍조, 발진, 발적, 식욕부진, 구역, 구토 등이 나타나는 경우 복용을 즉각 중지하고 의사 또는 약사와 상의하십시오.
","습기와 빛을 피해 25℃ 이하에서 보관하십시오.

어린이의 손이 닿지 않는 곳에 보관하십시오.
"
8806446042046 ,헤파토스 시럽 200ml*3v,"8,000",6446042046,6446,0420,8806446042046,8806446042046,64460420,OK,199302537,OK,"이 약은 간질환의 보조 치료에 사용합니다.
","성인은 1일 10~30 mL를 식간에(식사때와 식사때 사이에) 분할 복용합니다.

이 약 10 mL를 약 반 컵의 물에 희석(묽게 함)하여 복용합니다.
",,,"이상반응이 나타나는 경우 복용을 즉각 중지하고 의사 또는 약사와 상의하십시오.
","습기와 빛을 피해 실온에서 보관하십시오.

어린이의 손이 닿지 않는 곳에 보관하십시오.
"
8806446042510 ,조은아이 400ml,"30,000",6446042510,6446,0425,8806446042510,8806446042510,64460425,OK,202103228,OK,"이 약은 육체피로, 임신·수유기, 병중·병후(병을 앓는 동안이나 회복 후) 체력저하 시 비타민 B1, B6의 보급에 사용합니다.
","만 8세 이상은 1회 20 mL 씩, 만 24개월 이상~만 8세 미만은 1회 10 mL 씩, 만 12개월 이상~만 24개월 미만은 1회 5 mL 씩, 만 3개월 이상~만 12개월 미만은 1회 3 mL 씩, 1일 2회 복용합니다.
",,"레보도파와 함께 복용하지 마십시오.
","구역, 구토, 묽은 변 등의 증상이 나타나는 경우 복용을 즉각 중지하고 의사 또는 약사와 상의하십시오.
","습기와 빛을 피해 실온에서 보관하십시오.

어린이의 손이 닿지 않는 곳에 보관하십시오.
"
8806446043012 ,엘레멘 에프시럽 50ml,"5,500",6446043012,6446,0430,8806446043012,8806446043012,64460430,OK,202103773,OK,"이 약은 육체피로, 임신·수유기, 병중·병후의 체력 저하 시 비타민 B2의 보급과 구각염(입꼬리염), 구순염(입술염), 구내염(입안염), 설염(혀염), 습진, 피부염 증상의 완화에 사용합니다.
","만 8세 이상은 1회 9 mL, 만 24개월 이상~만 8세 미만은 1회 4.5 mL, 만 12개월 이상~만 24개월 미만은 1회 2.25 mL, 만 3개월 이상~만 12개월 미만은 1회 1.5 mL씩, 1일 2회 식후에 복용합니다.
",,,"혈액학적 이상반응이 나타나는 경우 복용을 즉각 중지하고 의사 또는 약사와 상의하십시오.
","습기와 빛을 피해 실온에서 보관하십시오.

어린이의 손이 닿지 않는 곳에 보관하십시오.
"
8806446043715 ,조은아이 엠플러스 400ml,"35,000",6446043715,6446,0437,8806446043715,8806446043715,64460437,OK,202203217,OK,"이 약은 육체피로, 임신·수유기, 병중·병후(병을 앓는 동안이나 회복 후)의 체력저하 시의 비타민 B1, B6의 보급과 구각염(입꼬리염), 구순염(입술염), 구내염(입안염), 설염(혀염), 습진, 피부염의 완화에 사용합니다.
","만 8세 이상은 1회 10 mL씩, 만 24개월 이상~만 8세 미만 1회 5 mL씩, 만 12개월 이상~만 24개월 미만 1회 2.5 mL씩, 1일 2회 복용합니다.
",,"인산염, 칼슘염, 경구용 테트라사이클린계 제제, 제산제, 레보도파와 함께 복용하지 마십시오.

항알도스테론제, 트리암테렌, 강심배당체와 함께 복용 시 의사 또는 약사와 상의하십시오.

녹차, 홍차 등 탄닌을 함유하는 차는 복용 중, 복용 전후에는 피하십시오.
","구역, 구토, 묽은 변, 변비, 저혈압, 얼굴달아오름, 심박동불규칙, 피부발진, 붉은 반점, 설사, 부전수축(심장 박동정지), 중추신경계 기능저하, 위장관장애, 소화장애, 상복부통증, 폐부종 등이 나타나는 경우 복용을 즉각 중지하고 의사 또는 약사와 상의하십시오.

피부, 눈, 점막에 경미한 자극이 나타날 수 있습니다.
","습기와 빛을 피해 실온에서 보관하십시오.

어린이의 손이 닿지 않는 곳에 보관하십시오.
"
8806446045122 ,자하골드액 20ml x 30V,"100,000",6446045122,6446,0451,8806446045122,8806446045122,64460451,OK,202501602,NO_ITEM,,,,,,
8806446045139 ,자하골드액 20ml x 60V,"170,000",6446045139,6446,0451,8806446045139,8806446045139,64460451,OK,202501602,NO_ITEM,,,,,,
8806447022283 ,트라스트,"20,000",6447022283,6447,0222,8806447022283,8806447022283,64470222,OK,199401576,OK,"이 약은 퇴행성관절염(골관절염), 건초염(힘줄윤활막염), 근육통, 골관절통, 외상후 동통(통증) 및 골절 치유후의 동통(통증)에 사용합니다.
","환부(질환부위)에 2일마다 1매씩 부착합니다.

단, 목욕이나 샤워 후 또는 땀이 날 경우에는 1일 1매씩 부착할 수 있습니다.

환부(질환부위)를 깨끗이 하고 건조시키며 약면의 박리지를 떼어낸 후 피부에 견고하게 부착시키고 손바닥으로 잘 눌러 줍니다. 특히 패취 가장자리 부분이 잘 붙었는지 확인합니다.
",,,"때때로 국소의 가려움, 발적, 발진, 인설, 습진ㆍ피부염, 접촉피부염, 홍반, 드물게 광과민증 등이 나타나는 경우 사용을 즉각 중지하고 의사 또는 약사와 상의하십시오.
","실온에서 보관하십시오.
"
8806448002215 8806448002215,노비프록스,"9,000",64480022158806448002215,6448,0022,88064480022158806448002215,88064480022158806448002215,64480022,OK,,NO_ITEMSEQ,,,,,,
8806448003113 ,도미나크림 60g,"40,000",6448003113,6448,0031,8806448003113,8806448003113,64480031,OK,199101003,OK,"이 약은 간반, 흑피증(기미), 주근깨, 노인성 검은반점, 기타 불필요한 부위의 과도한 멜라닌 색소 침착 피부의 점차적인 표백에 사용합니다.
","1일 1~2회(아침, 취침 전) 환부에 바릅니다.
","이 약 사용중 또는 사용후에는 자외선 차단제를 사용하거나 햇빛에 대한 노출을 차단하십시오. 피부가 변색될 수 있습니다.

동물실험에서 변이원성 및 발암성이 관찰되었으므로 장기간 사용하지 마십시오.
",,"접촉피부염과 같은 과민반응 등이 나타나는 경우 사용을 즉각 중지하고 의사 또는 약사와 상의하십시오.
","습기와 빛을 피해 30℃ 이하 건냉암소에서 보관하십시오.

어린이의 손이 닿지 않는 곳에 보관하십시오.
"
8806448003113 8806448003113,도미나크림 60g,"40,000",64480031138806448003113,6448,0031,88064480031138806448003113,88064480031138806448003113,64480031,OK,,NO_ITEMSEQ,,,,,,
8806448003168 ,도미나크림 50g,"38,000",6448003168,6448,0031,8806448003168,8806448003168,64480031,OK,199101003,OK,"이 약은 간반, 흑피증(기미), 주근깨, 노인성 검은반점, 기타 불필요한 부위의 과도한 멜라닌 색소 침착 피부의 점차적인 표백에 사용합니다.
","1일 1~2회(아침, 취침 전) 환부에 바릅니다.
","이 약 사용중 또는 사용후에는 자외선 차단제를 사용하거나 햇빛에 대한 노출을 차단하십시오. 피부가 변색될 수 있습니다.

동물실험에서 변이원성 및 발암성이 관찰되었으므로 장기간 사용하지 마십시오.
",,"접촉피부염과 같은 과민반응 등이 나타나는 경우 사용을 즉각 중지하고 의사 또는 약사와 상의하십시오.
","습기와 빛을 피해 30℃ 이하 건냉암소에서 보관하십시오.

어린이의 손이 닿지 않는 곳에 보관하십시오.
"
8806448003168 8806448003168,도미나크림 50g,"38,000",64480031688806448003168,6448,0031,88064480031688806448003168,88064480031688806448003168,64480031,OK,,NO_ITEMSEQ,,,,,,
8806448006510 8806448006510,메카인정 2정*50,900,64480065108806448006510,6448,0065,88064480065108806448006510,88064480065108806448006510,64480065,OK,,NO_ITEMSEQ,,,,,,
8806448009016 ,박트리안,"3,000",6448009016,6448,0090,8806448009016,8806448009016,64480090,OK,200300813,OK,"이 약은 메치실린 내성균주를 포함한 황색포도상구균(포도알균), 기타 포도상구균(포도알균), 연쇄상구균과 같은 대부분의 피부감염증의 원인균, 대장균 및 인플루엔자균과 같은 그람음성균에 감염된 농가진(고름딱지증), 모낭염, 종기증, 감염성 습진과 외상 및 화상에서의 세균성 피부 감염증에 사용합니다.",감염부위를 1일 2~3회 10일간 소량을 바릅니다.필요한 경우 바른 부위를 드레싱하거나 밀봉할 수 있습니다.,,,"작열감(화끈감), 자통(찌르는 것 같은 아픔) 또는 동통(통증), 가려움, 발진, 홍반(붉은 반점) 등의 피부과민반응, 때때로 구역, 피부건조, 압통(누르는 통증), 부종(부기), 접촉성 피부염, 삼출물 증가, 드물게 전신적인 알레르기 반응이 나타나는 경우 사용을 즉각 중지하고 의사 또는 약사와 상의하십시오.",실온에서 보관하십시오.어린이의 손이 닿지 않는 곳에 보관하십시오.
8806448009016 8806448009016,박트리안,"4,000",64480090168806448009016,6448,0090,88064480090168806448009016,88064480090168806448009016,64480090,OK,,NO_ITEMSEQ,,,,,,
8806448009412 ,베이덤연고 50g,"3,000",6448009412,6448,0094,8806448009412,8806448009412,64480094,OK,200607815,OK,"이 약은 진행성 지장각피증(주부습진의 건조형), 손·발바닥 각피증, 어린선(魚鱗蘚), 노인성 건피증, 모공성 태선, 아토피피부에 사용합니다.",1일 1~수회 환부를 씻은 다음 이 약을 바른 후 충분히 문지릅니다.,,"코르티코이드, 디트라놀, 5-플루오로우라실과 함께 사용 시 의사 또는 약사와 상의하십시오.","과민증상, 때때로 습진화, 피부의 균열(갈라짐), 구진, 따끔따끔한 느낌, 작열감, 인설, 드물게 부종, 건조화가 나타나는 경우 사용을 즉각 중지하고 의사 또는 약사와 상의하십시오.통증, 열감, 때때로 홍조, 가려움 등이 나타날 수 있습니다.",실온에서 보관하십시오.어린이의 손이 닿지 않는 곳에 보관하십시오.
8806448009412 8806448009412,베이덤연고 50g,"4,000",64480094128806448009412,6448,0094,88064480094128806448009412,88064480094128806448009412,64480094,OK,,NO_ITEMSEQ,,,,,,
8806448009641 ,벤트락스겔 20g,"14,000",6448009641,6448,0096,8806448009641,8806448009641,64480096,OK,200501060,OK,"이 약은 수술, 절단, 화상, 사고 후의 비대성 및 켈로이드성, 운동제한성 또는 미용적 피부손상시의 상처 및 흉터, 외상성 경축, 상흔성 협착에 사용합니다.",상처 부위에 충분히 침투할 때까지 1일 수회 가볍게 마사지합니다.상처가 심하거나 오래된 흉터일 경우 드레싱으로 고정하여 하루 저녁을 지내십시오.,,,"매우 드물게 국소 피부자극(예: 가려움, 과민반응) 등이 나타날 수 있습니다.",실온에서 보관하십시오.어린이의 손이 닿지 않는 곳에 보관하십시오.
8806448009641 8806448009641,벤트락스겔 20g,"14,000",64480096418806448009641,6448,0096,88064480096418806448009641,88064480096418806448009641,64480096,OK,,NO_ITEMSEQ,,,,,,
8806448012313 ,아비나파스타,"4,000",6448012313,6448,0123,8806448012313,8806448012313,64480123,OK,198700657,OK,"이 약은 만성 박리성 치은염, 미란 또는 궤양을 수반하는 난치성 구내염 및 설염에 의한 염증의 완화에 사용합니다.","1일 1~수회 환부에 적당량을 바릅니다.연령, 증상에 따라 적절히 증감할 수 있습니다.",,,"구강내에 마비감 등의 경미한 불쾌감, 미각의 이상이나 감퇴, 사용 부위의 이화감 등이 나타날 수 있습니다.구강의 진균성 및 세균성 감염증, 드물게 알레르기성 피부반응 등이 나타나는 경우 사용을 즉각 중지하고 의사 또는 약사와 상의하십시오.",실온에서 보관하십시오.
8806448012313 8806448012313,아비나파스타,"4,000",64480123138806448012313,6448,0123,88064480123138806448012313,88064480123138806448012313,64480123,OK,,NO_ITEMSEQ,,,,,,
8806448014713 8806448014713,엘린플러스크림,"4,000",64480147138806448014713,6448,0147,88064480147138806448014713,88064480147138806448014713,64480147,OK,,NO_ITEMSEQ,,,,,,
8806448016427 8806448016427,제올라S액,"4,000",64480164278806448016427,6448,0164,88064480164278806448016427,88064480164278806448016427,64480164,OK,,NO_ITEMSEQ,,,,,,
8806448016519 8806448016519,제올라크림,"3,000",64480165198806448016519,6448,0165,88064480165198806448016519,88064480165198806448016519,64480165,OK,,NO_ITEMSEQ,,,,,,
8806448022718 ,아즈렌S크림 30g,"5,000",6448022718,6448,0227,8806448022718,8806448022718,64480227,OK,200501105,OK,"이 약은 습진, 열상(화상), 그 외의 질환에 따른 미란 및 궤양에 사용합니다.",1일 수회(여러 차례) 환부에 도포합니다.,,,"열감, 소양감, 따끔따끔한 감 등의 피부의 자극증상이 나타날 수 있습니다.",습기와 빛을 피해 실온에서 보관하십시오.
8806448022718 8806448022718,아즈렌S크림 30g,"5,000",64480227188806448022718,6448,0227,88064480227188806448022718,88064480227188806448022718,64480227,OK,,NO_ITEMSEQ,,,,,,
8806448030911 8806448030911,하이로손 20g,"2,500",64480309118806448030911,6448,0309,88064480309118806448030911,88064480309118806448030911,64480309,OK,,NO_ITEMSEQ,,,,,,
8806448033028 8806448033028,벤트플라겔 15g,"7,000",64480330288806448033028,6448,0330,88064480330288806448033028,88064480330288806448033028,64480330,OK,,NO_ITEMSEQ,,,,,,
8806448039938 8806448039938,이클린탁스130g,"8,000",64480399388806448039938,6448,0399,88064480399388806448039938,88064480399388806448039938,64480399,OK,,NO_ITEMSEQ,,,,,,
8806448046622 ,티트로신 10g,"4,000",6448046622,6448,0466,8806448046622,8806448046622,64480466,OK,201405690,OK,"이 약은 티로트리신 감수성 균에 감염된 외상(예, 찰과상), 곪은 피부감염의 개선에 사용합니다.",감염된 부위에 1일 2~3회 적당량을 바릅니다.가벼운 상처나 점막 부위의 감염에는 드레싱이 필요하지 않으나 심한 삼출성 상처에는 드레싱이 권장되며 이 약을 1~2회 사용시마다 드레싱을 교체하는 것이 권장됩니다.,,,피부 화끈감 등의 과민반응이 나타나는 경우 사용을 즉각 중지하고 의사 또는 약사와 상의하십시오.,실온에서 보관하십시오.어린이의 손이 닿지 않는 곳에 보관하십시오.
8806448046622 8806448046622,티트로신 10g,"4,000",64480466228806448046622,6448,0466,88064480466228806448046622,88064480466228806448046622,64480466,OK,,NO_ITEMSEQ,,,,,,
8806448055419 ,목앤탁인후스프레이 30ml,"7,000",6448055419,6448,0554,8806448055419,8806448055419,64480554,OK,201803016,OK,"이 약은 목(인후)의 염증으로 인한 목의 통증, 목의 부종, 목의 불쾌감, 목이 쉼, 구내염에 사용합니다.","1일 수회 적당량을 환부에 분사 도포합니다.목의 염증에 사용하는 경우 용기의 분사구가 목의 환부를 향하게 하고 가볍게 숨을 내쉬면서 1회 3~4번 분사하고, 1일 3~5회 사용합니다.처음 사용하는 경우 약액이 나올 때까지 4~5회 분사 후 사용합니다.호흡을 들이마실 때 이 약을 사용하면 약액이 기관지 또는 폐로 들어갈 수 있으므로, 용기 분사구를 목의 환부로 향하게 하고 ‘아’하고 목소리를 내면서(가볍게 숨을 내쉬면서) 분사합니다.",,,"입에 자극감, 피부에 발진·발적(충혈되어 붉어짐), 가려움, 위부 불쾌감, 메스꺼움 등이 나타나는 경우 사용을 즉각 중지하고 의사 또는 약사와 상의하십시오.",습기와 빛을 피해 실온에서 보관하십시오.어린이의 손이 닿지 않는 곳에 보관하십시오.뚜껑을 닫아 보관하십시오.화기 근처에 두지 마십시오.
8806448055419 8806448055419,목앤탁인후스프레이 30ml,"7,000",64480554198806448055419,6448,0554,88064480554198806448055419,88064480554198806448055419,64480554,OK,,NO_ITEMSEQ,,,,,,
8806448057314 ,태극우레아연고,"5,000",6448057314,6448,0573,8806448057314,8806448057314,64480573,OK,201905384,OK,"이 약은 진행성 지장각피증(주부습진의 건조형), 손·발바닥 각피증, 어린선(魚鱗蘚), 노인성 건피증, 모공성태선, 아토피 피부에 사용합니다.",환부를 씻은 다음 1일 1~수회 이 약을 바른 후 충분히 문지릅니다.,,"코르티코이드, 디트라놀, 5-플루오로우라실을 함께 사용 시 의사 또는 약사와 상의하십시오.","통증, 열감, 때때로 홍조, 가려움 등이 나타날 수 있습니다.과민증상, 때때로 습진화, 피부의 균열(갈라짐), 구진, 따끔따끔한 느낌, 작열감, 인설, 드물게 부종, 건조화 등이 나타나는 경우 사용을 즉각 중지하고 의사 또는 약사와 상의하십시오.",실온에서 보관하십시오.어린이의 손이 닿지 않는 곳에 보관하십시오.
8806448057314 8806448057314,태극우레아연고,"5,000",64480573148806448057314,6448,0573,88064480573148806448057314,88064480573148806448057314,64480573,OK,,NO_ITEMSEQ,,,,,,
8806448058823 8806448058823,아크스카클리어겔 20g,"10,000",64480588238806448058823,6448,0588,88064480588238806448058823,88064480588238806448058823,64480588,OK,,NO_ITEMSEQ,,,,,,
8806448059615 8806448059615,비오딜정 30정*2,"30,000",64480596158806448059615,6448,0596,88064480596158806448059615,88064480596158806448059615,64480596,OK,,NO_ITEMSEQ,,,,,,
8806448064510 8806448064510,미녹시딜바이그루트액3%,"30,000",64480645108806448064510,6448,0645,88064480645108806448064510,88064480645108806448064510,64480645,OK,,NO_ITEMSEQ,,,,,,
8806448064633 8806448064633,미녹시딜바이그루트액 5%,"30,000",64480646338806448064633,6448,0646,88064480646338806448064633,88064480646338806448064633,64480646,OK,,NO_ITEMSEQ,,,,,,
8806448065821 ,아크클리어크림 20g,"10,000",6448065821,6448,0658,8806448065821,8806448065821,64480658,OK,202203168,OK,"이 약은 여드름, 뾰루지에 사용합니다.
","비누 등으로 세안 후 적당량을 1일 수회 환부(질환 부위)에 도포합니다.
",,,"국소적인 피부자극감(발진(충혈되어 붉어짐), 가려움, 건조, 작열감(화끈감), 자극감(따끔따끔), 부기) 등이 나타날 경우 사용을 즉각 중지하고 의사 또는 약사와 상의하십시오.
","습기와 빛을 피해 실온에서 보관하십시오.

어린이의 손이 닿지 않는 곳에 보관하십시오.

사용기간을 넘긴 제품은 사용하지 마십시오.
"
8806448065821 8806448065821,아크클리어겔 20g,"10,000",64480658218806448065821,6448,0658,88064480658218806448065821,88064480658218806448065821,64480658,OK,,NO_ITEMSEQ,,,,,,
8806448066156 ,도미나라이트크림 40g,"20,000",6448066156,6448,0661,8806448066156,8806448066156,64480661,OK,202200063,OK,"이 약은 간반, 흑피증(기미), 주근깨, 노인성 검은반점, 기타 불필요한 부위의 과도한 멜라닌 색소 침착 피부의 점차적인 표백에 사용합니다.
","일 1~2회(아침, 취침 전) 적당량을 환부에 바릅니다.
","이 약 사용중 또는 사용후에는 자외선 차단제를 사용하거나 햇빛에 대한 노출을 차단하십시오. 피부가 변색될 수 있습니다.
동물실험(고용량 경구투여)에서 변이원성 및 발암성이 관찰되었으므로 치료효과에 따라 투여 기간을 적절히 조절하고 장기간 사용하지 마십시오.
",,"아황산 아나필락시와 같은 알레르기를 일으킬 수 있으며, 일부 감수성 환자에서는 생명을 위협할 정도 또는 이보다 약한 천식발작을 일으킬 수 있습니다.
접촉피부염과 같은 과민반응이 나타날 수 있으므로 이러한 경우에는 투여를 중지하고 의사 또는 약사와 상의하십시오.
가려움, 수포, 과도한 염증이 나타날 수 있습니다. 
","어린이의 손이 닿지 않는 곳에 보관하십시오. 빛을 피해 실온에서 보관하십시오.
"
8806448066156 8806448066156,도미나라이트크림 40g,"20,000",64480661568806448066156,6448,0661,88064480661568806448066156,88064480661568806448066156,64480661,OK,,NO_ITEMSEQ,,,,,,
8806448067214 ,메타리빈 (핑크퐁),"6,000",6448067214,6448,0672,8806448067214,8806448067214,64480672,OK,202303044,OK,"이 약은 코감기, 알레르기성 비염, 또는 부비동염에 의한 코막힘, 콧물, 재채기, 머리무거움 증상의 완화에 사용합니다.
","만 2세 이상에서 만 12세 미만의 어린이에게 1회 1번씩, 1일 3회의 범위 안에서 각각의 코 안에 뿌리십시오.

적용 간격은 8시간 이상으로 하십시오.
",,"우울증, 파킨슨병 치료 등에 사용되는 MAO억제제를 복용하고 있거나 복용을 중단한 후 2주 이내의 사람은 이 약을 사용하지 마십시오.

이 약을 사용하기 전에 삼환계 혹은 사환계 항우울제를 투여하는 환자는 의사 또는 약사와 상의하십시오.

사용시에는 음주하지 마십시오.
","발진 및 충혈되어 붉어지는 발적, 부종, 자극감, 가려움 등이 나타나는 경우 이 약의 사용을 즉각 중지하고 의사 또는 약사와 상의하십시오.

급작스런 심한 두통, 구역, 구토 및 시각장애 등의 가역적 후뇌 병증 증후군 및 가역적 뇌혈관 수축 증후군의 증상이 나타나는 경우 이 약의 사용을 즉각 중지하고 의사 또는 약사와 상의하십시오.

이 약에는 벤잘코늄염화물이 함유되어 있어 기관지 경련을 일으킬 수 있습니다.
","습기와 빛을 피해 섭씨 25도 이하에서 보관하십시오.

어린이의 손이 닿지 않는 곳에 보관하십시오.
"
8806448067214 8806448067214,메타리빈 (핑크퐁),"6,000",64480672148806448067214,6448,0672,88064480672148806448067214,88064480672148806448067214,64480672,OK,,NO_ITEMSEQ,,,,,,
8806449043149 ,프렌즈 아이드롭 쿨 14ml,"4,000",6449043149,6449,0431,8806449043149,8806449043149,64490431,OK,200600050,OK,"이 약은 소프트콘택트렌즈 또는 하드콘택트렌즈를 착용하고 있을 때의 불쾌감, 눈물 보충(눈의 건조), 눈의 피로, 눈의 흐림(눈곱이 많을 때)에 사용합니다.
","1회 2~3방울씩, 1일 5~6회 점안(눈에 넣음)합니다.

점안 후 남은 액과 용기는 바로 버리십시오.(1회용에 한함) 
",,,"발진, 발적(충혈되어 붉어짐), 가려움, 부기, 하드콘택트렌즈를 장착한 환자에서 눈곱 등의 분비물이 많고, 렌즈가 흐려지는 경우 사용을 즉각 중지하고 의사 또는 약사와 상의하십시오.
","습기와 빛을 피해 실온에서 보관하십시오.

어린이의 손이 닿지 않는 곳에 보관하십시오.
"
8806449043156 ,프렌즈 아이드롭 순 14ml,"4,000",6449043156,6449,0431,8806449043156,8806449043156,64490431,OK,200600050,OK,"이 약은 소프트콘택트렌즈 또는 하드콘택트렌즈를 착용하고 있을 때의 불쾌감, 눈물 보충(눈의 건조), 눈의 피로, 눈의 흐림(눈곱이 많을 때)에 사용합니다.
","1회 2~3방울씩, 1일 5~6회 점안(눈에 넣음)합니다.

점안 후 남은 액과 용기는 바로 버리십시오.(1회용에 한함) 
",,,"발진, 발적(충혈되어 붉어짐), 가려움, 부기, 하드콘택트렌즈를 장착한 환자에서 눈곱 등의 분비물이 많고, 렌즈가 흐려지는 경우 사용을 즉각 중지하고 의사 또는 약사와 상의하십시오.
","습기와 빛을 피해 실온에서 보관하십시오.

어린이의 손이 닿지 않는 곳에 보관하십시오.
"
8806449043163 ,프렌즈 아이드롭 쿨하이 14ml,"4,000",6449043163,6449,0431,8806449043163,8806449043163,64490431,OK,200600050,OK,"이 약은 소프트콘택트렌즈 또는 하드콘택트렌즈를 착용하고 있을 때의 불쾌감, 눈물 보충(눈의 건조), 눈의 피로, 눈의 흐림(눈곱이 많을 때)에 사용합니다.
","1회 2~3방울씩, 1일 5~6회 점안(눈에 넣음)합니다.

점안 후 남은 액과 용기는 바로 버리십시오.(1회용에 한함) 
",,,"발진, 발적(충혈되어 붉어짐), 가려움, 부기, 하드콘택트렌즈를 장착한 환자에서 눈곱 등의 분비물이 많고, 렌즈가 흐려지는 경우 사용을 즉각 중지하고 의사 또는 약사와 상의하십시오.
","습기와 빛을 피해 실온에서 보관하십시오.

어린이의 손이 닿지 않는 곳에 보관하십시오.
"
8806449047147 ,훼럼키드액 60ml,"13,000",6449047147,6449,0471,8806449047147,8806449047147,64490471,OK,199700386,OK,"이 약은 철 결핍성 빈혈에 사용합니다.
","성인은 1일 1회 철로서 100㎎, 12세 이상 어린이～19세 미만은 1회 철로서 50㎎을 1일 2회, 1세 이상 어린이～12세 미만 어린이는 1회 철로서 50㎎을 1일 1～2회, 1세 이하 소아는 1일 1회 철로서 15～50㎎을 식전, 식사 중 또는 식후에 복용합니다.
","만 6세 이하의 어린이가 과량 복용시 철분 중독성 사망을 일으킬 수 있으므로 어린이의 손에 닿지 않는 곳에 보관하십시오.
","인산염, 칼슘염, 비경구 철분제제 또는 비경구 수산화제이철폴리말토스복염제제와 함께 복용하지 마십시오.

철 함유제제(철분제, MRI용 간장 조영제 등), 항알도스테론제, 트리암테렌, 디포스폰산 염류, 티록신, 세프디니르 제제, 퀴놀론계, 페니실라민, 콜레스티라민, 췌장엑스 및 비타민 E와 같은 제제, 200 ㎎ 이상의 아스코르빈산(비타민 C)과 함께 복용 시 의사 또는 약사와 상의하십시오.

녹차, 홍차 등 탄닌을 함유하는 차 및 우유ㆍ유제품은 복용 중, 복용 전후에는 피하십시오.
","두드러기, 가려움, 햇빛 노출시 피부 과민반응, 복부ㆍ위통증, 위 경련, 구토, 설사, 열, 혼수, 때때로 AST, ALT의 상승, 드물게 ALP 상승, 구역, 식욕부진, 변비, 흑변, 치아 변색, 위부불쾌감, 독성 등이 나타나는 경우 복용을 즉각 중지하고 의사 또는 약사와 상의하십시오.
","습기와 빛을 피해 실온에서 보관하십시오.

어린이의 손이 닿지 않는 곳에 보관하십시오.
"
8806449141517 ,화콜씨 코프연질캡슐 10C,"2,500",6449141517,6449,1415,8806449141517,8806449141517,64491415,OK,201600358,OK,"이 약은 감기의 여러 증상(인후통, 기침, 가래, 오한(춥고 떨리는 증상), 발열, 두통, 관절통, 근육통)의 완화에 사용합니다.
","만 15세 이상 및 성인은 1회 2캡슐씩, 만 7세 초과~만 15세 미만은 1회 1캡슐씩, 1일 3회 식후 30분에 복용합니다.
","매일 세잔 이상 정기적 음주자가 이 약 또는 다른 해열진통제를 복용할 때는 의사 또는 약사와 상의하십시오. 간손상을 일으킬 수 있습니다.

매우 드물게 치명적일 수 있는 급성전신발진고름물집증, 스티븐스-존슨증후군, 독성표피괴사용해와 같은 중대한 피부반응이 보고되었고 이 약 복용 후 피부발진 또는 다른 과민반응의 징후가 나타나는 경우 즉시 복용을 중단하십시오.

아세트아미노펜으로 일일 최대 용량(4,000 mg)을 초과하여 복용하지 마십시오. 간손상을 일으킬 수 있습니다. 아세트아미노펜을 포함하는 다른 제품과 함께 복용하지 마십시오.
","아세트아미노펜을 포함하는 다른 제품, MAO억제제(항우울제, 항정신병제, 감정조절제, 항파킨슨제 등), 진해거담제, 다른 감기약, 해열진통제, 진정제, 항히스타민제를 함유하는 내복약(비염용 경구제, 멀미약, 알레르기용약)과 함께 복용하지 마십시오. 

바르비탈계 약물, 삼환계 항우울제 및 알코올을 투여한 환자는 의사 또는 약사와 상의하십시오.

복용 중에는 음주하지 마십시오.
","발진·발적, 가려움, 구역·구토, 식욕부진, 변비, 부종, 어지러움, 불안, 떨림, 불면, 쇽 증상(드물게 복용후 두드러기, 부종, 가슴답답함 등과 함께 안색이 창백하고, 손발이 차고, 식은땀, 숨쉬기 곤란함), 피부점막안증후군(스티븐스-존슨증후군), 독성표피괴사용해(고열을 동반하고, 발진·발적, 화상과 같이 물집이 생기는 심한 증상), 천식, 전신의 나른함, 황달, 간질성폐렴(기침을 동반하고, 숨이 차고, 호흡곤란, 발열) 등이 나타나는 경우 복용을 즉각 중지하고 의사 또는 약사와 상의하십시오.
","습기와 빛을 피해 실온에서 보관하십시오.

어린이의 손이 닿지 않는 곳에 보관하십시오.
"
8806449141616 ,화콜씨 노즈연질캡슐 10C,"2,500",6449141616,6449,1416,8806449141616,8806449141616,64491416,OK,201600391,OK,"이 약은 감기의 여러 증상(콧물, 코막힘, 재채기, 인후통, 오한, 발열, 두통, 관절통, 근육통)의 완화에 사용합니다.
","만 15세 이상 및 성인은 1회 2캡슐씩, 만 7세 초과~만 15세 미만은 1회 1캡슐씩, 1일 3회 식후 30분에 복용합니다.
","매일 세잔 이상 정기적 음주자가 이 약 또는 다른 해열진통제를 복용할 때는 의사 또는 약사와 상의하십시오. 간손상을 일으킬 수 있습니다.

매우 드물게 치명적일 수 있는 급성전신발진고름물집증, 스티븐스-존슨증후군, 독성표피괴사용해와 같은 중대한 피부반응이 보고되었고 이 약 복용 후 피부발진 또는 다른 과민반응의 징후가 나타나는 경우 즉시 복용을 중단하십시오.

아세트아미노펜으로 일일 최대 용량(4,000 mg)을 초과하여 복용하지 마십시오. 간손상을 일으킬 수 있습니다. 아세트아미노펜을 포함하는 다른 제품과 함께 복용하지 마십시오.

급성전신발진고름물집증과 같은 중증 피부 이상반응이 나타나는 경우 복용을 중단하고 의사 또는 약사와 상의하십시오.
","아세트아미노펜을 포함하는 다른 제품, MAO억제제(항우울제, 항정신병제, 감정조절제, 항파킨슨제 등), 진해(기침을 그치게 함)거담제(가래약), 다른 감기약, 해열진통제, 진정제, 항히스타민제를 함유하는 내복약(비염용 경구제, 멀미약, 알레르기용약)과 함께 복용하지 마십시오.

MAO억제제(항우울제, 항정신병제, 감정조절제, 항파킨슨제 등) 복용을 중단한 후 2주 이내의 사람은 이 약을 복용하지 마십시오.

바르비탈계 약물, 삼환계 항우울제 및 알코올을 투여한 환자는 의사 또는 약사와 상의하십시오.

복용 중에는 음주하지 마십시오.
","발진·발적(충혈되어 붉어짐), 가려움, 구역·구토, 식욕부진, 변비, 부기, 배뇨(소변을 눔)곤란, 목마름(지속적이거나 심한), 어지러움, 불안, 떨림, 불면, 쇽 증상(복용후 바로 두드러기, 부종(부기), 가슴답답함 등과 함께 안색이 창백하고, 손발이 차고, 식은땀, 숨쉬기 곤란함), 피부점막안증후군(스티븐스-존슨증후군), 독성표피괴사용해(리엘증후군: 고열을 동반하고, 발진·발적, 화상과 같이 물집이 생기는 등의 심한 증상), 급성전신발진고름물집증, 발열, 홍반, 다수의 작은 농포와 같은 중증 피부 이상반응, 천식, 전신의 나른함, 황달(피부 또는 눈의 흰자위가 황색을 띄게 됨), 기침을 동반하고, 숨이 차고, 호흡곤란, 발열, 허혈성 대장염의 증상(급격한 복통, 직장 출혈 등)이 나타나는 경우 복용을 즉각 중지하고 의사 또는 약사와 상의하십시오.

가역적 후뇌 병증 증후군 및 가역적 뇌혈관 수축 증후군 증상(갑작스러운 심한 두통, 번개 두통, 구역, 구토, 혼돈, 발작, 시각 장애)이 나타나는 경우 복용을 즉각 중지하고 의사 또는 약사와 상의하십시오.
","습기와 빛을 피해 실온에서 보관하십시오.

어린이의 손이 닿지 않는 곳에 보관하십시오.
"
8806449141715 ,화콜씨 콜드 10C,"2,500",6449141715,6449,1417,8806449141715,8806449141715,64491417,OK,201600731,OK,"이 약은 감기의 여러 증상(콧물, 코막힘, 재채기, 인후통, 기침, 가래, 오한(춥고 떨리는 증상), 발열, 두통, 관절통, 근육통)의 완화에 사용합니다.
","만 15세 이상 및 성인은 1회 2캡슐씩, 만 7세 초과~만 15세 미만은 1회 1캡슐씩, 1일 3회 식후 30분에 복용합니다.
","매일 세잔 이상 정기적 음주자가 이 약 또는 다른 해열진통제를 복용할 때는 의사 또는 약사와 상의하십시오. 간손상을 일으킬 수 있습니다.

매우 드물게 치명적일 수 있는 급성전신발진고름물집증, 스티븐스-존슨증후군, 독성표피괴사용해와 같은 중대한 피부반응이 보고되었고 이 약 복용 후 피부발진 또는 다른 과민반응의 징후가 나타나는 경우 즉시 복용을 중단하십시오.

아세트아미노펜으로 일일 최대 용량(4,000 mg)을 초과하여 복용하지 마십시오. 간손상을 일으킬 수 있습니다. 아세트아미노펜을 포함하는 다른 제품과 함께 복용하지 마십시오.

급성전신발진고름물집증과 같은 중증 피부 이상반응이 나타나는 경우 복용을 중단하고 의사 또는 약사와 상의하십시오.
","아세트아미노펜을 포함하는 다른 제품, MAO억제제(항우울제, 항정신병제, 감정조절제, 항파킨슨제 등), 진해(기침을 그치게 함)거담제(가래약), 다른 감기약, 해열진통제, 진정제, 항히스타민제를 함유하는 내복약(비염용 경구제, 멀미약, 알레르기용약)과 함께 복용하지 마십시오.

MAO억제제(항우울제, 항정신병제, 감정조절제, 항파킨슨제 등) 복용을 중단한 후 2주 이내의 사람은 이 약을 복용하지 마십시오.

바르비탈계 약물, 삼환계 항우울제 및 알코올을 투여한 환자는 의사 또는 약사와 상의하십시오.

복용 중에는 음주하지 마십시오.
","발진·발적, 가려움, 구역·구토, 식욕부진, 변비, 부종, 배뇨곤란, 목마름(지속적이거나 심한), 어지러움, 불안, 떨림, 불면, 쇽 증상(드물게 복용후 두드러기, 부종, 가슴답답함 등과 함께 안색이 창백하고, 손발이 차고, 식은땀, 숨쉬기 곤란함), 피부점막안증후군(스티븐스-존슨증후군), 독성표피괴사용해(고열을 동반하고, 발진·발적, 화상과 같이 물집이 생기는 심한 증상), 급성전신발진고름물집증, 발열, 홍반, 다수의 작은 농포와 같은 중증 피부 이상반응, 천식, 전신의 나른함, 황달, 간질성폐렴(기침을 동반하고, 숨이 차고, 호흡곤란, 발열), 허혈성 대장염의 증상(급격한 복통, 직장 출혈 등)이 나타나는 경우 복용을 즉각 중지하고 의사 또는 약사와 상의하십시오.

가역적 후뇌 병증 증후군 및 가역적 뇌혈관 수축 증후군의 증상(갑작스러운 심한 두통, 번개 두통, 구역, 구토, 혼돈, 발작, 시각 장애 등)이 나타나는 경우 복용을 즉각 중지하고 의사 또는 약사와 상의하십시오.
","습기와 빛을 피해 실온에서 보관하십시오.

어린이의 손이 닿지 않는 곳에 보관하십시오.
"
8806449143610 ,노블루 20g,"9,000",6449143610,6449,1436,8806449143610,8806449143610,64491436,OK,201703181,NO_ITEM,,,,,,
8806449147915 ,베베클 20ml,"5,500",6449147915,6449,1479,8806449147915,8806449147915,64491479,OK,202004970,OK,"이 약은 코점막 분비물 또는 화농(곪음)성으로 인한 코막힘에 비강(코안)세척, 비점막 건조 증상의 완화에 사용합니다.
","필요시 2~3시간마다 성인은 1~8회, 영아는 1회, 1개월~12개월은 1~2회, 1세~2세는 1~3회, 2세~5세는 1~4회, 5세~8세는 1~5회, 8세~12세는 1~6회 분무(뿌림)합니다.

액이 후두나 인두로 흘러 들어가지 않도록 옆으로 비스듬히 눕거나 일어선 상태로 머리를 기울여서 사용합니다.
",,,,"열기를 피해 실온에서 보관하십시오.

어린이의 손이 닿지 않는 곳에 보관하십시오.

사용기한이 지난 제품은 사용하지 마십시오.
"
8806449148929 ,마이드롭 0.5ml x 30EA,"10,000",6449148929,6449,1489,8806449148929,8806449148929,64491489,OK,202008115,OK,"이 약은 영양부족으로 인한 각막, 결막의 궤양성 질환에 영양공급, 콘택트렌즈 착용 등으로 인한 각막, 결막의 미세손상에 사용합니다.
","1회 2~3방울, 1일 2~4회 점안합니다.

점안 후 남은액과 용기는 버립니다.
",,,,"습기와 빛을 피해 실온에서 보관하십시오.

어린이의 손이 닿지 않는 곳에 보관하십시오.
"
8806449149148 ,가네톡액 15ml x 22P,"25,000",6449149148,6449,1491,8806449149148,8806449149148,64491491,OK,202102087,OK,"이 약은 간질환의 보조 치료에 사용합니다.
","성인은 1일 10~30 mL를 식간에 분할 복용합니다.

이 약 10 mL를 약 반 컵의 물에 희석하여 복용합니다.
",,,"이상반응이 나타나는 경우 복용을 즉각 중지하고 의사 또는 약사와 상의하십시오.
","습기와 빛을 피해 실온에서 보관하십시오.

어린이의 손이 닿지 않는 곳에 보관하십시오.
"
8806449151615 ,프렌즈 아이드롭 아이스 14ml,"4,000",6449151615,6449,1516,8806449151615,8806449151615,64491516,OK,202400824,OK,"이 약은 눈의 피로, 눈의 건조에 대한 눈물의 보조, 하드콘택트렌즈 또는 소프트렌즈 착용 시 불쾌감, 눈곱이 많을 때 등의 눈의 침침함에 사용합니다.
","1회 2~3방울씩, 1일 5~6회 눈에 넣으십시오.
",,,"눈의 충혈, 가려움, 부종 등의 증상이 나타나는 경우 이 약의 사용을 즉각 중지하고 의사 또는 약사와 상의하십시오.

하드콘택트렌즈를 착용하는 사람에게서 눈곱 등의 분비물이 많아지면서 드물게 렌즈가 흐려지는 경우 이 약의 사용을 즉각 중지하고 의사 또는 약사와 상의하십시오.
","습기와 빛을 피해 실온에서 보관하십시오.

어린이의 손이 닿지 않는 곳에 보관하십시오.
"
8806452041545 ,스벨트 720T(360T x 2EA),"80,000",6452041545,6452,0415,8806452041545,8806452041545,64520415,OK,200300724,NO_ITEM,,,,,,
8806453001616 ,다제스 10C,"2,500",6453001616,6453,0016,8806453001616,8806453001616,64530016,OK,198902527,OK,"이 약은 소화불량, 식욕감퇴(식욕부진), 과식, 식체(위체), 소화촉진, 소화불량으로 인한 위부팽만감과 담즙(쓸개즙) 분비 부전으로 오는 간질환, 담도(쓸개길)(담관(쓸개관), 담낭(쓸개))계 질환의 보조치료로 사용합니다.",성인은 1회 1~2캡슐을 1일 3회 식후에 복용합니다.,,이 약을 복용하기 전에 다른 약물을 복용하고 있는 경우 의사 또는 약사와 상의하십시오.,"때때로 설사, 묽은 변, 구역, 구토, 드물게 배아픔, 변비, 가슴쓰림, 위부불쾌감, 때때로 가려움, 드물게 발진, 발열, 기침, 호흡곤란, 흉부 X선 이상을 동반한 간질성 폐렴, 드물게 전신권태감, 어지러움, 구내불쾌감, 담석의 석회화, 간효소치의 증가(ALT, ALP, AST, γ-GT), 백혈구 감소 등이 나타나는 경우 복용을 즉각 중지하고 의사 또는 약사와 상의하십시오.",습기와 빛을 피해 실온에서 보관하십시오.어린이의 손이 닿지 않는 곳에 보관하십시오.
8806453001685 ,다제스 30C,"6,500",6453001685,6453,0016,8806453001685,8806453001685,64530016,OK,198902527,OK,"이 약은 소화불량, 식욕감퇴(식욕부진), 과식, 식체(위체), 소화촉진, 소화불량으로 인한 위부팽만감과 담즙(쓸개즙) 분비 부전으로 오는 간질환, 담도(쓸개길)(담관(쓸개관), 담낭(쓸개))계 질환의 보조치료로 사용합니다.",성인은 1회 1~2캡슐을 1일 3회 식후에 복용합니다.,,이 약을 복용하기 전에 다른 약물을 복용하고 있는 경우 의사 또는 약사와 상의하십시오.,"때때로 설사, 묽은 변, 구역, 구토, 드물게 배아픔, 변비, 가슴쓰림, 위부불쾌감, 때때로 가려움, 드물게 발진, 발열, 기침, 호흡곤란, 흉부 X선 이상을 동반한 간질성 폐렴, 드물게 전신권태감, 어지러움, 구내불쾌감, 담석의 석회화, 간효소치의 증가(ALT, ALP, AST, γ-GT), 백혈구 감소 등이 나타나는 경우 복용을 즉각 중지하고 의사 또는 약사와 상의하십시오.",습기와 빛을 피해 실온에서 보관하십시오.어린이의 손이 닿지 않는 곳에 보관하십시오.
8806453017723 ,[한림] 큐티스점안액 15ml,"2,000",6453017723,6453,0177,8806453017723,8806453017723,64530177,OK,200702162,OK,"이 약은 눈의 피로, 눈물의 보조(눈의 건조), 하드콘택트렌즈 및 소프트렌즈 착용시의 불쾌감, 눈의 침침함(눈꼽이 많은 때 등)에 사용합니다.
","1회 2~3방울을 1일 5~6회 점안합니다.
",,,"눈의 충혈, 가려움, 부종 등이 나타나는 경우 사용을 즉각 중지하고 의사 또는 약사와 상의하십시오.
","습기와 빛을 피해 실온에서 보관하십시오.

어린이의 손이 닿지 않는 곳에 보관하십시오.
"
8806453021423 ,[한림] 포티텐점안액 15ml,"3,000",6453021423,6453,0214,8806453021423,8806453021423,64530214,OK,200302303,OK,"이 약은 알러지성 결막염에 사용합니다.
","성인은 1회 1방울씩, 1일 2~4회 또는 상태에 따라 적절히 점안합니다.

유.소아는 의사의 처방에 따릅니다.
",,,"눈의 충혈, 자극감, 가려움이 지속되거나, 눈꺼풀염, 눈꺼풀피부염, 눈의 흐림 등이 나타나는 경우 사용을 즉각 중지하고 의사 또는 약사와 상의하십시오.

일시적인 작열감, 충혈, 부종, 가려움증과 같은 국소자극이 나타날 수 있습니다.
","15~25도에서 보관하십시오.

어린이의 손이 닿지 않는 곳에 보관하십시오.

개봉 후 4주가 지나면 사용하지 마십시오.
"
8806453058429 ,맥스클리어 0.5ml x 30관,"7,000",6453058429,6453,0584,8806453058429,8806453058429,64530584,OK,200710841,OK,"이 약은 안구건조증이나 바람·태양에 노출되어 생기는 화끈거리는 증상, 자극감, 불쾌감을 일시적으로 완화 및 안구자극감 예방에 사용합니다.","필요시 증상이 있는 눈에 1~2방울을 점안하고 점안 후 남은 액과 용기는 버립니다.다른 점안제와 동시에 사용할 경우, 희석 효과를 피하기 위해 적어도 15분의 간격을 두고 점안합니다.",,,"통증, 시야변화, 지속적인 충혈이나 자극감을 경험하거나, 증상이 악화되거나 72시간 이상 지속되는 경우 사용을 즉각 중지하고 의사 또는 약사와 상의하십시오.",상온에서 보관하십시오.어린이의 손이 닿지 않는 곳에 보관하십시오.
8806453062525 ,나조린 0.5ml x 10관,"2,000",6453062525,6453,0625,8806453062525,8806453062525,64530625,OK,199302995,OK,이 약은 안자극‧충혈의 일시적 완화에 사용합니다.,1회 1~2 방울 1일 4회 점안(눈에 넣음)합니다.점안 후 남은 액과 용기는 바로 버립니다.(1회용에 점안액에 한함),,MAO 억제제를 함께 사용 시 의사 또는 약사와 상의하십시오.,"동공산대, 안(눈)압상승, 고혈압, 심박부정, 과혈당증 등 점막 흡수에 의한 전신 부작용 및 눈의 통증, 시력변화, 지속적인 충혈 또는 자극이 발생이 나타나는 경우 사용을 즉각 중지하고 의사 또는 약사와 상의하십시오.",습기와 빛을 피해 실온에서 보관하십시오.어린이의 손이 닿지 않는 곳에 보관하십시오.
8806456060221 ,[일양] 플록펜 첩부제 10매,"3,000",6456060221,6456,0602,8806456060221,8806456060221,64560602,OK,202402168,NO_ITEM,,,,,,
8806458000331 ,한솔 금왕심단(천왕보심단) 60P(30P x 2EA),"40,000",6458000331,6458,0003,8806458000331,8806458000331,64580003,OK,200701224,NO_ITEM,,,,,,
8806458000447 ,[한솔]기가천과립 60P,"20,000",6458000447,6458,0004,8806458000447,8806458000447,64580004,OK,200004525,NO_ITEM,,,,,,
8806458001017 ,마이에신정[한솔] 10T,"2,000",6458001017,6458,0010,8806458001017,8806458001017,64580010,OK,200612611,NO_ITEM,,,,,,
8806458001147 ,한솔 맥기천(맥문동탕) 60P,"20,000",6458001147,6458,0011,8806458001147,8806458001147,64580011,OK,200004502,NO_ITEM,,,,,,
8806458001222 ,[한솔] 미네르바 30P,"20,000",6458001222,6458,0012,8806458001222,8806458001222,64580012,OK,200202981,NO_ITEM,,,,,,
8806458001857 ,한솔 브루나(당귀수산) 60P,"20,000",6458001857,6458,0018,8806458001857,8806458001857,64580018,OK,200103524,NO_ITEM,,,,,,
8806458002045 ,한솔 상위정(반하사심탕),"20,000",6458002045,6458,0020,8806458002045,8806458002045,64580020,OK,200103523,NO_ITEM,,,,,,
8806458002328 ,한솔 생위단(연라환),"80,000",6458002328,6458,0023,8806458002328,8806458002328,64580023,OK,200711761,NO_ITEM,,,,,,
8806458002427 ,한솔 숙치환(삼황지출환) 60포,"20,000",6458002427,6458,0024,8806458002427,8806458002427,64580024,OK,200202984,NO_ITEM,,,,,,
8806458002830 ,한솔 연통환(강활유풍탕),"80,000",6458002830,6458,0028,8806458002830,8806458002830,64580028,OK,200202983,NO_ITEM,,,,,,
8806458002844 ,한솔 연통환(강활유풍탕),"80,000",6458002844,6458,0028,8806458002844,8806458002844,64580028,OK,,NO_ITEMSEQ,,,,,,
8806458002936 ,한솔 옥미인단(청혈온보단),"80,000",6458002936,6458,0029,8806458002936,8806458002936,64580029,OK,,NO_ITEMSEQ,,,,,,
8806458003219 ,[한솔]작감정 10T,"2,000",6458003219,6458,0032,8806458003219,8806458003219,64580032,OK,200103519,NO_ITEM,,,,,,
8806458003226 ,작감정 500mg 20T,"3,500",6458003226,6458,0032,8806458003226,8806458003226,64580032,OK,200103519,NO_ITEM,,,,,,
8806458003592 ,정정보환(온신산) 120P,"100,000",6458003592,6458,0035,8806458003592,8806458003592,64580035,OK,200004466,NO_ITEM,,,,,,
8806458003820 ,한솔 청상기가환(청상보하환),"40,000",6458003820,6458,0038,8806458003820,8806458003820,64580038,OK,200004526,NO_ITEM,,,,,,
8806458003834 ,한솔 청상기가환(청상보하환),"40,000",6458003834,6458,0038,8806458003834,8806458003834,64580038,OK,,NO_ITEMSEQ,,,,,,
8806458003929 ,한솔 치위환,"40,000",6458003929,6458,0039,8806458003929,8806458003929,64580039,OK,200503057,NO_ITEM,,,,,,
8806458004148 ,[한솔]쾌비정 60포,"20,000",6458004148,6458,0041,8806458004148,8806458004148,64580041,OK,200004478,NO_ITEM,,,,,,
8806458004247 ,한솔 패감산(인삼패독산) 60P,"20,000",6458004247,6458,0042,8806458004247,8806458004247,64580042,OK,200004501,NO_ITEM,,,,,,
8806458004742 ,한솔 갈근탕 60P,"20,000",6458004742,6458,0047,8806458004742,8806458004742,64580047,OK,200004507,NO_ITEM,,,,,,
8806458013546 ,한솔 해농정(배농산급탕) 240정,"20,000",6458013546,6458,0135,8806458013546,8806458013546,64580135,OK,200004480,NO_ITEM,,,,,,
8806458013553 ,해농정[한솔] 10T,"2,000",6458013553,6458,0135,8806458013553,8806458013553,64580135,OK,200004480,NO_ITEM,,,,,,
8806458013744 ,[한솔]행기탕과립 60P,"20,000",6458013744,6458,0137,8806458013744,8806458013744,64580137,OK,200004474,NO_ITEM,,,,,,
8806458013935 ,한솔 황간정(황련해독탕) 60P,"24,000",6458013935,6458,0139,8806458013935,8806458013935,64580139,OK,200202982,NO_ITEM,,,,,,
8806458014529 ,[한솔]넥스콜환(은교산환) 60P,"20,000",6458014529,6458,0145,8806458014529,8806458014529,64580145,OK,200810270,NO_ITEM,,,,,,
8806458014727 ,한솔 위평원(반하사심탕) 60P,"20,000",6458014727,6458,0147,8806458014727,8806458014727,64580147,OK,200811653,NO_ITEM,,,,,,
8806458014819 ,[일양] 세티스 10T,"1,500",6458014819,6458,0148,8806458014819,8806458014819,64580148,OK,200900207,OK,"이 약은 계절성 및 다년성 알레르기성 비염, 알레르기성 결막염, 만성 특발성 두드러기, 피부소양증과 하이드로코티손 외용제와 병용에 의한 습진, 피부염에 사용합니다.
","성인 및 6세 이상의 소아는 1일 1회 1정(10 mg)을 취침 전에 복용하고, 이상반응에 민감한 환자의 경우는 1/2정(5 mg)씩을 아침, 저녁에 분할 복용합니다.

연령, 증상에 따라 적절히 증감합니다.

신장애 환자의 투여 간격은 환자의 신기능에 따라 조절되어야 하고, 신장애를 가진 소아 환자는 환자의 신 청소율과 체중을 고려하여 개별적으로 용량을 조절해야 하므로 자세한 사항은 허가사항을 참고하십시오.
",,"이 약을 복용하는 동안 테오필린, 리토나비어, 과량의 알코올과 함께 복용하지 마십시오. 
","졸음, 두통, 때때로 권태감, 마비감, 무력증, 초조, 감각이상, 드물게 가볍고 일시적인 나른함, 피로, 어지러움, 머리무거움, 흥분, 경련, 운동이상, 근육긴장이상, 실신, 떨림, 공격성, 혼돈, 우울, 환각, 불면증, 틱 장애, 기억상실, 기억장애, 자살관념, 악몽, 때때로 목마름, 입술건조감, 구역, 식욕부진, 위부불쾌감, 소화불량, 복통, 위통, 복부불쾌감, 설사, 드물게 구토, 위장장애, 입술염, 미각이상, 식욕증진, 드물게 빠른맥, 부정맥, 혈압상승, 때때로 두근거림, 혈관염, 때때로 백혈구 감소, 호중구 감소, 림프구 증가, 호산구 증가, 드물게 단구 증가, 혈소판 증가, 혈소판 감소, 광과민증, 드물게 과민증 및 과민성 쇼크, 때때로 부기, 가려움, 발진, 드물게 두드러기, 혈관신경성부종, 고정약물발진, 급성전신발진농포증, 드물게 시야 흐림, 결막충혈, 안조절 장애, 안운동발작, 현기증, 때때로 AST, ALT, ALP, 총빌리루빈, -GTP, LDH의 상승 등 간기능 장애, 황달, 간염, BUN 상승, 당뇨, 피섞인 소변, 드물게 배뇨 곤란, 야뇨증, 소변고임, 관절통, 근육통, 인두염, 기침, 코피, 기관지경련, 청력이상, 시각이상, 때때로 가슴통증, 드물게 월경불순, 귀울림, 비염, 체중 증가가 나타나는 경우 복용을 즉각 중지하고 의사 또는 약사와 상의하십시오.

이 약 복용 중단 후 가려움증, 두드러기등이 나타날 수 있습니다.
","실온에서 보관하십시오.

어린이의 손이 닿지 않는 곳에 보관하십시오.
"
8806458026317 ,[일양] 아시클로버크림 5g,"2,000",6458026317,6458,0263,8806458026317,8806458026317,64580263,OK,200902984,OK,이 약은 단순포진(물집) 바이러스 감염증(초기 및 재발성 생식기 포진(물집)과 구순포진(물집) 포함)에 사용합니다.,"약 4시간 간격으로 1일 5회 환부(질환 부위)에 바릅니다.치료는 5일간 계속하여야 하며, 5일간 사용 후에도 치료되지 않을 경우에는 5일간 더 사용할 수 있습니다.",,프로베네시드를 투여한 환자는 의사 또는 약사와 상의하십시오.,"압통 등의 불쾌감, 일시적인 작열감, 자통을 포함하는 가벼운 동통 및 접촉피부염, 홍반성 발진, 습진, 알레르기반응 및 때때로 도포부위의 자극감, 가려움, 외음염, 안면 부종, 피부 탈색, 두드러기, 발진, 소수포성 발진, 피부 벗겨짐 등이 나타날 수 있습니다.",실온에서 보관하십시오.
8806458026515 ,[일양] 노바론크림 30g,"3,000",6458026515,6458,0265,8806458026515,8806458026515,64580265,OK,200902986,OK,"이 약은 피부사상균에 의한 피부진균감염증(족부백선, 고부백선(완선), 체부백선)과 피티로스포룸 올비큘라레균에 의한 어루러기 및 피부칸디다증에 사용합니다.","1일 1~2회 환부(질환 부위)에 바릅니다.질환에 따른 치료기간은 족부백선(발백선증, 무좀)인 경우 1일 1회 1주, 지간(발가락사이)형 족부백선(발백선증, 무좀)인 경우 1일 2회 1주, 족저형(발바닥) 족부백선(발백선증, 무좀)인 경우 1일 2회 2주, 체부백선, 고부백선(대퇴부백선)(완선(사타구니백선))인 경우 1~2주, 피부칸디다증인 경우 1~2주, 어루러기인 경우 2주간 사용합니다.",,,"발진을 동반한 과민반응, 과도한 자극, 피부의 두드러기, 발적, 발진, 홍반, 가려움, 자극감, 국소의 접촉피부염, 피부박리, 상처의 딱지, 색소침착이상, 자통, 작열감 등이 나타나는 경우 사용을 즉각 중지하고 의사 또는 약사와 상의하십시오.",실온에서 보관하십시오.어린이의 손이 닿지 않는 곳에 보관하십시오.
8806458026621 ,[일양] 쎄레톤 35g,"3,000",6458026621,6458,0266,8806458026621,8806458026621,64580266,OK,200902987,OK,"이 약은 2차 감염된 알레르기성 또는 염증성 피부질환 (습진, 접촉피부염, 지루피부염, 아토피피부염, 광피부염, 만성단순태선, 간찰진(피부스침증), 박탈피부염, 가려움, 건선(마른비늘증)), 1도 화상에 사용합니다.",1일 1~3회 환부(질환분위)에 적당량을 바릅니다.,,,"전염성 농가진(고름딱지증), 모낭염, 바이러스성 감염, 부스럼, 피부자극, 자통(찌름 통증), 발열, 작열감(화끈감), 가려움, 발진, 발적(충혈되어 붉어짐), 홍조, 부종, 구진, 소수포(물집), 피부건조, 농포(고름물집)성피부염, 땀띠, 상처 악화, 욕창, 농포(고름물집)증, 과민증, 피부변색, 다모(털과다)증, 여드름상발진, 색소침착저하증, 입주위피부염, 알레르기성접촉피부염, 피부짓무름, 2차감염, 피부위축, 줄무늬, 안검피부에 사용 시 안압 상승, 녹내장(시야흐림) 등이 나타나는 경우 사용을 즉각 중지하고 의사 또는 약사와 상의하십시오.",실온에서 보관하십시오.어린이의 손이 닿지 않는 곳에 보관하십시오.
8806458027819 ,[알피바이오]제로민 연질캡슐 10C,"1,800",6458027819,6458,0278,8806458027819,8806458027819,64580278,OK,200903392,OK,"이 약은 일시적 불면증의 완화에 사용합니다.
","성인은 1회 1캡슐(50 mg)씩, 1일 1회 취침 전에 복용합니다.

개인에 따라 1캡슐(50 mg) 복용 시 과도한 진정작용이 나타날 경우 1/2캡슐(25 mg)을 취침 전에 복용합니다.
",,"이 약과 동일한 성분을 함유한 다른 제제, 다른 최면진정제, MAO 억제제, 감기약, 해열진통제, 진해거담제, 항히스타민제를 함유하고 있는 내복약(비염용 내복약, 멀미약, 알러지용약)과 함께 복용하지 마십시오.

복용 중에는 음주하지 마십시오.
","발진, 발적, 가려움, 구갈, 위통, 오심ㆍ구토, 식욕부진, 설사, 어지러움, 두통, 기상시의 두중감, 활동중의 졸음, 불쾌감, 신경과민, 일시적인 의식장해(주의력의 저하, 잠이 덜깨는 증상, 판단력의 저하, 말ㆍ행동의 이상 등), 두근거림, 권태감, 배뇨곤란, 시야혼란, 폐쇄각 녹내장 등이 나타나는 경우 복용을 즉각 중지하고 의사 또는 약사와 상의하십시오.
","실온에서 보관하십시오.

어린이의 손이 닿지 않는 곳에 보관하십시오.
"
8806458034817 ,[알피바이오]한솔 이부프로펜 10C,"1,500",6458034817,6458,0348,8806458034817,8806458034817,64580348,OK,201103366,OK,"이 약은 감기로 인한 발열 및 동통(통증), 요통, 생리통, 류마티양 관절염, 연소성(어리거나 젊은나이에 나타나는) 류마티양 관절염, 골관절염(퇴행성 관절질환), 수술후 동통(통증)과 두통, 편두통, 치통, 근육통, 신경통, 강직성 척추염, 급성통풍, 건선(마른비닐증)성 관절염, 연조직손상(염좌(삠), 좌상(타박상)), 비관절 류마티스질환(건염(힘줄염), 건초염(힘줄윤활막염), 활액(윤활)낭염)에 사용합니다.
","성인은 류마티양 관절염, 골관절염, 강직성 척추염, 연조직손상, 비관절 류마티스질환, 급성통풍, 건선성 관절염에는 1회 1~3캡슐(200~600 mg)씩, 1일 3~4회, 1일 최고 16캡슐(3,200 mg)까지 복용할 수 있으며, 연소성(어리거나 젊은나이에 나타나는) 류마티양 관절염에는 1일 체중 kg당 30~40 mg을 3~4회 분할 복용, 경증 및 중등도의 동통이나 감기에는 성인 1회 1~2캡슐(200~400 mg)씩, 1일 3~4회, 편두통에는 성인 1회 1~2 캡슐(200~400 mg)씩 복용하며 24시간 동안 2캡슐을 초과하지 않습니다.

만 12세 이상 청소년은 1회 1~2캡슐(200~400 mg)씩, 1일 3~4회 복용합니다.

체중이 30 kg 미만인 경우 1일량이 500 mg을 초과해서는 안되며 공복시 복용은 피하는 것이 바람직합니다.
","매일 세 잔 이상 정기적 음주자가 이 약 또는 다른 해열진통제를 복용할  때는 의사 또는 약사와 상의하십시오. 위장출혈을 일으킬 수 있습니다.

이 약 복용시 치명적일 수 있는 중대한 심혈관계 혈전 반응, 심근경색증, 뇌졸중의 위험이 증가하며, 위장관 출혈, 궤양 및 천공 등 심각한 위장관계 이상반응이 나타날 수 있습니다.
","고용량 메토트렉세이트, 다른 비스테로이드성 소염진통제와 함께 이 약을 복용하지 마십시오.

저용량 아스피린, ACE 저해제, 리튬, 푸로세미드 및 티아지드계 이뇨제, 저용량 메토트렉세이트, 쿠마린계 항응혈제(와파린 등), 선택적 세로토닌 재흡수억제제를 함께 복용 시 의사 또는 약사와 상의하십시오.
","쇽 증상(흉내고민(가슴쓰림), 오한, 호흡곤란, 혈압저하 등), 헤마토크릿 감소, 헤모글로빈 감소, 빈혈, 재생불량성빈혈, 용혈성빈혈, 무과립구증, 과립구감소, 백혈구감소, 혈소판감소, 혈소판 기능 저하(출혈시간 연장), 호산구증가 등의 혈액장애, 소화성궤양, 위장관궤양, 위장출혈, 천공(뚫림), 궤양성 대장염, 혈변, 위염, 췌장(이자)염, 토혈(혈액구토), 크론병, 식욕부진, 구역, 구토, 복통, 소화불량, 설사, 위부불쾌감, 상복부 통증, 구갈, 구내염(입안염), 복부(배부분)팽만감, 구강(입안)궤양, 변비, 흑변(검게 변함), 피부점막안증후군(스티븐스-존슨증후군), 독성표피괴사용해(리엘증후군), 광민감 반응(빈도불명), 빈도불명의 호산구증가 및 전신 증후군을 동반한 약물 발진(DRESS 증후군), 혈관신경성 부종, 수포성피부염, 다형성 홍반, 반구진 발진, 피부 붉어짐, 물집, 발진, 탈락 피부염, 급성전신발진고름물집증, 간염, 황달, GOT, GPT, 알칼라인 포스파타제(ALP)의 상승 등과 같은 간기능이상, 간장애, 과민증 또는 아나필락시스 반응, 천식발작, 두드러기, 습진, 자주색반점, 가려움증, 천식, 기관지수축, 호흡곤란 또는 쌕쌕거림, 암점 등 시각장애, 귀먹음, 귀울림, 미각이상, 현기증, 졸음, 어지러움, 우울, 두통, 뇌혈관 사고 또는 신경질, 무균성 수막염 또는 수막염, 혈압저하, 혈압상승, 심계항진(두근거림), 심부전, 심근경색증 또는 협심증, 급성신부전, 핍뇨(소변감소), 혈뇨, 요단백, BUN, 혈중크레아티닌의 상승, 고칼륨혈증, 간질성 콩팥염, 콩팥염증후군, 콩팥유두괴사, 요량 감소, 전신부종 및 이에 수반하는 숨가쁨, 나른함, 안와주위부종(눈주변 부기), 안면부종(얼굴부기), 권태감, 발열, 비출혈(코피), 부종(부기), 말초부종 등이 나타나는 경우 즉각 복용을 중지하고 의사 또는 약사와 상의하십시오.
","실온에서 보관하십시오.

어린이의 손이 닿지 않는 곳에 보관하십시오.
"
8806458035050 ,티나케어점안액[바이넥스],"3,000",6458035050,6458,0350,8806458035050,8806458035050,64580350,OK,201204333,OK,"이 약은 결막염(유행성 안염), 다래끼, 안검염(눈꺼풀의 진무름), 눈의 가려움증에 사용합니다.","1일 3~6회, 1회 1~3방울 점안합니다.",,,"눈의 충혈, 가려움, 부기 등이 나타나는 경우 사용을 즉각 중지하고 의사 또는 약사와 상의하십시오.",습기와 빛을 피해 실온에서 보관하십시오.어린이의 손이 닿지 않는 곳에 보관하십시오.
8806458040528 ,[한솔] 소체환 120P,"30,000",6458040528,6458,0405,8806458040528,8806458040528,64580405,OK,201405806,NO_ITEM,,,,,,
8806458041112 ,[일양] 락토딘 10C,"2,000",6458041112,6458,0411,8806458041112,8806458041112,64580411,OK,201508035,OK,"이 약은 소화불량, 식욕감퇴(식욕부진), 과식, 체함, 소화촉진, 소화불량으로 인한 위부팽만감, 정장, 변비, 묽은 변, 복부팽만감, 장내이상발효에 사용합니다.","만 8세 이상은 1회 1캡슐, 1일 3회 복용합니다.",,,,습기와 빛을 피해 실온에서 보관하십시오.어린이의 손이 닿지 않는 곳에 보관하십시오.
8806458041518 ,기가파워[알피바이오] 10C,"1,800",6458041518,6458,0415,8806458041518,8806458041518,64580415,OK,201603223,OK,이 약은 가래 또는 기침을 유발하는 가래에 사용합니다.,"성인 및 15세 이상의 소아는 1회 2캡슐, 8세~14세 소아는 1회 1캡슐씩, 1일 3회 식후에 복용합니다.",,"다른 진해(기침을 그치게 함)·거담제(가래약), 감기약과 함께 복용하지 마십시오.","발진∙발적(충혈되어 붉어짐), 가려움, 구역∙구토, 식욕부진, 복통(배아픔), 두통, 혈담, 드물게 피부점막안증후군(스티븐스-존슨증후군), 독성표피괴사용해(고열을 동반하고, 발진∙발적, 화상과 같은 물집이 생기는 등의 심한 증상), 쇽 증상(복용 후 바로 두드러기, 부기, 가슴답답함 등과 함께 안색이 창백하고, 손발이 차고, 식은 땀, 숨쉬기 곤란함), 전신의 나른함, 황달(피부 또는 눈의 흰자위가 황색을 띄게 됨) 등이 나타나는 경우 복용을 즉각 중지하고 의사 또는 약사와 상의하십시오.일시적으로 가래 양이 증가하는 경우가 있습니다.",습기와 빛을 피해 실온에서 보관하십시오.어린이의 손이 닿지 않는 곳에 보관하십시오.
8806458042027 ,넥크린(향성파적환)[한솔] 6P,"2,500",6458042027,6458,0420,8806458042027,8806458042027,64580420,OK,200902637,NO_ITEM,,,,,,
8806458042423 ,한솔 은교산 5p,"3,000",6458042423,6458,0424,8806458042423,8806458042423,64580424,OK,200004484,NO_ITEM,,,,,,
8806458042522 ,한솔 용담사간탕엑스과립-스틱,"2,500",6458042522,6458,0425,8806458042522,8806458042522,64580425,OK,200004517,NO_ITEM,,,,,,
8806458044212 ,트리븐정[한솔] 10T,"2,000",6458044212,6458,0442,8806458044212,8806458044212,64580442,OK,202400468,OK,"이 약은 수술 및 외상(상처)후, 유즙울체(젖고임) 질환 및 증상의 염증성 부종(부기)의 완화에 사용합니다.
","성인은 첫날 1회 2정씩, 1일 4회 복용합니다.

이후 유지량으로 1회 1정씩, 1일 4회 복용합니다.
",,"이 약을 복용하기 전에 항응고제 투여하고 있는 환자는 의사 또는 약사와 상의하십시오.
","발진, 발적(충혈되어 붉어짐), 설사, 변비, 때때로 식욕부진, 배가 거북함, 구역, 구토, 드물게 코피, 혈액가래 등의 출혈 경향 등이 나타나는 경우 복용을 즉각 중지하고 의사 또는 약사와 상의하십시오.
","실온에서 보관하십시오.

어린이의 손이 닿지 않는 곳에 보관하십시오.
"
8806458044335 ,[한솔] 렉스펜에스 10T,"2,000",6458044335,6458,0443,8806458044335,8806458044335,64580443,OK,202400777,OK,"이 약은 신경통, 허리통, 어깨결림에 사용합니다.
","성인은 1회 1~2정씩, 1일 2회 통증 또는 발작 시에 복용합니다.
",,"다른 해열진통제, 감기약, 진정약 등과 함께 복용하지 마십시오.
","발진 및 충혈되어 붉어지는 발적, 구역, 구토, 변비, 식욕부진, 현기증 등이 나타나는 경우 이 약의 복용을 즉각 중지하고 의사 또는 약사와 상의하십시오.
","습기와 빛을 피해 실온에서 보관하십시오.

어린이의 손이 닿지 않는 곳에 보관하십시오.
"
8806459026026 ,카네마졸 질정 100mg 6EA,"3,000",6459026026,6459,0260,8806459026026,8806459026026,64590260,OK,199600201,OK,"이 약은 칸디다성 질염에 사용합니다.
","성인은 1일 1회 1정(100 mg)씩, 연속 6일간 취침시에 질내 깊숙이 삽입합니다.

단기요법으로 성인은 1일 1회 2정(200 mg)씩, 연속 3일간 취침시 질내 깊숙이 삽입합니다.
",,"이 약을 사용하는 동안 경구용 타크로리무스를 함께 사용하지 마십시오.
","아나필락시스, 맥관(혈관) 부종, 과민(증), 실신, 저혈압, 호흡 곤란, 복통, 오심(구역), 발진, 담마진(두드러기), 소양증, 질 박리(벗겨짐), 질 분비물, 질 출혈, 외음질 불편감, 외음질 홍반(붉은 반점), 외음질 작열감(화끈감), 외음질 소양증, 외음질 통증, 적용 부위 자극, 부종(부기), 통증, 38 ˚C 이상의 고열, 하복부 통증, 요통, 악취가 나는 질분비물, 오심, 질 출혈 및 관련된 어깨 통증 등이 나타나는 경우 사용을 즉각 중지하고 의사 또는 약사와 상의하십시오.
","습기와 빛을 피해 실온에서 보관하십시오.

어린이의 손이 닿지 않는 곳에 보관하십시오.
"
8806470002924 ,위드원엘 6P,"5,000",6470002924,6470,0029,8806470002924,8806470002924,64700029,OK,200902499,OK,"이 약은 변비와 변비에 동반하는 식욕부진(식욕감퇴), 복부팽만, 장내 이상발효, 치질 증상의 완화에 사용합니다.",성인은 3/4~1포를 1일 1~3회 식후에 복용합니다.,,다른 사하약(하제)과 함께 사용하지 마십시오.,"발진•발적, 가려움, 심한 복통, 오심•구토, 설사 등이 복용을 즉각 중지하고 의사 또는 약사와 상의하십시오.",습기와 빛을 피해 실온에서 보관하십시오.어린이의 손이 닿지 않는 곳에 보관하십시오.1포를 분할하여 복용한 나머지는 봉투를 접어 보관하고 가능한 한 빨리 복용하십시오.
8806470003129 ,미니온 96P,"9,000",6470003129,6470,0031,8806470003129,8806470003129,64700031,OK,200907060,OK,"이 약은 요통, 관절통, 근육통, 타박상, 삠, 동창, 골절통, 어깨결림의 진통ㆍ소염에 사용합니다.
","성인은 1일 1~2회 질환 부위에 붙입니다.
",,,"발진ㆍ발적, 가려움, 통증 등이 나타나는 경우 사용을 즉각 중지하고 의사 또는 약사와 상의하십시오.
","습기와 빛을 피해 실온에서 보관하십시오.

어린이의 손이 닿지 않는 곳에 보관하십시오.

사용기간이 지난 제품은 사용하지 마십시오.
"
8806470004935 ,안티포스연고[일양],"3,000",6470004935,6470,0049,8806470004935,8806470004935,64700049,OK,201602741,OK,"이 약은 베임, 창상, 화상에 의한 감염증 예방 및 통증완화에 사용합니다.",2세 이상은 1일 1~3회 질환 부위에 적당량을 바릅니다.,,,"발진, 가려움증, 발적(충혈되어 붉어짐), 종창(부기), 구진, 소수포(물집), 발육과다 등이 나타나는 경우 사용을 즉각 중지하고 의사 또는 약사와 상의하십시오.",습기와 빛을 피해 실온에서 보관하십시오.어린이의 손이 닿지 않는 곳에 보관하십시오.
8806470007110 ,안티클로크림[일양],"4,000",6470007110,6470,0071,8806470007110,8806470007110,64700071,OK,202000951,OK,이 약은 재발성 구순포진(입술물집)의 초기 치료에 사용합니다.,"성인은 환부(질환 부위)의 가장자리까지 충분히 적용할 수 있는 적당량으로 하여 1일 5회, 5일동안 사용합니다.치료는 초기증상 및 증후가 보이는 즉시 가능한 빨리 시작합니다.",,,"흔하게 건조감, 피부 벗겨짐, 때때로 일시적인 작열감(화끈감), 저림, 드물게 홍반(붉은 반점), 색소침착, 염증의 증상 및 증후 등이 나타나는 경우 사용을 즉각 중지하고 의사 또는 약사와 상의하십시오.전신 흡수로 인해 가역적인 시상하부-뇌하수체-부신축의 억제, 쿠싱증후군, 고혈당증, 당뇨와 시력장애 등이 나타날 수 있습니다.",실온에서 보관하십시오.어린이의 손이 닿지 않는 곳에 보관하십시오.
8806473007551 ,알벤다졸정[HLB],800,6473007551,6473,0075,8806473007551,8806473007551,64730075,OK,200201554,OK,"이 약은 회충, 요충, 십이지장충, 편충, 아메리카 구충, 분선충의 감염 및 이들 혼합감염의 치료에 사용합니다.
","성인 및 24개월 이상의 소아는 요충에 감염된 경우 1일 1회 1정(400 mg) 복용합니다. 박멸을 위하여 7일 뒤, 한번만 더 1정(400 mg)을 복용합니다.

회충, 십이지장충, 편충, 아메리카구충에 감염된 경우 1정(400 mg)을 단회(1회) 복용합니다.

분선충의 다른 기생충(조충)과 중증(심한증상) 혼합 감염시 1일 1회 1정(400 mg)씩 3일간 복용합니다.

삼키기 어려울 경우 씹거나 소량의 물로 복용할 수 있으며 식사를 중단하거나 하제를 쓰는 등의 특별한 과정은 필요하지 않습니다.

치료 3주 후 검사를 하여 치료되지 않았으면 경우에 따라 2차 투여를 실시할 수 있습니다.
","이 약은 체내에서 페닐알라닌으로 대사되는 아스파탐이 함유되어 페닐알라닌의 섭취를 규제할 필요가 있는 페닐케톤뇨증 환자는 복용하지 마십시오.
","이 약을 복용하는 동안 테오필린, 시메티딘, 프라지콴텔, 덱사메타손, 리토나비르, 페니토인, 카르바마제핀, 페노바르비탈을 함께 복용하지 마십시오.
","피부점막안증후군(스티븐스-존슨증후군), 다형홍반(여러 모양의 붉은 반점), 구역, 구토, 속쓰림, 설사, 상복부(배부분) 또는 복부(배부분) 통증, 두통 및 어지럼, 발열, 전신 발적(충혈되어 붉어짐), 발진, 가려움, 두드러기 등의 과민반응, 가역적인(회복 가능한) 탈모증 등이 나타나는 경우 복용을 즉각 중지하고 의사 또는 약사와 상의하십시오.
","습기와 빛을 피해 실온에서 보관하십시오.

어린이의 손이 닿지 않는 곳에 보관하십시오.
"
8806473007858 ,[HLB] 피록시캄겔 50g,"6,000",6473007858,6473,0078,8806473007858,8806473007858,64730078,OK,200201559,OK,"이 약은 퇴행성관절염(골관절염), 어깨관절주위염, 건ㆍ건초염, 건주위염, 상완골상과염(테니스 엘보우 등), 근육통(근염, 근막염 등), 외상후의 종창ㆍ동통의 진통ㆍ소염에 사용합니다.
","성인 1일 3~4회, 1회 약 3 cm(1 g)를 환부에 얇게 바르고 잘 스며들도록 가볍게 문지릅니다.
",,,"때때로 국소의 가려움, 발적, 발진, 인설, 습진ㆍ피부염, 접촉피부염, 홍반, 드물게 광과민증 등이 나타나는 경우 사용을 즉각 중지하고 의사 또는 약사와 상의하십시오.
","실온에서 보관하십시오.
"
8806473009517 ,지노베타딘 질좌제 10EA,"9,000",6473009517,6473,0095,8806473009517,8806473009517,64730095,OK,200704064,OK,"이 약은 칸디다성 질염, 트리코모나스성 질염, 비특이성 및 혼합감염에 의한 질염, 산부인과 수술전 처치에 사용합니다.",1일 1회 1정(200 mg)을 질내 깊숙이 삽입한다.취침 전 저녁에 삽입하는 것이 바람직합니다.연령과 증상에 따라 적절히 증감할 수 있습니다.,,"과산화수소를 함께 사용하지 마십시오.리튬제제, 클로르헥시딘, 설파디아진 은화합물, 알칼리, 수은을 함유한 제제, 효소성분의 상처치료제를 함께 사용 시 의사 또는 약사와 상의하십시오.","드물게 아나필락시양 증상(호흡곤란, 조홍, 두드러기 등), 요오드진, 때때로 동통, 가려움, 자극감, 발진, 발적, 피부염, 드물게 작열감, 피부궤양, 접촉피부염, 피부변색이 나타나는 경우 사용을 즉각 중지하고 의사 또는 약사와 상의하십시오.",빛을 피해 실온에서 보관하십시오.
8806473011725 ,[HLB] 프라맥스크림 35g,"5,000",6473011725,6473,0117,8806473011725,8806473011725,64730117,OK,200600379,OK,"이 약은 치질로 인한 불쾌감, 작열감, 가려움의 일시적 완화에 사용합니다.",성인은 1일 3회까지 환부에 직접 바릅니다.,,"혈압강하제, 항우울약과 함께 복용 시 의사 또는 약사와 상의하십시오.","발적, 부종, 자극감, 출혈이 나타나는 경우 사용을 즉각 중지하고 의사 또는 약사와 상의하십시오.",습기와 빛을 피해 실온에서 보관하십시오.어린이의 손이 닿지 않는 곳에 보관하십시오.화기 근처에 두지 마십시오.
8806473027818 ,[HLB] 클리마졸 질정 6T,"2,500",6473027818,6473,0278,8806473027818,8806473027818,64730278,OK,201310681,OK,"이 약은 칸디다성 질염에 사용합니다.
","성인은 보통 1일 1회 1정(100 mg)을 연속 6일간 취침시에 질내 깊숙이 삽입합니다.

단기요법으로 보통 성인은 1일 1회 2정(200 mg)을 연속 3일간 취침시 질내 깊숙이 삽입합니다.
",,"이 약을 사용하는 동안 경구용 타크로리무스를 함께 복용하지 마십시오.
","아나필락시스, 맥관(혈관) 부종, 과민(증), 실신, 저혈압, 호흡 곤란, 복통, 오심(구역), 발진, 담마진(두드러기), 소양증, 질 박리(벗겨짐), 질 분비물, 질 출혈, 외음질 불편감, 외음질 홍반(붉은 반점), 외음질 작열감(화끈감), 외음질 소양증, 외음질 통증, 적용 부위 자극, 부종(부기), 통증, 38 ˚C 이상의 고열, 하복부 통증, 요통, 악취가 나는 질분비물, 오심, 질 출혈 및 관련된 어깨 통증 등이 나타나는 경우 사용을 즉각 중지하고 의사 또는 약사와 상의하십시오.
","습기와 빛을 피해 실온에서 보관하십시오.

어린이의 손이 닿지 않는 곳에 보관하십시오.
"
8806473041319 ,[HLB] 프라맥스 10T,"7,000",6473041319,6473,0413,8806473041319,8806473041319,64730413,OK,202106673,OK,"이 약은 치열·치핵의 아픔·가려움·부종(부기)·출혈의 일시적 완화 및 소독에 사용합니다.
","만 15세 이상 및 성인은 1회 1개, 1일 3회의 범위 내에서 직장내에 삽입합니다.
",,"혈압강하제, 항우울약과 함께 복용하지 마십시오.
","충혈되어 붉어짐, 부종(부기), 자극감, 알레르기 증상(발진, 충혈되어 붉어짐, 가려움 등), 출혈 등이 나타나는 경우 사용을 즉각 중지하고 의사 또는 약사와 상의하십시오.
","습기와 빛을 피해 실온에서 보관하십시오.

어린이의 손이 닿지 않는 곳에 보관하십시오.
"
8806476011555 ,자하생력액 20ml x 40V,"120,000",6476011555,6476,0115,8806476011555,8806476011555,64760115,OK,200713060,OK,"이 약은 자양강장, 허약체질, 육체피로, 병후의 체력저하, 식욕부진, 영양장애, 발열성·소모성질환에 사용합니다.",성인 1일 1회 1병(20 mL)을 복용합니다.이 약은 경구용으로만 사용하고 주사용으로는 사용하지 마십시오.,사람 태반을 원재료로 사용하여 제조한 것이므로 그 유익성이 위험성을 웃도는 경우에만 복용하십시오.,레보도파와 함께 복용하지 마십시오.,"구역, 구토, 묽은 변, 속쓰림 등이 나타나는 경우 복용을 즉각 중지하고 의사 또는 약사와 상의하십시오.",습기와 빛을 피해 실온에서 보관하십시오.어린이의 손이 닿지 않는 곳에 보관하십시오.
8806476011579 ,자하생력액 20ml x 80V,"230,000",6476011579,6476,0115,8806476011579,8806476011579,64760115,OK,200713060,OK,"이 약은 자양강장, 허약체질, 육체피로, 병후의 체력저하, 식욕부진, 영양장애, 발열성·소모성질환에 사용합니다.",성인 1일 1회 1병(20 mL)을 복용합니다.이 약은 경구용으로만 사용하고 주사용으로는 사용하지 마십시오.,사람 태반을 원재료로 사용하여 제조한 것이므로 그 유익성이 위험성을 웃도는 경우에만 복용하십시오.,레보도파와 함께 복용하지 마십시오.,"구역, 구토, 묽은 변, 속쓰림 등이 나타나는 경우 복용을 즉각 중지하고 의사 또는 약사와 상의하십시오.",습기와 빛을 피해 실온에서 보관하십시오.어린이의 손이 닿지 않는 곳에 보관하십시오.
8806476017526 ,경남비타민씨 300T,"18,000",6476017526,6476,0175,8806476017526,8806476017526,64760175,OK,200904353,OK,"이 약은 괴혈병의 예방과 치료와 임신, 수유기 및 병중·병후(병을 앓는 동안이나 회복 후)의 체력저하, 육체피로시 비타민 C의 요구량이 증가하는 소모성 질환과 잇몸출혈, 비출혈(코피), 혈뇨 등의 모세관출혈, 햇빛ㆍ피부병 등에 의한 색소침착(기미, 주근깨), 흡수불량 등 비타민 C 결핍으로 추정되는 경우에 사용합니다.","성인은 1/2정~1정(500~1,000 mg)을 1일 1회 또는 수회(여러 차례) 분할하여 복용합니다.충분한 양의 물과 함께 복용합니다.",,"과도한 음주나 흡연을 삼가하십시오.이 약을 복용하기 전에 경구(먹는)용 항응고제(쿠마린계 약물), 살리실산염, 아스피린, 철분제, 페니토인 및 일부 항전간(간질)제, 에스트로겐이 포함된 경구(먹는)용 피임약, 테트라싸이클린계 항생제, 플루페나진, 오르리스타트, 바르비탈산 유도체, 코르티코스테로이드제를 복용 중인 환자는 의사 또는 약사와 상의하십시오.","구역, 구토, 설사, 속쓰림, 안면(얼굴)홍조, 두통, 불면, 과량투여로 인한 신장(콩팥)결석, 요의 산성화, 수산염 결석의 침전이 나타나는 경우 복용을 즉각 중지하고 의사 또는 약사와 상의하십시오.",습기와 빛을 피해 실온에서 보관하십시오.어린이의 손이 닿지 않는 곳에 보관하십시오.
8806476027518 ,트라부틴 100mg 10T,"2,000",6476027518,6476,0275,8806476027518,8806476027518,64760275,OK,200904777,OK,"이 약은 식도역류 및 열공헤르니아, 위 십이지장염, 위ㆍ십이지장궤양에 있어서의 소화기능이상(복통, 소화불량, 구역, 구토)과 과민성대장증후군 및 경련성 결장과 습관성 구토, 비감염성 장관 통과 장애(변비, 설사)의 소아 질환에 사용합니다.
","성인은 1회 1~2정(100~200 mg)씩, 1일 3회 식전에 복용합니다.

연령, 증상에 따라 적절히 증감합니다.
",,,"드물게 변비, 설사, 복명(창자 가스소리), 구역, 구토, 소화장애, 구갈(목마름), 구내(입안)마비감, 심계항진(두근거림), 피로감, 졸음, 현기(어지러움), 권태감, 두통, GOT, GPT 상승, 발진 등이 나타나는 경우 복용을 즉각 중지하고 의사 또는 약사와 상의하십시오.
","습기와 빛을 피해 실온에서 보관하십시오.

어린이의 손이 닿지 않는 곳에 보관하십시오.
"
8806476030112 ,미놀에프 페퍼민트맛 12T,"4,000",6476030112,6476,0301,8806476030112,8806476030112,64760301,OK,201109733,OK,"이 약은 기침, 가래, 천식, 구내염(입안염), 편도염, 인·후두(목구멍)염으로 인한 목쉼·목의 불쾌감·인후(목구멍)통·목이 부어오름에 사용합니다.
","만 15세 이상 및 성인은 1회 1정씩 1일 6회(복용간격 2시간이상), 만 11세 이상~만 15세 미만은 1회 1정씩 1일 4회(복용간격 3시간이상), 만 8세 이상~만 11세 미만은 1회 1정씩 1일 3회(복용간격 4시간이상) 씹거나 삼키지 말고, 입안에서 천천히 녹여서 복용합니다.
",,"이 약을 복용하는 동안 MAO 억제제(항우울제, 항정신병제, 감정조절제, 항파킨슨제 등), 다른 진해(기침을 그치게 함)거담제(가래약), 감기약, 항히스타민제를 함유하는 내복약(비염용 경구제, 멀미약, 알레르기용약), 진정제와 함께 사용하지 마십시오.

복용 중에는 음주하지 마십시오.
","발진·발적(충혈되어 붉어짐), 가려움, 구역·구토, 식욕부진, 어지러움, 불안, 떨림, 불면이 나타난 경우 복용을 즉각 중지하고 의사 또는 약사와 상담하십시오.
","습기와 빛을 피해 실온에서 보관하십시오.

어린이의 손이 닿지 않는 곳에 보관하십시오.
"
8806476030181 ,미놀에프 복숭아맛 12T,"4,000",6476030181,6476,0301,8806476030181,8806476030181,64760301,OK,201109733,OK,"이 약은 기침, 가래, 천식, 구내염(입안염), 편도염, 인·후두(목구멍)염으로 인한 목쉼·목의 불쾌감·인후(목구멍)통·목이 부어오름에 사용합니다.
","만 15세 이상 및 성인은 1회 1정씩 1일 6회(복용간격 2시간이상), 만 11세 이상~만 15세 미만은 1회 1정씩 1일 4회(복용간격 3시간이상), 만 8세 이상~만 11세 미만은 1회 1정씩 1일 3회(복용간격 4시간이상) 씹거나 삼키지 말고, 입안에서 천천히 녹여서 복용합니다.
",,"이 약을 복용하는 동안 MAO 억제제(항우울제, 항정신병제, 감정조절제, 항파킨슨제 등), 다른 진해(기침을 그치게 함)거담제(가래약), 감기약, 항히스타민제를 함유하는 내복약(비염용 경구제, 멀미약, 알레르기용약), 진정제와 함께 사용하지 마십시오.

복용 중에는 음주하지 마십시오.
","발진·발적(충혈되어 붉어짐), 가려움, 구역·구토, 식욕부진, 어지러움, 불안, 떨림, 불면이 나타난 경우 복용을 즉각 중지하고 의사 또는 약사와 상담하십시오.
","습기와 빛을 피해 실온에서 보관하십시오.

어린이의 손이 닿지 않는 곳에 보관하십시오.
"
8806476032710 ,경남나프록센 10C,"1,500",6476032710,6476,0327,8806476032710,8806476032710,64760327,OK,201403474,OK,"이 약은 류마티양 관절염, 골관절염(퇴행성 관절질환), 강직성 척추염, 건염(힘줄염), 급성통풍, 월경곤란증과 활액(윤활)낭염, 골격근장애(염좌(삠), 좌상(타박상), 외상(상처), 요천통(허리통증), 수술후 동통(통증), 편두통, 발치(이를 뽑음)후 동통(통증)에 사용합니다.
","성인은 류마티양 관절염, 골관절염, 강직성 척추염에는 1회 1~2캡슐(250~500 mg), 1일 2회(12시간마다), 급성통풍에는 초회량(처음 복용량)으로 3캡슐(750 mg) 복용하고 발작이 소실(없어짐)될 때까지 8시간 간격으로 1캡슐(250 mg)을 복용합니다.

골격근장애, 수술후 동통(통증), 발치(이를 뽑음)후 동통(통증), 월경곤란증, 건염(힘줄염), 활액(윤활)낭염에는 초회량(처음 복용량)으로 2캡슐(500 mg)을 복용한 후 6~8시간 간격으로 1캡슐(250 mg)씩 복용하고 1일 총용량이 5캡슐(1,250 mg)을 초과하지 않도록 합니다.

편두통에는 초회량(처음 복용량)으로 3캡슐(750 mg)을 복용하고 필요하면 1일 1~2캡슐(250 ~ 500 mg)을 더 복용할 수 있으며 초회량(처음 복용량)의 복용 30분 후에 복용합니다. 1일 총용량이 5캡슐(1,250 mg)을 초과하지 않도록 합니다.
","매일 세잔 이상 정기적 음주자가 이 약 또는 다른 해열진통제를 복용할 때는 의사 또는 약사와 상의하십시오. 위장출혈을 일으킬 수 있습니다.

이 약 복용 시 치명적일 수 있는 중대한 심혈관계 혈전 반응, 심근경색증, 뇌졸중의 위험이 증가하며, 위장관 출혈, 궤양 및 천공 등 심각한 위장관계 이상반응이 나타날 수 있습니다.
","다른 비스테로이드성 소염진통제 및 나프록센 유도체와 함께 복용하지 마십시오.

히단토인계 항간질제, 설파제, 설포닐요소계 혈당강하제, 프로프라놀롤 및 다른 -차단제, ACE 저해제(캅토프릴 등), 루프계 및 티아지드계 이뇨제, 프로베네시드, 아스피린, 리튬, 메토트렉세이트, 쿠마린계 항응혈제(와파린 등), 지도부딘, 뉴퀴놀론계 항생물질(에녹사신 등)과 함께 복용 시 의사 또는 약사와 상의하십시오.
","드물게 쇽증상(호흡곤란, 혈압강하, 서맥(느린 맥), 식은땀, 부종(부기) 등), PIE증후군(호산구증가를 수반하는 폐침윤 : 발열, 천명(숨을 쌕쌕거림), 기침, 가래를 동반함), 두드러기, 때때로 발진, 가려움 등의 과민증상, 토혈(혈액구토), 위장출혈, 소화성궤양, 천공(뚫림), 드물게 무과립구증, 호산구증다, 백혈구감소, 혈소판감소, 재생불량성빈혈, 용혈성(적혈구파괴성)빈혈, 혈소판 기능저하, 무균성 수막염(심한 두통, 구역, 구토, 불면, 목이 뻣뻣함, 발열 또는 의식장애), 때때로 습진, 발한(땀이 남), 자반(자주색 반점) 드물게 광과민증, 탈모, 발적(충혈되어 붉어짐), 괴사성용해, 다형성홍반(여러 모양의 붉은 반점), 피부점막안증후군(스티븐스-존슨증후군), 두드러기, 표피수포증, 호산구 증가 및 전신 증상 동반 약물 반응, 고정약물발진, 탈락성 피부염, 독성 표피괴사 등이 나타나는 경우 복용을 즉각 중지하고 의사 또는 약사와 상의하십시오.

때때로 위부불쾌감, 위통, 복통(배아픔), 구역, 구토, 식욕부진, 소화불량, 가슴쓰림, 설사, 변비, 구내염(입안염), 드물게 복부팽만감, 흑변, 구갈, 드물게 GOT, GPT 상승, 황달, 간염, 신장애(신장장애), 사구체 신염(신장염), 혈뇨, 고칼륨혈증, 간질성신염(신장염), 신증후군, 신장(콩팥) 유두괴사, 단백뇨(단백질이 섞인 오줌), 때때로 졸음, 인식기능장애, 드물게 현기(어지러움), 두통, 수족저림, 정력감퇴, 피로, 우울, 비정상적인 꿈, 집중능력 상실, 지남력상실, 불면, 근육통, 근쇠약, 이명(귀울림), 청각장애, 시각장애, 때때로 부종(부기), 호흡곤란, 드물게 심계항진(두근거림), 근무력증(근육무력증), 울혈성심부전, 호산구성 폐렴, 아나필락시양 반응, 월경장애, 오한(춥고 떨리는 증상)과 발열, 맥관염(혈관염), 고혈당, 저혈당 등이 나타날 수 있습니다.
","실온에서 보관하십시오.

어린이의 손이 닿지 않는 곳에 보관하십시오.
"
8806476033427 ,피엠네일라카 6ml,"8,000",6476033427,6476,0334,8806476033427,8806476033427,64760334,OK,201500860,OK,"이 약은 조갑진균증(손, 발톱무좀)에 사용합니다.","손발을 씻고 건조시킨 후 취침 전에 하루에 한번 얇은 막이 형성되도록 환부에 바릅니다.손발톱전체와 손발톱 주위 5 mm의 피부, 가능하면 손발톱끝의 아래부분에 바릅니다. 30초 정도 건조 시킨 후 적어도 6시간 동안은 씻지 않아야 하므로 취침 전에 바르도록 합니다.이 약은 유기용매나 긁어내지 않고 물로도 충분히 제거되므로 만약 의도치 않게 물에 씻었다면 이 약을 다시 바릅니다.정기적으로 자라난 손발톱끝 부분과 환부는 가위나 손톱깎이 등으로 잘라줍니다. 적용기간은 건강한 손발톱이 자랄 때까지 지속해야 하는데 일반적으로, 손톱의 경우는 대략 6개월 발톱의 경우는 9~12개월이 예상됩니다.만약 효과가 없거나 환부(질환 부위)가 광범위할 경우 의사와 상담하십시오.남아 있는 활성성분이 배양결과에 영향을 주는 것을 피하기 위해 배양검사는 치료가 끝난 후 4주 후에 합니다.특정 연령층에 대하여 용량조절은 필요하지 않습니다.이 약물에 내약성이 있거나 한 개이상의 손발톱에서 광범위한 침투가 있는 경우 추가적인 경구 치료를 고려해 보아야 합니다.",,,"자극성접촉성피부염, 매우 드물게 국소적으로 홍반, 비늘, 작열감, 가려움 등이 나타날 수 있습니다.","습기와 빛을 피해 실온에서 보관하십시오.어린이의 손이 닿지 않는 곳에 보관하십시오.냉장보관하지 마십시오.사용한 후 병마개를 잘 닫아 보관하고, 개봉 후 6개월 이상 사용은 피하십시오."
8806476035018 ,피엠외용액 50ml,"5,000",6476035018,6476,0350,8806476035018,8806476035018,64760350,OK,201701906,OK,"이 약은 무좀, 완선(사타구니백선), 체부백선에 사용합니다.
","1일 1회 또는 수회(여러 차례) 적당량을 환부(질환 부위)에 바릅니다.
",,"와파린과 함께 사용(복용) 시 의사 또는 약사와 상의하십시오.
","발진, 충혈되어 붉어짐, 가려움, 옻 등에 의한 피부염, 부종(부기), 자극감, 발열, 통증, 짓무름, 수포 등이 나타나는 경우 사용을 즉각 중지하고 의사 또는 약사와 상의하십시오.
","습기와 빛을 피해 실온에서 보관하십시오.

어린이의 손이 닿지 않는 곳에 보관하십시오.
"
8806476037326 ,비타메드 레모나(카카오) 3g x 10P,"2,500",6476037326,6476,0373,8806476037326,8806476037326,64760373,OK,202102215,OK,"이 약은 육체피로, 임신·수유기, 병중·병후(병을 앓는 동안이나 회복 후)의 체력저하 시 비타민B2, B6, C의 보급, 햇빛, 피부병 등에 의한 색소침착(기미, 주근깨)의 완화, 잇몸출혈, 비출혈(코피) 예방에 사용합니다. 
","만 8세 이상 1회 1포씩, 1일 1회 복용합니다. 
",,"레보도파와 함께 복용하지 마십시오.
","구역, 구토, 설사의 등의 증상이 나타나는 경우 복용을 즉각 중단하고 의사 또는 약사와 상의하십시오. 
","습기와 빛을 피해 실온에서 보관하십시오.
어린이의 손이 닿지 않는 곳에 보관하십시오.
"
8806476037340 ,비타메드 레모나(틴케이스) 3g x 60P,"14,000",6476037340,6476,0373,8806476037340,8806476037340,64760373,OK,202102215,OK,"이 약은 육체피로, 임신·수유기, 병중·병후(병을 앓는 동안이나 회복 후)의 체력저하 시 비타민B2, B6, C의 보급, 햇빛, 피부병 등에 의한 색소침착(기미, 주근깨)의 완화, 잇몸출혈, 비출혈(코피) 예방에 사용합니다. 
","만 8세 이상 1회 1포씩, 1일 1회 복용합니다. 
",,"레보도파와 함께 복용하지 마십시오.
","구역, 구토, 설사의 등의 증상이 나타나는 경우 복용을 즉각 중단하고 의사 또는 약사와 상의하십시오. 
","습기와 빛을 피해 실온에서 보관하십시오.
어린이의 손이 닿지 않는 곳에 보관하십시오.
"
8806476037357 ,비타메드 레모나(틴케이스/카카오) 3g x 100P,"19,000",6476037357,6476,0373,8806476037357,8806476037357,64760373,OK,202102215,OK,"이 약은 육체피로, 임신·수유기, 병중·병후(병을 앓는 동안이나 회복 후)의 체력저하 시 비타민B2, B6, C의 보급, 햇빛, 피부병 등에 의한 색소침착(기미, 주근깨)의 완화, 잇몸출혈, 비출혈(코피) 예방에 사용합니다. 
","만 8세 이상 1회 1포씩, 1일 1회 복용합니다. 
",,"레보도파와 함께 복용하지 마십시오.
","구역, 구토, 설사의 등의 증상이 나타나는 경우 복용을 즉각 중단하고 의사 또는 약사와 상의하십시오. 
","습기와 빛을 피해 실온에서 보관하십시오.
어린이의 손이 닿지 않는 곳에 보관하십시오.
"
8806476038019 ,마가렉스 10T,"2,000",6476038019,6476,0380,8806476038019,8806476038019,64760380,OK,202201105,OK,"이 약은 설사, 복통(배아픔)을 수반하는 설사, 체함, 묽은 변, 토사에 사용합니다.
","만 15세 이상 및 성인은 1회 2정씩, 1일 3회 식후에 복용합니다.

복용간격은 4시간 이상으로 합니다.

3일 이상 계속 복용하지 마십시오.
",,"위장진통·진경제와 함께 복용하지 마십시오.

복용 중에는 음주하지 마십시오.
","알레르기 증상(발진, 가려움 등), 드물게 입이 마르는 증상이 나타나는 경우 복용을 즉각 중지하고 의사 또는 약사와 상의하십시오.
","어린이의 손이 닿지 않는 곳에 보관하십시오.

습기와 빛을 피해 실온에서 보관하십시오.
"
8806476038613 ,판테뉴(D-판테놀) 30g,"5,000",6476038613,6476,0386,8806476038613,8806476038613,64760386,OK,202300165,OK,"이 약은 상처, 화상, 찢긴 상처(수유기 중의 유두균열(갈라짐) 등), 욕창, 급ㆍ만성 피부염, 습진, 피부 궤양, 기저귀 발진, 햇볕에 탄 곳(일광피부염)에 사용합니다.
","상처를 청결히 한 후 환부에 1일 1회 또는 수회 바릅니다.

수유기 중의 유두균열에는 매 수유 직후 유두에 바릅니다.

기저귀 발진에는 기저귀 교체 후 바릅니다.
",,,"매우 드물게 알레르기 반응(접촉피부염, 알레르기성 피부염, 가려움증, 홍반, 습진, 발진, 두드러기, 피부 자극, 수포)이 나타나는 경우, 사용을 즉각 중지하고 의사 또는 약사와 상의하십시오.
","실온에서 보관하십시오.

어린이의 손이 닿지 않는 곳에 보관하십시오.
"
8806476039122 ,파워비큐 콘티뉴800 60T,"40,000",6476039122,6476,0391,8806476039122,8806476039122,64760391,OK,202400002,OK,"이 약은 발육기, 육체피로, 임신·수유기, 병중·병후(병을 앓는 동안이나 회복 후)의 체력저하 시, 노년기의 비타민 D, B1, B2, B6의 보급 및 뼈, 이의 발육불량, 구루병의 예방, 각기·눈의 피로, 신경통, 근육통, 관절통(요통, 어깨결림 등), 구각염(입꼬리염), 구순염(입술염), 구내염(입안염), 설염(혀염), 습진, 피부염 증상의 완화에 사용합니다.
","만 19세 이상 성인은 1일 1회씩, 1회 1정을 복용합니다.
",,"인산염, 칼슘염, 경구용 테트라사이클린계 제제, 제산제, 레보도파와 함께 복용하지 마십시오.

이 약을 복용하기 전에 강심배당체를 투여 중인 환자는 의사 또는 약사와 상의하십시오.

녹차, 홍차 등 탄닌을 함유하는 차는 복용 중, 복용 전후에는 피하십시오.
","구역, 구토, 설사, 묽은 변, 식욕부진, 복부팽만감, 변비, 저혈압, 얼굴 달아오름, 심박동 불규칙, 피부발진, 붉은 반점, 부전수축(심장박동정지), 중추신경계 기능저하, 위장관장애, 소화장애, 상복부 통증, 폐부종, 어지러움, 얼굴·다리 종창(부기), 홍반, 두드러기, 습진, 발진, 반구진성 발진, 가려움, 부종, 수분저류가 나타날 경우 복용을 즉각 중지하고 의사 또는 약사와 상의하십시오.
","습기와 빛을 피해 실온에서 보관하십시오.

어린이의 손이 닿지 않는 곳에 보관하십시오.
"
8806476039214 ,트라부틴 200mg,"2,500",6476039214,6476,0392,8806476039214,8806476039214,64760392,OK,202400212,OK,"이 약은 식도역류 및 열공(구멍)헤르니아(탈장), 위·십이지장염, 위·십이지장궤양에 소화기능이상, 과민성대장증후군 및 경련성 결장에 사용합니다.

이 약은 소아의 습관성 구토, 비감염성 장관통과장애 (변비, 설사) 질환에 사용합니다.
","성인은 1회 100~200 mg씩, 1일 3회 식전에 복용합니다.

연령, 증상에 따라 적절히 증감할 수 있습니다.
",,,"드물게 변비, 설사, 복명(창자 가스소리), 구역, 구토, 소화장애, 구갈(목마름), 구내(입안)마비감, 심계항진(두근거림), 피로감, 졸음, 현기(어지러움), 권태감, 두통, GOT, GPT상승, 발진 등이 나타나는 경우 복용을 즉각 중지하고 의사 또는 약사와 상의하십시오.
","실온에서 보관하십시오.
"
8806476039627 ,알러나딘 20정,"2,500",6476039627,6476,0396,8806476039627,8806476039627,64760396,OK,202401164,OK,"이 약은 꽃가루 알레르기 또는 기타 상기도 알레르기로 인한 콧물, 재채기, 눈의 가려움 및 눈물, 코 또는 목의 가려움증 등의 일시적 완화에 사용합니다.
","성인 및 12세 이상 청소년은 1회 1정씩, 12시간 간격으로 물과 함께 복용하십시오.

24시간 이내에 2정을 초과하여 복용하지 마십시오.
",,"이 약을 복용하는 동안 피부질환용약, 비염용 내복약을 포함한 다른 알레르기용약, 항히스타민제를 함유한 내복약 등, 알루미늄이나 마그네슘 함유 제제의 제산제를 복용하지 마십시오.

이 약을 복용하는 동안 케토코나졸이나 에리트로마이신과 함께 복용하지 마십시오.

이 약을 복용하는 동안 자몽주스, 오렌지 및 사과주스와 같은 과일주스 및 음식물과 함께 복용하지 마십시오.

복용 전후 음주하지 마십시오.
","구강 건조, 변비, 설사, 졸음, 목∙눈꺼풀∙입술 등의 부기, 발진, 가려움증, 두드러기, 피부 붉어짐, 메스꺼움, 구역, 구토, 복통, 소화불량, 저림, 두통, 피로, 권태감, 현기증, 불면증, 신경과민, 악몽, 수면장애, 빈뇨, 배뇨곤란, 가슴 두근거림, 미각이상, 부종, 흉통, 호흡곤란, 혈압상승, 월경이상 등이 나타나는 경우 이 약의 복용을 즉각 중지하고 의사 또는 약사와 상의하십시오.

드물게 복용 후 곧바로 피부 가려움증, 두드러기, 쉰 목소리, 재채기, 목의 가려움증, 호흡곤란, 가슴 두근거림, 의식혼탁 등이 나타날 수 있는 쇼크 (아나필락시스) 혹은 발열, 황달, 갈색뇨, 전신의 나른함, 식욕부진, 갑작스러운 고열, 오한, 인후통 등을 나타내는 무과립구증, 백혈구 감소, 호중구 감소증 등이 나타나는 경우 이 약의 복용을 즉각 중지하고 의사 또는 약사와 상의하십시오.
","실온에서 보관하십시오.

어린이의 손이 닿지 않는 곳에 보관하십시오.
"
8806476040616 ,경남 하이플러스정 10T,"1,800",6476040616,6476,0406,8806476040616,8806476040616,64760406,OK,202501607,NO_ITEM,,,,,,
8806478000410 ,게보린 10T,"3,300",6478000410,6478,0004,8806478000410,8806478000410,64780004,OK,197900277,OK,"이 약은 두통, 치통, 발치(이를 뽑음)후 동통(통증), 인후(목구멍)통, 귀의 통증, 관절통, 신경통, 요(허리)통, 근육통, 견통(어깨통증), 타박통, 골절통, 염좌통(삔 통증), 월경통(생리통), 외상(상처)통의 진통과 오한(춥고 떨리는 증상), 발열시의 해열에 사용합니다.
","성인은 1회 1정 1일 3회까지 공복시를 피해 복용합니다.

복용간격은 4시간 이상으로 합니다.

이 약은 원칙적으로 단기간 복용합니다.
","매일 세잔 이상 정기적 음주자가 이 약 또는 다른 해열진통제를 복용할 때는 의사 또는 약사와 상의하십시오. 간손상을 일으킬 수 있습니다.

아세트아미노펜으로 일일 최대 용량(4,000 mg)을 초과하여 복용하지 마십시오. 간손상을 일으킬 수 있습니다. 아세트아미노펜을 포함하는 다른 제품과 함께 복용하지 마십시오.
","바르비탈계 약물, 삼환계 항우울제, 다른 소염(항염)진통제, 다른 해열진통제, 아세트아미노펜을 포함하는 다른 제품, 알코올과 함께 이 약을 복용하지 마십시오.

이 약을 복용하기 전에 와파린, 리튬, 티아지드계 이뇨제를 복용한 환자는 의사 또는 약사와 상의하십시오.
","쇽 증상(호흡곤란, 온몸이 붉어짐, 혈관부기, 두드러기 등), 천식발작, 혈소판 감소, 과립구감소, 용혈성빈혈, 메트헤모글로빈혈증, 혈소판기능 저하(출혈시간 연장), 청색증, 구역, 구토, 식욕부진, 위장출혈, 소화성궤양, 천공(뚫림), 발진, 피부점막안증후군(스티븐스-존슨증후군), 독성표피괴사용해(리엘증후군: 고열을 수반하며 발진, 발적 충혈되어 붉어짐, 화상모양 수포 등의 격렬한 증상이 전신피부, 입 및 눈의 점막에 나타난 경우), 전신의 나른함, 황달, 간질성폐렴(기침, 숨이참, 호흡곤란, 발열), 간기능이상, 고정발진 등이 나타나는 경우 복용을 즉각 중지하고 의사 또는 약사와 상의하십시오.
","습기와 빛을 피해 실온에서 보관하십시오.

어린이의 손이 닿지 않는 곳에 보관하십시오.
"
8806478000427 ,게보린 30T,"9,000",6478000427,6478,0004,8806478000427,8806478000427,64780004,OK,197900277,OK,"이 약은 두통, 치통, 발치(이를 뽑음)후 동통(통증), 인후(목구멍)통, 귀의 통증, 관절통, 신경통, 요(허리)통, 근육통, 견통(어깨통증), 타박통, 골절통, 염좌통(삔 통증), 월경통(생리통), 외상(상처)통의 진통과 오한(춥고 떨리는 증상), 발열시의 해열에 사용합니다.
","성인은 1회 1정 1일 3회까지 공복시를 피해 복용합니다.

복용간격은 4시간 이상으로 합니다.

이 약은 원칙적으로 단기간 복용합니다.
","매일 세잔 이상 정기적 음주자가 이 약 또는 다른 해열진통제를 복용할 때는 의사 또는 약사와 상의하십시오. 간손상을 일으킬 수 있습니다.

아세트아미노펜으로 일일 최대 용량(4,000 mg)을 초과하여 복용하지 마십시오. 간손상을 일으킬 수 있습니다. 아세트아미노펜을 포함하는 다른 제품과 함께 복용하지 마십시오.
","바르비탈계 약물, 삼환계 항우울제, 다른 소염(항염)진통제, 다른 해열진통제, 아세트아미노펜을 포함하는 다른 제품, 알코올과 함께 이 약을 복용하지 마십시오.

이 약을 복용하기 전에 와파린, 리튬, 티아지드계 이뇨제를 복용한 환자는 의사 또는 약사와 상의하십시오.
","쇽 증상(호흡곤란, 온몸이 붉어짐, 혈관부기, 두드러기 등), 천식발작, 혈소판 감소, 과립구감소, 용혈성빈혈, 메트헤모글로빈혈증, 혈소판기능 저하(출혈시간 연장), 청색증, 구역, 구토, 식욕부진, 위장출혈, 소화성궤양, 천공(뚫림), 발진, 피부점막안증후군(스티븐스-존슨증후군), 독성표피괴사용해(리엘증후군: 고열을 수반하며 발진, 발적 충혈되어 붉어짐, 화상모양 수포 등의 격렬한 증상이 전신피부, 입 및 눈의 점막에 나타난 경우), 전신의 나른함, 황달, 간질성폐렴(기침, 숨이참, 호흡곤란, 발열), 간기능이상, 고정발진 등이 나타나는 경우 복용을 즉각 중지하고 의사 또는 약사와 상의하십시오.
","습기와 빛을 피해 실온에서 보관하십시오.

어린이의 손이 닿지 않는 곳에 보관하십시오.
"
8806478004111 ,레피즈 10C,"2,000",6478004111,6478,0041,8806478004111,8806478004111,64780041,OK,199901519,OK,"이 약은 급성 세균성 설사에 사용합니다.
","성인은 1회 1캡슐(200 mg)을 1일 4회 복용합니다.

3일 이상 복용하지 않습니다.

복용 기간 동안 수분을 공급하고 설사의 심각도, 환자의 나이와 상태에 따라 수분의 정도와 공급방법을 조절합니다.
",,"설사 중 생야채, 과일, 녹색채소, 매운 음식과 얼린 음식 및 음료를 피하고 가능한 익힌 음식(고기, 쌀)을 섭취하십시오.  
","피부발진, 두드러기, 혈관부종, 아나필락시스 쇽 같은 과민반응이 나타나는 경우 복용을 즉각 중지하고 의사 또는 약사와 상의하십시오.
","습기와 빛을 피해 실온에서 보관하십시오.

어린이의 손이 닿지 않는 곳에 보관하십시오.
"
8806478014561 ,아네모 20T,"4,000",6478014561,6478,0145,8806478014561,8806478014561,64780145,OK,195900043,OK,"이 약은 위산과다, 속쓰림, 위부불쾌감, 위부팽만감, 체함, 구역, 구토, 위통, 신트림에 사용합니다.","성인 1회 2정, 1일 3회 식간(식사와 식사때 사이) 및 취침시에 복용합니다.",,"위장진통ㆍ진경제, 테트라사이클린계 항생제와 함께 복용하지 마십시오.","발진, 충혈되어 붉어짐, 가려움, 드물게 입이 마르는 증상, 변비 또는 설사 등이 나타나는 경우 복용을 즉각 중지하고 의사 또는 약사와 상의하십시오.",습기와 빛을 피해 보관하십시오.어린이의 손이 닿지 않는 곳에 보관하십시오.
8806478015629 ,안정액(병) 50ml,"2,000",6478015629,6478,0156,8806478015629,8806478015629,64780156,OK,199301660,NO_ITEM,,,,,,
8806478015643 ,안정액 50ml x 5P,"8,000",6478015643,6478,0156,8806478015643,8806478015643,64780156,OK,199301660,NO_ITEM,,,,,,
8806478018392 ,오스테민 120C,"25,000",6478018392,6478,0183,8806478018392,8806478018392,64780183,OK,198801103,OK,이 약은 경증(가벼운 증상)에서 중등도의 골(뼈)관절염(퇴행성관절염)에 사용합니다.,성인은 1회 2캡슐(500 mg) 1일 3회 6주간 복용합니다.,,"이 약을 복용하기 전에 와파린, 테트라사이클린, 페니실린, 클로람페니콜과 함께 복용 시 의사 또는 약사와 상의하십시오.","두통, 피곤함, 졸림, 구역·구토, 복통(배아픔), 소화불량, 변비, 설사, 습진, 가려움, 발진이 나타나는 경우 복용을 즉각 중지하고 의사 또는 약사와 상의하십시오.",실온에서 보관하십시오.어린이의 손이 닿지 않는 곳에 보관하십시오.
8806478021538 ,콘로인 60C,"20,000",6478021538,6478,0215,8806478021538,8806478021538,64780215,OK,199901507,OK,이 약은 경증(가벼운 증상)에서 중등도의 골관절염(퇴행성관절염)에 사용합니다.,성인은 1회 1~2캡슐(400~800 mg)을 1일 2회 복용합니다.,,,"구역·구토, 변비, 설사, 식욕부진, 홍반(붉은 반점), 두드러기, 습진, 발진, 반구진성 발진, 가려움, 부종(부기), 수분 저류(수분 쌓임) 등이 나타나는 경우 복용을 즉각 중지하고 의사 또는 약사와 상의하십시오.",빛을 피해 실온에서 보관하십시오.어린이의 손이 닿지 않는 곳에 보관하십시오.
8806478023457 ,트레스탄 20C,"10,000",6478023457,6478,0234,8806478023457,8806478023457,64780234,OK,197400262,OK,"이 약은 식욕부진에 사용합니다.
","성인은 1일 2회, 1회 1캡슐을 아침ㆍ저녁 식전에 8일간 복용하고, 이후부터는 1일 2회, 1회 2캡슐을 아침ㆍ저녁 식전에 복용합니다.
",,"MAO 저해제(억제제) 및 알코올 등 및 기타 중추신경억제제와 함께 복용하지 마십시오. 
","혼돈, 환각, 어지러움, 구역, 발진, 권태감, 정신적 혼란, 식욕부진, 드물게 두통, 구갈(목마름), 대사성 산증, 근무력증 등이 나타나는 경우 복용을 즉각 중지하고 의사 또는 약사와 상의하십시오.
","빛을 피해 보관하십시오.
"
8806478027127 ,화인코프에이 10C,"2,000",6478027127,6478,0271,8806478027127,8806478027127,64780271,OK,200101554,OK,"이 약은 기침, 가래에 사용합니다.
","15세 이상의 성인은 1회 2캡슐씩, 1일 3회, 8세~14세는 1회 1캡슐씩, 1일 3회 식후에 복용합니다.
",,"MAO억제제(항우울제, 항정신병제, 감정조절제, 항파킨슨제 등), 다른 진해거담제, 감기약, 항히스타민제를 함유하는 내복약(비염용 경구제, 멀미약, 알레르기용약), 진정제와 함께 복용하지 마십시오.

MAO억제제(항우울제, 항정신병제, 감정조절제, 항파킨슨제 등) 복용을 중단한 후 2주 이내의 사람은 이 약을 복용하지 마십시오. 

복용 중에는 음주하지 마십시오.
","발진, 발적(충혈되어 붉어짐), 가려움, 구역, 구토, 식욕부진, 어지러움, 배뇨곤란, 목마름(지속적이거나 심한), 불안, 떨림, 불면 등이 나타나는 경우 복용을 즉각 중지하고 의사 또는 약사와 상의하십시오.
","습기와 빛을 피해 실온에서 보관하십시오.

어린이의 손이 닿지 않는 곳에 보관하십시오.
"
8806478053928 ,아나파치 30T,"15,000",6478053928,6478,0539,8806478053928,8806478053928,64780539,OK,202200721,OK,"이 약은 다리 중압감, 통증 등 정맥부전과 관련된 증상의 개선, 모세혈관 취약증에 의한 장애의 보조치료, 치질과 관련된 징후의 치료에 사용합니다.
","정맥 부전용과 치질 용이 있습니다.
정맥 부전에는 디오스민으로서 1회 600 mg, 1일 1회를 식사 시 복용합니다.
치질에는 디오스민으로서 1회 600 mg, 1일 2~3회(1,200~1,800 mg)를 식사 시 복용합니다.
",,,"소화장애가 나타나는 경우 복용을 즉각 중지하고 의사 또는 약사와 상의하십시오.
","어린이의 손이 닿지 않는 곳에 보관하십시오.
"
8806478057124 ,아이스콘 30관,"7,000",6478057124,6478,0571,8806478057124,8806478057124,64780571,OK,202400201,OK,"이 약은 눈의 피로, 눈물의 보조(눈의 건조), 하드콘택트렌즈 또는 소프트렌즈 착용시 불쾌감, 눈의 침침함(눈곱이 많을 때 등)에 사용합니다.
","1회 1~2방울씩, 1일 4~5회 점안하십시오.

점안 후 남은액과 용기는 버리십시오.
",,,"눈의 충혈, 가려움, 부종(부기) 등이 나타나는 경우 사용을 즉각 중지하고 의사 또는 약사와 상의하십시오.

하드콘택트렌즈를 착용하는 사람에게서 눈곱 등의 분비물이 많으면서 드물게 렌즈가 흐리게 되는 경우 사용을 즉각 중지하고 의사 또는 약사와 상의하십시오.
","습기와 빛을 피해 실온에서 보관하십시오.

어린이의 손이 닿지 않는 곳에 보관하십시오.
"
8806478059029 ,히어로쿨산 딸기바나나향 10p,"3,500",6478059029,6478,0590,8806478059029,8806478059029,64780590,OK,202501583,NO_ITEM,,,,,,
8806483000429 ,그린관장약 30ml*50,"20,000",6483000429,6483,0004,8806483000429,8806483000429,64830004,OK,199603311,OK,"이 약은 변비, 장내용물의 배설에 사용합니다.","성인은 1회 15 g(30 mL), 6~11세는 1회 10 g(20 mL), 1~5세는 1회 5 g(10 mL), 1세 미만은 1회 2.5 g(5 mL)을 항문내 주입합니다.연령, 증상에 따라 적절히 증감합니다.",,,"발진, 복통, 복명, 복부팽만감, 직장불쾌감, 항문부의 열감, 이화감, 혈압변동, 기립성 조절장애 등이 나타나는 경우 사용을 즉각 중지하고 의사 또는 약사와 상의하십시오.",습기와 빛을 피해 실온에서 보관하십시오.어린이의 손이 닿지 않는 곳에 보관하십시오.
8806483002256 ,그린 포비돈 스틱스왑 2x6,"3,500",6483002256,6483,0022,8806483002256,8806483002256,64830022,OK,200611367,OK,"이 약은 찢긴 상처, 화상, 창상의 살균소독, 궤양, 농양의 살균소독, 감염피부면의 소독, 수술부위의 살균소독, 주사 및 카테터부위의 소독에 사용합니다.",1일 수회(여러 차례) 환부(질환 부위)에 적당량을 바릅니다.,,"과산화수소를 함께 사용하지 마십시오.리튬제제, 클로르헥시딘, 설파디아진 은화합물, 알칼리, 수은을 함유한 제제, 효소성분의 상처치료제를 함께 사용 시 의사 또는 약사와 상의하십시오.","드물게 아나필락시양 증상(호흡곤란, 조홍, 두드러기 등), 요오드진, 때때로 동통, 가려움, 자극감, 발진, 발적, 피부염, 드물게 작열감, 피부궤양, 접촉피부염, 피부변색이 나타나는 경우 사용을 즉각 중지하고 의사 또는 약사와 상의하십시오.",빛을 피해 실온에서 보관하십시오.
8806483002287 ,포비돈스틱스왑 50EA(1.5ml x 2P),"18,000",6483002287,6483,0022,8806483002287,8806483002287,64830022,OK,200611367,OK,"이 약은 찢긴 상처, 화상, 창상의 살균소독, 궤양, 농양의 살균소독, 감염피부면의 소독, 수술부위의 살균소독, 주사 및 카테터부위의 소독에 사용합니다.",1일 수회(여러 차례) 환부(질환 부위)에 적당량을 바릅니다.,,"과산화수소를 함께 사용하지 마십시오.리튬제제, 클로르헥시딘, 설파디아진 은화합물, 알칼리, 수은을 함유한 제제, 효소성분의 상처치료제를 함께 사용 시 의사 또는 약사와 상의하십시오.","드물게 아나필락시양 증상(호흡곤란, 조홍, 두드러기 등), 요오드진, 때때로 동통, 가려움, 자극감, 발진, 발적, 피부염, 드물게 작열감, 피부궤양, 접촉피부염, 피부변색이 나타나는 경우 사용을 즉각 중지하고 의사 또는 약사와 상의하십시오.",빛을 피해 실온에서 보관하십시오.
8806483002317 ,그린 포비돈 요오드10% 25ml,"1,000",6483002317,6483,0023,8806483002317,8806483002317,64830023,OK,199503352,OK,"이 약은 찢긴 상처, 화상, 창상(상처), 욕창의 살균소독, 궤양, 농양(고름집)의 살균소독, 감염피부면의 소독, 수술 부위의 살균소독, 주사 및 카테터부위의 소독에 사용합니다.",1일 수회(여러 차례) 환부(질환 부위)에 적당량을 바릅니다.,,"과산화수소를 함께 사용하지 마십시오.리튬제제, 클로르헥시딘, 설파디아진 은화합물, 알칼리, 수은을 함유한 제제, 효소성분의 상처치료제를 함께 사용 시 의사 또는 약사와 상의하십시오.","드물게 아나필락시양 증상(호흡곤란, 조홍, 두드러기 등), 요오드진, 때때로 동통, 가려움, 자극감, 발진, 발적, 피부염, 드물게 작열감, 피부궤양, 접촉피부염, 피부변색이 나타나는 경우 사용을 즉각 중지하고 의사 또는 약사와 상의하십시오.",빛을 피해 실온에서 보관하십시오.
8806483011418 ,[삼진] 그린 모이스쳐액 15ml,"8,000",6483011418,6483,0114,8806483011418,8806483011418,64830114,OK,201802836,OK,"이 약은 코감기(급성비염(코염)), 알레르기성 비염(코염) 또는 부비동염에 의한 코막힘, 콧물, 재채기, 머리 무거움의 완화에 사용합니다.
","성인 및 만 7세 이상의 소아는 1회 2번씩, 비강 내에 분무합니다.

 3시간 이상의 투여 간격을 두며, 1일 6회를 넘지 않도록 하십시오.
",,"사용 중에는 음주하지 마십시오.
","발진·발적(충혈되어 붉어짐), 부종(부기), 자극감, 가려움, 기관지 경련 등이 나타나는 경우 복용을 즉각 중지하고 의사 또는 약사와 상의하십시오.
","습기와 빛을 피해 실온에서 보관하십시오.

어린이의 손이 닿지 않는 곳에 보관하십시오.
"
8806490021414 ,디오맥스 600mg,"30,000",6490021414,6490,0214,8806490021414,8806490021414,64900214,OK,,NO_ITEMSEQ,,,,,,
8806492000137 ,미보 10g,"8,000",6492000137,6492,0001,8806492000137,8806492000137,64920001,OK,199604959,OK,"이 약은 화상 또는 상처에 사용합니다.
","1일 2~3회 상처부위에 얇게 바릅니다.
",,,"감작증후(소양(가려움), 발적(충혈되어 붉어짐), 종창(부기), 구진, 소수포(물집) 등)가 나타나는 경우 사용을 즉각 중지하고 의사 또는 약사와 상의하십시오.
","서늘한 곳에 실온에서 보관하십시오.
"
8806497024008 ,애크논,"10,000",6497024008,6497,0240,8806497024008,8806497024008,64970240,OK,201901721,OK,"이 약은 여드름, 뾰루지에 사용합니다.
","비누 등으로 세안 후 적당량을 1일 수회 환부(질환 부위)에 도포합니다.
",,,"국소적인 피부자극감(발진, 가려움, 건조, 작열감, 자극감, 부기)이 나타나는 경우 사용을 즉각 중지하고 의사 또는 약사와 상의하십시오.
","습기와 빛을 피해 실온에서 보관하십시오.

어린이의 손이 닿지 않는 곳에 보관하십시오.
"
8806498 030015,키미테,"4,500",6498030015,6498,0300,8806498030015,8806498030015,64980300,OK,198501415,OK,이 약은 멀미에 의한 구역•구토의 예방에 사용합니다.,성인은 1회 1매(스코폴라민으로서 1.5 mg)의 패취를 최소한 4시간 전에 귀뒤의 털이 없는 건조한 피부의 표면에 붙여서 사용합니다.패취 한 개는 효과가 3일간 지속되며 3일 이상 적용해야 할 경우 첫번째 것은 제거하고 다른 패취를 붙인 쪽의 반대편 귀 뒤에 붙여야 합니다.,,"알코올과 같은 중추신경계 작용 약물, 특히 항콜린약물(벨라돈나 알카로이드제제), 항히스타민제, 항우울약, H2-수용체 저해제를 함께 사용 시 의사 또는 약사와 상의하십시오.","착란, 불안, 환각, 망상, 급성 협우각형 녹내장의 증상(산동을 수반하는 눈의 통증 및 충혈)이 나타나는 경우 이 약을 제거하고 의사 또는 약사와 상의하십시오.때때로 구갈, 일시적인 시력불선명, 산동 등의 시각장애, 드물게 눈의 건조감, 가려움, 홍조, 빈맥, 기관지분비물의 점도 증가, 배뇨장애, 발진, 홍반, 졸음, 방향감각상실, 기억력손상, 어지러움, 불안, 환각, 착란 등이 나타나는 경우 의사 또는 약사와 상의하십시오.이 약의 사용을 중지한 후 금단증상(어지러움, 구역, 구토, 두통, 평형감각장애)이 나타날 수 있습니다.",실온에서 보관하십시오.어린이의 손이 닿지 않는 곳에 보관하십시오.
8806498 037045,하이스탈,"1,500",6498037045,6498,0370,8806498037045,8806498037045,64980370,OK,200103049,OK,"이 약은 위산과다, 속쓰림, 위부불쾌감, 위부팽만감, 식체(위체), 구역, 구토, 위통, 신트림, 소화불량, 식욕감퇴(식욕부진), 과식, 소화촉진, 소화불량으로 인한 위부팽만감에 사용합니다.
","성인은 1회 2정 1일 3회 매 식후에 복용합니다.
",,"위장진통, 진경제와 함께 복용하지 마십시오.

칼륨함유제제, 감초함유제제, 글리시리진산 혹은 그 염류 함유제제, 루프계 이뇨제(푸로세미드, 에타크린산) 또는 티아지드계 이뇨제(트리클로르메치아지드)와 함께 복용 시 의사 또는 약사와 상의하십시오.
","알레르기 증상(발진, 가려움 등), 동계, 졸음, 현훈(어지러움), 권태감, 두통, 변비, 또는 입이 마르는 증상, 뇨량이 감소하거나, 얼굴이나 손발이 붓거나, 눈꺼풀이 무겁거나, 손이 굳어지거나, 혈압이 오르거나, 근병증(무력감, 사지경련, 마비 등) 등이 나타나는 경우 복용을 즉각 중지하고 의사 또는 약사와 상의하십시오.

드물게 심계항진, GOT, GPT 상승이 나타날 수 있습니다.
","습기와 빛을 피해 실온에서 보관하십시오.

어린이의 손이 닿지 않는 곳에 보관하십시오.
"
8806498 066519,리드펜,"1,500",6498066519,6498,0665,8806498066519,8806498066519,64980665,OK,201403460,OK,"이 약은 만성 다발성 관절염, 류마티스관절염, 관절증, 강직척추염, 외상 및 수술 후 통증성 부종 또는 염증, 염증, 통증 및 발열을 수반하는 감염증의 치료보조에 사용합니다.
","성인은 1회 1캡슐(300 mg)씩, 1일 2~4회 복용합니다. 단, 1일 4캡슐(1,200 mg)을 초과하지 않습니다.
","매일 세잔 이상 정기적 음주자가 이 약 또는 다른 해열진통제를 복용할 때는 의사 또는 약사와 상의하십시오. 위장출혈을 일으킬 수 있습니다.

이 약 복용 시 치명적일 수 있는 중대한 심혈관계 혈전 반응, 심근경색증 및 뇌졸중의 위험이 증가하며, 위장관 출혈, 궤양 및 천공 등 심각한 위장관계 이상반응이 나타날 수 있습니다.
","아스피린, 다른 비스테로이드성 소염진통제, 항암요법으로 사용하는 고용량(15 mg/주 이상)의 메토트렉세이트와 함께 복용하지 마십시오.

이 약을 복용하기 전에 코르티코스테로이드, 알코올, 디곡신, 페니토인, 프로베네시드, 설핀피라존, 설포닐우레아제, ACE 억제제, 안지오텐신Ⅱ 수용체 길항제, 이뇨제, 리튬, 쿠마린계 항응고제(와르파린 등), 바클로펜, 면역억제제(시클로스포린, 타크로리무스, 시롤리무스), 혈전용해제, 티클로피딘, 항혈전제, 혈중 칼륨농도를 증가시키는 약물(트리메토프림, 헤파린 등), CYP2C8, CYP2C9의 유도제(예, 리팜피신, 페노바르비탈), 저용량(15 mg/주 미만)의 메토트렉세이트, 항혈소판제 및 선택적 세로토닌 재흡수 억제제, 심근경색이나 뇌졸중 예방목적으로 저용량 아스피린을 복용하는 사람은 의사 또는 약사와 상의하십시오.
","드물게 쇽(흉부불쾌감, 오한, 호흡곤란, 혈압저하 등), 드물게 재생불량성빈혈, 용혈성빈혈, 과립백혈구감소, 백혈구감소, 무과립증, 범혈구감소, 혈소판감소, 혈소판기능저하(출혈시간 연장), 호산구중가 등의 혈액장애, 소화불량, 복부팽만, 속쓰림, 상복부의 통증, 설사나 변비, 때때로 식욕부진, 구역, 구토, 복통, 위부불쾌감이나 드물게 식도염, 식도협착, 게실악화, 비특이성 출혈성 대장염, 궤양성 대장염 또는 크론병, 소화성궤양 위장출혈, 천공, 혈변, 위염, 췌장염, 매우 드물게 구갈, 구내염, 다형홍반, 전신성 홍반성 루푸스(SLE), 탈모, 때때로 혈관부종, 드물게 피부점막안증후군(스티븐스-존슨 증후군) 및 독성표피괴사용해(리엘증후군), 빈도불명의 호산구 증가 및 전신 증후군을 동반한 약물 발진(DRESS 증후군), 때때로 발진, 두드러기, 가려움, 자색반, 드물게 천식발작의 유발, 습진, 아나필락시스 반응, 광민감반응, 드물게 황달, ALT 상승, AST 상승, ALP 상승, 간기능 이상, 간염, 황달, 때때로 비염, 기관지경련, 급성 폐렴, 드물게 무시, 암침 등의 시각장애, 난청, 이명, 미각이상, 피로, 졸음, 두통, 어지러움, 때때로 불안, 안절부절, 착란, 우울증, 드물게 무균성 수막염, 심한 두통, 구역, 구토, 불면, 목이 뻣뻣함, 발열 또는 의식장애, 드물게 정신이상, 초조, 흥분, 방향감각장애, 가역성 독성약시, 드물게 혈압저하, 혈압상승, 심계항진, 핍뇨, 혈뇨, 요단백, BUN, 혈중 크레아티닌의 상승, 고칼륨혈증, 요량감소, 전신부종 및 이에 수반한 숨가쁨, 나른함, 드물게 신장유두괴사, 신증후군, 간질신장염, 말초부종, 급성 폐부종, 체액저류, 고혈압, 심부전, 여성의 생식능력 감소, 때때로 안와주위부종, 매우 드물게 권태감, 발열, 코피, 염증악화 등이 나타나는 경우 복용을 즉각 중지하고 의사 또는 약사와 상의하십시오.
","습기와 빛을 피해 실온에서 보관하십시오.

어린이의 손이 닿지 않는 곳에 보관하십시오.
"
8806498 066618,프로센골드,"1,500",6498066618,6498,0666,8806498066618,8806498066618,64980666,OK,201403431,OK,"이 약은 류마티양 관절염, 골관절염(퇴행성 관절질환), 강직성 척추염, 힘줄염, 급성통풍, 월경곤란증, 활액낭염, 골격근장애(삠, 좌상, 외상, 허리통증, 수술 후 통증), 편두통, 발치후 통증에 사용합니다.
","류마티양 관절염, 골관절염, 강직성 척추염에 성인은 1회 1~2캡슐(250~500 mg)씩, 1일 2회 12시간마다 복용합니다.

급성통풍에 성인은 처음 복용량으로 3캡슐(750 mg)을 복용하고 발작이 사라질 때까지 8시간 간격으로 1캡슐(250 mg)을 복용합니다.

골격근장애, 수술 후 통증, 발치후 통증, 월경곤란증, 힘줄염, 활액낭염에 성인은 처음 복용량으로 2캡슐(500 mg)을 복용한 후 6~8시간 간격으로 1캡슐(250 mg)씩 복용하고 1일 총용량이 5캡슐(1,250 mg)을 초과하지 않도록 합니다.

편두통에 성인은 처음 복용량으로 3캡슐(750 mg)을 복용하고 필요하면 1일 1~2캡슐(250~500 mg)을 더 복용할 수 있으며 처음 복용량의 복용 30분 후에 복용합니다. 1일 총용량이 5캡슐(1,250 mg)을 초과하지 않도록 합니다.

연령, 증상에 따라 적절히 증감합니다.
","매일 세잔 이상 정기적 음주자가 이 약 또는 다른 해열진통제를 복용할 때는 의사 또는 약사와 상의하십시오. 위장출혈을 일으킬 수 있습니다.

이 약 복용 시 중대한 심혈관계 혈전(혈관막힘)반응, 심근경색증 및 뇌졸중의 위험을 증가시킬 수 있으며, 이는 치명적일 수 있습니다.

이 약 복용 시 위 또는 장관(창자)의 출혈, 궤양 및 천공(뚫림)을 포함한 중대한 위장관(창자)계 이상반응의 위험을 증가시킬 수 있으며, 이는 치명적일 수 있습니다.
","다른 비스테로이드성 소염[항염]진통제(NSAIDs), 나프록센 유도체와 함께 복용하지 마십시오.

히단토인계 항간질제, 설파제, 설포닐요소계 혈당강하제, 프로프라놀롤 및 다른 -차단제, ACE 저해제[억제제](캅토프릴 등), 루프계 이뇨제 및 치아짓계 이뇨제, 프로베네시드, 아스피린, 리튬, 메토트렉세이트, 쿠마린계 항응혈제(와파린 등), 지도부딘, 뉴퀴놀론계 항생물질(에녹사신 등)과 함께 복용 시 의사 또는 약사와 상의하십시오.
","드물게 쇽증상(호흡곤란, 혈압강하, 느린맥, 식은땀, 부기 등), PIE증후군(호산구증가를 수반하는 폐침윤: 발열, 숨을 쌕쌕거림, 기침, 가래를 동반함), 두드러기, 때때로 발진, 가려움 등의 과민증상, 혈액 구토, 위장출혈, 소화성궤양, 천공, 드물게 무과립구증, 호산구증가, 백혈구감소, 혈소판감소, 재생불량성빈혈, 적혈구파괴성빈혈, 혈소판 기능저하(출혈시간의 연장) 등의 혈액장애, 드물게 무균성 수막염, 심한 두통, 구역, 구토, 불면, 목이 뻣뻣함, 발열 또는 의식장애, 때때로 습진, 땀이 남, 자주색 반점, 드물게 광과민증, 탈모, 충혈되어 붉어짐, 괴사성용해, 여러 모양의 붉은 반점, 스티븐스-존슨증후군(피부점막안증후군), 두드러기, 표피 수포증, 호산구 증가 및 전신 증상 동반 약물 반응, 고정약물발진, 독성 표피괴사, 탈락성 피부염 등이 나타나는 경우 복용을 즉각 중지하고 의사 또는 약사와 상의하십시오.

때때로 위부불쾌감, 위통, 배아픔, 구역, 구토, 식욕부진, 소화불량, 가슴쓰림, 설사, 변비, 입안염, 드물게 복부팽만감, 흑변, 목마름, 드물게 GOT, GPT치의 상승, 황달, 간염, 드물게 신장애, 사구체 신장염, 혈뇨, 고칼륨 혈증, 간질성 신장염, 신증후군, 신장 유두괴사, 단백뇨, 신부전, 때때로 졸음, 인식기능장애, 드물게 어지러움, 두통, 수족저림, 정력감퇴, 피로, 우울, 비정상적인 꿈, 집중능력 상실, 지남력 장애, 불면, 근육통, 근쇠약, 귀울림, 청각장애, 시각장애, 때때로 부기, 호흡곤란, 드물게 두근거림, 근육무력증, 울혈성심부전, 호산구성 폐렴, 아나필락시양 반응, 월경장애, 춥고 떨리는 증상과 발열, 혈관염, 고혈당, 저혈당 등이 나타날 수 있습니다.
","실온에서 보관하십시오.

어린이의 손이 닿지 않는 곳에 보관하십시오.
"
8806498004733 ,레스톨 20C,"3,500",6498004733,6498,0047,8806498004733,8806498004733,64980047,OK,200202720,OK,"이 약은 치주치료 후 치은염, 경·중등도 치주염의 보조치료에 사용합니다.","성인은 1회 1캡슐, 1일 3회 식후에 복용합니다.",,,"발진, 발적, 설사, 식욕부진, 위부불쾌감, 구역, 구토, 구내염, 피부점막안증후군(스티븐스-존슨증후군), 독성표피괴사용해(발열, 홍반, 가려움, 안충혈, 구내염 등의 증상, 전신의 피부, 입과 목의 점막에 고열을 동반하는 발진·발적, 화상모양의 수종 등의 중증의 증상) 등이 나타나는 경우 복용을 즉각 중지하고 의사 또는 약사와 상의하십시오.",실온에서 보관하십시오.어린이의 손이 닿지 않는 곳에 보관하십시오.
8806498019539 ,사노바 스프레이 10g,"6,000",6498019539,6498,0195,8806498019539,8806498019539,64980195,OK,199102581,OK,이 약은 남성 성기 촉각의 예민성 감소에 사용합니다.,성교 5~15분전에 리도카인으로서 23~62 mg을 분무합니다.24시간 이내에 리도카인으로서 최대 184 mg을 초과하여 투여하지 않습니다.,,,본인 또는 상대방에 발진 또는 자극이 나타나는 경우 사용을 즉각 중지하고 의사 또는 약사와 상의하십시오.,습기와 빛을 피해 실온에서 보관하십시오.어린이의 손이 닿지 않는 곳에 보관하십시오.사용후 반드시 마개를 닫아 보관하십시오.
8806498025639 ,[명문] 엠티 20T,"2,500",6498025639,6498,0256,8806498025639,8806498025639,64980256,OK,200709861,OK,"이 약은 변비와 변비에 수반하는 식욕부진(식욕감퇴), 복부팽만, 장내이상발효, 치질의 완화에 사용합니다.","만 15세 이상 및 성인은 1회 2정, 만 11세 이상~만 15세 미만은 1회 1~2정, 만 7세 이상~만 11세 미만은 1회 1정을 1일 1회 취침시(또는 공복시)에 복용합니다.단, 처음은 최소량을 복용하고, 변의 모양과 상태를 보면서 조금씩 증량 또는 감량하십시오.",,제산제와 함께 복용하지 마십시오.우유 섭취 후 1시간 이내는 복용을 피하십시오.,"발진·발적(충혈되어 붉어짐), 가려움, 심한 복통(배아픔), 설사, 구토, 복부불쾌감, 경련이 나타나는 경우 복용을 즉각 중지하고 의사 또는 약사와 상의하십시오.",습기와 빛을 피해 실온에서 보관하십시오.어린이의 손이 닿지 않는 곳에 보관하십시오.
8806498030015 ,키미테패취 (성인용) 2EA,"4,500",6498030015,6498,0300,8806498030015,8806498030015,64980300,OK,198501415,OK,이 약은 멀미에 의한 구역•구토의 예방에 사용합니다.,성인은 1회 1매(스코폴라민으로서 1.5 mg)의 패취를 최소한 4시간 전에 귀뒤의 털이 없는 건조한 피부의 표면에 붙여서 사용합니다.패취 한 개는 효과가 3일간 지속되며 3일 이상 적용해야 할 경우 첫번째 것은 제거하고 다른 패취를 붙인 쪽의 반대편 귀 뒤에 붙여야 합니다.,,"알코올과 같은 중추신경계 작용 약물, 특히 항콜린약물(벨라돈나 알카로이드제제), 항히스타민제, 항우울약, H2-수용체 저해제를 함께 사용 시 의사 또는 약사와 상의하십시오.","착란, 불안, 환각, 망상, 급성 협우각형 녹내장의 증상(산동을 수반하는 눈의 통증 및 충혈)이 나타나는 경우 이 약을 제거하고 의사 또는 약사와 상의하십시오.때때로 구갈, 일시적인 시력불선명, 산동 등의 시각장애, 드물게 눈의 건조감, 가려움, 홍조, 빈맥, 기관지분비물의 점도 증가, 배뇨장애, 발진, 홍반, 졸음, 방향감각상실, 기억력손상, 어지러움, 불안, 환각, 착란 등이 나타나는 경우 의사 또는 약사와 상의하십시오.이 약의 사용을 중지한 후 금단증상(어지러움, 구역, 구토, 두통, 평형감각장애)이 나타날 수 있습니다.",실온에서 보관하십시오.어린이의 손이 닿지 않는 곳에 보관하십시오.
8806498037045 ,하이스탈 10T,"1,500",6498037045,6498,0370,8806498037045,8806498037045,64980370,OK,200103049,OK,"이 약은 위산과다, 속쓰림, 위부불쾌감, 위부팽만감, 식체(위체), 구역, 구토, 위통, 신트림, 소화불량, 식욕감퇴(식욕부진), 과식, 소화촉진, 소화불량으로 인한 위부팽만감에 사용합니다.
","성인은 1회 2정 1일 3회 매 식후에 복용합니다.
",,"위장진통, 진경제와 함께 복용하지 마십시오.

칼륨함유제제, 감초함유제제, 글리시리진산 혹은 그 염류 함유제제, 루프계 이뇨제(푸로세미드, 에타크린산) 또는 티아지드계 이뇨제(트리클로르메치아지드)와 함께 복용 시 의사 또는 약사와 상의하십시오.
","알레르기 증상(발진, 가려움 등), 동계, 졸음, 현훈(어지러움), 권태감, 두통, 변비, 또는 입이 마르는 증상, 뇨량이 감소하거나, 얼굴이나 손발이 붓거나, 눈꺼풀이 무겁거나, 손이 굳어지거나, 혈압이 오르거나, 근병증(무력감, 사지경련, 마비 등) 등이 나타나는 경우 복용을 즉각 중지하고 의사 또는 약사와 상의하십시오.

드물게 심계항진, GOT, GPT 상승이 나타날 수 있습니다.
","습기와 빛을 피해 실온에서 보관하십시오.

어린이의 손이 닿지 않는 곳에 보관하십시오.
"
8806498055117 ,케이팜 10매,"1,800",6498055117,6498,0551,8806498055117,8806498055117,64980551,OK,201202810,OK,"이 약은 퇴행성 관절염(골관절염), 어깨관절 주위염, 건(힘줄)ㆍ건초염(힘줄윤활막염), 상완골(위팔뼈)상과염(테니스 엘보우 등), 근육통, 외상(상처)후의 종창(부기)ㆍ동통(통증)의 진통ㆍ소염(항염)에 사용합니다.
","약면의 박리지를 떼어낸 후 환부(질환 부위)에 1일 2회 부착합니다.

적용부위의 땀을 닦아낸 후 사용하십시오.
",,,"때때로 발적(충혈되어 붉어짐), 발진, 약진(약물발진), 가려움 및 작열감(화끈감), 접촉피부염, 천식발작(건성수포음(거품소리), 천명(숨을 쌕쌕거림), 호흡곤란 등)이 나타나는 경우 사용을 즉각 중지하고 의사 또는 약사와 상의하십시오.
","습기와 빛을 피해 실온에서 보관하십시오.
"
8806498061439 ,사노바겔 0.7g x 5P,"6,000",6498061439,6498,0614,8806498061439,8806498061439,64980614,OK,201308592,OK,이 약은 남성 성기 촉각의 예민성 감소에 사용합니다.,성교 5~15분전에 겔로서 0.25~0.66 g(리도카인으로서 23~62mg)을 도포합니다.용량과 적용 시간은 개인에 따라 다르며 최저유효량을 사용하되 24시간 이내에 최대 2 g(리도카인으로서 184 mg)을 초과하여 투여하지 않습니다.,,,본인 또는 상대방에 발진 또는 자극이 나타나는 경우 사용을 즉각 중지하고 의사 또는 약사와 상의하십시오.,실온에서 보관하십시오.어린이의 손이 닿지 않는 곳에 보관하십시오.
8806498061712 ,페르빈(펠비낙48mg) 6매,"2,500",6498061712,6498,0617,8806498061712,8806498061712,64980617,OK,201208853,OK,"이 약은 퇴행성관절염(골관절염), 어깨관절주위염, 건·건초염(힘줄윤활막염), 건주위염, 상완골상과염(테니스 엘보우 등), 근육통, 외상후의 종창(부기)·동통(통증)의 진통ㆍ소염(항염)에 사용합니다.
","약면의 박리지를 떼어낸 후 1회 1매씩, 1일 2회 환부(질환 부위)에 붙입니다.
",,,"때때로 가려움, 홍반, 발적, 피부염(발진, 습진), 접촉피부염, 드물게 자극감 또는 수포 등이 나타날 수 있습니다.
","실온에서 보관하십시오.
"
8806498066519 ,리드펜플러스 10C,"1,500",6498066519,6498,0665,8806498066519,8806498066519,64980665,OK,201403460,OK,"이 약은 만성 다발성 관절염, 류마티스관절염, 관절증, 강직척추염, 외상 및 수술 후 통증성 부종 또는 염증, 염증, 통증 및 발열을 수반하는 감염증의 치료보조에 사용합니다.
","성인은 1회 1캡슐(300 mg)씩, 1일 2~4회 복용합니다. 단, 1일 4캡슐(1,200 mg)을 초과하지 않습니다.
","매일 세잔 이상 정기적 음주자가 이 약 또는 다른 해열진통제를 복용할 때는 의사 또는 약사와 상의하십시오. 위장출혈을 일으킬 수 있습니다.

이 약 복용 시 치명적일 수 있는 중대한 심혈관계 혈전 반응, 심근경색증 및 뇌졸중의 위험이 증가하며, 위장관 출혈, 궤양 및 천공 등 심각한 위장관계 이상반응이 나타날 수 있습니다.
","아스피린, 다른 비스테로이드성 소염진통제, 항암요법으로 사용하는 고용량(15 mg/주 이상)의 메토트렉세이트와 함께 복용하지 마십시오.

이 약을 복용하기 전에 코르티코스테로이드, 알코올, 디곡신, 페니토인, 프로베네시드, 설핀피라존, 설포닐우레아제, ACE 억제제, 안지오텐신Ⅱ 수용체 길항제, 이뇨제, 리튬, 쿠마린계 항응고제(와르파린 등), 바클로펜, 면역억제제(시클로스포린, 타크로리무스, 시롤리무스), 혈전용해제, 티클로피딘, 항혈전제, 혈중 칼륨농도를 증가시키는 약물(트리메토프림, 헤파린 등), CYP2C8, CYP2C9의 유도제(예, 리팜피신, 페노바르비탈), 저용량(15 mg/주 미만)의 메토트렉세이트, 항혈소판제 및 선택적 세로토닌 재흡수 억제제, 심근경색이나 뇌졸중 예방목적으로 저용량 아스피린을 복용하는 사람은 의사 또는 약사와 상의하십시오.
","드물게 쇽(흉부불쾌감, 오한, 호흡곤란, 혈압저하 등), 드물게 재생불량성빈혈, 용혈성빈혈, 과립백혈구감소, 백혈구감소, 무과립증, 범혈구감소, 혈소판감소, 혈소판기능저하(출혈시간 연장), 호산구중가 등의 혈액장애, 소화불량, 복부팽만, 속쓰림, 상복부의 통증, 설사나 변비, 때때로 식욕부진, 구역, 구토, 복통, 위부불쾌감이나 드물게 식도염, 식도협착, 게실악화, 비특이성 출혈성 대장염, 궤양성 대장염 또는 크론병, 소화성궤양 위장출혈, 천공, 혈변, 위염, 췌장염, 매우 드물게 구갈, 구내염, 다형홍반, 전신성 홍반성 루푸스(SLE), 탈모, 때때로 혈관부종, 드물게 피부점막안증후군(스티븐스-존슨 증후군) 및 독성표피괴사용해(리엘증후군), 빈도불명의 호산구 증가 및 전신 증후군을 동반한 약물 발진(DRESS 증후군), 때때로 발진, 두드러기, 가려움, 자색반, 드물게 천식발작의 유발, 습진, 아나필락시스 반응, 광민감반응, 드물게 황달, ALT 상승, AST 상승, ALP 상승, 간기능 이상, 간염, 황달, 때때로 비염, 기관지경련, 급성 폐렴, 드물게 무시, 암침 등의 시각장애, 난청, 이명, 미각이상, 피로, 졸음, 두통, 어지러움, 때때로 불안, 안절부절, 착란, 우울증, 드물게 무균성 수막염, 심한 두통, 구역, 구토, 불면, 목이 뻣뻣함, 발열 또는 의식장애, 드물게 정신이상, 초조, 흥분, 방향감각장애, 가역성 독성약시, 드물게 혈압저하, 혈압상승, 심계항진, 핍뇨, 혈뇨, 요단백, BUN, 혈중 크레아티닌의 상승, 고칼륨혈증, 요량감소, 전신부종 및 이에 수반한 숨가쁨, 나른함, 드물게 신장유두괴사, 신증후군, 간질신장염, 말초부종, 급성 폐부종, 체액저류, 고혈압, 심부전, 여성의 생식능력 감소, 때때로 안와주위부종, 매우 드물게 권태감, 발열, 코피, 염증악화 등이 나타나는 경우 복용을 즉각 중지하고 의사 또는 약사와 상의하십시오.
","습기와 빛을 피해 실온에서 보관하십시오.

어린이의 손이 닿지 않는 곳에 보관하십시오.
"
8806498066618 ,프로센골드 10C,"1,500",6498066618,6498,0666,8806498066618,8806498066618,64980666,OK,201403431,OK,"이 약은 류마티양 관절염, 골관절염(퇴행성 관절질환), 강직성 척추염, 힘줄염, 급성통풍, 월경곤란증, 활액낭염, 골격근장애(삠, 좌상, 외상, 허리통증, 수술 후 통증), 편두통, 발치후 통증에 사용합니다.
","류마티양 관절염, 골관절염, 강직성 척추염에 성인은 1회 1~2캡슐(250~500 mg)씩, 1일 2회 12시간마다 복용합니다.

급성통풍에 성인은 처음 복용량으로 3캡슐(750 mg)을 복용하고 발작이 사라질 때까지 8시간 간격으로 1캡슐(250 mg)을 복용합니다.

골격근장애, 수술 후 통증, 발치후 통증, 월경곤란증, 힘줄염, 활액낭염에 성인은 처음 복용량으로 2캡슐(500 mg)을 복용한 후 6~8시간 간격으로 1캡슐(250 mg)씩 복용하고 1일 총용량이 5캡슐(1,250 mg)을 초과하지 않도록 합니다.

편두통에 성인은 처음 복용량으로 3캡슐(750 mg)을 복용하고 필요하면 1일 1~2캡슐(250~500 mg)을 더 복용할 수 있으며 처음 복용량의 복용 30분 후에 복용합니다. 1일 총용량이 5캡슐(1,250 mg)을 초과하지 않도록 합니다.

연령, 증상에 따라 적절히 증감합니다.
","매일 세잔 이상 정기적 음주자가 이 약 또는 다른 해열진통제를 복용할 때는 의사 또는 약사와 상의하십시오. 위장출혈을 일으킬 수 있습니다.

이 약 복용 시 중대한 심혈관계 혈전(혈관막힘)반응, 심근경색증 및 뇌졸중의 위험을 증가시킬 수 있으며, 이는 치명적일 수 있습니다.

이 약 복용 시 위 또는 장관(창자)의 출혈, 궤양 및 천공(뚫림)을 포함한 중대한 위장관(창자)계 이상반응의 위험을 증가시킬 수 있으며, 이는 치명적일 수 있습니다.
","다른 비스테로이드성 소염[항염]진통제(NSAIDs), 나프록센 유도체와 함께 복용하지 마십시오.

히단토인계 항간질제, 설파제, 설포닐요소계 혈당강하제, 프로프라놀롤 및 다른 -차단제, ACE 저해제[억제제](캅토프릴 등), 루프계 이뇨제 및 치아짓계 이뇨제, 프로베네시드, 아스피린, 리튬, 메토트렉세이트, 쿠마린계 항응혈제(와파린 등), 지도부딘, 뉴퀴놀론계 항생물질(에녹사신 등)과 함께 복용 시 의사 또는 약사와 상의하십시오.
","드물게 쇽증상(호흡곤란, 혈압강하, 느린맥, 식은땀, 부기 등), PIE증후군(호산구증가를 수반하는 폐침윤: 발열, 숨을 쌕쌕거림, 기침, 가래를 동반함), 두드러기, 때때로 발진, 가려움 등의 과민증상, 혈액 구토, 위장출혈, 소화성궤양, 천공, 드물게 무과립구증, 호산구증가, 백혈구감소, 혈소판감소, 재생불량성빈혈, 적혈구파괴성빈혈, 혈소판 기능저하(출혈시간의 연장) 등의 혈액장애, 드물게 무균성 수막염, 심한 두통, 구역, 구토, 불면, 목이 뻣뻣함, 발열 또는 의식장애, 때때로 습진, 땀이 남, 자주색 반점, 드물게 광과민증, 탈모, 충혈되어 붉어짐, 괴사성용해, 여러 모양의 붉은 반점, 스티븐스-존슨증후군(피부점막안증후군), 두드러기, 표피 수포증, 호산구 증가 및 전신 증상 동반 약물 반응, 고정약물발진, 독성 표피괴사, 탈락성 피부염 등이 나타나는 경우 복용을 즉각 중지하고 의사 또는 약사와 상의하십시오.

때때로 위부불쾌감, 위통, 배아픔, 구역, 구토, 식욕부진, 소화불량, 가슴쓰림, 설사, 변비, 입안염, 드물게 복부팽만감, 흑변, 목마름, 드물게 GOT, GPT치의 상승, 황달, 간염, 드물게 신장애, 사구체 신장염, 혈뇨, 고칼륨 혈증, 간질성 신장염, 신증후군, 신장 유두괴사, 단백뇨, 신부전, 때때로 졸음, 인식기능장애, 드물게 어지러움, 두통, 수족저림, 정력감퇴, 피로, 우울, 비정상적인 꿈, 집중능력 상실, 지남력 장애, 불면, 근육통, 근쇠약, 귀울림, 청각장애, 시각장애, 때때로 부기, 호흡곤란, 드물게 두근거림, 근육무력증, 울혈성심부전, 호산구성 폐렴, 아나필락시양 반응, 월경장애, 춥고 떨리는 증상과 발열, 혈관염, 고혈당, 저혈당 등이 나타날 수 있습니다.
","실온에서 보관하십시오.

어린이의 손이 닿지 않는 곳에 보관하십시오.
"
8806502024726 ,폴락스산 10g x 10P,"15,000",6502024726,6502,0247,8806502024726,8806502024726,65020247,OK,200308396,OK,이 약은 변비에 사용합니다.,"성인 및 8세 이상의 어린이는 1일 10~20 g(1~2포)을 복용합니다.증상에 따라 특히 어린이는 이틀마다 10 g(1포)을 복용할 수 있습니다.한 컵의 물에 이 약 10 g(1포)을 녹여서 복용합니다.오전에 복용할 것을 권장하며, 이 약의 효과는 복용 후 1~2일(24~48시간)내에 분명하게 나타납니다.",,이뇨제와 함께 사용 시 의사 또는 약사와 상의하십시오.,"성인에서 복통 및 복부팽만, 설사, 구역, 구토, 긴급한 배변, 대변실금, 전해질 장애(저나트륨혈증, 저칼륨혈증) 및 탈수, 과민반응(가려움증, 발진, 안면부종, 혈관부종, 두드러기, 아나필락시스 쇼크) 등이 나타나는 경우 복용을 즉각 중지하고 의사 또는 약사와 상의하십시오.어린이에서 복통, 설사, 구토, 복부팽만, 구역, 과민반응 등이 나타나는 경우 복용을 즉각 중지하고 의사 또는 약사와 상의하십시오.",실온에서 보관하십시오.어린이의 손이 닿지 않는 곳에 보관하십시오.
8806503037619 ,써버쿨 플라스타 30매,"4,500",6503037619,6503,0376,8806503037619,8806503037619,65030376,OK,201801542,OK,"이 약은 벌레물린데, 가려움, 동창(언 상처)에 사용합니다.","1일 1~ 수회(여러 차례), 1회 1매씩 환부(질환부위)에 붙입니다.",,,"이 약의 사용으로 인해 발진·발적, 종창, 가려움, 통증, 부종 등의 증상이 나타나는 경우 사용을 즉각 중지하고 의사 또는 약사와 상의하십시오.",습기와 빛을 피해 실온에서 보관하십시오.어린이의 손이 닿지 않는 곳에 보관하십시오.
8806516009016 ,헤파멜즈산 3.6g x 60포,"80,000",6516009016,6516,0090,8806516009016,8806516009016,65160090,OK,198601922,OK,"이 약은 중증의 간질환 해독의 보조 치료에 사용합니다.
","1회 2포(6 g)씩, 1일 2회 많은 양의 물에 녹여 식후에 복용합니다.
","이 약은 체내에서 페닐알라닌으로 대사되는 아스파탐이 함유되어 페닐알라닌의 섭취를 규제할 필요가 있는 페닐케톤뇨증 환자는 복용하지 마십시오.
",,"이상반응이 나타나는 경우 복용을 즉각 중지하고 의사 또는 약사와 상의하십시오.
","습기와 빛을 피해 실온에서 보관하십시오.

어린이의 손이 닿지 않는 곳에 보관하십시오.
"
8806519017131 ,이가탄F 60C,"19,000",6519017131,6519,0171,8806519017131,8806519017131,65190171,OK,200300913,OK,"이 약은 치주치료 후 치은염, 경·중등도 치주염의 보조치료에 사용합니다.","성인은 1회 1캡슐, 1일 3회 식후에 복용합니다.",,이 약을 복용하기 전에 다른 약물을 복용하고 있는 경우 의사 또는 약사와 상의하십시오.,"발진, 발적, 설사, 식욕부진, 위부불쾌감, 구역, 구토, 구내염, 피부점막안증후군(스티븐스-존슨증후군) 또는 독성표피괴사용해(리엘증후군)의 증상(예: 발열, 홍반, 가려움, 안충혈, 구내염 등의 증상, 전신의 피부, 입과 목의 점막에 고열을 동반하는 발진·발적, 화상모양의 수종 등의 중증의 증상) 등이 나타나는 경우 복용을 즉각 중지하고 의사 또는 약사와 상의하십시오.",실온에서 보관하십시오.어린이의 손이 닿지 않는 곳에 보관하십시오.
8806519041010 ,메이킨Q 20T,"4,800",6519041010,6519,0410,8806519041010,8806519041010,65190410,OK,,NO_ITEMSEQ,,,,,,
8806519041034 ,메이킨Q 40T,"8,500",6519041034,6519,0410,8806519041034,8806519041034,65190410,OK,,NO_ITEMSEQ,,,,,,
8806521002613 ,[한독] 로푸록스겔 20g,"4,000",6521002613,6521,0026,8806521002613,8806521002613,65210026,OK,200200774,OK,"이 약은 피부사상균, 효모균, 곰팡이성 진균(곰팡이)에 의한 지간(손, 발가락사이)형 족부백선(발백선증, 무좀), 지루성 피부염(두피)의 국소치료에 사용합니다.","피부사상균, 효모균, 곰팡이성 진균(곰팡이)에 의한 지간(손, 발가락사이)형 족부백선(발백선증, 무좀) 치료시 감염부위와 주변피부에 하루 2번 바르고, 치료기간은 초기의 증상이 감소하더라도 재발방지를 위해 치료는 4주 동안 계속 사용합니다.지루성 피부염(두피)의 국소치료 시 감염부위에 하루 2번, 4주 동안 바릅니다.",,,"접촉피부염, 피부건조, 여드름, 발진, 대머리, 적용시 통증, 눈의 통증, 얼굴 부종, 일시적 작열감(화끈감), 피부홍조, 가려움 등이 나타날 수 있습니다.",실온에서 보관하십시오.어린이의 손이 닿지 않는 곳에 보관하십시오.
8806521002712 ,[한독] 로푸록스 네일카라 3g,"10,000",6521002712,6521,0027,8806521002712,8806521002712,65210027,OK,199400779,OK,"이 약은 조갑진균증(손발톱진균증, 손 및 발톱무좀)에 사용합니다.","이 약을 처음 사용할 때에는 먼저 손톱깎기나 가위 등으로 가능한 한 많은 환부(질환 부위)를 제거하고 남아있는 환부(질환 부위)는 첨부된 손발톱용 사포나 줄을 사용하여 거칠게 한 다음, 첫째달은 이틀에 한번씩, 둘째달에는 적어도 주 2회, 셋째달 이후에는 주 1회 얇은 막이 형성되도록 환부(질환 부위)에 바릅니다.매주 1회 정도는 첨부된 1회용 광택제거제를 사용하여 라카막 전체를 벗겨낸 뒤 사포를 사용하여 처음과 같이 환부(질환 부위)를 거칠게 해줍니다.중도에 라카막이 벗겨졌을 경우에는 벗겨진 부분에만 바르는 것으로 충분합니다.적용기간은 증상의 정도에 따라 다르나, 6개월을 초과하지 않도록 합니다.",,이 약을 사용하는 동안 손발톱 화장용 광택제는 사용하지 마십시오.,"때때로 네일라카에 접촉된 손발톱 주위의 피부에서 발적(충혈되어 붉어짐), 인설(비늘) 등이 나타날 수 있습니다.","습기와 빛을 피해 실온에서 보관하십시오.어린이의 손이 닿지 않는 곳에 보관하십시오.용액이 건조되는 것을 방지하기 위해 이 약을 사용한 직후에는 병마개를 잘 닫아 보관하고, 병마개가 병에 달라붙어 열리지 않게 되는 경우를 방지하기 위해 병 입구 주변에 용액을 흘리지 않도록 하십시오."
8806521009636 ,알레그라정 120mg 10T,"5,500",6521009636,6521,0096,8806521009636,8806521009636,65210096,OK,199801016,OK,"이 약은 알레르기비염 증상 완화에 사용합니다.
","성인 및 12세 이상 청소년은 1일 1회 120 mg을 식사전 물과 함께 복용합니다.

신부전 환자는 시작용량으로서 1일 1회 60 mg을 식사전 물과 함께 복용합니다.
",,"케토코나졸이나 에리트로마이신, 알루미늄, 수산화마그네슘을 함유한 제산제, 아팔루타마이드와 같은 P-gp 유도제와 함께 사용 시 의사 또는 약사와 상의하십시오.

자몽주스, 오렌지 및 사과주스와 같은 과일주스와 함께 복용 시 이 약의 효과를 감소시킬 수 있으므로 물과 함께 복용하는 것을 권장합니다.
","쇽 증상(호흡곤란, 혈압저하, 혈관부종, 가슴통증, 홍조 등), AST, ALT, -GTP, ALP, LDH 상승 등의 간기능장애, 황달이 나타나는 경우 복용을 즉각 중지하고 의사 또는 약사와 상의하십시오.

두통, 졸음, 어지러움, 구역, 피로, 불면증, 신경과민증, 수면장애, 악몽, 발진, 발적, 두드러기, 가려움, 빈맥, 심계항진, 설사가 나타날 수 있습니다.
","실온에서 보관하십시오.

어린이의 손이 닿지 않는 곳에 보관하십시오.
"
8806521009643 ,알레그라정 120mg 20T,"8,000",6521009643,6521,0096,8806521009643,8806521009643,65210096,OK,199801016,OK,"이 약은 알레르기비염 증상 완화에 사용합니다.
","성인 및 12세 이상 청소년은 1일 1회 120 mg을 식사전 물과 함께 복용합니다.

신부전 환자는 시작용량으로서 1일 1회 60 mg을 식사전 물과 함께 복용합니다.
",,"케토코나졸이나 에리트로마이신, 알루미늄, 수산화마그네슘을 함유한 제산제, 아팔루타마이드와 같은 P-gp 유도제와 함께 사용 시 의사 또는 약사와 상의하십시오.

자몽주스, 오렌지 및 사과주스와 같은 과일주스와 함께 복용 시 이 약의 효과를 감소시킬 수 있으므로 물과 함께 복용하는 것을 권장합니다.
","쇽 증상(호흡곤란, 혈압저하, 혈관부종, 가슴통증, 홍조 등), AST, ALT, -GTP, ALP, LDH 상승 등의 간기능장애, 황달이 나타나는 경우 복용을 즉각 중지하고 의사 또는 약사와 상의하십시오.

두통, 졸음, 어지러움, 구역, 피로, 불면증, 신경과민증, 수면장애, 악몽, 발진, 발적, 두드러기, 가려움, 빈맥, 심계항진, 설사가 나타날 수 있습니다.
","실온에서 보관하십시오.

어린이의 손이 닿지 않는 곳에 보관하십시오.
"
8806521012018 ,[한독] 캄비손 소프트크림 10g,"2,500",6521012018,6521,0120,8806521012018,8806521012018,65210120,OK,200200773,OK,"이 약은 염증성 피부질환, 지루성 피부염에 사용합니다.",질환 부위에 1일 2~3회 적당량을 바릅니다.,,,"전신 흡수로 인해 시각장애, 시야흐림, 백내장, 녹내장 또는 중심성장액맥락망막병증, 뇌하수체·부신피질계 기능의 억제, 전염성 농가진, 모낭염, 칸디다증, 백선, 바이러스 감염증, 부스럼, 피부자극, 자통, 발열, 작열감, 발진, 발적, 홍조, 가려움, 피부건조, 농포성피부염, 땀띠, 한진, 상처악화, 욕창, 농포증 등이 나타나는 경우 사용을 즉각 중지하고 의사 또는 약사와 상의하십시오.드물게 알러지성 피부반응, 신경과민반응이 나타날 수 있습니다.",실온에서 보관하십시오.어린이의 손이 닿지 않는 곳에 보관하십시오.
8806521016917 ,[한독] 훼스탈 골드 30T,"7,000",6521016917,6521,0169,8806521016917,8806521016917,65210169,OK,199900926,OK,"이 약은 소화불량, 식욕감퇴(식욕부진), 과식, 체함, 소화촉진, 소화불량으로 인한 위부팽만감에 사용합니다.
","성인은 1회 1정씩, 1일 3회 식후에 씹지말고 복용합니다.
",,,,"습기와 빛을 피해 실온에서 보관하십시오.

어린이의 손이 닿지 않는 곳에 보관하십시오.
"
8806521017228 ,[한독] 훼스탈 100T,"20,000",6521017228,6521,0172,8806521017228,8806521017228,65210172,OK,199801026,OK,"이 약은 소화불량, 식욕감퇴(식욕부진), 과식, 체함, 소화촉진, 소화불량으로 인한 위부팽만감에 사용합니다.
","성인 및 15세 이상은 1회 1~2정, 만 8세~만 15세의 소아는 1회 1정을 1일 3회 식후에 씹지말고 복용합니다.
",,"이 약을 복용하기 전에 다른 약물을 복용하고 있는 경우 의사 또는 약사와 상의하십시오.
",,"습기와 빛을 피해 실온에서 보관하십시오.

어린이의 손이 닿지 않는 곳에 보관하십시오.
"
8806521017259 ,[한독] 훼스탈 20T,"4,500",6521017259,6521,0172,8806521017259,8806521017259,65210172,OK,199801026,OK,"이 약은 소화불량, 식욕감퇴(식욕부진), 과식, 체함, 소화촉진, 소화불량으로 인한 위부팽만감에 사용합니다.
","성인 및 15세 이상은 1회 1~2정, 만 8세~만 15세의 소아는 1회 1정을 1일 3회 식후에 씹지말고 복용합니다.
",,"이 약을 복용하기 전에 다른 약물을 복용하고 있는 경우 의사 또는 약사와 상의하십시오.
",,"습기와 빛을 피해 실온에서 보관하십시오.

어린이의 손이 닿지 않는 곳에 보관하십시오.
"
8806521045511 ,[한독] 클리어틴 외용액 2% 100g,"9,000",6521045511,6521,0455,8806521045511,8806521045511,65210455,OK,201306847,OK,이 약은 여드름 치료에 사용합니다.,"1일 2회 아침, 저녁으로 바릅니다.",,,"발진, 발적(충혈되어 붉어짐), 홍반(붉은 반점), 가려움, 정상 피부에 닿았을 경우 국소 자극 반응 등이 나타나는 경우 사용을 즉각 중지하고 의사 또는 약사와 상의하십시오.",습기와 빛을 피해 실온에서 보관하십시오.어린이의 손이 닿지 않는 곳에 보관하십시오.
8806521052885 ,[한독] 케토톱 핫 34매,"10,000",6521052885,6521,0528,8806521052885,8806521052885,65210528,OK,199300356,OK,"이 약은 퇴행성관절염(골관절염), 어깨관절주위염, 건·건초염, 건주위염, 상완골상과염(테니스 엘보우 등), 근육통, 외상후의 종창·동통의 진통·소염에 사용합니다.
","1일 2회 약면의 박리지를 떼어낸 후 환부(질환부위)에 부착합니다.
",,,"드물게 쇽(두드러기, 호흡곤란, 얼굴부기 등), 건성 수포음(거품소리), 천명(숨을 쌕쌕거림), 호흡곤란, 피부(때때로 발적, 발진, 가려움, 수포, 짓무름, 자극감 및 종창(부기) 등의 접촉피부염, 피부건조 및 색소침착, 광과민증) 등이 나타나는 경우 사용을 즉각 중지하고 의사 또는 약사와 상의하십시오.
","어린이의 손이 닿지 않는 곳에 보관하십시오.
"
8806521052892 ,[한독] 케토톱 오리지날 40매,"9,900",6521052892,6521,0528,8806521052892,8806521052892,65210528,OK,199300356,OK,"이 약은 퇴행성관절염(골관절염), 어깨관절주위염, 건·건초염, 건주위염, 상완골상과염(테니스 엘보우 등), 근육통, 외상후의 종창·동통의 진통·소염에 사용합니다.
","1일 2회 약면의 박리지를 떼어낸 후 환부(질환부위)에 부착합니다.
",,,"드물게 쇽(두드러기, 호흡곤란, 얼굴부기 등), 건성 수포음(거품소리), 천명(숨을 쌕쌕거림), 호흡곤란, 피부(때때로 발적, 발진, 가려움, 수포, 짓무름, 자극감 및 종창(부기) 등의 접촉피부염, 피부건조 및 색소침착, 광과민증) 등이 나타나는 경우 사용을 즉각 중지하고 의사 또는 약사와 상의하십시오.
","어린이의 손이 닿지 않는 곳에 보관하십시오.
"
8806521058313 ,[한독] 케토톱 밴드타입 혼합형 40매,"3,500",6521058313,6521,0583,8806521058313,8806521058313,65210583,OK,199300356,OK,"이 약은 퇴행성관절염(골관절염), 어깨관절주위염, 건·건초염, 건주위염, 상완골상과염(테니스 엘보우 등), 근육통, 외상후의 종창·동통의 진통·소염에 사용합니다.
","1일 2회 약면의 박리지를 떼어낸 후 환부(질환부위)에 부착합니다.
",,,"드물게 쇽(두드러기, 호흡곤란, 얼굴부기 등), 건성 수포음(거품소리), 천명(숨을 쌕쌕거림), 호흡곤란, 피부(때때로 발적, 발진, 가려움, 수포, 짓무름, 자극감 및 종창(부기) 등의 접촉피부염, 피부건조 및 색소침착, 광과민증) 등이 나타나는 경우 사용을 즉각 중지하고 의사 또는 약사와 상의하십시오.
","어린이의 손이 닿지 않는 곳에 보관하십시오.
"
8806521058429 ,[한독] 훼스탈 슈퍼자임 12T,"5,000",6521058429,6521,0584,8806521058429,8806521058429,65210584,OK,202108052,OK,"이 약은 소화불량, 식욕감퇴(식욕부진), 과식, 체함, 소화촉진, 위부팽만감, 위산과다, 속쓰림, 위부불쾌감, 구역, 구토, 위통, 신트림에 사용합니다.
","만 15세 이상 및 성인은 1회 1~2정씩, 만 8세~만 15세 미만 소아는 1회 1정씩, 1일 3회 복용합니다.
",,,"변비 또는 설사 등이 나타나는 경우 복용을 즉각 중지하고 의사 또는 약사와 상의하십시오.
","습기와 빛을 피해 실온에서 보관하십시오.

어린이의 손이 닿지 않는 곳에 보관하십시오.
"
8806521059419 ,[한독] 이치레스큐 30매입,"5,000",6521059419,6521,0594,8806521059419,8806521059419,65210594,OK,202400026,OK,"이 약은 벌레 물린데, 가려움, 동창(언 상처)에 사용합니다.
","1회 1매씩, 1일 1회∼수회(여러 차례) 환부(질환부위)에 붙입니다.
",,,"발진·발적, 종창, 가려움, 통증, 부종 등이 나타나는 경우 사용을 즉각 중지하고 의사 또는 약사와 상의하십시오.
","습기와 빛을 피해 실온에서 보관하십시오.

어린이의 손이 닿지 않는 곳에 보관하십시오.

사용기간이 지난 제품은 사용하지 마십시오.
"
8806521059716 ,[한독] 케토톱 액티브 쿨 40매,"9,900",6521059716,6521,0597,8806521059716,8806521059716,65210597,OK,202401344,NO_ITEM,,,,,,
8806526062414 ,머시론 21T,"8,500",6526062414,6526,0624,8806526062414,8806526062414,65260624,OK,200009522,OK,이 약은 피임에 사용합니다.,"1일 1정씩 21일간 복용하고, 7일간 휴약한 후 새로운 포장을 복용합니다.정제는 매일 대략 같은 시간에, 물과 함께, 포장에 표시된 순서대로 복용합니다.7일의 휴약기간 동안 소퇴성 출혈이 나타나는데, 대개 정제의 마지막 복용 후 2~3일 내에 시작되며, 새로운 포장을 시작하기 전에 월경이 끝나지 않을 수도 있습니다.자세한 사항은 허가사항 상세정보를 참고하십시오.",혈전증과 같은 심각한 심혈관계 위험이 증가할 수 있어 경구피임제를 복용하는 여성은 흡연을 삼갑니다. 35세 이상 흡연자는 이 약을 복용하지 마십시오.,"C형 간염 직접 작용 항바이러스제, 페니토인, 히단토인, 바르비탈계 약물, 프리미돈, 카르바마제핀, 리팜피신, 리파부틴, 옥스카르바제핀, 토피라메이트, 펠바메이트, 그리세오풀빈, 루피나미드, 아프레피탄트, 일부 HIV 프로테아제 저해제(예 : 리토나비르),비뉴클레오시드유사체 역전사효소억제제(에파비렌즈), 성요한풀 함유 제품 및 자몽주스와 함께 복용하지 마십시오.상세한 상호작용 약물은 허가사항 상세정보를 확인하십시오.","혈전성정맥염, 혈전증, 정맥성혈전색전증, 동맥성혈전색전증, 뇌졸중, 뇌출혈, 뇌혈전증, 심근경색, 폐색전증, 혈압상승, 정맥류악화 등이 나타나는 경우 복용을 즉각 중지하고 의사 또는 약사와 상의하십시오.비뇨생식기계 증상(월경외출혈, 월경량 변화 및 무월경 등), 유방 증상(유방긴장감 및 확대, 유루증, 유방통 등), 소화기계 증상(구역, 구토, 복부팽만감, 간장애 등), 중추신경계 증상(두통, 편두통, 우울증, 어지러움 등), 피부 증상(기미, 여드름, 다형성 홍반 등), 눈 증상(시각장애, 각막굴절변화 등), 청각장애, 대사 증상(나트륨 및 체액저류 등), 체중변화, 식욕변화 등이 나타날 수 있습니다.상세한 이상반응은 허가사항 상세정보를 확인하십시오.",실온에서 보관하십시오.
8806526072611 ,세나트리플 12C,"10,000",6526072611,6526,0726,8806526072611,8806526072611,65260726,OK,202301122,OK,"이 약은 외음부 질염에 사용합니다.

이 약의 유효균종은 칸디다균, 트리코모나스, 세균입니다.
","성인은 1회 1정씩, 1일 1회 질내에 깊숙이 삽입합니다.
",,,"국소종창, 발적, 반구진성발진, 가려움, 화끈거림, 질자극감, 질 분비물, 질 건조감, 질 알레르기 증상, 생리 지속 등의 과민증상, 감작증상 등이 나타나는 경우 이 약의 사용을 즉각 중지하고 의사 또는 약사와 상의하십시오.
","실온에서 보관하십시오.
"
8806530020424 ,지노베타딘 질세정액 180ml,"10,500",6530020424,6530,0204,8806530020424,8806530020424,65300204,OK,200001775,OK,"이 약은 칸디다성 질염, 트리코모나스성 질염, 비특이성 및 혼합감염에 의한 질염, 산부인과 수술전 처치, 살균성 질세정, 국소세척 및 방취에 사용합니다.","포비돈요오드 10%(유효요오드 1%)액 30 mL를 온수 약 1 L에 희석하여 질내외를 1일 1~2회 세정합니다.살균성 질세정, 국소세척 및 방취의 경우에는 1주 1~2회 세정합니다.",,"과산화수소를 함께 사용하지 마십시오.리튬제제, 클로르헥시딘, 설파디아진 은화합물, 알칼리, 수은을 함유한 제제, 효소성분의 상처치료제를 함께 사용 시 의사 또는 약사와 상의하십시오.","드물게 아나필락시양 증상(호흡곤란, 조홍, 두드러기 등), 요오드진, 때때로 동통, 가려움, 자극감, 발진, 발적, 피부염, 드물게 작열감, 피부궤양, 접촉피부염, 피부변색이 나타나는 경우 사용을 즉각 중지하고 의사 또는 약사와 상의하십시오.",빛을 피해 실온에서 보관하십시오.
8806534005427 ,마데카솔분말 10g,"9,000",6534005427,6534,0054,8806534005427,8806534005427,65340054,OK,199300112,NO_ITEM,,,,,,
8806534005434 ,마데카솔분말 30g,"15,000",6534005434,6534,0054,8806534005434,8806534005434,65340054,OK,199300112,NO_ITEM,,,,,,
8806534006738 ,복합 마데카솔 15g,"8,000",6534006738,6534,0067,8806534006738,8806534006738,65340067,OK,199300117,OK,"이 약은 네오마이신 감수성 세균에 의해 2차 감염된 코르티코이드 반응성 피부질환의 초기 치료(피부염, 감염된 상처)에 사용합니다.",1일 1~2회 적당량을 환부(질환 부위)에 바릅니다.,,,"전염성농가진, 모낭염, 바이러스성 감염증, 부스럼, 피부자극, 자통, 발열, 작열감, 발진, 발적, 홍조, 가려움, 부종, 구진, 소수포, 피부건조, 농포성피부염, 알레르기성 접촉피부염, 2차감염, 피부거칠어짐, 땀띠, 상처악화, 욕창, 농포(고름물집)증, 안검피부에 사용시 안압 상승, 녹내장(시야흐림, 시력장애), 전신 흡수로 인해 쿠싱증후군, 과혈당증, 당뇨와 시력장애 등이 나타나는 경우 사용을 즉각 중지하고 의사 또는 약사와 상의하십시오.",실온에서 보관하십시오.어린이의 손이 닿지 않는 곳에 보관하십시오.
8806534007933 ,오라메디 10g,"7,000",6534007933,6534,0079,8806534007933,8806534007933,65340079,OK,198500023,OK,"이 약은 만성 박리성 치은염, 미란 또는 궤양을 수반하는 난치성 구내염 및 설염에 의한 염증의 완화에 사용합니다.","1일 1~수회 환부에 적당량을 바릅니다.연령, 증상에 따라 적절히 증감할 수 있습니다.",,,"구강의 진균성 및 세균성 감염증, 드물게 알레르기성 피부반응이 나타나는 경우 사용을 즉각 중지하고 의사 또는 약사와 상의하십시오.구강내 마비감 등의 경미한 불쾌감, 미각의 이상이나 감퇴, 사용 부위의 이화감 등이 나타날 수 있습니다.",실온에서 보관하십시오.
8806534008527 ,인사돌 100T,"27,000",6534008527,6534,0085,8806534008527,8806534008527,65340085,OK,197700008,NO_ITEM,,,,,,
8806534008589 ,인사돌 300T(병),"66,000",6534008589,6534,0085,8806534008589,8806534008589,65340085,OK,197700008,NO_ITEM,,,,,,
8806534008633 ,인사돌 플러스 100T,"29,000",6534008633,6534,0086,8806534008633,8806534008633,65340086,OK,200703215,NO_ITEM,,,,,,
8806534008671 ,인사돌 플러스 270T(병),"66,000",6534008671,6534,0086,8806534008671,8806534008671,65340086,OK,200703215,NO_ITEM,,,,,,
8806534012630 ,훼라민큐 300T(병),"75,000",6534012630,6534,0126,8806534012630,8806534012630,65340126,OK,200100048,NO_ITEM,,,,,,
8806534012647 ,훼라민큐 120T,"40,000",6534012647,6534,0126,8806534012647,8806534012647,65340126,OK,200100048,NO_ITEM,,,,,,
8806534012661 ,훼라민 큐 180T,"55,000",6534012661,6534,0126,8806534012661,8806534012661,65340126,OK,200100048,NO_ITEM,,,,,,
8806534016416 ,마데카솔 케어 6g,"4,500",6534016416,6534,0164,8806534016416,8806534016416,65340164,OK,200903973,OK,"이 약은 네오마이신 감수성 세균에 의해 2차 감염된 피부질환(작은 열상, 찰과상, 봉합된 상처, 표재성 2도 이하의 화상)의 초기 치료에 사용합니다.",1일 1~2회 적당량을 환부에 바릅니다.,,,"가려움, 충혈되어 붉어짐, 부기, 구진, 물집 등이 나타나는 경우 사용을 즉각 중지하고 의사 또는 약사와 상의하십시오.",실온에서 보관하십시오.어린이의 손이 닿지 않는 곳에 보관하십시오.
8806534016423 ,마데카솔 케어 10g,"6,500",6534016423,6534,0164,8806534016423,8806534016423,65340164,OK,200903973,OK,"이 약은 네오마이신 감수성 세균에 의해 2차 감염된 피부질환(작은 열상, 찰과상, 봉합된 상처, 표재성 2도 이하의 화상)의 초기 치료에 사용합니다.",1일 1~2회 적당량을 환부에 바릅니다.,,,"가려움, 충혈되어 붉어짐, 부기, 구진, 물집 등이 나타나는 경우 사용을 즉각 중지하고 의사 또는 약사와 상의하십시오.",실온에서 보관하십시오.어린이의 손이 닿지 않는 곳에 보관하십시오.
8806534020727 ,판시딜 180C,"70,000",6534020727,6534,0207,8806534020727,8806534020727,65340207,OK,201006075,OK,"이 약은 손상된 모발, 감염성이 아닌 손톱의 발육 부진, 탈모의 보조치료에 사용합니다.","성인은 1회 1캡슐을 1일 3회, 12세 이상 소아는 식후 1회 1캡슐을 1일 1~2회 식후에 복용합니다.평균치료기간은 3~6개월입니다.",,설폰아미드 제제와 함께 사용 시 의사 또는 약사와 상의하십시오.,"위장관 불쾌감(위통, 구토), 발한, 빈맥, 가려움, 두드러기, 두통, 어지럼, 홍조, 두부이외의 신체부위에서 발모현상이 나타나는 경우 복용을 즉각 중지하고 의사 또는 약사와 상의하십시오.",습기와 빛을 피해 25℃ 이하에서 보관하십시오.어린이의 손이 닿지 않는 곳에 보관하십시오.
8806534020741 ,판시딜 270C,"100,000",6534020741,6534,0207,8806534020741,8806534020741,65340207,OK,201006075,OK,"이 약은 손상된 모발, 감염성이 아닌 손톱의 발육 부진, 탈모의 보조치료에 사용합니다.","성인은 1회 1캡슐을 1일 3회, 12세 이상 소아는 식후 1회 1캡슐을 1일 1~2회 식후에 복용합니다.평균치료기간은 3~6개월입니다.",,설폰아미드 제제와 함께 사용 시 의사 또는 약사와 상의하십시오.,"위장관 불쾌감(위통, 구토), 발한, 빈맥, 가려움, 두드러기, 두통, 어지럼, 홍조, 두부이외의 신체부위에서 발모현상이 나타나는 경우 복용을 즉각 중지하고 의사 또는 약사와 상의하십시오.",습기와 빛을 피해 25℃ 이하에서 보관하십시오.어린이의 손이 닿지 않는 곳에 보관하십시오.
8806534020758 ,판시딜 360C,"110,000",6534020758,6534,0207,8806534020758,8806534020758,65340207,OK,201006075,OK,"이 약은 손상된 모발, 감염성이 아닌 손톱의 발육 부진, 탈모의 보조치료에 사용합니다.","성인은 1회 1캡슐을 1일 3회, 12세 이상 소아는 식후 1회 1캡슐을 1일 1~2회 식후에 복용합니다.평균치료기간은 3~6개월입니다.",,설폰아미드 제제와 함께 사용 시 의사 또는 약사와 상의하십시오.,"위장관 불쾌감(위통, 구토), 발한, 빈맥, 가려움, 두드러기, 두통, 어지럼, 홍조, 두부이외의 신체부위에서 발모현상이 나타나는 경우 복용을 즉각 중지하고 의사 또는 약사와 상의하십시오.",습기와 빛을 피해 25℃ 이하에서 보관하십시오.어린이의 손이 닿지 않는 곳에 보관하십시오.
8806534025241 ,센시아(병) 180T,"64,000",6534025241,6534,0252,8806534025241,8806534025241,65340252,OK,201200380,NO_ITEM,,,,,,
8806534025258 ,센시아 90T,"45,000",6534025258,6534,0252,8806534025258,8806534025258,65340252,OK,201200380,NO_ITEM,,,,,,
8806534025265 ,센시아 120T,"48,000",6534025265,6534,0252,8806534025265,8806534025265,65340252,OK,201200380,NO_ITEM,,,,,,
8806534029720 ,위스콘더블액션현탁액 4P,"4,000",6534029720,6534,0297,8806534029720,8806534029720,65340297,OK,201403112,OK,"이 약은 산 역류, 속쓰림, 위 내용물의 역류로 인한 소화불량(예를 들어 식사 후, 임신 중, 역류성 식도염과 동반하는 경우)개선에 사용합니다.
","성인 및 12세 이상의 소아는 1회 10~20mL을 1일 4회(식후 및 취침전) 복용합니다.
",,"테트라사이클린, 디곡신, 플루오로퀴놀론, 철염, 케토코나졸, 신경이완제, 티록신, 페니실라민, 베타차단제(아테놀올, 메토프로롤, 프로프라놀롤), 글루코코르티코이드, 클로로퀸, 에스트라무스틴 및 디포스포네이이트 등과 함께 복용 시 적어도 2시간의 간격을 두고 복용하십시오.
","가려움이나 기관지 수축, 아나필락시스 반응과 같은 알레르기 반응 등이 나타나는 경우 복용을 즉각 중지하고 의사 또는 약사와 상의하십시오.
","빛을 피해 실온에서 보관하십시오.

어린이의 손이 닿지 않는 곳에 보관하십시오.
"
8806534036919 ,치젤연고 30g,"6,000",6534036919,6534,0369,8806534036919,8806534036919,65340369,OK,201606826,OK,이 약은 치열ㆍ치핵의 아픔ㆍ가려움ㆍ부종(부기)ㆍ출혈의 일시적 완화 및 소독에 사용합니다.,"만 15세 이상은 1일 3회의 범위 내에서 환부에 직접 바르거나, 직장내에 주입해서 사용합니다.주입해서 사용할 경우, 주입기를 튜브에 끼우고 직장내에 삽입합니다.",,"이 약을 사용하는 동안 dl-메틸에페드린염산염, 스코폴리아 엑스 및 글리시리진산 함유 좌제 또는 연고제, 크림제, 혈압강하제, 항우울약을 복용(사용)하지 마십시오.","충혈되어 붉어짐, 부종(부기), 자극감, 알레르기 증상(발진, 충혈되어 붉어짐, 가려움 등), 출혈이 나타나는 경우 사용을 즉각 중지하고 의사 또는 약사와 상의하십시오.",습기와 빛을 피해 실온에서 보관하십시오.어린이의 손이 닿지 않는 곳에 보관하십시오.
8806534037916 ,치센 캡슐 60C,"25,000",6534037916,6534,0379,8806534037916,8806534037916,65340379,OK,201701380,OK,"이 약은 정맥부전과 관련된 증상(다리 중압감, 통증 등)의 개선, 모세혈관 취약증에 의한 장애의 보조치료, 치질과 관련된 징후의 치료에 사용합니다.
","성인은 1회 1캡슐(300 mg)씩, 1일 2회 (점심, 저녁 식사 시) 복용합니다.

치질의 재발이나 악화 시에는 1일 4~6캡슐(1,200~1,800 mg)까지 복용할 수 있습니다.

연령, 증상에 따라 적절히 증감합니다.
",,,"소화장애가 나타나는 경우 복용을 즉각 중지하고 의사 또는 약사와 상의하십시오.
","실온에서 보관하십시오.

어린이의 손이 닿지 않는 곳에 보관하십시오.
"
8806534037930 ,치센 캡슐 120C,"40,000",6534037930,6534,0379,8806534037930,8806534037930,65340379,OK,201701380,OK,"이 약은 정맥부전과 관련된 증상(다리 중압감, 통증 등)의 개선, 모세혈관 취약증에 의한 장애의 보조치료, 치질과 관련된 징후의 치료에 사용합니다.
","성인은 1회 1캡슐(300 mg)씩, 1일 2회 (점심, 저녁 식사 시) 복용합니다.

치질의 재발이나 악화 시에는 1일 4~6캡슐(1,200~1,800 mg)까지 복용할 수 있습니다.

연령, 증상에 따라 적절히 증감합니다.
",,,"소화장애가 나타나는 경우 복용을 즉각 중지하고 의사 또는 약사와 상의하십시오.
","실온에서 보관하십시오.

어린이의 손이 닿지 않는 곳에 보관하십시오.
"
8806534037947 ,치센 캡슐 180C,"50,000",6534037947,6534,0379,8806534037947,8806534037947,65340379,OK,201701380,OK,"이 약은 정맥부전과 관련된 증상(다리 중압감, 통증 등)의 개선, 모세혈관 취약증에 의한 장애의 보조치료, 치질과 관련된 징후의 치료에 사용합니다.
","성인은 1회 1캡슐(300 mg)씩, 1일 2회 (점심, 저녁 식사 시) 복용합니다.

치질의 재발이나 악화 시에는 1일 4~6캡슐(1,200~1,800 mg)까지 복용할 수 있습니다.

연령, 증상에 따라 적절히 증감합니다.
",,,"소화장애가 나타나는 경우 복용을 즉각 중지하고 의사 또는 약사와 상의하십시오.
","실온에서 보관하십시오.

어린이의 손이 닿지 않는 곳에 보관하십시오.
"
8806534038913 ,치아로겔 15g,"7,000",6534038913,6534,0389,8806534038913,8806534038913,65340389,OK,201707027,OK,"이 약은 치육점막이 상승된 히알루론산 농도를 필요로 하는 치은염, 잇몸출혈과 같은 염증상태와 스케일링, 박리, 발치, 외과적 처치후와 같은 외상성 상태의 치료에 사용합니다.","양치 후 1일 3~4회(식사 후), 3~4주간, 모든 증상이 소실될 때까지 지속적으로 사용합니다. 잇몸 조직에 이 약을 도포하여 점막 표면에 잘 분포할 수 있도록 손가락으로 가볍게 마사지합니다.",,,,습기와 빛을 피해 실온에서 보관하십시오.어린이의 손이 닿지 않는 곳에 보관하십시오.
8806534039316 ,콜드펜노즈 10C,"1,000",6534039316,6534,0393,8806534039316,8806534039316,65340393,OK,201708199,OK,"이 약은 감기의 여러 증상(콧물, 코막힘, 재채기, 인후통, 기침, 가래, 오한(춥고 떨리는 증상), 발열, 두통, 관절통, 근육통)의 완화에 사용합니다.
","만 15세 이상 및 성인은 1회 2캡슐씩, 만 7세 이상 만 15세 미만은 1회 1캡슐씩, 1일 3회 식후 30분에 복용합니다.
","매일 세잔 이상 정기적 음주자가 이 약 또는 다른 해열진통제를 복용할 때는 의사 또는 약사와 상의하십시오. 간손상을 일으킬 수 있습니다.

매우 드물게 치명적일 수 있는 급성전신발진고름물집증, 스티븐스-존슨증후군, 독성표피괴사용해와 같은 중대한 피부반응이 보고되었고 이 약 복용 후 피부발진 또는 다른 과민반응의 징후가 나타나는 경우 즉시 복용을 중단하십시오.

아세트아미노펜으로 일일 최대 용량(4,000 mg)을 초과하여 복용하지 마십시오. 간손상을 일으킬 수 있습니다. 아세트아미노펜을 포함하는 다른 제품과 함께 복용하지 마십시오.

급성전신발진고름물집증과 같은 중증 피부 이상반응이 나타나는 경우 복용을 중단하고 의사 또는 약사와 상의하십시오.
","아세트아미노펜을 포함하는 다른 제품, MAO억제제(항우울제, 항정신병제, 감정조절제, 항파킨슨제 등), 진해(기침을 그치게 함)거담제(가래약), 다른 감기약, 해열진통제, 진정제, 항히스타민제를 함유하는 내복약(비염용 경구제, 멀미약, 알레르기용약)과 함께 복용하지 마십시오.

MAO억제제(항우울제, 항정신병제, 감정조절제, 항파킨슨제 등) 복용을 중단한 후 2주 이내의 사람은 이 약을 복용하지 마십시오.

당뇨약, 통풍약, 관절염약, 항응고제, 스테로이드제, 바르비탈계 약물, 삼환계 항우울제 및 알코올을 투여한 환자는 의사 또는 약사와 상의하십시오.
","발진·발적(충혈되어 붉어짐), 가려움, 구역·구토, 식욕부진, 변비, 부종(부기), 배뇨(소변을 눔)곤란, 지속적이거나 심한 목마름, 어지러움, 불안, 떨림, 불면, 쇽 증상(복용후 바로 두드러기, 부종(부기), 가슴답답함 등과 함께 안색이 창백하고, 손발이 차고, 식은땀, 숨쉬기 곤란함), 피부점막안증후군(스티븐스-존슨증후군), 독성표피괴사용해(리엘증후군: 고열을 동반하고, 발진·발적, 화상과 같이 물집이 생기는 등의 심한 증상), 천식, 전신의 나른함, 황달(피부 또는 눈의 흰자위가 황색을 띄게 됨), 기침을 동반하고, 숨이 차고, 호흡곤란, 발열, 허혈성 대장염의 증상(급격한 복통, 직장 출혈 등) 등이 나타나는 경우 복용을 즉각 중지하고 의사 또는 약사와 상의하십시오.

가역적 후뇌 병증 증후군 및 가역적 뇌혈관 수축 증후군의 증상(갑작스러운 심한 두통, 번개 두통, 구역, 구토, 혼돈, 발작, 시각 장애 등)이 나타나는 경우 복용을 즉각 중지하고 의사 또는 약사와 상의하십시오.
","습기와 빛을 피해 실온에서 보관하십시오.

어린이의 손이 닿지 않는 곳에 보관하십시오.
"
8806534039415 ,콜드펜 10C,"1,000",6534039415,6534,0394,8806534039415,8806534039415,65340394,OK,201708198,OK,"이 약은 감기의 여러 증상(콧물, 코막힘, 재채기, 인후(목구멍)통, 기침, 오한(춥고 떨리는 증상), 발열, 두통, 관절통, 근육통)의 완화에 사용합니다.
","만 15세 이상 및 성인은 1회 2캡슐씩, 1일 3회 식후 30분에 복용합니다.
","매일 세잔 이상 정기적 음주자가 이 약 또는 다른 해열진통제를 복용할 때는 의사 또는 약사와 상의하십시오. 간손상을 일으킬 수 있습니다.

매우 드물게 치명적일 수 있는 급성전신발진고름물집증, 스티븐스- 존슨증후군, 독성표피괴사용해와 같은 중대한 피부반응이 보고되었고 이 약 복용 후 피부발진 또는 다른 과민반응의 징후가 나타나는 경우 즉시 복용을 중단하십시오.

아세트아미노펜으로 일일 최대 용량(4,000 mg)을 초과하여 복용하지 마십시오. 간손상을 일으킬 수 있습니다. 아세트아미노펜을 포함하는 다른 제품과 함께 복용하지 마십시오.

급성전신발진고름물집증과 같은 중증 피부 이상반응이 나타나는 경우 복용을 중단하고 의사 또는 약사와 상의하십시오.
","이 약을 복용하는 동안 아세트아미노펜을 포함하는 다른 제품, MAO 억제제(항우울제, 항정신병제, 감정조절제, 항파킨슨제 등), 진해거담제, 다른 감기약, 해열진통제, 진정제, 항히스타민제를 함유하는 내복약(비염용 경구제, 멀미약, 알레르기용약)과 함께 복용하지 마십시오.

MAO 억제제(항우울제, 항정신병제, 감정조절제, 항파킨슨제 등) 복용을 중단한 후 2주 이내의 사람은 이 약을 복용하지 마십시오.

바르비탈계 약물, 삼환계 항우울제, 알코올, 당뇨약, 통풍약, 관절염약, 항응고제, 스테로이드제와 함께 복용 시 의사 또는 약사와 상의하십시오.
","발진·발적(충혈되어 붉어짐), 가려움, 구역·구토, 식욕부진, 변비, 부종(부기), 배뇨(소변을 눔)곤란, 지속적이거나 심한 목마름, 어지러움, 불안, 떨림, 불면, 아나필락시쇽(복용 후 바로 두드러기, 부기, 가슴답답함 등과 함께 안색이 창백하고, 손발이 차고, 식은땀, 숨쉬기 곤란함 등), 피부점막안증후군(스티븐스-존슨증후군), 독성표피괴사용해(리엘증후군), 천식, 전신의 나른함, 황달(피부 또는 눈의 흰자위가 황색을 띄게 됨), 간질성폐렴(기침을 동반하고, 숨이 차고, 호흡곤란, 발열 등), 허혈성 대장염의 증상(급격한 복통, 직장 출혈 등)이 나타나는 경우 복용을 즉각 중지하고 의사 또는 약사와 상의하십시오.

가역적 후뇌 병증 증후군 및 가역적 뇌혈관 수축 증후군의 증상(갑작스러운 심한 두통, 번개 두통, 구역, 구토, 혼돈, 발작, 시각 장애 등)이 나타나는 경우 복용을 즉각 중지하고 의사 또는 약사와 상의하십시오.
","습기와 빛을 피해 실온에서 보관하십시오.

어린이의 손이 닿지 않는 곳에 보관하십시오.
"
8806534039514 ,콜드펜코프 10C,"1,000",6534039514,6534,0395,8806534039514,8806534039514,65340395,OK,201708197,OK,"이 약은 감기의 여러 증상(콧물, 코막힘, 재채기, 인후통, 기침, 가래, 오한(춥고 떨리는 증상), 발열, 두통, 관절통, 근육통)의 완화에 사용합니다.
","만 15세 이상 및 성인은 1회 2캡슐, 만 7세 이상~만 15세 미만은 1회 1 캡슐, 1일 3회 식후30분에 복용합니다.
","매일 세잔 이상 정기적 음주자가 이 약 또는 다른 해열진통제를 복용할 때는 의사 또는 약사와 상의하십시오. 간손상을 일으킬 수 있습니다.

매우 드물게 치명적일 수 있는 급성전신발진고름물집증, 스티븐스-존슨증후군, 독성표피괴사용해와 같은 중대한 피부반응이 보고되었고 이 약 복용 후 피부발진 또는 다른 과민반응의 징후가 나타나는 경우 즉시 복용을 중단하십시오.

아세트아미노펜으로 일일 최대 용량(4,000 mg)을 초과하여 복용하지 마십시오. 간손상을 일으킬 수 있습니다. 아세트아미노펜을 포함하는 다른 제품과 함께 복용하지 마십시오.
","아세트아미노펜을 포함하는 다른 제품, MAO억제제(항우울제, 항정신병제, 감정조절제, 항파킨슨제 등), 진해(기침을 그치게 함)거담제(가래약), 다른 감기약, 해열진통제, 진정제, 항히스타민제를 함유하는 내복약(비염용 경구제, 멀미약, 알레르기용약)과 함께 복용하지 마십시오. 

당뇨약, 통풍약, 관절염약, 항응고제, 스테로이드제, 바르비탈계 약물, 삼환계 항우울제 및 알코올을 투여한 환자는 의사 또는 약사와 상의하십시오.
","발진·발적, 가려움, 구역·구토, 식욕부진, 변비, 부종, 배뇨곤란, 지속적이거나 심한 목마름, 어지러움, 쇽 증상(드물게 복용후 두드러기, 부종, 가슴답답함 등과 함께 안색이 창백하고, 손발이 차고, 식은땀, 숨쉬기 곤란함), 피부점막안증후군(스티븐스-존슨증후군), 독성표피괴사용해(고열을 동반하고, 발진·발적, 화상과 같이 물집이 생기는 심한 증상), 천식, 전신의 나른함, 황달, 간질성폐렴(기침을 동반하고, 숨이 차고, 호흡곤란, 발열) 등이 나타나는 경우 복용을 즉각 중지하고 의사 또는 약사와 상의하십시오.
","습기와 빛을 피해 실온에서 보관하십시오.

어린이의 손이 닿지 않는 곳에 보관하십시오.
"
8806534047816 ,카리토포텐 60C,"35,000",6534047816,6534,0478,8806534047816,8806534047816,65340478,OK,200807172,NO_ITEM,,,,,,
8806534047830 ,카리토포텐 100C,"50,000",6534047830,6534,0478,8806534047830,8806534047830,65340478,OK,200807172,NO_ITEM,,,,,,
8806534048325 ,마데카솔겔 10g,"7,500",6534048325,6534,0483,8806534048325,8806534048325,65340483,OK,202101213,NO_ITEM,,,,,,
8806534048332 ,마데카솔겔 20g,"12,000",6534048332,6534,0483,8806534048332,8806534048332,65340483,OK,202101213,NO_ITEM,,,,,,
8806534049018 ,트로앤텍 스프레이 30ml,"6,500",6534049018,6534,0490,8806534049018,8806534049018,65340490,OK,202105353,OK,,"성인 및 만 12세 이상 소아는 1회 1~2번, 1일 3~5회 분무합니다.

사용간격은 최소 2시간 이상으로 합니다.

이 약이 일정하게 분무될 수 있도록 사용 전 수회 시험분사합니다.
",,"다른 살균제와 함께 사용하지 마십시오.
","구강 점막 작열감, 가벼운 감각 감퇴, 국소 자극 증상, 드물게 두드러기, 감광성 및 기관지 경련 등의 증상이 나타날 수 있습니다.
","25℃ 이하에서 보관하십시오.

어린이의 손이 닿지 않는 곳에 보관하십시오.
"
8806534049124 ,리클란점안액0.5mL 30관,"12,000",6534049124,6534,0491,8806534049124,8806534049124,65340491,OK,201707283,OK,"이 약은 영양부족으로 인한 각막, 결막의 궤양성 질환에 영양공급, 콘택트렌즈 착용 등으로 인한 각막, 결막의 미세손상에 사용합니다.","1일 2~4회, 1회 2~3방울 점안합니다.점안 후 남은액과 용기는 버립니다.",,,과민반응이 나타나는 경우 사용을 즉각 중지하고 의사 또는 약사와 상의하십시오.,습기와 빛을 피해 실온에서 보관하십시오.어린이의 손이 닿지 않는 곳에 보관하십시오.
8806534053916 ,사라펜쿨 대형 7매,"3,000",6534053916,6534,0539,8806534053916,8806534053916,65340539,OK,202301761,OK,"이 약은 골관절염, 어깨관절 주위염, 힘줄 및 힘줄윤활막염, 힘줄주위염, 팔꿈치 통증(테니스엘보 등), 근육통, 외상 후 부기 및 통증에 사용합니다.
","환부에 1회 1매씩, 1일 1회 부착합니다.
",,"이 약을 사용하는 동안 디클로페낙 제제 혹은 비스테로이드 소염제(항염증제)를 국소적으로 적용하거나 복용하지 마십시오.

뉴퀴놀론계 항균제(에녹사신 등), 루프 이뇨제(푸로세미드 등), 티아자이드계 이뇨제, 지혈을 방해하는 약물(와파린 등), 항혈소판제(아스피린 등), 선택적 세로토닌 재흡수 억제제 및 세로토닌 노르에피네프린 재흡수 억제제를 투여하는 환자는 의사 또는 약사와 상의하십시오.
","때때로 피부염, 가려움, 충혈되어 붉어짐, 거칠어짐, 자극감 등이 나타나는 경우 사용을 즉각 중지하고 의사 또는 약사와 상의하십시오.

광선과민반응, 부종(부기), 피부박탈, 습진, 피부건조, 드물게 수포형성, 색소침착, 드물게 아낙필락시스 증상(두드러기, 혈관부종, 호흡곤란 등) 등이 나타나는 경우 사용을 즉각 중지하고 의사 또는 약사와 상의하십시오.

접촉피부염과 같은 중대한 피부 이상반응, 위 또는 장관의 출혈, 궤양 및 천공을 포함하는 중대한 위장관계 이상반응이 나타나는 경우 사용을 즉각 중지하고 의사 또는 약사와 상의하십시오.
","습기와 빛을 피해 실온에서 보관하십시오.

어린이의 손이 닿지 않는 곳에 보관하십시오.
"
8806534054111 ,센스팟 크림 20g,"9,000",6534054111,6534,0541,8806534054111,8806534054111,65340541,OK,202302160,OK,"이 약은 여드름, 뾰루지에 사용합니다.
","비누 등으로 세안 후 적당량을 1일 수회 환부(질환 부위)에 도포하여 사용합니다.
",,,"국소적인 피부자극감(예: 발진(충혈되어 붉어짐), 가려움, 건조, 작열감(화끈감), 자극감(따끔따끔), 부기)이 나타나는 경우 사용을 즉각 중지하고 의사 또는 약사와 상의하십시오.

증상의 개선이 나타나지 않을 경우에는 사용을 중지하고 약사 또는 의사와 상의하십시오.
","습기와 빛을 피해 실온에서 보관하십시오.

어린이의 손이 닿지 않는 곳에 보관하십시오.

사용기한을 넘긴 제품은 사용하지 마십시오.
"
8806534054814 ,코즈굿 30ml,"12,000",6534054814,6534,0548,8806534054814,8806534054814,65340548,OK,202302903,OK,"이 약은 코점막 보습 및 보호에 사용합니다.
","1회 1~2번씩, 1일 3회 좌우 코 안에 뿌리십시오.
",,"코에 적용하는 다른 제품을 함께 사용하는 경우 30분 이상의 간격을 두십시오. 그리고 이 약은 마지막에 사용하십시오.
","이 약에는 벤잘코늄염화물이 함유되어 있어, 기관지 경련을 일으킬 수 있습니다.
","습기와 빛을 피해 실온에서 보관하십시오.

어린이의 손이 닿지 않는 곳에 보관하십시오.

사용 후 용기를 닦고 뚜껑을 닫으십시오.
"
8806534056719 ,인사큐어액 10ml x 10P,"10,000",6534056719,6534,0567,8806534056719,8806534056719,65340567,OK,202401124,OK,"이 약은 치육점막이 상승된 히알루론산 농도를 필요로 하는 치은염, 잇몸출혈과 같은 염증상태와 스케일링, 박리, 발치, 외과적 처치후와 같은 외상성 상태의 치료에 사용합니다.
","식사 후 양치 후 1일 3~4회, 3~4주 동안 모든 증상이 소실될 때까지 지속적으로 사용하십시오.

사용 시 1~2분간 10 ml 정도로 입안을 헹구십시오. 단, 희석하여 사용하지 마십시오.
",,,,"온도, 햇볕, 습도 등을 주의하여 실온에서 보관하십시오.

어린이의 손이 닿지 않는 곳에 보관하십시오.
"
8806534057716 ,센스킨 20g,"5,000",6534057716,6534,0577,8806534057716,8806534057716,65340577,OK,202401650,NO_ITEM,,,,,,
8806534059512 ,센스힐겔 20g,"7,000",6534059512,6534,0595,8806534059512,8806534059512,65340595,OK,202500789,NO_ITEM,,,,,,
8806534060112 ,치센정 60T,"40,000",6534060112,6534,0601,8806534060112,8806534060112,65340601,OK,202501166,NO_ITEM,,,,,,
8806534060228 ,아르기샷 20ml x 5P,"6,000",6534060228,6534,0602,8806534060228,8806534060228,65340602,OK,202501015,NO_ITEM,,,,,,
8806534061416 ,오라비텐 액티브 정 20T,"8,000",6534061416,6534,0614,8806534061416,8806534061416,65340614,OK,202502162,NO_ITEM,,,,,,
8806537002461 ,마그밀 210T,"12,000",6537002461,6537,0024,8806537002461,8806537002461,65370024,OK,197400246,OK,"이 약은 위·십이지장궤양, 위염, 위산과다의 제산작용 및 증상의 개선, 변비증에 사용합니다.
","위.십이지장궤양, 위염, 위산과다에는 산화마그네슘으로서 1일 2~5정(1~2.5 g)을 수회(여러 차례) 분할 복용, 변비증에는 1일 2~4정(1~2 g)을 1~2회 분할 복용합니다.

연령, 증상에 따라 적절히 증감합니다.
",,"테트라사이클린계 항생물질을 함께 복용하지 마십시오.

다량의 우유, 칼슘제제와 함께 복용 시 우유 알칼리 증후군(고칼슘혈증, 고질소혈증, 알칼리증 등)이 나타날 수 있으므로 의사 또는 약사와 상의하십시오.
","마그네슘 중독증상, 때때로 설사 등이 나타날 수 있습니다.
","습기와 빛을 피해 실온에서 보관하십시오.

어린이의 손이 닿지 않는 곳에 보관하십시오.
"
8806541001108 ,[유씨]지르텍10mg10정,"4,500",6541001108,6541,0011,8806541001108,8806541001108,65410011,OK,200610765,OK,"이 약은 계절성 및 다년성 알레르기성 비염, 알레르기성 결막염, 만성 특발성 두드러기, 피부가려움증과 하이드로코티손 외용제와 병용에 의한 습진, 피부염에 사용합니다.
","성인 및 6세 이상의 소아는 1일 1회 1정(10 mg)을 취침 전에 복용하고, 이상반응에 민감한 환자의 경우는 1/2정(5 mg)씩을 아침, 저녁에 분할 복용합니다.

연령, 증상에 따라 적절히 증감합니다.

신장애 환자의 투여 간격은 환자의 신기능에 따라 조절되어야 하고, 신장애를 가진 소아 환자는 환자의 신 청소율과 체중을 고려하여 개별적으로 용량을 조절해야 하므로 자세한 사항은 허가사항을 참고하십시오.
",,"테오필린, 리토나비르와 함께 복용하지 마십시오.

과량의 알코올과 함께 복용하지 마십시오.
","졸음, 두통, 때때로 권태감, 마비감, 무력증, 초조, 감각이상, 드물게 가볍고 일시적인 나른함, 피로, 어지러움, 머리무거움, 흥분, 경련, 운동이상, 근육긴장이상, 실신, 떨림, 공격성, 혼돈, 우울, 환각, 불면증, 틱 장애, 기억상실, 기억장애, 자살관념, 악몽, 때때로 목마름, 입술건조감, 구역, 식욕부진, 위부불쾌감, 소화불량, 복통, 위통, 복부불쾌감, 설사, 드물게 구토, 위장장애, 입술염, 미각이상, 식욕증진, 드물게 빠른맥, 부정맥, 혈압상승, 때때로 두근거림, 혈관염, 때때로 백혈구 감소, 호중구 감소, 림프구 증가, 호산구 증가, 드물게 단구 증가, 혈소판 증가, 혈소판 감소, 광과민증, 드물게 과민증 및 과민성 쇼크, 때때로 부기, 가려움, 발진, 드물게 두드러기, 혈관신경성부종, 고정약물발진, 급성전신발진농포증, 드물게 흐린 시력, 결막충혈, 안조절 장애, 전후축의 안구운동, 현기증, 때때로 AST, ALT, ALP, 총빌리루빈, -GTP, LDH의 상승 등 간기능 장애, 황달, 간염, BUN 상승, 당뇨, 피섞인 소변, 드물게 배뇨 곤란, 야뇨증, 소변고임, 관절통, 인두염, 기침, 코피, 기관지경련, 청력이상, 시각이상, 때때로 가슴통증, 드물게 월경불순, 귀울림, 비염, 체중 증가가 나타나는 경우 복용을 즉각 중지하고 의사 또는 약사와 상의하십시오.

이 약 투여 중단 후 가려움증, 두드러기가 나타날 수 있습니다.
","실온에서 보관하십시오.

어린이의 손이 닿지 않는 곳에 보관하십시오.
"
8806543018913 ,[광동] 알지렉스 10T,"1,500",6543018913,6543,0189,8806543018913,8806543018913,65430189,OK,199801849,OK,"이 약은 계절성 및 다년성 알레르기성 비염, 알레르기성 결막염, 만성 특발성 두드러기, 피부소양증과 하이드로코티손 외용제와 병용에 의한 습진, 피부염에 사용합니다.
","성인 및 6세 이상의 소아는 1일 1회 1정(10 mg)을 취침 전에 복용하고, 이상반응에 민감한 환자의 경우는 1/2정(5 mg)씩을 아침, 저녁에 분할 복용합니다.

연령, 증상에 따라 적절히 증감합니다.

신장애 환자의 투여 간격은 환자의 신기능에 따라 조절되어야 하고, 신장애를 가진 소아 환자는 환자의 신 청소율과 체중을 고려하여 개별적으로 용량을 조절해야 하므로 자세한 사항은 허가사항을 참고하십시오.
",,"이 약을 복용하는 동안 테오필린, 리토나비어, 과량의 알코올과 함께 복용하지 마십시오. 
","졸음, 두통, 때때로 권태감, 마비감, 무력증, 초조, 감각이상, 드물게 가볍고 일시적인 나른함, 피로, 어지러움, 머리무거움, 흥분, 경련, 운동이상, 근육긴장이상, 실신, 떨림, 공격성, 혼돈, 우울, 환각, 불면증, 틱 장애, 기억상실, 기억장애, 자살관념, 악몽, 때때로 목마름, 입술건조감, 구역, 식욕부진, 위부불쾌감, 소화불량, 복통, 위통, 복부불쾌감, 설사, 드물게 구토, 위장장애, 입술염, 미각이상, 식욕증진, 드물게 빠른맥, 부정맥, 혈압상승, 때때로 두근거림, 혈관염, 때때로 백혈구 감소, 호중구 감소, 림프구 증가, 호산구 증가, 드물게 단구 증가, 혈소판 증가, 혈소판 감소, 광과민증, 드물게 과민증 및 과민성 쇼크, 때때로 부기, 가려움, 발진, 드물게 두드러기, 혈관신경성부종, 고정약물발진, 급성전신발진농포증, 드물게 시야 흐림, 결막충혈, 안조절 장애, 안운동발작, 현기증, 때때로 AST, ALT, ALP, 총빌리루빈, -GTP, LDH의 상승 등 간기능 장애, 황달, 간염, BUN 상승, 당뇨, 피섞인 소변, 드물게 배뇨 곤란, 야뇨증, 소변고임, 관절통, 근육통, 인두염, 기침, 코피, 기관지경련, 청력이상, 시각이상, 때때로 가슴통증, 드물게 월경불순, 귀울림, 비염, 체중 증가가 나타나는 경우 복용을 즉각 중지하고 의사 또는 약사와 상의하십시오.

이 약 복용 중단 후 가려움증, 두드러기등이 나타날 수 있습니다.
","실온에서 보관하십시오.

어린이의 손이 닿지 않는 곳에 보관하십시오.
"
8806557002717 ,엘크라넬알파액 100ml,"38,000",6557002717,6557,0027,8806557002717,8806557002717,65570027,OK,200806541,OK,"이 약은 경증 여성형 탈모증(안드로젠탈모증), 경증 남성형 탈모증(안드로젠탈모증)의 치료에 사용합니다.
","1회 3 mL씩, 1일 1회 어플리케이터를 이용하여 질환부위에 바른 후 약 1분간 마사지하여 약이 잘 흡수되도록 합니다.

증상의 개선이 관찰되면 2~3일에 1회로 사용횟수를 줄일 수 있습니다.

이 약은 외용제로서 두피에만 사용합니다.
",,,"피부 불편감, 화끈감, 홍반, 가려움, 발진, 폐경 후 출혈, 두통 등이 나타나는 경우 사용을 즉각 중지하고 의사 또는 약사와 상의하십시오.
","습기와 빛을 피해 실온에서 보관하십시오.

어린이의 손이 닿지 않는 곳에 보관하십시오.
"
8806574000239 ,나라마이드산 20g,"5,000",6574000239,6574,0002,8806574000239,8806574000239,65740002,OK,200300338,OK,"이 약은 베인상처, 긁힌상처, 쓸린상처에 사용합니다.",1일 수회 적당량을 환부에 산포합니다.,,,"이 약의 사용으로 인해 발진·발적, 가려움 등의 증상이 나타나는 경우 사용을 중지하고 약사나 의사와 상의하십시오.",습기와 빛을 피해 실온에서 보관하십시오.어린이의 손이 닿지 않는 곳에 보관하십시오.
8806574000314 ,데오클렌 30ml,"8,000",6574000314,6574,0003,8806574000314,8806574000314,65740003,OK,200701561,OK,"이 약은 겨드랑이, 손, 발의 다한증(땀과다증)에 사용합니다.",저녁에 적용 부위에 적당량을 바른 후 다음날 아침 물로 씻어 제거합니다.발한(땀이 남)이 멈출 때까지는 매일 밤 한번씩 사용하고 증상이 호전(나아짐)될 경우에는 일주일에 1~2회로 줄입니다.,,,"매우 흔하게 일시적 적용부위 자극감이나 발적(충혈되어 붉어짐), 드물게 피부염을 포함한 적용부위 과민반응, 통증, 가려움증, 홍반, 발진 및 피부 작열감(화끈감) 등이 나타나는 경우 사용을 즉각 중지하고 의사 또는 약사와 상의하십시오.",습기와 빛을 피해 25℃ 이하에서 보관하십시오.
8806574002615 ,포비돈 소독액 25ml,"1,000",6574002615,6574,0026,8806574002615,8806574002615,65740026,OK,199900422,OK,"이 약은 찢긴 상처, 화상, 창상(상처), 욕창의 살균소독, 궤양, 농양(고름집)의 살균소독, 감염피부면의 소독, 수술 부위의 살균소독, 주사 및 카테터부위의 소독에 사용합니다.",1일 수회(여러 차례) 환부(질환 부위)에 적당량을 바릅니다.,,"과산화수소를 함께 사용하지 마십시오.리튬제제, 클로르헥시딘, 설파디아진 은화합물, 알칼리, 수은을 함유한 제제, 효소성분의 상처치료제를 함께 사용 시 의사 또는 약사와 상의하십시오.","드물게 아나필락시양 증상(호흡곤란, 조홍, 두드러기 등), 요오드진, 때때로 동통, 가려움, 자극감, 발진, 발적, 피부염, 드물게 작열감, 피부궤양, 접촉피부염, 피부변색이 나타나는 경우 사용을 즉각 중지하고 의사 또는 약사와 상의하십시오.",빛을 피해 실온에서 보관하십시오.
8806574003315 ,애니클렌액 50ml,"4,000",6574003315,6574,0033,8806574003315,8806574003315,65740033,OK,200607484,OK,"이 약은 긁힌 상처, 베인 상처, 창상, 손 및 손가락의 살균과 소독, 치질인 경우 항문 살균 및 소독에 사용합니다.",1일 수회 환부(질환 부위)에 적당량을 바릅니다.,,비누를 사용할 경우에는 사전에 충분히 씻어낸 후에 사용하십시오.,"드물게 쇽 증상(구역, 불쾌감, 식은땀, 어지러움, 답답함, 호흡곤란, 발작), 과민증상(때때로 발진, 두드러기, 가려움, 부종) 등이 나타나는 경우 사용을 즉각 중지하고 의사 또는 약사와 상의하십시오.",습기와 빛을 피해 실온에서 보관하십시오.어린이의 손이 닿지 않는 곳에 보관하십시오.
8806574003537 ,성광 티눈액 15ml,"2,000",6574003537,6574,0035,8806574003537,8806574003537,65740035,OK,200300337,OK,"이 약은 티눈, 못(굳은살)에 사용합니다.",이전에 생성된 피막을 제거한 후 1일 1~2회 적당량을 환부에 바릅니다.,,,"발진, 발적(충혈되어 붉어짐), 가려움, 도포한 부위에 주름 모양의 흔적 등이 나타나는 경우 사용을 즉각 중지하고 의사 또는 약사와 상의하십시오.",습기와 빛을 피해 실온에서 보관하십시오.어린이의 손이 닿지 않는 곳에 보관하십시오.화기 근처에 두지 마십시오.
8806574006811 ,세네풀에스액 30ml,"1,000",6574006811,6574,0068,8806574006811,8806574006811,65740068,OK,201210143,OK,"이 약은 베인상처, 창상(상처), 긁힌 상처면의 살균소독, 치질의 경우 항문 살균소독에 사용합니다.
","1일 수회(여러 차례) 환부(질환 부위)에 뿌리거나 가아제 또는 탈지면에 적셔서 바릅니다.
",,,"발진, 발적, 가려움, 부종 등이 나타나는 경우 사용을 즉각 중지하고 의사 또는 약사와 상의하십시오.
","습기와 빛을 피해 실온에서 보관하십시오.

어린이의 손이 닿지 않는 곳에 보관하십시오.
"
8806574007719 ,물린더겔(튜브) 20g,"3,500",6574007719,6574,0077,8806574007719,8806574007719,65740077,OK,201307343,OK,"이 약은 가려움, 벌레물린데, 두드러기, 땀띠, 옻 등에 의한 접촉피부염, 동창, 습진, 피부염, 미란(진무름)에 사용합니다.",1일 수회 환부에 바릅니다.,,,"발진ㆍ발적, 가려움, 부종, 무좀ㆍ백선 등의 백선증, 여드름, 화농증상 또는 지속적인 자극감 등이 나타나는 경우에는 사용을 중지하고 의사 또는 약사와 상의하십시오.빈도불명의 시야흐림이 나타날 수 있습니다.",습기와 빛을 피해 실온에서 보관하십시오.어린이의 손이 닿지 않는 곳에 보관하십시오.화기 근처에 두지 마십시오.휘발성이므로 사용 후에는 뚜껑을 잘 닫으십시오.
8806574008020 ,스웨트롤 패드액 5EA,"15,000",6574008020,6574,0080,8806574008020,8806574008020,65740080,OK,201308277,OK,이 약은 안면 다한증(땀과다증)에 사용합니다.,"성인은 1일 1회, 이 약 1매를 눈, 코, 입을 제외한 안면 환부(질환 부위)에 가볍게 5회 정도 문지릅니다.이 약은 적용하기 전에 환부를 깨끗이 씻고 충분히 건조시켜야 하며, 적용 후 4시간 이내에는 환부를 씻지 말아야 합니다.",,,"동공확대, 시야흐림, 어지러움, 두통, 발진, 자극감, 입마름증이 나타나는 경우 사용을 즉각 중지하고 의사 또는 약사와 상의하십시오.",실온에서 보관하십시오.어린이의 손이 닿지 않는 곳에 보관하십시오.
8806574011013 ,포비딘 인후스프레이 50ml,"7,000",6574011013,6574,0110,8806574011013,8806574011013,65740110,OK,201507217,OK,"이 약은 구강내 살균소독, 인두염, 후두염, 구내염, 발치후 및 구내수술 후 살균소독, 구취증에 사용합니다.
","1일 수회 적당량을 분사도포합니다.
",,,"폐렴, 때때로 구강, 인두의 자극감, 구역, 드물게 구강(입안)점막미란(짓무름), 입안의 헐음, 접촉 피부염, 불쾌감, 매우 드물게 혈관부종 등이 나타나는 경우 사용을 즉각 중지하고 의사 또는 약사와 상의하십시오.

발진, 갑자기 가려움, 부종, 가슴쓰림 등과 동시에 안색창백, 수족냉감, 식은 땀, 숨가뿜 등의 과민증상, 아낙필락시양 증상 등이 나타나는 경우 사용을 즉각 중지하고 의사의 진료를 받으십시오.

이 약의 사용 중에는 갑상선 기능이 가역적으로 변화할 수 있습니다.
","빛을 피해 실온에서 보관하십시오.

어린이의 손이 닿지 않는 곳에 보관하십시오.

사용 전 열을 가하지 마십시오.
"
8806574014335 ,[퍼슨]치치엔 더블유크림 2g x 10개,"18,000",6574014335,6574,0143,8806574014335,8806574014335,65740143,OK,201901128,OK,"이 약은 치열·치핵의 아픔, 가려움, 부종(부기), 출혈의 일시적 완화에 사용합니다.
","도포하는 경우 1일 3회의 범위 내에서 환부에 직접 바릅니다.

주입하는 경우 성인 및 15세 이상 청소년은 1회 2 g씩, 1일 3회의 범위 내에서 직장내 삽입하여 주입합니다.
",,"dl-메틸에페드린염산염, 스코폴리아 엑스 및 글리시리진산 함유 좌제 또는 연고제, 크림제, 혈압강하제, 항우울약과 함께 사용하지 마십시오.
","충혈되어 붉어짐, 부종(부기), 자극감, 화농(곪음), 알레르기 반응(발진, 충혈되어 붉어짐, 가려움 등), 출혈, 빈도불명의 시야흐림 등이 나타나는 경우 사용을 즉각 중지하고 의사 또는 약사와 상의하십시오.
","습기와 빛을 피해 실온에서 보관하십시오.

어린이의 손이 닿지 않는 곳에 보관하십시오.
"
8806574015318 ,헤리엔톡크림 5g,"6,000",6574015318,6574,0153,8806574015318,8806574015318,65740153,OK,201908393,OK,"이 약은 재발성 구순포진의 초기 치료에 사용합니다.
","성인은 환부의 가장자리까지 충분히 적용할 수 있는 적당량으로 하여 1일 5회, 5일동안 사용합니다.

이 약의 치료기간은 5일 이내로 제한합니다.

치료는 초기증상 및 증후가 보이는 즉시 가능한 빨리 시작합니다.
",,"프로베네시드와 함께 사용 시 의사 또는 약사와 상담하십시오.
","흔하게 건조감, 피부 벗겨짐, 때때로 일시적인 작열감, 저림, 드물게 홍반, 색소침착, 염증의 증상 및 증후를 포함하는 적용부위반응, 접촉성피부염, 전염성 농가진, 모낭염, 칸디다증, 백선, 모낭염, 부스럼, 피부자극, 자통, 발열, 작열감, 발진, 발적, 홍조, 가려움, 피부건조, 농포성피부염, 알레르기성 접촉피부염, 땀띠, 한진, 상처악화, 욕창, 농포증, 안검피부에 사용시 안압 상승, 녹내장, 빈도불명의 시야흐림 등이 나타나는 경우 사용을 즉각 중지하고 의사 또는 약사와 상의하십시오.
","실온에서 보관하십시오.

어린이의 손이 닿지 않는 곳에 보관하십시오.
"
8806574015523 ,페리톡겔 10g,"7,000",6574015523,6574,0155,8806574015523,8806574015523,65740155,OK,202001085,OK,이 약은 의치 자극이나 입안의 궤양으로 인한 통증 완화에 사용합니다.,"면봉이나 깨끗한 손으로 소량을 덜어 통증 부위에 바릅니다.20분 이상 기다려도 통증이 계속되는 경우에는 추가로 이 약을 사용할 수 있으며, 그 후에는 3시간 이상 간격을 두고 사용합니다.",,"시메티딘, 프로프라놀롤, 이뇨제와 함께 사용 시 의사 또는 약사와 상의하십시오.",,습기와 빛을 피해 실온(1~25 ℃)에서 보관하십시오.어린이의 손이 닿지 않는 곳에 보관하십시오.
8806574015714 ,듀오케어액 15ml,"5,000",6574015714,6574,0157,8806574015714,8806574015714,65740157,OK,202001351,OK,"이 약은 사마귀, 티눈, 못(굳은살)에 사용합니다.","하루에 한번 환부(질환 부위)에 바릅니다.해당 부위를 따뜻한 물에 담근 뒤 완전히 말리고 부석이나 손톱 다듬는 줄로 사마귀, 티눈 또는 굳은살의 표면을 부드럽게 문질러 단단한 피부를 제거합니다.제공된 도포용 도구를 사용하여 환부에 이 약을 몇 방울을 조심스럽게 바르고 다음 방울을 바르기 전에 말립니다.도포용 도구로 환부에만 바르도록 주의하며 발바닥의 사마귀는 반창고로 덮고 24 시간 동안 그대로 둡니다.반창고를 먼저 제거한 후 매일 절차를 반복합니다.",,,심각하거나 지속적인 통증 및 자극이 나타나는 경우 사용을 즉각 중지하고 의사 또는 약사와 상의하십시오.드물게 피부에 일시적인 잡티가 나타날 수 있습니다.,빛을 피해 실온(1~25 ℃)에서 보관하십시오.어린이의 손이 닿지 않는 곳에 보관하십시오.화기 근처에 두지 마십시오.사용 후 뚜껑을 꼭 닫아 보관하십시오.
8806574016711 ,스웨티브 센스 30ml,"8,000",6574016711,6574,0167,8806574016711,8806574016711,65740167,OK,202101302,OK,"이 약은 겨드랑이, 손, 발의 다한증(땀과다증)에 사용합니다.
","저녁에 적용 부위에 적당량을 바른 후 다음날 아침 물로 씻어 제거합니다.

발한이 멈출 때까지는 매일 밤 한 번씩 사용하고 증상이 호전(나아짐)될 경우 일주일에 1~2회로 줄이십시오.
",,,"일시적으로 자극감, 발적(충혈되어 붉어짐) 등이 나타나는 경우 사용을 즉각 중지하고 의사 또는 약사와 상의하십시오.
","습기와 빛을 피해 25℃ 이하에서 보관하십시오.

어린이의 손이 닿지 않는 곳에 보관하십시오.
"
8806575 034813,로페리,"2,000",6575034813,6575,0348,8806575034813,8806575034813,65750348,OK,201907189,OK,"이 약은 급성설사와 만성설사에 사용합니다.
","성인은 급성설사인 경우, 2캡슐(4 mg)을 복용하고, 유지량으로는 묽은 변이 있을 때마다 1캡슐(2 mg)씩을 복용합니다. 1일 상용량은 3~4캡슐(6~8 mg)이며, 1일 최대복용량은 8캡슐(16 mg)입니다. 만성설사인 경우, 초회량은 2캡슐(4 mg)을 복용하고, 설사가 치료될 때까지 묽은 변이 있을 때마다 1캡슐(2 mg)을 복용합니다. 그 이후에는 환자 개별적으로 필요에 맞도록 용량을 감소시킵니다. 1일 최적투여량이 결정되면 이를 1일 1회 또는 1일 2회로 나누어 복용합니다. 보통 유지용량은 1일 1~3캡슐(2~6 mg)이며, 1일 최대용량은 8캡슐(16 mg)입니다.

9~12세의 소아는 급성설사에 1캡슐(2 mg)을 복용하고, 유지량으로는 묽은 변이 있을 때마다 1캡슐(2 mg)씩을 복용합니다. 1일 최대용량은 3캡슐(6 mg)입니다.

연령, 증상에 따라 적절히 증감할 수 있습니다.
",,"퀴니딘, 리토나비르와 함께 복용 시 의사 또는 약사와 상의하십시오.
","매우 드물게 발진, 두드러기, 소양감, 이례적으로 혈관부종, 독성표피괴사용해(리엘증후군), 다형성 홍반, 스티븐스-존슨증후군을 포함하는 수포성 발진, 아나필락시스 쇽, 복통, 장폐색증, 복부팽만, 구역, 변비, 구토, 중독성 거대결장증을 포함하는 거대결장증, 고창, 소화불량, 뇨저류, 졸음, 어지러움 등이 나타날 수 있습니다.
","실온에서 보관하십시오.
"
8806575008814 ,이모나캡슐 10C,"2,000",6575008814,6575,0088,8806575008814,8806575008814,65750088,OK,200402546,OK,"이 약은 치주치료 후 치은염, 경·중등도 치주염의 보조치료에 사용합니다.","성인은 1회 1캡슐, 1일 3회 식후에 복용합니다.",,,"발진, 발적, 설사, 식욕부진, 위부불쾌감, 구역, 구토, 구내염, 피부점막안증후군(스티븐스-존슨증후군), 독성표피괴사용해(발열, 홍반, 가려움, 안충혈, 구내염 등의 증상, 전신의 피부, 입과 목의 점막에 고열을 동반하는 발진·발적, 화상모양의 수종 등의 중증의 증상) 등이 나타나는 경우 복용을 즉각 중지하고 의사 또는 약사와 상의하십시오.",실온에서 보관하십시오.어린이의 손이 닿지 않는 곳에 보관하십시오.
8806575034813 ,[경보] 로페리 10C,"2,000",6575034813,6575,0348,8806575034813,8806575034813,65750348,OK,201907189,OK,"이 약은 급성설사와 만성설사에 사용합니다.
","성인은 급성설사인 경우, 2캡슐(4 mg)을 복용하고, 유지량으로는 묽은 변이 있을 때마다 1캡슐(2 mg)씩을 복용합니다. 1일 상용량은 3~4캡슐(6~8 mg)이며, 1일 최대복용량은 8캡슐(16 mg)입니다. 만성설사인 경우, 초회량은 2캡슐(4 mg)을 복용하고, 설사가 치료될 때까지 묽은 변이 있을 때마다 1캡슐(2 mg)을 복용합니다. 그 이후에는 환자 개별적으로 필요에 맞도록 용량을 감소시킵니다. 1일 최적투여량이 결정되면 이를 1일 1회 또는 1일 2회로 나누어 복용합니다. 보통 유지용량은 1일 1~3캡슐(2~6 mg)이며, 1일 최대용량은 8캡슐(16 mg)입니다.

9~12세의 소아는 급성설사에 1캡슐(2 mg)을 복용하고, 유지량으로는 묽은 변이 있을 때마다 1캡슐(2 mg)씩을 복용합니다. 1일 최대용량은 3캡슐(6 mg)입니다.

연령, 증상에 따라 적절히 증감할 수 있습니다.
",,"퀴니딘, 리토나비르와 함께 복용 시 의사 또는 약사와 상의하십시오.
","매우 드물게 발진, 두드러기, 소양감, 이례적으로 혈관부종, 독성표피괴사용해(리엘증후군), 다형성 홍반, 스티븐스-존슨증후군을 포함하는 수포성 발진, 아나필락시스 쇽, 복통, 장폐색증, 복부팽만, 구역, 변비, 구토, 중독성 거대결장증을 포함하는 거대결장증, 고창, 소화불량, 뇨저류, 졸음, 어지러움 등이 나타날 수 있습니다.
","실온에서 보관하십시오.
"
8806581000543 ,한풍 드루산(갈근탕) 4g x 5p,"3,000",6581000543,6581,0005,8806581000543,8806581000543,65810005,OK,200000144,NO_ITEM,,,,,,
8806581004435 ,리버쿨환 1.2g x 120포,"60,000",6581004435,6581,0044,8806581004435,8806581004435,65810044,OK,200500106,OK,"이 약은 과음, 구역질(숙취, 악취로 인한 메슥거림), 구토, 식욕부진, 속이거북함, 위약, 소화촉진, 과식, 가슴답답함, 소화불량으로 인한 위부팽만감, 소화불량에 사용합니다.","15세 이상의 성인은 1일 3회, 1회 1포(1.2g) 식전 또는 식간에(식사때와 식사때 사이) 복용합니다.",,,,습기와 빛을 피해 실온에서 보관하십시오.어린이의 손이 닿지 않는 곳에 보관하십시오.
8806581005357 ,한풍 맥그론포 4g x 5p,"3,000",6581005357,6581,0053,8806581005357,8806581005357,65810053,OK,197900048,NO_ITEM,,,,,,
8806581006439 ,반사신 4g x 5p,"3,000",6581006439,6581,0064,8806581006439,8806581006439,65810064,OK,197600010,NO_ITEM,,,,,,
8806581009393 ,순심환 3g x 10P,"8,000",6581009393,6581,0093,8806581009393,8806581009393,65810093,OK,200100075,NO_ITEM,,,,,,
8806581016049 ,치지래 1.5g x 30P,"16,000",6581016049,6581,0160,8806581016049,8806581016049,65810160,OK,200500107,OK,"이 약은 치핵, 항문열상, 치출혈에 사용합니다.","15세 이상 성인은 1회 1포, 1일 2회 식후에 복용합니다.",이 약은 체내에서 페닐알라닌으로 대사되는 아스파탐이 함유되어 페닐알라닌의 섭취를 규제할 필요가 있는 페닐케톤뇨증 환자는 복용하지 마십시오.,,"피부에 발진, 발적, 가려움증, 식욕부진, 오심, 구토, 드물게 하리(설사)의 증상이 나타나는 경우 복용을 즉각 중지하고 의사 또는 약사와 상의하십시오.",습기와 빛을 피해 실온에서 보관하십시오.어린이의 손이 닿지 않는 곳에 보관하십시오.
8806581020022 ,한풍 공진단 10환,"380,000",6581020022,6581,0200,8806581020022,8806581020022,65810200,OK,200700036,NO_ITEM,,,,,,
8806581020053 ,한풍 공진단 3환,"130,000",6581020053,6581,0200,8806581020053,8806581020053,65810200,OK,200700036,NO_ITEM,,,,,,
8806581033350 ,[한풍] 은교산 2.3g x 5포,"4,000",6581033350,6581,0333,8806581033350,8806581033350,65810333,OK,200000172,NO_ITEM,,,,,,
8806581037471 ,한풍 청폐탕 4g x 5p,"3,000",6581037471,6581,0374,8806581037471,8806581037471,65810374,OK,198300041,NO_ITEM,,,,,,
8806581045162 ,한풍 향성파적환 미성 4g x 5p,"3,000",6581045162,6581,0451,8806581045162,8806581045162,65810451,OK,200902065,NO_ITEM,,,,,,
8806581050128 ,굿모닝에스 4.8g x 10P,"6,000",6581050128,6581,0501,8806581050128,8806581050128,65810501,OK,201206827,NO_ITEM,,,,,,
8806581076630 ,한풍 소청룡탕 4g x 5p,"3,000",6581076630,6581,0766,8806581076630,8806581076630,65810766,OK,197900011,NO_ITEM,,,,,,
8806581082563 ,평온액 20ml x 6P,"8,000",6581082563,6581,0825,8806581082563,8806581082563,65810825,OK,202104301,NO_ITEM,,,,,,
8806581082921 ,한풍 올가립(평위오령산) 3g x 6P,"3,000",6581082921,6581,0829,8806581082921,8806581082921,65810829,OK,202107896,NO_ITEM,,,,,,
8806581083928 ,트로겐 12g x 6p,"5,000",6581083928,6581,0839,8806581083928,8806581083928,65810839,OK,202202875,NO_ITEM,,,,,,
8806581086042 ,투엑스비 멀티플 120T,"58,000",6581086042,6581,0860,8806581086042,8806581086042,65810860,OK,202402285,NO_ITEM,,,,,,
8806581086639 ,아시원슬림산 90포,"60,000",6581086639,6581,0866,8806581086639,8806581086639,65810866,OK,202401595,NO_ITEM,,,,,,
8806581086844 ,천금고 60P(23g x 10P x 6EA),"140,000",6581086844,6581,0868,8806581086844,8806581086844,65810868,OK,202303398,NO_ITEM,,,,,,
8806582029110 ,리버타인액[비보존],"150,000",6582029110,6582,0291,8806582029110,8806582029110,65820291,OK,,NO_ITEMSEQ,,,,,,
8806582029113 ,리버타인액 (품절),"70,000",6582029113,6582,0291,8806582029113,8806582029113,65820291,OK,,NO_ITEMSEQ,,,,,,
8806582029130 ,리버타인액[비보존],"150,000",6582029130,6582,0291,8806582029130,8806582029130,65820291,OK,201506465,OK,이 약은 간질환의 보조 치료에 사용합니다.,성인은 1일 10~30 mL를 식간에 분할 복용합니다.이 약 10 mL를 약 반 컵의 물에 희석(묽게)하여 복용합니다.,,,,습기와 빛을 피해 실온에서 보관하십시오.어린이의 손이 닿지 않는 곳에 보관하십시오.
8806585001423 ,[익수] 취어스 75ml,"4,000",6585001423,6585,0014,8806585001423,8806585001423,65850014,OK,199601391,NO_ITEM,,,,,,
8806585002413 ,사향변방환,"10,000",6585002413,6585,0024,8806585002413,8806585002413,65850024,OK,198901282,NO_ITEM,,,,,,
8806585002512 ,무스콘변방환,"7,000",6585002512,6585,0025,8806585002512,8806585002512,65850025,OK,199901409,NO_ITEM,,,,,,
8806585002628 ,[익수] 용표 우황청심원액(엘무스콘) 50ml,"5,000",6585002628,6585,0026,8806585002628,8806585002628,65850026,OK,200001733,NO_ITEM,,,,,,
8806585002727 ,[익수] 용표 우황청심원 현탁액 50ml,"9,000",6585002727,6585,0027,8806585002727,8806585002727,65850027,OK,199401059,NO_ITEM,,,,,,
8806585004127 ,공진단 익수 30환,"1,200,000",6585004127,6585,0041,8806585004127,8806585004127,65850041,OK,200401697,NO_ITEM,,,,,,
8806585004134 ,공진단 익수 90환,"3,500,000",6585004134,6585,0041,8806585004134,8806585004134,65850041,OK,200401697,NO_ITEM,,,,,,
8806585004158 ,익수 공진단 1환,"40,000",6585004158,6585,0041,8806585004158,8806585004158,65850041,OK,200401697,NO_ITEM,,,,,,
8806585020417 ,공진단 현탁액 50ml 1병,"40,000",6585020417,6585,0204,8806585020417,8806585020417,65850204,OK,201707931,NO_ITEM,,,,,,
8806606002224 ,조아팝 6매입,"3,000",6606002224,6606,0022,8806606002224,8806606002224,66060022,OK,200109402,OK,"이 약은 퇴행성관절염(골관절염), 어깨관절주위염, 건ㆍ건초염, 상완골상과염(테니스 엘보우 등), 근육통, 외상후의 종창ㆍ동통의 진통ㆍ소염에 사용합니다.
","1일 2회 약면의 박리지를 떼어내 환부에 붙입니다.

적용부위의 땀을 닦아낸 후 사용하십시오.
",,,"때때로 발적, 발진, 약진, 가려움 및 작열감, 접촉피부염, 천신발작(건성수포음(거품소리), 천명(숨을 쌕쌕거림), 호흡곤란 등)이 나타나는 경우 사용을 즉각 중지하고 의사 또는 약사와 상의하십시오.
","빛을 피해 실온에서 보관하십시오.
"
8806612118759 ,로얄 알부민 미슬토 플라센타 맥스 25ml x 30v,"60,000",6612118759,6612,1187,8806612118759,8806612118759,66121187,OK,,NO_ITEMSEQ,,,,,,
8806613000176 ,가쁘레(인삼패독산) 5P,"3,000",6613000176,6613,0001,8806613000176,8806613000176,66130001,OK,200404344,NO_ITEM,,,,,,
8806613000664 ,건양탕(반하후박탕) 5P,"3,000",6613000664,6613,0006,8806613000664,8806613000664,66130006,OK,200005882,NO_ITEM,,,,,,
8806613020341 ,향성파적환 5P,"3,000",6613020341,6613,0203,8806613020341,8806613020341,66130203,OK,200005710,NO_ITEM,,,,,,
8806613022055 ,경혈환(계지복령환) 10P,"5,800",6613022055,6613,0220,8806613022055,8806613022055,66130220,OK,200005855,NO_ITEM,,,,,,
8806613023519 ,마이노신 (배농산급탕) 10c,"2,000",6613023519,6613,0235,8806613023519,8806613023519,66130235,OK,200005886,NO_ITEM,,,,,,
8806613024660 ,브르럭(청폐탕) 5p,"3,000",6613024660,6613,0246,8806613024660,8806613024660,66130246,OK,200005709,NO_ITEM,,,,,,
8806613026176 ,소폐탕(소청룡탕) 5P,"2,500",6613026176,6613,0261,8806613026176,8806613026176,66130261,OK,200404345,NO_ITEM,,,,,,
8806613026596 ,스토마큐(반하사심탕) 5P,"3,000",6613026596,6613,0265,8806613026596,8806613026596,66130265,OK,200005857,NO_ITEM,,,,,,
8806613027234 ,쎄파렉신캡슐(은교산){20C*50),"150,000",6613027234,6613,0272,8806613027234,8806613027234,66130272,OK,200210770,NO_ITEM,,,,,,
8806613027258 ,쎄파렉신캡슐(은교산) 20C,"3,000",6613027258,6613,0272,8806613027258,8806613027258,66130272,OK,200210770,NO_ITEM,,,,,,
8806613029474 ,용패탕(용담사간탕) 5P,"3,000",6613029474,6613,0294,8806613029474,8806613029474,66130294,OK,200005877,NO_ITEM,,,,,,
8806613030272 ,윤폐탕(맥문동탕) 5P,"3,000",6613030272,6613,0302,8806613030272,8806613030272,66130302,OK,200005808,NO_ITEM,,,,,,
8806613030876 ,장통환(정장제) 5P,"3,000",6613030876,6613,0308,8806613030876,8806613030876,66130308,OK,200104078,NO_ITEM,,,,,,
8806613032375 ,치감(갈근탕) 5P,"3,000",6613032375,6613,0323,8806613032375,8806613032375,66130323,OK,200005801,NO_ITEM,,,,,,
8806613035666 ,소체환 5P,"3,000",6613035666,6613,0356,8806613035666,8806613035666,66130356,OK,200801366,NO_ITEM,,,,,,
8806613046822 ,플레인(당귀수산) 120P,"50,000",6613046822,6613,0468,8806613046822,8806613046822,66130468,OK,201508039,NO_ITEM,,,,,,
8806613048819 ,스토마큐(반하사심탕) 10T,"2,000",6613048819,6613,0488,8806613048819,8806613048819,66130488,OK,201801286,NO_ITEM,,,,,,
8806613048826 ,스토마큐(반하사심탕) 20T,"4,000",6613048826,6613,0488,8806613048826,8806613048826,66130488,OK,201801286,NO_ITEM,,,,,,
8806613052328 ,센코프액 20ml x 5P,"3,000",6613052328,6613,0523,8806613052328,8806613052328,66130523,OK,201906129,OK,"이 약은 기침, 가래, 천식에 사용합니다.
","만 15세 이상은 1회 1포 (20 ml)씩을, 만 11세 이상~만 15세 미만은 1회 2/3포 (13.3 ml)씩을, 만 8세 이상~만 11세 미만은 1회 1/2포 (10 ml)씩을, 만 5세 이상~만 8세 미만은 1회 1/3포 (6.7 ml)씩을, 만 3세 이상~만 5세 미만은 1회 1/4포 (5 ml)씩을, 만 2세 이상~만 3세 미만은 1회 1/5포 (4 ml)씩을 1일 3회 식후 30분에 복용합니다.
",,"이 약을 복용하는 동안 다른 진해거담제, 항히스타민제를 함유하는 내복약을 복용하지 마십시오.

우울증, 파킨슨병 치료 등에 사용되는 MAO 억제제를 복용하고 있거나 복용을 중단한 후 2주 이내의 사람은 이 약을 복용하지 마십시오.

복용시에는 음주하지 마십시오.
","발진 및 충혈되어 붉어지는 발적, 가려움, 구역 및 구토, 식욕부진, 어지러움, 불안, 떨림, 불면 등이 나타나는 경우 이 약의 복용을 즉각 중지하고 의사 또는 약사와 상의하십시오.
","습기와 빛을 피해 실온에서 보관하십시오.

어린이의 손이 닿지 않는 곳에 보관하십시오.
"
8806613052724 ,소렉신(구풍해독탕) 5P,"3,500",6613052724,6613,0527,8806613052724,8806613052724,66130527,OK,201907618,NO_ITEM,,,,,,
8806613052731 ,소렉신(구풍해독탕) 10P,"6,000",6613052731,6613,0527,8806613052731,8806613052731,66130527,OK,201907618,NO_ITEM,,,,,,
8806613055312 ,이치원(청위산) 20C,"3,000",6613055312,6613,0553,8806613055312,8806613055312,66130553,OK,202000107,NO_ITEM,,,,,,
8806613058634 ,경방 패독산 5P,"3,000",6613058634,6613,0586,8806613058634,8806613058634,66130586,OK,202000990,NO_ITEM,,,,,,
8806613064833 ,평심액(천왕보심단) 15ml x 10P,"12,000",6613064833,6613,0648,8806613064833,8806613064833,66130648,OK,202005021,NO_ITEM,,,,,,
8806613065922 ,[일양] 마그란 리퀴드 20ml x 6P,"6,000",6613065922,6613,0659,8806613065922,8806613065922,66130659,OK,202007806,OK,"이 약은 육체피로, 임신·수유기, 병중·병후의 체력 저하 시 B2, B6의 보급과 구각염(입꼬리염), 구순염(입술염), 구내염(입안염), 설염(혀염), 습진, 피부염 증상의 완화와 마그네슘결핍으로 인한 근육경련에 사용합니다. 
","12세 이상 및 성인은 1회 20 mL씩, 1일 2회 식간에(식사때와 식사때 사이) 복용합니다. 
",,"인산염, 칼슘염, 경구용 테트라사이클린계 제제, 제산제, 레보도파와 함께 복용하지 마십시오.

항알도스테론제, 트리암테렌과 함께 복용 시 의사 또는 약사와 상의하십시오.

녹차, 홍차 등 탄닌을 함유하는 차는 복용 중, 복용 전후에는 피하십시오.
","붉은 반점, 설사, 부전수축(심장박동정지), 중추신경계 기능저하, 구역, 구토 등의 위장증상, 고나트륨혈증, 울혈심부전, 부종(부기) 등이 나타나는 경우 복용을 즉각 중지하고 의사 또는 약사와 상의하십시오.
","습기와 빛을 피해 실온에서 보관하십시오.

어린이의 손이 닿지 않는 곳에 보관하십시오.
"
8806613065939 ,[일양] 마그란 리퀴드 20ml x 30P,"30,000",6613065939,6613,0659,8806613065939,8806613065939,66130659,OK,202007806,OK,"이 약은 육체피로, 임신·수유기, 병중·병후의 체력 저하 시 B2, B6의 보급과 구각염(입꼬리염), 구순염(입술염), 구내염(입안염), 설염(혀염), 습진, 피부염 증상의 완화와 마그네슘결핍으로 인한 근육경련에 사용합니다. 
","12세 이상 및 성인은 1회 20 mL씩, 1일 2회 식간에(식사때와 식사때 사이) 복용합니다. 
",,"인산염, 칼슘염, 경구용 테트라사이클린계 제제, 제산제, 레보도파와 함께 복용하지 마십시오.

항알도스테론제, 트리암테렌과 함께 복용 시 의사 또는 약사와 상의하십시오.

녹차, 홍차 등 탄닌을 함유하는 차는 복용 중, 복용 전후에는 피하십시오.
","붉은 반점, 설사, 부전수축(심장박동정지), 중추신경계 기능저하, 구역, 구토 등의 위장증상, 고나트륨혈증, 울혈심부전, 부종(부기) 등이 나타나는 경우 복용을 즉각 중지하고 의사 또는 약사와 상의하십시오.
","습기와 빛을 피해 실온에서 보관하십시오.

어린이의 손이 닿지 않는 곳에 보관하십시오.
"
8806613066028 ,[일양] 오네론 20ml x 5P,"4,000",6613066028,6613,0660,8806613066028,8806613066028,66130660,OK,202008047,OK,"이 약은 멀미에 의한 어지러움, 구토, 두통의 예방 및 완화에 사용합니다.
","만 15세 이상은 1포씩, 만 11세이상~만 15세 미만은 2/3포씩, 만 7세 이상~만 11세 미만은 1/2포씩, 만 3세 이상~만 7세 미만은 1/3포씩 승차 30분 전에 1회 복용합니다.

필요시 추가 복용하는 경우에는 1회 복용량을 4시간 이상의 간격을 두고 복용합니다.

이 약의 하루 최대 복용횟수는 2회입니다.
",,"이 약을 복용하는 동안에는 다른 진토제, 감기약, 해열진통제, 항히스타민제, 진정제, 진해거담제, 위장진통∙진경제 등을 복용하지 마십시오.

이 약을 복용하는 동안에는 알코올 음료를 마시지 마십시오.
","발진, 충혈되서 붉어짐, 가려움, 두통, 안면홍조, 눈부심, 배뇨장애, 목마름, 변비 등이 나타나는 경우 이 약의 복용을 즉각 중지하고 의사 또는 약사와 상의하십시오.
","습기와 빛을 피해 실온에서 보관하십시오.

어린이의 손이 닿지 않는 곳에 보관하십시오.
"
8806613071237 ,쎄파렉신(은교산) 20g x 5P,"4,000",6613071237,6613,0712,8806613071237,8806613071237,66130712,OK,202303261,NO_ITEM,,,,,,
8806613072623 ,[경방] 반하사심탕시럽 20g x 5P,"5,000",6613072623,6613,0726,8806613072623,8806613072623,66130726,OK,202500681,NO_ITEM,,,,,,
8806616001712 ,두캅스-에이 10c,"2,500",6616001712,6616,0017,8806616001712,8806616001712,66160017,OK,200403642,OK,"이 약은 기침, 가래에 사용합니다.
","만 15세 이상 및 성인은 1회 1캡슐씩, 1일 3회 식후에 복용합니다.
",,"다른 진해거담제, 감기약, 항히스타민제를 함유하는 내복약(비염용 경구제, 멀미약, 알레르기용약), 진정제와 함께 복용하지 마십시오.

복용 중에는 음주하지 마십시오.
","발진·발적(충혈되어 붉어짐), 가려움, 구역·구토, 식욕부진, 어지러움, 배뇨곤란, 목마름(지속적이거나 심한), 불안, 떨림, 불면 등이 나타나는 경우 복용을 즉각 중지하고 의사 또는 약사와 상의하십시오.
","습기와 빛을 피해 실온에서 보관하십시오.

어린이의 손이 닿지 않는 곳에 보관하십시오.
"
8806616017539 ,헤모퀸탑연질캡슐[GC녹십자],"40,000",6616017539,6616,0175,8806616017539,8806616017539,66160175,OK,200403634,OK,"이 약은 철 결핍성 빈혈의 예방 및 치료와 육체피로, 임신·수유기, 병중·병후(병을 앓는 동안이나 회복 후)의 체력저하시 비타민 B6, C의 보급에 사용합니다.","만 8세 이상 및 성인은 1일1회, 1회 1캡슐을 식후에 복용합니다.",만 6세 이하의 어린이가 과량 복용시 철분 중독성 사망을 일으킬 수 있으므로 어린이의 손에 닿지 않는 곳에 보관하십시오.,"인산염, 칼슘염, 경구용 테트라사이클린계 제제, 제산제, 레보도파와 함께 복용하지 마십시오.항알도스테론제, 트리암테렌, 정주용 지질제와 함께 사용 시 의사 또는 약사와 상의하십시오.녹차, 홍차 등 탄닌을 함유하는 차는 복용 중, 복용 전후에는 피하십시오.","구역, 구토, 설사, 두드러기, 가려움, 광선과민반응, 복부·위통증, 경련, 열, 혼수 등이 나타나는 경우 복용을 즉각 중지하고 의사 또는 약사와 상의하십시오.",습기와 빛을 피해 실온에서 보관하십시오.어린이의 손이 닿지 않는 곳에 보관하십시오.
8806616031511 ,아르텍 10C,"2,000",6616031511,6616,0315,8806616031511,8806616031511,66160315,OK,200904666,OK,"이 약은 계절성 및 다년성 알레르기성 비염(코염), 알레르기성 결막염, 만성 특발성(원인 불명의) 두드러기, 피부 소양증(가려움증)에 사용합니다.
","만 6세 이상 및 성인은 1회 1캡슐(10 mg)씩, 1일 1회 취침 전에 복용하고 이상반응에 민감한 환자의 경우는 ½캡슐(5 mg)씩, 아침, 저녁에 복용합니다.

연령, 증상에 따라 적절히 증감합니다.

신장애 환자의 복용 간격은 환자의 신기능에 따라 조절되어야 하고, 신장애를 가진 소아 환자는 환자의 신 청소율과 체중을 고려하여 개별적으로 용량을 조절해야 하므로 기타 자세한 사항은 허가사항을 참고하십시오.
",,"테오필린, 리토나비르와 함께 복용하지 마십시오.

과량의 알코올과 함께 복용하지 마십시오.
","졸음, 두통, 때때로 권태감, 마비감, 무력증, 초조, 감각이상, 드물게 가볍고 일시적인 나른함, 피로, 어지러움, 머리무거움, 흥분, 경련, 운동이상, 근육긴장이상, 실신, 떨림, 공격성, 혼돈, 우울, 환각, 불면증, 틱 장애, 기억상실, 기억장애, 자살관념, 악몽, 때때로 목마름, 입술건조감, 구역, 식욕부진, 위부불쾌감, 소화불량, 복통, 위통, 복부불쾌감, 설사, 드물게 구토, 위장장애, 입술염, 미각이상, 식욕증진, 드물게 빠른맥, 부정맥, 혈압상승, 때때로 두근거림, 혈관염, 때때로 백혈구 감소, 호중구 감소, 림프구 증가, 호산구 증가, 드물게 단구 증가, 혈소판 증가, 드물게 혈소판 감소, 광과민증, 드물게 과민성 쇼크, 때때로 부기, 가려움, 발진, 드물게 두드러기, 혈관신경성부종, 고정약물발진, 급성전신발진고름물집증, 드물게 흐린 시력, 결막충혈, 안조절 장애, 전후축의 안구운동, 현기증, 간기능 장애(때때로 AST, ALT, ALP, 총빌리루빈, -GTP, LDH의 상승), 황달, 때때로 BUN 상승, 당뇨, 피섞인 소변, 드물게 배뇨 곤란, 야뇨증, 소변고임, 관절통, 인두염, 기침, 코피, 기관지경련, 청력이상, 시각이상, 때때로 가슴통증, 드물게 월경불순, 귀울림, 비염, 체중 증가가 나타나는 경우 복용을 즉각 중지하고 의사 또는 약사와 상의하십시오.

이 약 투여 중단 후 가려움증, 두드러기가 나타날 수 있습니다.
","실온에서 보관하십시오.

어린이의 손이 닿지 않는 곳에 보관하십시오.
"
8806616037513 ,기가렉스 10C,"2,000",6616037513,6616,0375,8806616037513,8806616037513,66160375,OK,201202397,OK,이 약은 가래 또는 기침을 유발하는 가래에 사용합니다.,"성인 및 15세 이상의 소아는 1회 2캡슐, 8세~14세 소아는 1회 1캡슐씩, 1일 3회 식후에 복용합니다.",,"다른 진해(기침을 그치게 함)·가래약, 감기약과 함께 복용하지 마십시오.","발진∙발적(충혈되어 붉어짐), 가려움, 구역∙구토, 식욕부진, 복통(배아픔), 두통, 혈담, 드물게 피부점막안증후군(스티븐스-존슨증후군), 독성표피괴사용해(고열을 동반하고, 발진∙발적, 화상과 같은 물집이 생기는 등의 심한 증상), 쇽 증상(복용 후 바로 두드러기, 부종(부기), 가슴답답함 등과 함께 안색이 창백하고, 손발이 차고, 식은 땀, 숨쉬기 곤란함), 전신의 나른함, 황달(피부 또는 눈의 흰자위가 황색을 띄게 됨) 등이 나타나는 경우 복용을 즉각 중지하고 의사 또는 약사와 상의하십시오.일시적으로 가래 양이 증가하는 경우가 있습니다.",습기와 빛을 피해 실온에서 보관하십시오.어린이의 손이 닿지 않는 곳에 보관하십시오.
8806616044719 ,클리어딘 10C,"2,000",6616044719,6616,0447,8806616044719,8806616044719,66160447,OK,201501029,OK,"이 약은 알레르기성 비염 증상(재채기, 콧물, 가려움, 눈의 작열감)의 일시적인 완화, 만성 특발성 두드러기 증상 완화에 사용합니다.",성인 및 12세 이상의 소아는 1일 1회 1캡슐(10 mg)을 복용합니다.6~12세 미만의 소아는 체중 30 kg이상인 경우 1일 1회 1캡슐(10 mg)을 복용합니다.,,"시메티딘, 에리트로마이신, 케토코나졸, 퀴니딘, 플루코나졸, 플루옥세틴과 함께 복용하지 마십시오.","진정작용, 항콜린작용, 두통, 실신, 졸음, 목마름, 위장장애(예: 구역, 위염), 식욕증진, 빈맥, 피로, 발진, 탈모증, 혈관부종을 포함한 아나필락시스, 간기능 장애, 상실성 부정빈맥, 두근거림, 어지러움, 경련 등이 나타나는 경우 복용을 즉각 중지하고 의사 또는 약사와 상의하십시오.",실온에서 보관하십시오.어린이의 손이 닿지 않는 곳에 보관하십시오.
8806631001421 ,굿뉴스 1Kit,"2,000",6631001421,6631,0014,8806631001421,8806631001421,66310014,OK,,NO_ITEMSEQ,,,,,,
8806638030110 ,밴드 이명래 고약 1g 3매,"4,000",6638030110,6638,0301,8806638030110,8806638030110,66380301,OK,200606411,NO_ITEM,,,,,,
8806696022621 ,루비락스 30P,"15,000",6696022621,6696,0226,8806696022621,8806696022621,66960226,OK,199701919,NO_ITEM,,,,,,
8806696022638 ,루비락스 과립 180P,"90,000",6696022638,6696,0226,8806696022638,8806696022638,66960226,OK,199701919,NO_ITEM,,,,,,
8806696024915 ,월드로신(은교산) 10C,"2,000",6696024915,6696,0249,8806696024915,8806696024915,66960249,OK,200712070,NO_ITEM,,,,,,
8806696024939 ,월드로신 20C,"3,500",6696024939,6696,0249,8806696024939,8806696024939,66960249,OK,200712070,NO_ITEM,,,,,,
8806696029323 ,요비신 20T,"3,000",6696029323,6696,0293,8806696029323,8806696029323,66960293,OK,200713170,NO_ITEM,,,,,,
8806696030015 ,구바파정 20T,"3,500",6696030015,6696,0300,8806696030015,8806696030015,66960300,OK,200801686,OK,"이 약은 육체피로, 임신ㆍ수유기, 병중ㆍ병후(병을 앓는 동안이나 회복 후)의 체력 저하 시 비타민 B2, B6, C의 보급과 구각염(입꼬리염), 구순염(입술염), 구내염(입안염), 설염(혀염), 습진, 피부염 증상의 완화에 사용합니다.","15세 이상 어린이 및 성인은 1회 2정씩, 1일 1회 복용합니다.",,레보도파와 함께 복용하지 마십시오.,"구역, 구토, 설사, 식욕부진, 복부팽만감 등이 나타나는 경우 복용을 즉각 중지하고 의사 또는 약사와 상의하십시오.",습기와 빛을 피해 실온에서 보관하십시오.어린이의 손이 닿지 않는 곳에 보관하십시오.
8806696031012 ,배노신 10C,"2,000",6696031012,6696,0310,8806696031012,8806696031012,66960310,OK,200804947,NO_ITEM,,,,,,
8806696031036 ,배노신 20C,"3,500",6696031036,6696,0310,8806696031036,8806696031036,66960310,OK,200804947,NO_ITEM,,,,,,
8806696032125 ,아이미산 90P,"60,000",6696032125,6696,0321,8806696032125,8806696032125,66960321,OK,200807832,NO_ITEM,,,,,,
8806696033610 ,스토마신 10C,"2,000",6696033610,6696,0336,8806696033610,8806696033610,66960336,OK,200900767,NO_ITEM,,,,,,
8806702000124 ,멘소래담 로션 100ml,"5,200",6702000124,6702,0001,8806702000124,8806702000124,67020001,OK,199806775,OK,"이 약은 삠, 타박상, 근육통, 관절통, 골절통, 요(허리)통, 어깨결림, 신경통, 류마티스통증, 피부 가려움, 벌레 물린데, 동창의 진통ㆍ소염에 사용합니다.
","1일 1~4회 환부(질환 부위)에 적당량을 바르십시오.
",,,"발진ㆍ발적, 가려움 등이 나타나는 경우 사용을 즉각 중지하고 의사 또는 약사와 상의하십시오.
","습기와 빛을 피해 실온에서 보관하십시오.

어린이의 손이 닿지 않는 곳에 보관하십시오.
"
8806702000131 ,멘소래담 로션 450ml,"16,000",6702000131,6702,0001,8806702000131,8806702000131,67020001,OK,199806775,OK,"이 약은 삠, 타박상, 근육통, 관절통, 골절통, 요(허리)통, 어깨결림, 신경통, 류마티스통증, 피부 가려움, 벌레 물린데, 동창의 진통ㆍ소염에 사용합니다.
","1일 1~4회 환부(질환 부위)에 적당량을 바르십시오.
",,,"발진ㆍ발적, 가려움 등이 나타나는 경우 사용을 즉각 중지하고 의사 또는 약사와 상의하십시오.
","습기와 빛을 피해 실온에서 보관하십시오.

어린이의 손이 닿지 않는 곳에 보관하십시오.
"
8806703040037 ,아프니벤큐 15ml x 12P,"8,000",6703040037,6703,0400,8806703040037,8806703040037,67030400,OK,201505730,OK,"이 약은 치은염(잇몸염), 구내염(입안염), 인두염 등의 구강인두의 염증, 치과 보존치료 또는 발치 후 염증의 완화에 사용합니다.","1회 15 mL, 1일 2~3회 원액 그대로 또는 소량의 물로 희석하여 입안을 헹구어 내거나 가글한 후 뱉습니다.",,이 약을 사용하는 동안 다른 소염진통제와 함께 사용하지 마십시오.,구강점막의 자극 또는 기침이 나타나는 경우 사용을 즉각 중지하고 의사 또는 약사와 상의하십시오.,실온에서 보관하십시오.어린이의 손이 닿지 않는 곳에 보관하십시오.
8806703049221 ,비코그린 에스플러스 40T,"8,000",6703049221,6703,0492,8806703049221,8806703049221,67030492,OK,202303434,OK,"이 약은 변비 및 변비에 따른 식욕부진, 복부팽만, 장내이상발효, 치질 증상의 완화에 사용합니다.
","만 15세 이상의 성인은 1회 1~2정씩, 1일 1회 취침 시에 복용합니다.

초회는 최소량을 복용하고, 변의 모양과 상태를 보면서 조금씩 양을 늘리거나, 줄이십시오.
",,"제산제 복용 또는 우유 섭취 후 1시간 이내에는 이 약을 복용하지 마십시오. (이 약 복용 후 1시간 이내에는 우유 섭취 또는 제산제 복용을 피하십시오.)
","발진, 충혈되어 붉어짐, 가려움, 심한 복통, 설사, 구토, 복부불쾌감, 경련 등이 나타나는 경우 이 약의 복용을 즉각 중지하고 의사 또는 약사와 상의하십시오.
","습기와 빛을 피해 실온에서 보관하십시오.

어린이의 손이 닿지 않는 곳에 보관하십시오.
"
8806706002537 ,다이센 90C,"25,000",6706002537,6706,0025,8806706002537,8806706002537,67060025,OK,200403138,NO_ITEM,,,,,,
8806706044896 ,에스라진 90T,"35,000",6706044896,6706,0448,8806706044896,8806706044896,67060448,OK,200900671,NO_ITEM,,,,,,
8806706045527 ,알룬 90T,"30,000",6706045527,6706,0455,8806706045527,8806706045527,67060455,OK,200901619,OK,"이 약은 음식물 섭취 감소를 통한 체중감량의 보조요법으로 사용합니다.
","1회 2정씩, 1일 3회 식전에 복용하고 필요에 따라서는 취침전에 추가로 2정 복용 가능합니다.

충분한 양의 물과 함께 복용하는 것이 좋습니다.

권장량을 최소 3~4주간 복용할 것이 권장됩니다.
",,"다른 약과 동시에 복용하지 않는 것이 좋으며, 복용할 경우 30분~1시간의 간격을 두고 복용하는 것이 권장됩니다.
","복부 팽만감, 구역, 변비 또는 설사 등이 나타나는 경우 복용을 즉각 중지하고 의사 또는 약사와 상의하십시오.
","실온에서 보관하십시오.

어린이의 손이 닿지 않는 곳에 보관하십시오.
"
8806706086926 ,세비안,"6,500",6706086926,6706,0869,8806706086926,8806706086926,67060869,OK,202008345,OK,"이 약은 관류, 피부, 창상(상처)면, 점막의 세정, 습포(적셔서 대는 것), 함수(양치질), 분무흡입제로서 점막세정, 객담(가래)배출 촉진, 의료용구의 세정에 사용합니다.
","관류액으로 사용시에는 의사의 지시에 따라 적량 사용합니다.

피부, 창상(상처)면, 점막의 세정, 습포(적셔서 대는 것), 함수(양치질), 분무흡입에 적량 사용합니다.

의료용 기구의 세정에 사용합니다.
",,,"이상반응, 체액과잉 등이 나타나는 경우 사용을 즉각 중지하고 의사 또는 약사와 상의하십시오.
","실온에서 보관하십시오.
"
8806706091913 ,니조랄 2% 100ml,"16,000",6706091913,6706,0919,8806706091913,8806706091913,67060919,OK,201802157,OK,"이 약은 효모균에 의한 비듬, 지루피부염의 치료와 재발방지 및 어루러기의 치료에 사용합니다.","감염부위(몸통, 얼굴, 두피, 머리카락)에 이 약을 바르고 일반샴푸처럼 3~5분간 적용한 후에 헹구어 냅니다.비듬 및 지루피부염 치료시 1주 2회, 2~4주, 재발방지 시 1~2주마다 1회 적용하고, 어루러기 치료시 1일 1회 최대 3일간 적용합니다.",,"동종의 항진균(곰팡이)제(미코나졸, 에코나졸, 이소코나졸 등)와 함께 사용 시 의사 또는 약사와 상의하십시오.","눈자극, 눈물흘림 증가, 적용부위 홍반(붉은 반점), 적용부위 자극, 적용부위 과민반응, 적용부위 가려움, 적용부위 고름물집, 적용부위 반응, 과민반응, 모낭염, 미각이상, 여드름, 탈모, 접촉성 피부염, 피부건조, 모발결 이상, 발진, 피부화끈감, 피부질환, 피부탈락, 매우 드물게 혈관부종, 두드러기, 모발 색 변화 등이 나타날 수 있습니다.",빛을 피해 1~25℃에서 보관하십시오.어린이의 손이 닿지 않는 곳에 보관하십시오.
8806718031976 ,트리겔 10ml x 4P,"2,500",6718031976,6718,0319,8806718031976,8806718031976,67180319,OK,199901559,OK,"이 약은 급성ㆍ만성통증, 위염, 십이지장궤양, 식도염, 방사선요법 시 소화장애에 의한 위통에 사용합니다.
","성인은 1회 ½(5 mL)~1포(10 mL)씩, 1일 4회 복용합니다.
",,"디곡신, 캅토프릴, 시메티딘, 라니티딘, 파모티딘, 테오필린, 프로프라놀롤, 아테놀롤, 황산철, 클로르프로마진, 아세틸살리실산, 나프록센, 메토프롤롤, 레보도파, 테트라사이클린, 시프로플록사신, 오플록사신, 토데옥시콜린산, 불화나트륨, 이소니아지드, 에녹사신, 노르플록사신, 레보티록신, 쿠마린유도체와 함께 사용 시 의사 또는 약사와 상의하십시오.

복용 직후에는 음료수를 마시지 마십시오.
","설사, 변비, 고창, 피부발진, 마비감, 인산염 결핍증, 구강건조감, 미각장애, 드물게 피부발진, 마비감, 두통, 졸음, 현기, 탈력감 등이 나타나는 경우 복용을 즉각 중지하고 의사 또는 약사와 상의하십시오.
","습기와 빛을 피해 실온에서 보관하십시오.

어린이의 손이 닿지 않는 곳에 보관하십시오.
"
8806718034410 ,포타겔 20ml x 6P,"3,500",6718034410,6718,0344,8806718034410,8806718034410,67180344,OK,200201403,OK,"이 약은 성인의 식도, 위·십이지장과 관련된 통증의 완화, 성인의 급·만성 설사, 24개월 이상 소아의 급성 설사에 사용합니다.","성인은 1회 3 g을 1일 3회 복용합니다.급성설사시의 초기 3일은 1일 용량을 2배로 증량할 수 있습니다.식도염에는 식후에, 다른 적응증에는 식간에 복용합니다.24개월 이상의 소아는 3일 동안 1일 6~9 g을 3회 분할 복용하고 이후 4일 동안 1일 6 g을 3회 분할 복용합니다.",,약은 흡착성이 있어 타 약물과 함께 복용할 경우 흡수율이나 흡수시간에 영향을 미칠 수 있으므로 간격을 두고 복용하는 것이 바람직합니다.,"복부팽만감, 구토, 변비, 두드러기, 발진, 가려움 및 혈관 부종 등이 나타나는 경우 복용을 즉각 중지하고 의사 또는 약사와 상의하십시오.",실온에서 보관하십시오.어린이의 손이 닿지 않는 곳에 보관하십시오.
8806718064523 ,대원 콜대원키즈 코프 5ml x 10p,"2,500",6718064523,6718,0645,8806718064523,8806718064523,67180645,OK,201702275,OK,"이 약은 기침, 가래, 천식에 사용합니다.
","만 15세 이상은 1회 20 mL(4포), 만 11세 이상~만 15세 미만은 1회 13 mL(2와 2/3포), 만 8세 이상~만 11세 미만은 1회 10 mL(2포), 만 5세 이상~만 8세 미만은 1회 6.5 mL(1과 1/3포), 만 3세 이상~만 5세 미만은 5 mL(1포), 만 2세 이상~만 3세 미만은 1회 4 mL(4/5포)씩 1일 5~6회 복용합니다.

약 4시간 간격을 두고 복용합니다.

만 2세 미만에게 투여하지 않으며, 꼭 필요한 경우 의사의 진료를 받으십시오.
",,"MAO 억제제(항우울제, 항정신병제, 감정조절제, 항파킨슨제 등), 다른 진해거담제[기침·가래약], 감기약, 항히스타민제를 함유하는 내복약(비염[코염]용 경구제, 멀미약, 알레르기용약), 진정제와 함께 복용하지 마십시오.
","발진·발적(충혈되어 붉어짐), 가려움, 구역·구토, 식욕부진, 어지러움, 불안, 떨림, 불면 등이 나타나는 경우 복용을 즉각 중지하고 의사 또는 약사와 상의하십시오.
","습기를 피해 실온에서 보관하십시오.

어린이의 손이 닿지 않는 곳에 보관하십시오.
"
8806718064622 ,대원 콜대원키즈 펜 5ml x 10p,"3,000",6718064622,6718,0646,8806718064622,8806718064622,67180646,OK,201702784,OK,"이 약은 감기로 인한 발열 및 동통(통증), 두통, 신경통, 근육통, 월경통, 염좌통(삔 통증)과 치통, 관절통, 류마티양 동통(통증)에 사용합니다.","만 12세 이하의 소아는 1회 권장용량을 4~6시간 마다 필요시 복용합니다.이 약은 가능한 최단기간동안 최소 유효용량으로 복용하며, 1일 5회 (75 mg/kg)를 초과하여 복용하지 않습니다.연령대별 권장용량은 허가사항을 참고하십시오.",,"아세트아미노펜을 포함하는 다른 제품, 다른 소염(항염)진통제, 바르비탈계 약물, 삼환계 항우울제, 알코올과 함께 복용하지 마십시오.와파린, 리튬, 타아지드계 이뇨제와 함께 복용 시 의사 또는 약사와 상의하십시오.","쇽 증상(호흡곤란, 온몸이 붉어짐, 혈관부기, 두드러기 등), 천식발작, 혈소판 감소, 과립구감소, 용혈성빈혈, 메트헤모글로빈혈증, 혈소판기능 저하(출혈시간 연장), 청색증, 구역, 구토, 식욕부진, 위장출혈, 소화성궤양, 천공(뚫림), 과민증상(얼굴부기, 땀이 남, 저혈압), 발진, 피부점막안증후군(스티븐스-존슨증후군), 독성표피괴사용해(리엘증후군), AST 상승, ALT 상승, 고정발진 등이 나타나는 경우 복용을 즉각 중지하고 의사 또는 약사와 상의하십시오.",실온에서 보관하십시오.어린이의 손이 닿지 않는 곳에 보관하십시오.
8806718064721 ,대원 콜대원키즈 이부펜 5ml x 10p,"3,000",6718064721,6718,0647,8806718064721,8806718064721,67180647,OK,198901310,OK,"이 약은 류마티양 관절염, 연소성 류마티양 관절염, 골관절염(퇴행성 관절질환), 감기로 인한 발열 및 동통, 요통, 월경곤란증, 수술후 동통과 강직성 척추염, 두통, 치통, 근육통, 신경통, 급성통풍, 건선성 관절염, 연조직손상(염좌, 좌상), 비관절 류마티스질환(건염, 건초염, 활액낭염)에 사용합니다.
","11~14세는 1회 200~250 mg (10~13 mL), 7~10세는 1회 150~200 mg (8~10 mL), 3~6세는 1회 100~150 mg (5~8 mL), 1~ 2세는 1회 50~100 mg (3~5 mL)을 1일 3~4회 복용합니다.

체중이 30 kg 미만인 어린이는 1일량이 500 mg (25 mL)을 초과해서는 안되며 공복시 투여는 피하는 것이 바람직합니다.
","매일 세잔 이상 정기적 음주자가 이 약 또는 다른 해열진통제를 복용할 때는 의사 또는 약사와 상의하십시오. 위장출혈을 일으킬 수 있습니다.

이 약 복용 시 치명적일 수 있는 중대한 심혈관계 혈전 반응, 심근경색증, 뇌졸중의 위험이 증가하며, 위장관 출혈, 궤양 및 천공 등 심각한 위장관계 이상반응이 나타날 수 있습니다.

조절되지 않는 고혈압, 울혈심부전증, 확립된 허혈성 심장질환, 말초동맥질환, 뇌혈관질환을 가진 환자는 고용량 이부프로펜(1일 2,400 mg) 복용을 피해야 하며, 심혈관계 위험 요소(고혈압, 고지혈증, 당뇨병, 흡연 등)를 가지고 있는 환자는 고용량 이부프로펜(1일 2,400 mg) 복용이 필요한 경우 이 약을 복용하기 전에 의사 또는 약사와 상의하십시오.
","항암요법으로 고용량 메토트렉세이트를 투여중인 환자, 다른 비스테로이드성 소염진통제와 함께 이 약을 복용하지 마십시오.

이 약을 복용하기 전에 저용량 아스피린, ACE 저해제 복용자, 리튬, 푸로세미드 및 티아지드계 이뇨제, 저용량 메토트렉세이트, 쿠마린계 항응혈제(와파린 등), 선택적 세로토닌 재흡수억제를 복용하는 환자는 의사 또는 약사와 상의하십시오.
","쇽(호흡곤란, 혈압저하 등), 헤마토크리트감소, 헤모글로빈감소, 빈혈, 재생불량성빈혈, 용혈성빈혈, 무과립구증, 과립구감소, 백혈구감소, 혈소판감소, 혈소판기능저하, 호산구증가 등의 혈액장애, 소화성궤양, 위장관궤양, 위장출혈, 천공(뚫림), 궤양성대장염, 혈변, 위염, 췌장염, 혈액구토, 크론병, 식욕부진, 구역, 구토, 복통, 소화불량, 설사, 위부불쾌감, 상복부통증, 구갈, 구내염, 복부팽만감, 구강궤양, 변비, 흑변, 피부점막안증후군(스티븐스-존슨증후군), 독성표피괴사용해, 빈도불명의 호산구증가 및 전신 증후군을 동반한 약물 발진, 혈관신경성 부종, 수포성피부염, 다형성 홍반, 반구진 발진, 피부 붉어짐, 물집, 발진, 탈락 피부염, 급성전신발진고름물집증, 간염, 황달, 간기능이상, 간장애, 과민증 또는 아나필락시스 반응, 천식발작, 두드러기, 습진, 자주색반점, 시각장애, 귀먹음, 귀울림, 미각이상, 현기증, 졸음, 어지러움, 우울, 두통, 뇌혈관사고 또는 신경질, 무균성수막염 또는 수막염(심한 두통, 구역, 구토, 불면, 목이 뻣뻣함, 발열 또는 의식장애, 급성신부전, 소변감소, 혈뇨, 요단백, BUN, 혈중크레아티닌의 상승, 고칼륨혈증, 간질성 콩팥염, 콩팥염증후군, 콩팥유두괴사, 요량감소, 전신부종 및 이에 수반하는 숨가쁨, 나른함, 눈주변부기, 얼굴부기, 권태감, 발열, 코피, 부기, 말초부종 등이 나타나면 즉각 복용을 중지하고 의사 또는 약사와 상의하십시오.
","빛을 피해 실온에서 보관하십시오.

어린이의 손이 닿지 않는 곳에 보관하십시오.
"
8806718065827 ,대원 콜대원키즈 노즈 5ml x 10p,"2,500",6718065827,6718,0658,8806718065827,8806718065827,67180658,OK,201802210,OK,"이 약은 눈의 가려움, 눈물, 콧물, 코 또는 인후(목구멍)의 가려움, 재채기, 코막힘 및 부비동 울혈의 일시적 완화에 사용합니다.
","만 12세 이상 및 성인은 1회 4포(20 mL), 만 6세 이상~만 12세 미만은 1회 2포(10 mL), 만 2세 이상~만 6세 미만은 1회 1포(5 mL)씩, 4~6시간마다 복용하고, 24시간 동안 4회를 넘지 않습니다.
","급성전신발진고름물집증과 같은 중증 피부 이상반응이 나타나는 경우 복용을 중단하고 의사 또는 약사와 상의하십시오.
","모노아민옥시다아제 억제제(우울증, 정신 및 감정장애, 파킨슨병 치료제 중 일부 약물)와 함께 복용하지 마십시오.

모노아민옥시다아제 억제제(우울증, 정신 및 감정장애, 파킨슨병 치료제 중 일부 약물) 투여를 중지한지 2주 이내인 사람은 이 약을 복용하지 마십시오.

이 약을 복용하기 전에 진정제 또는 신경안정제를 복용중인 사람은 의사 또는 약사와 상의하십시오.
","급성전신발진고름물집증, 발열, 홍반, 다수의 작은 농포, 현저한 졸음, 흥분, 불안, 어지러움, 불면증, 열, 인후(목구멍)통이 2일 이상 지속되거나 두통, 발열, 발진, 구역, 구토, 슈도에페드린 성분과 관련하여 허혈성 대장염 등이 나타나는 경우 복용을 즉각 중지하고 의사 또는 약사와 상의하십시오.

가역적 후뇌 병증 증후군 및 가역적 뇌혈관 수축 증후군 증상(갑작스러운 심한 두통, 번개 두통, 구역, 구토, 혼돈, 발작, 시각 장애 등)이 나타나는 경우 복용을 즉각 중지하고 의사 또는 약사와 상의하십시오.
","습기와 빛을 피해 25℃ 이하에서 보관하십시오.

어린이의 손이 닿지 않는 곳에 보관하십시오.
"
8806718073525 ,대원 콜대원콜드큐 20ml x 5p,"2,500",6718073525,6718,0735,8806718073525,8806718073525,67180735,OK,202105006,OK,"이 약은 감기의 제증상(콧물, 코막힘, 재채기, 인후통, 기침, 가래, 오한[춥고 떨리는 증상], 발열, 두통, 관절통, 근육통)의 완화에 사용합니다.
","만 15세 이상 1포(20 mL), 만 11세 이상~만 15세 미만 2/3포, 만 7세 이상~만 11세 미만 1/2포, 만 3세 이상~만 7세 미만 1/3포, 만 2세 이상~만 3세 미만 1/4포를 1일 3회 식후 30분에 복용합니다.

만 2세 미만에게 투여하지 않습니다.

원칙적으로 복용간격은 4시간으로 합니다.
","매일 세 잔 이상 정기적 음주자가 이 약 또는 다른 해열진통제를 복용할  때는 의사 또는 약사와 상의하십시오. 간손상을 일으킬 수 있습니다.

매우 드물게 치명적일 수 있는 급성 전신성 발진성 고름물집증, 스티븐스-존슨 증후군, 독성 표피 괴사용해와 같은 중대한 피부반응이 보고되었고 이 약 복용후 피부발진 또는 다른 과민반응의 징후가 나타나는 경우 즉시 복용을 중단하십시오.

아세트아미노펜으로 일일 최대 용량(4,000 mg)을 초과하여 복용하지 마십시오. 간손상을 일으킬 수 있습니다. 아세트아미노펜을 포함하는 다른 제품과 함께 복용하지 마십시오.
","MAO 억제제(항우울제, 항정신병제, 감정조절제, 항파킨슨제 등), 진해거담제(기침·가래약), 다른 감기약, 해열진통제, 진정제, 항히스타민제를 함유하는 내복약(비염[코염]용 경구제, 멀미약, 알레르기용약)과 함께 복용하지 마십시오.

바르비탈계 약물, 삼환계 항우울제 및 알코올을 투여한 환자는 의사 또는 약사와 상의하십시오.
","발진·발적(충혈되어 붉어짐), 가려움, 구역·구토, 식욕부진, 변비, 부종(부기), 배뇨(소변을 눔)곤란, 지속적이거나 심한 목마름, 어지러움, 불안, 떨림, 불면, 쇽 증상(복용후 바로 두드러기, 부종, 가슴답답함 등과 함께 안색이 창백하고, 손발이 차고, 식은땀, 숨쉬기 곤란함), 피부점막안증후군(스티븐스-존슨증후군), 독성표피괴사용해(리엘증후군: 고열을 동반하고, 발진·발적, 화상과 같이 물집이 생기는 등의 심한 증상), 천식, 전신의 나른함, 황달(피부 또는 눈의 흰자위가 황색을 띄게 됨), 간질성폐렴(기침을 동반하고, 숨이 차고, 호흡곤란, 발열 등)의 증상이 나타날 경우 복용을 즉각 중지하고 의사 또는 약사와 상의하십시오.
","습기와 빛을 피해 실온에서 보관하십시오.

어린이의 손이 닿지 않는 곳에 보관하십시오.
"
8806718073624 ,대원 콜대원 코프큐 20ml x 5p,"2,500",6718073624,6718,0736,8806718073624,8806718073624,67180736,OK,202104595,OK,"이 약은 감기의 제증상[인후통, 기침, 가래, 오한(춥고 떨리는 증상), 발열, 두통, 관절통, 근육통]의 완화에 사용합니다.
","만 15세 이상 1포(20 mL), 만 11세 이상~만 15세 미만 2/3포, 만 7세 이상~만 11세 미만 1/2포, 만 3세 이상~만 7세 미만 1/3포, 만 2세 이상~만 3세 미만 1/4포를 1일 3회 식후 30분에 복용합니다.

만 2세 미만에게 투여하지 않습니다.

원칙적으로 복용간격은 4시간으로 합니다.
","매일 세 잔 이상 정기적 음주자가 이 약 또는 다른 해열진통제를 복용할  때는 의사 또는 약사와 상의하십시오. 간손상을 일으킬 수 있습니다.

매우 드물게 치명적일 수 있는 급성 전신성 발진성 고름물집증, 스티븐스-존슨증후군, 독성 표피 괴사용해와 같은 중대한 피부반응이 보고되었고 이 약 복용후 피부발진 또는 다른 과민반응의 징후가 나타나는 경우 즉시 복용을 중단하십시오.

아세트아미노펜으로 일일 최대 용량(4,000 mg)을 초과하여 복용하지 마십시오. 간손상을 일으킬 수 있습니다. 아세트아미노펜을 포함하는 다른 제품과 함께 복용하지 마십시오
","MAO 억제제(항우울제, 항정신병제, 감정조절제, 항파킨슨제 등), 진해거담제(기침·가래약), 다른 감기약, 해열진통제, 진정제, 항히스타민제를 함유하는 내복약(비염[코염]용 경구제, 멀미약, 알레르기용약)과 함께 복용하지 마십시오.

바르비탈계 약물, 삼환계 항우울제 및 알코올, 당뇨약, 통풍약, 관절염약, 항응고제, 스테로이드제 등 다른 약물을 투여 받고 있는 사람은 의사 또는 약사와 상의하십시오.
","발진·발적(충혈되어 붉어짐), 가려움, 구역·구토, 식욕부진, 변비, 부종(부기), 어지러움, 불안, 떨림, 불면, 쇽 증상(복용후 바로 두드러기, 부종, 가슴답답함 등과 함께 안색이 창백하고, 손발이 차고, 식은땀, 숨쉬기 곤란함), 피부점막안증후군(스티븐스-존슨증후군), 독성표피괴사용해(리엘증후군: 고열을 동반하고, 발진·발적, 화상과 같이 물집이 생기는 등의 심한 증상), 천식, 전신의 나른함, 황달(피부 또는 눈의 흰자위가 황색을 띄게 됨), 간질성폐렴(기침을 동반하고, 숨이 차고, 호흡곤란, 발열 등)의 증상이 나타날 경우 복용을 즉각 중지하고 의사 또는 약사와 상의하십시오.
","습기와 빛을 피해 실온에서 보관하십시오.

어린이의 손이 닿지 않는 곳에 보관하십시오.
"
8806718078223 ,대원 콜대원 나이트 20ml x 5p,"3,000",6718078223,6718,0782,8806718078223,8806718078223,67180782,OK,202302835,OK,"이 약은 콧물, 코막힘, 재채기, 인후통, 기침, 가래, 춥고 떨리는 증상의 오한, 발열, 두통, 관절통, 근육통 등 감기의 여러 증상의 완화에 사용합니다.
","만 15세 이상의 청소년 및 성인은 1회 1포씩, 1일 3회 식후 30분에 복용합니다.

필요한 경우는 취침 시에 복용할 수 있습니다.

복용 간격은 4시간으로 하십시오.
","매일 세잔 이상 정기적 음주자가 이 약 또는 다른 해열진통제를 복용할 때는 의사 또는 약사와 상의하십시오. 간손상을 일으킬 수 있습니다.

매우 드물게 치명적일 수 있는 급성전신발진고름물집증, 피부점막안증후군 (스티븐스-존슨증후군), 독성표피괴사용해 (리엘증후군)와 같은 중대한 피부반응이 보고되었고 이 약 복용 후 피부발진 또는 다른 과민반응의 징후가 나타나는 경우 즉시 복용을 중단하십시오.

아세트아미노펜으로 일일 최대 용량 (4,000 mg)을 초과하여 복용하지 마십시오. 간손상을 일으킬 수 있습니다. 아세트아미노펜을 포함하는 다른 제품과 함께 복용하지 마십시오.

급성전신발진고름물집증과 같은 중증 피부이상반응이 나타나는 경우 복용을 중단하고 의사 또는 약사와 상의하십시오.
","이 약을 복용하는 동안 진해거담제, 다른 감기약, 해열진통제, 진정제, 항히스타민제를 함유하는 내복약(비염용 경구제, 멀미약, 알레르기용약)을 복용하지 마십시오.

우울증, 파킨슨병 치료 등에 사용되는 MAO 억제제를 복용하고 있거나 복용을 중단한 후 2주 이내의 사람은 이 약을 복용하지 마십시오.

이 약을 복용하기 전에 당뇨약, 통풍약, 관절염약, 항응고제, 스테로이드제 등을 투여받고 있는 사람은 의사 또는 약사와 상의하십시오.

바르비탈계 약물, 삼환계 항우울제 및 알코올을 투여받는 환자는 의사 또는 약사와 상의하십시오.

복용 중 음주하지 마십시오.
","발진 및 발적, 가려움, 구역 및 구토, 식욕부진, 변비, 부종, 배뇨곤란, (지속적이거나 심한) 목마름, 어지러움, 불안, 떨림, 불면 등이 나타나는 경우 이 약의 복용을 즉각 중지하고 의사 또는 약사와 상의하십시오.

드물게 복용 후 바로 두드러기, 부종, 가슴답답함 등과 함께 안색이 창백하고, 손발이 차고, 식은 땀, 숨쉬기 곤란함 등이 나타날 수 있는 쇽 (아낙필락시스) 혹은 피부점막안증후군 (스티븐스-존슨증후군), 독성표피괴사용해 (리엘증후군), 천식이나 전신의 나른함, 황달 등의 간기능장애, 간질성폐렴 또는 갑작스러운 심한 두통, 번개 두통, 구역, 구토, 혼돈, 발작, 시각 장애 등의 가역적 후뇌 병증 증후군 및 가역적 뇌혈관 수축 증후군의 증상 등이 나타나는 경우 이 약의 복용을 즉각 중지하고 의사 또는 약사와 상의하십시오.
","습기와 빛을 피해 실온에서 보관하십시오.

어린이의 손이 닿지 않는 곳에 보관하십시오.
"
8806718078322 ,대원 콜대원 노즈큐 20ml x 5p,"2,500",6718078322,6718,0783,8806718078322,8806718078322,67180783,OK,202302925,OK,"이 약은 콧물, 코막힘, 재채기, 인후통, 기침, 가래, 춥고 떨리는 증상의 오한, 발열, 두통, 관절통, 근육통 등 감기의 여러 증상의 완화에 사용합니다.
","만 15세 이상은 1회 1포(20 ml)씩을, 만 11세 이상~만 15세 미만은 1회 2/3포씩을, 만 7세 이상~만 11세 미만은 1회 1/2포씩을, 만 3세 이상~만 7세 미만은 1회 1/3포씩을, 만 2세이상~만 3세 미만은 1회 1/4포씩을, 1일 3회 식후 30분에 복용합니다.
","매일 세잔 이상 정기적 음주자가 이 약 또는 다른 해열진통제를 복용할 때는 의사 또는 약사와 상의하십시오. 간손상을 일으킬 수 있습니다.

매우 드물게 치명적일 수 있는 급성전신발진고름물집증, 피부점막안증후군 (스티븐스-존슨증후군), 독성표피괴사용해 (리엘증후군)와 같은 중대한 피부반응이 보고되었고 이 약 복용 후 피부발진 또는 다른 과민반응의 징후가 나타나는 경우 즉시 복용을 중단하십시오.

아세트아미노펜으로 일일 최대 용량 (4,000 mg)을 초과하여 복용하지 마십시오. 간손상을 일으킬 수 있습니다. 아세트아미노펜을 포함하는 다른 제품과 함께 복용하지 마십시오.

급성전신발진고름물집증과 같은 중증 피부이상반응이 나타나는 경우 복용을 중단하고 의사 또는 약사와 상의하십시오.
","이 약을 복용하는 동안 진해거담제, 다른 감기약, 해열진통제, 진정제, 항히스타민제를 함유하는 내복약을 복용하지 마십시오.

우울증, 파킨슨병 치료 등에 사용되는 MAO 억제제를 복용하고 있거나 복용을 중단한 후 2주 이내의 사람은 이 약을 복용하지 마십시오.

이 약을 복용하기 전에 당뇨약, 통풍약, 관절염약, 항응고제, 스테로이드제 등을 투여받고 있는 사람은 의사 또는 약사와 상의하십시오.

바르비탈계 약물, 삼환계 항우울제 및 알코올을 투여받는 환자는 의사 또는 약사와 상의하십시오.

복용 중 음주하지 마십시오.
","발진 및 발적, 가려움, 구역 및 구토, 식욕부진, 변비, 부종, 배뇨곤란, (지속적이거나 심한) 목마름, 어지러움, 불안, 떨림, 불면 등이 나타나는 경우 이 약의 복용을 즉각 중지하고 의사 또는 약사와 상의하십시오.

드물게 복용 후 바로 두드러기, 부종, 가슴답답함 등과 함께 안색이 창백하고, 손발이 차고, 식은 땀, 숨쉬기 곤란함 등이 나타날 수 있는 쇽 (아낙필락시스) 혹은 피부점막안증후군 (스티븐스-존슨증후군), 독성표피괴사용해 (리엘증후군), 천식이나 전신의 나른함, 황달 등의 간기능장애, 간질성폐렴 또는 갑작스러운 심한 두통, 번개 두통, 구역, 구토, 혼돈, 발작, 시각 장애 등의 가역적 후뇌 병증 증후군 및 가역적 뇌혈관 수축 증후군의 증상 등이 나타나는 경우 이 약의 복용을 즉각 중지하고 의사 또는 약사와 상의하십시오.
","습기와 빛을 피해 실온에서 보관하십시오.

어린이의 손이 닿지 않는 곳에 보관하십시오.
"
8806718078629 ,러지엔톡 5ml x 10p,"6,000",6718078629,6718,0786,8806718078629,8806718078629,67180786,OK,202400028,OK,"이 약은 계절성 및 다년성 알레르기성 비염(코염), 알레르기성 결막염, 만성 특발성(원인 불명)의 두드러기, 피부소양증(가려움증)에 사용합니다.
","성인 및 12세 이상의 소아는 10 mg씩, 1일 1회 복용합니다.

2~12세 미만의 소아는 체중이 30 kg이상인 경우에는 10 mg씩, 체중이 30 kg미만인 경우에는 5mg씩, 1일 1회 복용합니다.

이상반응에 민감한 환자는 아침, 저녁으로 분할 복용할 수 있습니다. 

연령, 증상에 따라 적절히 증감할 수 있습니다.

신장애(신장장애) 환자는 신기능에 따라 용량이 조절됩니다. 이에 따른 용량 및 빈도는 허가사항을 참고하십시오.
",," 테오필린, 리토나비어, 과량의 알코올과 함께 복용하지 마십시오.
","졸음, 두통, 혈관염, 광과민증, 현기증, 관절통, 인두염, 기침, 코피, 기관지경련, 청력 이상, 시각 이상, 때떄로 BUN 상승, 당뇨, 피섞인 소변, 드물게 배뇨(소변을 눔) 곤란, 야뇨증, 소변고임 등이 나타나는 경우 복용을 즉각 중지하고 의사 또는 약사와 상의하십시오.

이 약 투여 중단 후 가려움증, 두드러기가 나타날 수 있습니다.
","빛을 피해 실온에서 보관하십시오.

어린이의 손이 닿지 않는 곳에 보관하십시오.

개봉 후 3개월 이상 사용하지 마십시오.
"
8806718080424 ,대원 콜대원키즈 콜드에스 10ml x 10p,"3,000",6718080424,6718,0804,8806718080424,8806718080424,67180804,OK,202501659,NO_ITEM,,,,,,
8806723000165 ,니코레트껌 2mg 30개,"10,000",6723000165,6723,0001,8806723000165,8806723000165,67230001,OK,200703926,OK,"이 약은 금연보조제로서 흡연량을 감소시키며, 담배를 끊을 수 있도록 도와주기 위해 사용합니다.
","성인은 하루 20개비 이하를 피우는 흡연자에게는 2 mg 껌이 권장되며, 하루 20개비를 초과하여 피우는 심한 흡연가이거나 2 mg 용량으로 실패하였을 때 4 mg 껌이 권장됩니다.

흡연 충동이 있을 때마다 다음의 ","보철 및 틀니에 달라붙을 수 있고, 드문 경우에 손상시킬 수 있습니다.
","파라세타몰, 카페인, 이미프라민, 옥사제팜, 펜타조신, 프로프라놀롤, 테오필린, 와파린, 에스트로겐, 리그노카인, 페나세틴, 인슐린, 아드레날린성 길항제(프라조신, 라베탈롤 등), 플레카이니드, 아드레날린성 효능제(이소프레날린, 페닐레프린), 프로폭시펜, 푸로세미드 이뇨제, H2길항제, 베타차단제, 타크린, 클로자핀, 로피니롤, 올란자핀, 클로미프라민, 플루복사민과 함께 사용 시 의사 또는 약사와 상의하십시오.
","두통, 현기증(어지러움), 수면 장애, 불안, 감정의 불안정, 초조, 비정상적인 꿈, 혼몽(정신이 흐릿하고 가물가물함), 동요(안절부절), 집중장애, 피로, 편두통, 연축(수축과 이완), 하지(다리)경련, 발작, 혈압의 변화, 고혈압, 심계항진(두근거림), 가역적(회복가능한) 심방세동, 심방부정맥, 구역, 구토, 상복부 통증, 복부 동통(배부분 통증), 소화불량, 고창(복부팽만), 위궤양 등의 위장관 장애, 연하 곤란(삼킴 곤란), 구갈(목마름), 배변 이상, 변비, 설사, 식욕증가, 감기 및 인플루엔자 증상, 기침, 인두염, 비염(코염), 부비강염, 상부 호흡기증상, 기관지염, 호흡곤란, 알러지, 피진(피부발진), 헤르페스진, 가려움증, 두드러기, 여드름, 홍반(붉은 반점), 미각도착(맛을 제대로 못느낌), 시야이상, 구강(입안) 및 인후(목구멍)의 자극(통증), 턱관절 및 근육의 통증, 치은염(잇몸염), 월경곤란증, 근육통, 관절통, 치통, 배통(등통증), 흉통(가슴통증), 동통(통증), 이통(귀통증), 안면(얼굴)홍조, 국소부종(부기), 체중증가, 갑상선 기능장애, 임파선 동통(통증), 방광염, 발한(땀이 남)증가, 딸국질, 혈관부종(부기) 등이 나타나는 경우 사용을 즉각 중지하고 의사 또는 약사와 상의하십시오.
","습기와 빛을 피해 25℃ 이하에서 보관하십시오.

어린이의 손이 닿지 않는 곳에 보관하십시오.
"
8806723000172 ,니코레트껌 2mg 스타터팩 105개,"33,000",6723000172,6723,0001,8806723000172,8806723000172,67230001,OK,200703926,OK,"이 약은 금연보조제로서 흡연량을 감소시키며, 담배를 끊을 수 있도록 도와주기 위해 사용합니다.
","성인은 하루 20개비 이하를 피우는 흡연자에게는 2 mg 껌이 권장되며, 하루 20개비를 초과하여 피우는 심한 흡연가이거나 2 mg 용량으로 실패하였을 때 4 mg 껌이 권장됩니다.

흡연 충동이 있을 때마다 다음의 ","보철 및 틀니에 달라붙을 수 있고, 드문 경우에 손상시킬 수 있습니다.
","파라세타몰, 카페인, 이미프라민, 옥사제팜, 펜타조신, 프로프라놀롤, 테오필린, 와파린, 에스트로겐, 리그노카인, 페나세틴, 인슐린, 아드레날린성 길항제(프라조신, 라베탈롤 등), 플레카이니드, 아드레날린성 효능제(이소프레날린, 페닐레프린), 프로폭시펜, 푸로세미드 이뇨제, H2길항제, 베타차단제, 타크린, 클로자핀, 로피니롤, 올란자핀, 클로미프라민, 플루복사민과 함께 사용 시 의사 또는 약사와 상의하십시오.
","두통, 현기증(어지러움), 수면 장애, 불안, 감정의 불안정, 초조, 비정상적인 꿈, 혼몽(정신이 흐릿하고 가물가물함), 동요(안절부절), 집중장애, 피로, 편두통, 연축(수축과 이완), 하지(다리)경련, 발작, 혈압의 변화, 고혈압, 심계항진(두근거림), 가역적(회복가능한) 심방세동, 심방부정맥, 구역, 구토, 상복부 통증, 복부 동통(배부분 통증), 소화불량, 고창(복부팽만), 위궤양 등의 위장관 장애, 연하 곤란(삼킴 곤란), 구갈(목마름), 배변 이상, 변비, 설사, 식욕증가, 감기 및 인플루엔자 증상, 기침, 인두염, 비염(코염), 부비강염, 상부 호흡기증상, 기관지염, 호흡곤란, 알러지, 피진(피부발진), 헤르페스진, 가려움증, 두드러기, 여드름, 홍반(붉은 반점), 미각도착(맛을 제대로 못느낌), 시야이상, 구강(입안) 및 인후(목구멍)의 자극(통증), 턱관절 및 근육의 통증, 치은염(잇몸염), 월경곤란증, 근육통, 관절통, 치통, 배통(등통증), 흉통(가슴통증), 동통(통증), 이통(귀통증), 안면(얼굴)홍조, 국소부종(부기), 체중증가, 갑상선 기능장애, 임파선 동통(통증), 방광염, 발한(땀이 남)증가, 딸국질, 혈관부종(부기) 등이 나타나는 경우 사용을 즉각 중지하고 의사 또는 약사와 상의하십시오.
","습기와 빛을 피해 25℃ 이하에서 보관하십시오.

어린이의 손이 닿지 않는 곳에 보관하십시오.
"
8806723000240 ,니코레트껌 4mg 30개,"12,000",6723000240,6723,0002,8806723000240,8806723000240,67230002,OK,200703932,OK,"이 약은 금연보조제로서 흡연량을 감소시키며, 담배를 끊을 수 있도록 도와주기 위해 사용합니다.
","성인은 하루 20개비 이하를 피우는 흡연자에게는 2 mg 껌이 권장되며, 하루 20개비를 초과하여 피우는 심한 흡연가이거나 2 mg 용량으로 실패하였을 때 4 mg 껌이 권장됩니다.

흡연 충동이 있을 때마다 다음의 ","보철 및 틀니에 달라붙을 수 있고, 드문 경우에 손상시킬 수 있습니다.
","파라세타몰, 카페인, 이미프라민, 옥사제팜, 펜타조신, 프로프라놀롤, 테오필린, 와파린, 에스트로겐, 리그노카인, 페나세틴, 인슐린, 아드레날린성 길항제(프라조신, 라베탈롤 등), 플레카이니드, 아드레날린성 효능제(이소프레날린, 페닐레프린), 프로폭시펜, 푸로세미드 이뇨제, H2길항제, 베타차단제, 타크린, 클로자핀, 로피니롤, 올란자핀, 클로미프라민, 플루복사민과 함께 사용 시 의사 또는 약사와 상의하십시오.
","두통, 현기증(어지러움), 수면 장애, 불안, 감정의 불안정, 초조, 비정상적인 꿈, 혼몽(정신이 흐릿하고 가물가물함), 동요(안절부절), 집중장애, 피로, 편두통, 연축(수축과 이완), 하지(다리)경련, 발작, 혈압의 변화, 고혈압, 심계항진(두근거림), 가역적(회복가능한) 심방세동, 심방부정맥, 구역, 구토, 상복부 통증, 복부 동통(배부분 통증), 소화불량, 고창(복부팽만), 위궤양 등의 위장관 장애, 연하 곤란(삼킴 곤란), 구갈(목마름), 배변 이상, 변비, 설사, 식욕증가, 감기 및 인플루엔자 증상, 기침, 인두염, 비염(코염), 부비강염, 상부 호흡기증상, 기관지염, 호흡곤란, 알러지, 피진(피부발진), 헤르페스진, 가려움증, 두드러기, 여드름, 홍반(붉은 반점), 미각도착(맛을 제대로 못느낌), 시야이상, 구강(입안) 및 인후(목구멍)의 자극(통증), 턱관절 및 근육의 통증, 치은염(잇몸염), 월경곤란증, 근육통, 관절통, 치통, 배통(등통증), 흉통(가슴통증), 동통(통증), 이통(귀통증), 안면(얼굴)홍조, 국소부종(부기), 체중증가, 갑상선 기능장애, 임파선 동통(통증), 방광염, 발한(땀이 남)증가, 딸국질, 혈관부종(부기) 등이 나타나는 경우 사용을 즉각 중지하고 의사 또는 약사와 상의하십시오.
","습기와 빛을 피해 25℃ 이하에서 보관하십시오.

어린이의 손이 닿지 않는 곳에 보관하십시오.
"
8806723001223 ,니코레트패치 10mg 7매,"11,000",6723001223,6723,0012,8806723001223,8806723001223,67230012,OK,201104297,OK,이 약은 금연시 보조 요법제로 사용합니다.,"매일 아침에 일어나자마자 패취 1매를 부착하고 취침 시에 떼어냅니다.깨끗하게 씻은 손으로 패취의 박리지 한쪽을 떼어내고 털이 없는 피부의 건조하고 손상되지 않은 부위 (엉덩이, 상완, 가슴 등)에 부착하고 나머지 박리지를 떼어내어 완전히 부착합니다.권장용량과 권장기간은 허가사항을 참고하십시오.","이 약 사용 중에 담배를 계속 피우면 니코틴에 의하여 심혈관 부작용이 더 자주, 더 뚜렷하게 나타날 수 있으므로 완전히 금연한 환자만 사용하십시오.","파라세타몰, 카페인, 이미프라민, 옥사제팜, 펜타조신, 프로프라놀롤, 테오필린, 와파린, 에스트로겐, 리그노카인, 페나세틴, 인슐린, 아드레날린성 길항제(프라조신, 라베탈롤 등), 플레카이니드, 아드레날린성 효능제(이소프레날린, 페닐레프린), 프로폭시펜, 푸로세미드 이뇨제, H2길항제, 베타차단제, 테오필린, 타크린, 클로자핀, 로피니롤과 함께 사용 시 의사 또는 약사와 상의하십시오.","홍반(붉은 반점), 작열감(화끈감), 수포, 피부 발진 또는 적용 부위의 조임, 초조, 불안, 신경과민, 불면, 비정상적 꿈, 두통, 어지러움, 운동이상, 주의력장애, 기면(졸음), 정서불안, 과민, 우울, 혼돈상태, 진전(떨림), 두근거림, 고혈압, 홍조, 가슴 통증, 호흡곤란, 부정맥, 기침, 상기도감염, 오심(구역), 복통(배아픔), 소화불량, 구토, 변비, 설사, 복부(배부분)팽만, 구강(입안) 건조, 적용부위 피부반응, 다한증(땀과다증), 피부 탈색, 경피혈관염, 적용부위 통증 및 불쾌감, 근육통, 관절염, 무력증, 관절통, 근 경축(경련과 수축이 일어나 수축상태가 지속되는 현상), 요통(허리통증), 두드러기, 발진, 가려움증, 혈관부종(부기), 아나필락시스양반응 등이 나타나는 경우 사용을 즉각 중지하고 의사 또는 약사와 상의하십시오.",습기와 빛을 피해 25℃ 이하에서 보관하십시오.어린이의 손이 닿지 않는 곳에 보관하십시오.
8806723001322 ,니코레트패치 15mg 7매,"12,000",6723001322,6723,0013,8806723001322,8806723001322,67230013,OK,201104297,OK,이 약은 금연시 보조 요법제로 사용합니다.,"매일 아침에 일어나자마자 패취 1매를 부착하고 취침 시에 떼어냅니다.깨끗하게 씻은 손으로 패취의 박리지 한쪽을 떼어내고 털이 없는 피부의 건조하고 손상되지 않은 부위 (엉덩이, 상완, 가슴 등)에 부착하고 나머지 박리지를 떼어내어 완전히 부착합니다.권장용량과 권장기간은 허가사항을 참고하십시오.","이 약 사용 중에 담배를 계속 피우면 니코틴에 의하여 심혈관 부작용이 더 자주, 더 뚜렷하게 나타날 수 있으므로 완전히 금연한 환자만 사용하십시오.","파라세타몰, 카페인, 이미프라민, 옥사제팜, 펜타조신, 프로프라놀롤, 테오필린, 와파린, 에스트로겐, 리그노카인, 페나세틴, 인슐린, 아드레날린성 길항제(프라조신, 라베탈롤 등), 플레카이니드, 아드레날린성 효능제(이소프레날린, 페닐레프린), 프로폭시펜, 푸로세미드 이뇨제, H2길항제, 베타차단제, 테오필린, 타크린, 클로자핀, 로피니롤과 함께 사용 시 의사 또는 약사와 상의하십시오.","홍반(붉은 반점), 작열감(화끈감), 수포, 피부 발진 또는 적용 부위의 조임, 초조, 불안, 신경과민, 불면, 비정상적 꿈, 두통, 어지러움, 운동이상, 주의력장애, 기면(졸음), 정서불안, 과민, 우울, 혼돈상태, 진전(떨림), 두근거림, 고혈압, 홍조, 가슴 통증, 호흡곤란, 부정맥, 기침, 상기도감염, 오심(구역), 복통(배아픔), 소화불량, 구토, 변비, 설사, 복부(배부분)팽만, 구강(입안) 건조, 적용부위 피부반응, 다한증(땀과다증), 피부 탈색, 경피혈관염, 적용부위 통증 및 불쾌감, 근육통, 관절염, 무력증, 관절통, 근 경축(경련과 수축이 일어나 수축상태가 지속되는 현상), 요통(허리통증), 두드러기, 발진, 가려움증, 혈관부종(부기), 아나필락시스양반응 등이 나타나는 경우 사용을 즉각 중지하고 의사 또는 약사와 상의하십시오.",습기와 빛을 피해 25℃ 이하에서 보관하십시오.어린이의 손이 닿지 않는 곳에 보관하십시오.
8806723001421 ,니코레트패치 25mg 7매,"13,000",6723001421,6723,0014,8806723001421,8806723001421,67230014,OK,201104297,OK,이 약은 금연시 보조 요법제로 사용합니다.,"매일 아침에 일어나자마자 패취 1매를 부착하고 취침 시에 떼어냅니다.깨끗하게 씻은 손으로 패취의 박리지 한쪽을 떼어내고 털이 없는 피부의 건조하고 손상되지 않은 부위 (엉덩이, 상완, 가슴 등)에 부착하고 나머지 박리지를 떼어내어 완전히 부착합니다.권장용량과 권장기간은 허가사항을 참고하십시오.","이 약 사용 중에 담배를 계속 피우면 니코틴에 의하여 심혈관 부작용이 더 자주, 더 뚜렷하게 나타날 수 있으므로 완전히 금연한 환자만 사용하십시오.","파라세타몰, 카페인, 이미프라민, 옥사제팜, 펜타조신, 프로프라놀롤, 테오필린, 와파린, 에스트로겐, 리그노카인, 페나세틴, 인슐린, 아드레날린성 길항제(프라조신, 라베탈롤 등), 플레카이니드, 아드레날린성 효능제(이소프레날린, 페닐레프린), 프로폭시펜, 푸로세미드 이뇨제, H2길항제, 베타차단제, 테오필린, 타크린, 클로자핀, 로피니롤과 함께 사용 시 의사 또는 약사와 상의하십시오.","홍반(붉은 반점), 작열감(화끈감), 수포, 피부 발진 또는 적용 부위의 조임, 초조, 불안, 신경과민, 불면, 비정상적 꿈, 두통, 어지러움, 운동이상, 주의력장애, 기면(졸음), 정서불안, 과민, 우울, 혼돈상태, 진전(떨림), 두근거림, 고혈압, 홍조, 가슴 통증, 호흡곤란, 부정맥, 기침, 상기도감염, 오심(구역), 복통(배아픔), 소화불량, 구토, 변비, 설사, 복부(배부분)팽만, 구강(입안) 건조, 적용부위 피부반응, 다한증(땀과다증), 피부 탈색, 경피혈관염, 적용부위 통증 및 불쾌감, 근육통, 관절염, 무력증, 관절통, 근 경축(경련과 수축이 일어나 수축상태가 지속되는 현상), 요통(허리통증), 두드러기, 발진, 가려움증, 혈관부종(부기), 아나필락시스양반응 등이 나타나는 경우 사용을 즉각 중지하고 의사 또는 약사와 상의하십시오.",습기와 빛을 피해 25℃ 이하에서 보관하십시오.어린이의 손이 닿지 않는 곳에 보관하십시오.
8806723001537 ,로게인5% 폼에어로졸 60g x 3캔,"70,000",6723001537,6723,0015,8806723001537,8806723001537,67230015,OK,201606059,OK,이 약은 남성형 탈모증(안드로젠탈모증) 및 여성형 탈모증(안드로젠탈모증)의 치료에 사용합니다.,"남성은 모발과 두피를 완전히 건조시킨 후, 이 약 1 g(이 약 뚜껑의 반정도에 해당)을 1일 2회(아침, 저녁), 최소 2~4개월 동안, 환부에만 바르고, 1일 총 투여량이 2 g을 초과하지 마십시오.여성은 모발과 두피를 완전히 건조시킨 후, 이 약 1 g(이 약 뚜껑의 반정도에 해당)을 1일 1회, 최소 3~6개월 동안, 환부에만 바르고, 1일 총 투여량이 1 g을 초과하지 마십시오.",,"이 약을 사용하는 동안 다른 두피용 약물, 외용 코르티코이드, 레티노이드, 바셀린, 디트라놀 또는 경피흡수를 촉진시킨다고 알려진 약물, 구아네티틴 등의 혈관확장제를 함께 사용하지 마십시오.","가려움, 인설, 홍반, 발적, 피부염, 피부건조, 이 약을 바른 부위 이외의 다모증(여성의 경우 안면털 성장), 모낭염, 작열감 및 피진을 포함한 국소 자극, 박리, 탈모, 피부 농양, 여드름, 조갑장애, 지루, 습진, 모발이상, 때때로 설사, 구역, 구토, 흉통, 혈압변화, 맥박변화, 심계항진, 심박동의 증가, 심낭삼출, 심막염, 전색, 빈맥, 기존에 존재하던 협심증의 악화 또는 진단 받지 않은 관상동맥질환자에서 협심증의 유발, 기관지염, 상기도 감염증, 부비동염, 호흡곤란, 호흡의 단축, 골절, 배통, 건염, 동통, 신경염(다발성 신경염 등), 쇠약, 어지럼, 두통, 몽롱함, 실신, 우울감, 간염, 손발 부종, 신결석, 염 및 체액저류, 열, 두드러기, 알레르기비염, 전신성 홍반 및 안면부종, 오한, 알러지성접촉성피부염, 안구자극, 쓴맛, 이염(특히 외이염), 미각변화, 시력장애, 발기부전, 찌르는 것 같은 아픔, 갑작스러운 원인불명의 체중증가 등이 나타나는 경우 사용을 즉각 중지하고 의사 또는 약사와 상의하십시오.",실온에서 보관하십시오.어린이의 손이 닿지 않는 곳에 보관하십시오.화기 근처에 두지 마십시오.
8806723001728 ,한국 어린이 타이레놀산 160mg/12P,"4,500",6723001728,6723,0017,8806723001728,8806723001728,67230017,OK,202005623,OK,"이 약은 감기로 인한 발열 및 동통(통증), 두통, 신경통, 근육통, 월경통, 염좌통(삔 통증), 치통, 관절통, 류마티양 동통(통증)에 사용합니다.
","만 7~12세 소아는 1회 권장용량을 4~6시간마다 필요시 물 없이 혀에 직접 복용합니다.

이 약은 가능한 최단기간동안 최소 유효용량으로 복용하며, 1일 5회(75 mg/kg)를 초과하여 복용하지 않습니다.

몸무게를 아는 경우 몸무게에 따른 용량(10~15 mg/kg)으로 복용하는 것이 더 적절합니다.

연령대별 용량은 허가사항을 참고하십시오.
","매일 세잔 이상 정기적 음주자가 이 약 또는 다른 해열진통제를 복용할 때는 의사 또는 약사와 상의하십시오. 간손상을 일으킬 수 있습니다.

매우 드물게 치명적일 수 있는 급성전신발진고름물집증, 스티븐스-존슨증후군, 독성표피괴사용해와 같은 중대한 피부반응이 보고되었고 이 약 복용 후 피부발진 또는 다른 과민반응의 징후가 나타나는 경우 즉시 복용을 중단하십시오.

아세트아미노펜으로 일일 최대 용량(4,000 mg)을 초과하여 복용하지 마십시오. 간손상을 일으킬 수 있습니다. 아세트아미노펜을 포함하는 다른 제품과 함께 복용하지 마십시오.
","바르비탈계 약물, 삼환계 항우울제, 알코올, 다른 소염(항염)진통제와 함께 복용하지 마십시오.

와파린, 플루클록사실린과 함께 복용 시 의사 또는 약사와 상의하십시오.
","쇽 증상(호흡곤란, 온몸이 붉어짐, 혈관부기, 두드러기 등), 천식발작, 혈소판 감소, 과립구감소, 용혈성(적혈구파괴성)빈혈, 메트헤모글로빈혈증, 혈소판기능 저하(출혈시간 연장), 청색증, 과민증상(얼굴부기, 호흡곤란, 땀이 남, 저혈압, 쇽), 구역, 구토, 식욕부진, 장기복용 시 위장출혈, 소화성궤양, 천공(뚫림) 등의 위장관계 이상, 발진, 알레르기 반응, 피부점막안증후군(스티븐스-존슨증후군), 독성표피괴사용해(리엘증후군), AST 상승, ALT 상승, 고정발진 등, 통증이나 발열 증상이 지속되거나 악화될 경우 또는 새로운 증상이 나타나는 경우 복용을 즉각 중지하고 의사 또는 약사와 상의하십시오.
","실온에서 보관하십시오.

어린이의 손이 닿지 않는 곳에 보관하십시오.
"
8806723001827 ,한국 타이레놀산 500mg/12P,"6,000",6723001827,6723,0018,8806723001827,8806723001827,67230018,OK,202201300,OK,"이 약은 감기로 인한 발열 및 동통(통증), 두통, 신경통, 근육통, 월경통, 염좌통(삔 통증), 치통, 관절통, 류마티양 동통(통증)에 사용합니다.
","만 12세 이상 소아 및 성인은 1회 1~2포씩 1일 3~4회(4-6시간 마다) 필요 시 물 없이 혀 위에 놓고 직접 복용하십시오.

1일 최대 4그램(8포)을 초과하여 복용하지 마십시오.

이 약은 가능한 최단기간동안 최소 유효용량으로 복용하십시오.
","매일 세잔 이상 정기적 음주자가 이 약 또는 다른 해열진통제를 복용할 때는 의사 또는 약사와 상의하십시오. 간손상을 일으킬 수 있습니다.

매우 드물게 급성전신발진고름물집증, 스티븐스-존슨증후군, 독성표피괴사용해와 같은 중대한 피부반응이 보고되었고 이 약 복용 후 피부발진 또는 다른 과민반응의 징후가 나타나는 경우 즉시 복용을 중단하십시오.

아세트아미노펜으로 일일 최대 용량(4,000 mg)을 초과하여 복용하지 마십시오. 간손상을 일으킬 수 있습니다. 아세트아미노펜을 포함하는 다른 제품과 함께 복용하지 마십시오.
","바르비탈계 약물, 삼환계 항우울제, 알코올과 함께 복용하지 마십시오.

와파린, 플루클록사실린 등 다른 약물을 투여 받고 있는 사람은 의사 또는 약사와 상의하십시오.

다른 소염(항염)진통제와 함께 복용하는 것은 피하십시오.
","쇽 증상(호흡곤란, 온몸이 붉어짐, 혈관부기, 두드러기), 천식발작, 혈소판 감소, 과립구 감소, 용혈성(적혈구 파괴성)빈혈, 메트헤모글로빈혈증, 혈소판기능 저하(출혈시간 연장), 청색증, 얼굴부기, 땀이 남, 저혈압, 구역, 구토, 식욕부진, 위장출혈, 소화성궤양, 천공(뚫림) 등의 위장관계 이상반응, 발진, 알레르기 반응, 피부점막안증후군(스티븐스-존슨 증후군), 중독성표피괴사용해(리엘증후군), AST상승, ALT상승, 고정발진 증상이 나타나는 경우 복용을 즉각 중지하고 의사 또는 약사와 상의하십시오.

소아 및 고령자(노인)은 최소 필요량을 복용하고, 과도한 체온강하, 허탈, 사지냉각, 고열 등의 증상이 나타나는 경우 의사 또는 약사와 상의하십시오.
","습기와 빛을 피해 실온에서 보관하십시오.

어린이의 손이 닿지 않는 곳에 보관하십시오.
"
8806723002114 ,[켄뷰] 우먼스 타이레놀 10T,"2,900",6723002114,6723,0021,8806723002114,8806723002114,67230021,OK,202200658,OK,"이 약은 월경 전 긴장증, 부종(부기), 경련, 요통 및 두통의 완화에 사용합니다.
","성인 및 12세 이상의 소아는 1회 1~2정을 필요 시 6시간 간격으로 복용합니다. 하루에 총 6정을 초과하여 복용하지 마십시오.
12세 미만의 소아는 이 약을 복용하지 마십시오.
","매일 세잔 이상 정기적 음주자가 이 약 또는 다른 해열진통제를 복용할 때는 의사 또는 약사와 상의하십시오. 간손상을 일으킬 수 있습니다.
매우 드물게 치명적일 수 있는 급성전신성발진고름물집증, 스티븐스-존슨증후군, 독성표피괴사용해와 같은 중대한 피부반응이 보고되었고 이 약 복용 후 피부발진 또는 다른 과민반응의 징후가 나타나는 경우 즉시 복용을 중단하십시오.
아세트아미노펜으로 일일 최대 용량(4,000 mg)을 초과하여 복용하지 마십시오. 간손상을 일으킬 수 있습니다. 아세트아미노펜을 포함하는 다른 제품과 함께 복용하지 마십시오.
","다른 해열진통제, 감기약과 함께 복용하지 마십시오.
바르비탈계 진정제, 삼환계 항우울제, 알코올을 복용한 환자, 아세트아미노펜이 포함된 다른 약물을 이미 복용하고 있는 사람은 이 약을 복용하지 마십시오.
","새로운 증상이 나타난 경우, 통증이 10일 이상 지속되거나 복용전보다 더 심해진 경우, 발진, 발적(충혈되어 붉어짐), 구역, 구토, 변비, 식욕부진, 어지러움, 두드러기, 부종(부기)(후두, 눈꺼풀, 입술 등), 가슴답답함 등과 함께 안색이 창백해지고, 수족이 차가워지고, 식은땀, 숨가쁨 등이 나타나는 경우, 고열과 동반하는 발진, 발적, 화상모양 수포 등의 격렬한 증상이 전신피부, 입 및 눈의 점막에 나타나는 경우, 천식, 고정발진 등이 나타나는 경우에는 복용을 즉각 중지하고 의사 또는 약사와 상의하십시오.
","습기와 빛을 피해 실온에서 보관하십시오. 어린이의 손이 닿지 않는 곳에 보관하십시오.
"
8806723002213 ,한국 타이레놀콜드-에스/10T,"2,500",6723002213,6723,0022,8806723002213,8806723002213,67230022,OK,202106954,OK,"이 약은 감기의 제증상(여러증상)(콧물, 코막힘, 재채기, 인후(목구멍)통, 기침, 오한(춥고 떨리는 증상), 발열, 두통, 관절통, 근육통)의 완화에 사용합니다.
","만 15세 이상은 1회 1정씩, 1일 3회 식후 30분에 복용합니다.
","매일 세 잔 이상 정기적 음주자가 이 약 또는 다른 해열진통제를 복용할  때는 의사 또는 약사와 상의하십시오. 간손상을 일으킬 수 있습니다.

매우 드물게 치명적일 수 있는 급성 전신성 발진성 고름물집증, 스티븐스-존슨 증후군, 독성 표피 괴사용해, 호산구 증가 및 전신 증상 동반 약물 반응(DRESS 증후군)과 같은 중대한 피부반응이 보고되었고 이 약 복용후 피부발진 또는 다른 과민반응의 징후가 나타나는 경우 즉시 복용을 중단하십시오.

아세트아미노펜으로 일일 최대 용량(4,000 mg)을 초과하여 복용하지 마십시오. 간손상을 일으킬 수 있습니다. 아세트아미노펜을 포함하는 다른 제품과 함께 복용하지 마십시오.

급성전신발진고름물집증과 같은 중증 피부 이상반응이 나타나는 경우 복용을 중단하고 의사 또는 약사와 상의하십시오.
","MAO 억제제(항우울제, 항정신병제, 감정조절제, 항파킨슨제 등), 진해거담제(기침·가래약), 다른 감기약, 해열진통제, 진정제, 항히스타민제를 함유하는 내복약(비염[코염]용 경구제, 멀미약, 알레르기용약)과 함께 복용하지 마십시오.

MAO억제제(항우울제, 항정신병제, 감정조절제, 항파킨슨제 등) 복용을 중단한 후 2주 이내의 사람은 이 약을 복용하지 마십시오.

이 약을 복용하기 전에 당뇨약, 통풍약, 관절염약, 항응고제, 스테로이드제, 플루클록사실린 등 다른 약물을 투여 받고 있는 사람은 의사 또는 약사와 상의하십시오.

바르비탈계 약물, 삼환계 항우울제 및 알코올을 투여하는 환자는 의사 또는 약사와 상의하십시오.

복용 중에 음주하지 마십시오.
","발진·발적(충혈되어 붉어짐), 가려움, 구역·구토, 식욕부진, 변비, 부종(부기), 배뇨(소변을 눔)곤란, 지속적이거나 심한 목마름, 어지러움, 불안, 떨림, 불면, 뇌혈관사고(뇌졸중), 감각이상, 심근경색증, 허혈성 대장염(급성 복통, 장출혈 등), 쇽 증상(복용후 바로 두드러기, 부종, 가슴답답함 등과 함께 안색이 창백하고, 손발이 차고, 식은땀, 숨쉬기 곤란함), 피부점막안증후군(스티븐스-존슨증후군), 독성표피괴사용해(리엘증후군: 고열을 동반하고, 발진·발적, 화상과 같이 물집이 생기는 등의 심한 증상), 급성 전신성 발진성 농포증, 발열, 홍반, 천식, 전신의 나른함, 황달(피부 또는 눈의 흰자위가 황색을 띄게 됨), 간질성폐렴(기침을 동반하고, 숨이 차고, 호흡곤란, 발열 등), 고정발진, 가역적 후뇌 병증 증후군 및 가역적 뇌혈관 수축 증후군으 징후/증상(급작스런 심한 두통, 구역, 구토, 시각 장애 등) 등이 나타날 경우 복용을 즉각 중지하고 의사 또는 약사와 상의하십시오.
","습기와 빛을 피해 실온에서 보관하십시오.

어린이의 손이 닿지 않는 곳에 보관하십시오.
"
8806723002329 ,한국 타이레놀정 500mg/10T,"2,500",6723002329,6723,0023,8806723002329,8806723002329,67230023,OK,202106092,OK,"이 약은 감기로 인한 발열 및 동통(통증), 두통, 신경통, 근육통, 월경통, 염좌통(삔 통증), 치통, 관절통, 류마티양 동통(통증)에 사용합니다
","만 12세 이상 소아 및 성인은 1회 1~2정씩, 1일 3~4회(4~6시간 마다) 필요시 복용합니다.

이 약은 가능한 최단기간동안 최소 유효용량으로 복용하며, 1일 최대 8정(4 g)을 초과하여 복용하지 않습니다.
","매일 세 잔 이상 정기적 음주자가 이 약 또는 다른 해열진통제를 복용할  때는 의사 또는 약사와 상의하십시오. 간손상을 일으킬 수 있습니다.

매우 드물게 치명적일 수 있는 급성 전신성 발진성 고름물집증, 스티븐스-존슨 증후군, 독성 표피 괴사용해와 같은 중대한 피부반응이 보고되었고 이 약 복용후 피부발진 또는 다른 과민반응의 징후가 나타나는 경우 즉시 복용을 중단하십시오.

아세트아미노펜으로 일일 최대 용량(4,000 mg)을 초과하여 복용하지 마십시오. 간손상을 일으킬 수 있습니다. 아세트아미노펜을 포함하는 다른 제품과 함께 복용하지 마십시오.
","바르비탈계 약물, 삼환계 항우울제 및 알코올을 투여한 환자, 와파린, 플루클록사실린을 복용하는 환자는 의사 또는 약사와 상의하십시오.
","쇽 증상(호흡곤란, 온몸이 붉어짐, 혈관부기, 두드러기 등), 천식발작, 혈소판감소, 과립구감소, 용혈성빈혈, 메트헤모글로빈혈증, 혈소판기능 저하(출혈시간 연장), 청색증, 과민증상(얼굴부기, 땀이 남, 저혈압), 구역, 구토, 식욕부진, 위장출혈, 소화성궤양, 천공(뚦림), 발진, 알레르기 반응, 피부점막안증후군(스티븐스-존슨증후군), 독성표피괴사증(리엘증후군), AST 상승, ALT 상승, 고정발진 등이 나타나는 경우 복용을 즉각 중지하고 의사 또는 약사와 상의하십시오.
","실온에서 보관하십시오.

어린이의 손이 닿지 않는 곳에 보관하십시오.
"
8806723002336 ,한국 타이레놀 500mg/30T,"7,000",6723002336,6723,0023,8806723002336,8806723002336,67230023,OK,202106092,OK,"이 약은 감기로 인한 발열 및 동통(통증), 두통, 신경통, 근육통, 월경통, 염좌통(삔 통증), 치통, 관절통, 류마티양 동통(통증)에 사용합니다
","만 12세 이상 소아 및 성인은 1회 1~2정씩, 1일 3~4회(4~6시간 마다) 필요시 복용합니다.

이 약은 가능한 최단기간동안 최소 유효용량으로 복용하며, 1일 최대 8정(4 g)을 초과하여 복용하지 않습니다.
","매일 세 잔 이상 정기적 음주자가 이 약 또는 다른 해열진통제를 복용할  때는 의사 또는 약사와 상의하십시오. 간손상을 일으킬 수 있습니다.

매우 드물게 치명적일 수 있는 급성 전신성 발진성 고름물집증, 스티븐스-존슨 증후군, 독성 표피 괴사용해와 같은 중대한 피부반응이 보고되었고 이 약 복용후 피부발진 또는 다른 과민반응의 징후가 나타나는 경우 즉시 복용을 중단하십시오.

아세트아미노펜으로 일일 최대 용량(4,000 mg)을 초과하여 복용하지 마십시오. 간손상을 일으킬 수 있습니다. 아세트아미노펜을 포함하는 다른 제품과 함께 복용하지 마십시오.
","바르비탈계 약물, 삼환계 항우울제 및 알코올을 투여한 환자, 와파린, 플루클록사실린을 복용하는 환자는 의사 또는 약사와 상의하십시오.
","쇽 증상(호흡곤란, 온몸이 붉어짐, 혈관부기, 두드러기 등), 천식발작, 혈소판감소, 과립구감소, 용혈성빈혈, 메트헤모글로빈혈증, 혈소판기능 저하(출혈시간 연장), 청색증, 과민증상(얼굴부기, 땀이 남, 저혈압), 구역, 구토, 식욕부진, 위장출혈, 소화성궤양, 천공(뚦림), 발진, 알레르기 반응, 피부점막안증후군(스티븐스-존슨증후군), 독성표피괴사증(리엘증후군), AST 상승, ALT 상승, 고정발진 등이 나타나는 경우 복용을 즉각 중지하고 의사 또는 약사와 상의하십시오.
","실온에서 보관하십시오.

어린이의 손이 닿지 않는 곳에 보관하십시오.
"
8806723002343 ,한국 타이레놀 500mg/110T,"23,500",6723002343,6723,0023,8806723002343,8806723002343,67230023,OK,202106092,OK,"이 약은 감기로 인한 발열 및 동통(통증), 두통, 신경통, 근육통, 월경통, 염좌통(삔 통증), 치통, 관절통, 류마티양 동통(통증)에 사용합니다
","만 12세 이상 소아 및 성인은 1회 1~2정씩, 1일 3~4회(4~6시간 마다) 필요시 복용합니다.

이 약은 가능한 최단기간동안 최소 유효용량으로 복용하며, 1일 최대 8정(4 g)을 초과하여 복용하지 않습니다.
","매일 세 잔 이상 정기적 음주자가 이 약 또는 다른 해열진통제를 복용할  때는 의사 또는 약사와 상의하십시오. 간손상을 일으킬 수 있습니다.

매우 드물게 치명적일 수 있는 급성 전신성 발진성 고름물집증, 스티븐스-존슨 증후군, 독성 표피 괴사용해와 같은 중대한 피부반응이 보고되었고 이 약 복용후 피부발진 또는 다른 과민반응의 징후가 나타나는 경우 즉시 복용을 중단하십시오.

아세트아미노펜으로 일일 최대 용량(4,000 mg)을 초과하여 복용하지 마십시오. 간손상을 일으킬 수 있습니다. 아세트아미노펜을 포함하는 다른 제품과 함께 복용하지 마십시오.
","바르비탈계 약물, 삼환계 항우울제 및 알코올을 투여한 환자, 와파린, 플루클록사실린을 복용하는 환자는 의사 또는 약사와 상의하십시오.
","쇽 증상(호흡곤란, 온몸이 붉어짐, 혈관부기, 두드러기 등), 천식발작, 혈소판감소, 과립구감소, 용혈성빈혈, 메트헤모글로빈혈증, 혈소판기능 저하(출혈시간 연장), 청색증, 과민증상(얼굴부기, 땀이 남, 저혈압), 구역, 구토, 식욕부진, 위장출혈, 소화성궤양, 천공(뚦림), 발진, 알레르기 반응, 피부점막안증후군(스티븐스-존슨증후군), 독성표피괴사증(리엘증후군), AST 상승, ALT 상승, 고정발진 등이 나타나는 경우 복용을 즉각 중지하고 의사 또는 약사와 상의하십시오.
","실온에서 보관하십시오.

어린이의 손이 닿지 않는 곳에 보관하십시오.
"
8806723002411 ,한국 타이레놀 이알서방정 650mg/6T,"1,800",6723002411,6723,0024,8806723002411,8806723002411,67230024,OK,202200407,OK,"이 약은 해열 및 감기에 의한 동통(통증)과 두통, 치통, 근육통, 허리통증, 생리통, 관절통의 완화에 사용합니다.
","12세 이상의 소아와 성인은 1회 2정을 매 8시간마다 복용합니다. 24시간 동안 6정을 초과하지 마십시오.
이 약은 서방형 제제이므로 정제를 으깨거나 씹거나 녹이지 말고 그대로 삼켜서 복용하십시오.
","매일 세잔 이상 정기적 음주자가 이 약 또는 다른 해열진통제를 복용할 때는 의사 또는 약사와 상의하십시오. 간손상을 일으킬 수 있습니다.
매우 드물게 치명적일 수 있는 급성전신성발진고름물집증, 스티븐스-존슨증후군, 독성표피괴사용해와 같은 중대한 피부반응이 보고되었고 이 약 복용 후 피부발진 또는 다른 과민반응의 징후가 나타나는 경우 즉시 복용을 중단하십시오.
아세트아미노펜으로 일일 최대 용량(4,000 mg)을 초과하여 복용하지 마십시오. 간손상을 일으킬 수 있습니다. 아세트아미노펜을 포함하는 다른 제품과 함께 복용하지 마십시오.
","와파린, 플루클록사실린을 복용하는 환자는 의사 또는 약사와 상의하십시오.
","쇽 증상(호흡곤란, 온몸이 붉어짐, 혈관부기, 두드러기 등), 천식발작, 혈소판감소, 과립구감소, 용혈성빈혈, 메트헤모글로빈혈증, 혈소판기능 저하(출혈시간 연장), 청색증, 과민증상(얼굴부기, 땀이 남, 저혈압), 구역, 구토, 식욕부진, 위장출혈, 소화성궤양, 천공(뚦림), 발진, 피부점막안증후군(스티븐스-존슨증후군), 독성표피괴사증(리엘증후군), AST 상승, ALT 상승, 고정발진 등이 나타나는 경우 복용을 즉각 중지하고 의사 또는 약사와 상의하십시오.
","실온에서 보관하십시오. 어린이의 손이 닿지 않는 곳에 보관하십시오.
"
8806723002527 ,[켄뷰] 어린이 타이레놀 현탁액 100ml,"5,700",6723002527,6723,0025,8806723002527,8806723002527,67230025,OK,202200525,OK,"이 약은 감기로 인한 발열 및 동통(통증), 두통, 신경통, 근육통, 월경통, 염좌통(삔 통증), 치통, 관절통, 류마티양 동통(통증)에 사용합니다.
","만 12세 이하의 소아는 1회 권장용량을 4-6시간마다 필요 시 복용합니다. 1일 5회(75 mg/kg)를 초과하여 복용하지 마십시오. 연령대별 권장용량은 허가사항을 참고하십시오.
","매일 세잔 이상 정기적 음주자가 이 약 또는 다른 해열진통제를 복용할 때는 의사 또는 약사와 상의하십시오. 간손상을 일으킬 수 있습니다.
매우 드물게 치명적일 수 있는 급성전신성발진고름물집증, 스티븐스-존슨증후군, 독성표피괴사용해와 같은 중대한 피부반응이 보고되었고 이 약 복용 후 피부발진 또는 다른 과민반응의 징후가 나타나는 경우 즉시 복용을 중단하십시오.
아세트아미노펜으로 일일 최대 용량(4,000 mg)을 초과하여 복용하지 마십시오. 간손상을 일으킬 수 있습니다. 아세트아미노펜을 포함하는 다른 제품과 함께 복용하지 마십시오.
","복용 중 음주하지 마십시오.
아세트아미노펜을 포함한 해열진통제와 함께 복용하지 마십시오.
와파린, 플루클록사실린을 복용하는 환자는 의사 또는 약사와 상의하십시오.
","쇽 증상(호흡곤란, 온몸이 붉어짐, 혈관부기, 두드러기 등), 천식발작, 혈소판감소, 과립구감소, 용혈성빈혈, 메트헤모글로빈혈증, 혈소판기능 저하(출혈시간 연장), 청색증, 과민증상(얼굴부기, 땀이 남, 저혈압), 구역, 구토, 식욕부진, 위장출혈, 소화성궤양, 천공(뚦림), 발진, 피부점막안증후군(스티븐스-존슨증후군), 독성표피괴사증(리엘증후군), AST 상승, ALT 상승, 고정발진 등이 나타나는 경우 복용을 즉각 중지하고 의사 또는 약사와 상의하십시오.
","실온에서 보관하십시오. 어린이의 손이 닿지 않는 곳에 보관하십시오.
"
8806741020220 ,[옵투스] 오에수 트레할로스 0.5ml x 30관,"6,000",6741020220,6741,0202,8806741020220,8806741020220,67410202,OK,202100747,OK,"이 약은 바람, 연기, 공해, 먼지, 건조한 열, 에어컨, 항공여행, 장시간 컴퓨터 사용으로 발생하는 눈의 건조(불쾌감, 찌르는듯한 통증, 자극)나 눈의 피로에 사용합니다.
","필요 시 각각의 눈에 1회 1방울, 1일 수회 점안하십시오.

아래 눈꺼풀을 부드럽게 아래로 당기고 위를 보는 동안 아래 결막낭에 한 방울 점안하십시오.
",,"이 약을 다른 점안제와 동시에 사용할 경우에는 다른 점안제를 사용하고 약 10분 후에 이 약을 점안하십시오.
","드물게 눈 자극이 나타나는 경우 사용을 즉각 중지하고 의사 또는 약사와 상의하십시오.
","습기와 빛을 피해 실온에서 보관하십시오.

어린이의 손에 닿지 않는 곳에 보관하십시오.
"
8806749004420 ,[메나리니] 풀케어 네일라카 6.6ml,"32,000",6749004420,6749,0044,8806749004420,8806749004420,67490044,OK,200811790,OK,"이 약은 조갑진균증(손, 발톱무좀)에 사용합니다.","손발을 씻고 건조시킨 후 취침 전에 하루에 한번 얇은 막이 형성되도록 환부에 바릅니다.손발톱전체와 손발톱 주위 5 mm의 피부, 가능하면 손발톱끝의 아래부분에 바릅니다. 30초 정도 건조 시킨 후 적어도 6시간 동안은 씻지 않아야 하므로 취침 전에 바르도록 합니다.이 약은 유기용매나 긁어내지 않고 물로도 충분히 제거되므로 만약 의도치 않게 물에 씻었다면 이 약을 다시 바릅니다.정기적으로 자라난 손발톱끝 부분과 환부는 가위나 손톱깎이 등으로 잘라줍니다. 적용기간은 건강한 손발톱이 자랄 때까지 지속해야 하는데 일반적으로, 손톱의 경우는 대략 6개월 발톱의 경우는 9~12개월이 예상됩니다.만약 효과가 없거나 환부(질환 부위)가 광범위할 경우 의사와 상담하십시오.남아 있는 활성성분이 배양결과에 영향을 주는 것을 피하기 위해 배양검사는 치료가 끝난 후 4주 후에 합니다.특정 연령층에 대하여 용량조절은 필요하지 않습니다.이 약물에 내약성이 있거나 한 개이상의 손발톱에서 광범위한 침투가 있는 경우 추가적인 경구 치료를 고려해 보아야 합니다.",,,"자극성접촉성피부염, 매우 드물게 국소적으로 홍반, 비늘, 작열감, 가려움 등이 나타날 수 있습니다.","습기와 빛을 피해 실온에서 보관하십시오.어린이의 손이 닿지 않는 곳에 보관하십시오.냉장보관하지 마십시오.사용한 후 병마개를 잘 닫아 보관하고, 개봉 후 6개월 이상 사용은 피하십시오."
8806754000226 ,서근령약교포 24매,"8,000",6754000226,6754,0002,8806754000226,8806754000226,67540002,OK,200608026,OK,"이 약은 염좌, 타박, 근육통, 관절통, 견통, 신경통의 진통, 소염에 사용합니다.
","질환 부위를 깨끗이 닦고 건조시킨 후 매일 1매씩 붙입니다.

필요에 따라 포대, 반창고 등으로 고정합니다.
",,,"발진ㆍ발적, 가려움 등이 나타나는 경우 사용을 즉각 중지하고 의사 또는 약사와 상의하십시오.
","습기와 빛을 피해 실온에서 보관하십시오.

어린이의 손이 닿지 않는 곳에 보관하십시오.
"
88067749004420 ,풀케어 6.6ml,"25,000",67749004420,6774,9004,88067749004420,88067749004420,67749004,OK,,NO_ITEMSEQ,,,,,,
8806786020612 ,코코스탑 나잘스프레이 18ml,"5,000",6786020612,6786,0206,8806786020612,8806786020612,67860206,OK,202303275,OK,"이 약은 코감기, 알레르기성 비염, 또는 부비동염에 의한 코막힘, 콧물, 재채기, 머리무거움 증상의 완화에 사용합니다.
","만 7세 이상 및 성인에게 1회 1번씩, 1일 3회 양쪽 코 안에 뿌리십시오.

사용 시 매회 최소 3시간 이상의 간격을 두십시오.
",,"우울증, 파킨슨병 치료 등에 사용되는 MAO억제제를 복용하고 있거나 복용을 중단한 후 2주 이내의 사람은 이 약을 사용하지 마십시오.

사용시에는 음주하지 마십시오.
","발진 및 충혈되어 붉어지는 발적, 부종, 자극감, 가려움 등이 나타나는 경우 이 약의 사용을 즉각 중지하고 의사 또는 약사와 상의하십시오.
","습기와 빛을 피해 실온에서 보관하십시오.

어린이의 손이 닿지 않는 곳에 보관하십시오.
"
8806789011211 ,"크린클관류제 1,000ml","1,800",6789011211,6789,0112,8806789011211,8806789011211,67890112,OK,201703175,OK,"이 약은 관류, 피부, 창상(상처)면, 점막의 세정, 습포(적셔서 대는 것), 함수(양치질), 분무흡입제로서 점막세정, 객담(가래)배출 촉진, 의료용구의 세정에 사용합니다.","관류액으로 사용 시에는 의사의 지시에 따라 적량 사용합니다.피부, 창상(상처)면, 점막의 세정, 습포(적셔서 대는 것), 함수(양치질), 분무흡입에 적량 사용합니다.의료용 기구의 세정에 사용합니다.",,,"이상반응, 체액과잉 등이 나타나는 경우 사용을 즉각 중지하고 의사 또는 약사와 상의하십시오.",실온에서 보관하십시오.
8806789011358 ,크린클관류제 20ml × 20EA,"9,000",6789011358,6789,0113,8806789011358,8806789011358,67890113,OK,201703175,OK,"이 약은 관류, 피부, 창상(상처)면, 점막의 세정, 습포(적셔서 대는 것), 함수(양치질), 분무흡입제로서 점막세정, 객담(가래)배출 촉진, 의료용구의 세정에 사용합니다.","관류액으로 사용 시에는 의사의 지시에 따라 적량 사용합니다.피부, 창상(상처)면, 점막의 세정, 습포(적셔서 대는 것), 함수(양치질), 분무흡입에 적량 사용합니다.의료용 기구의 세정에 사용합니다.",,,"이상반응, 체액과잉 등이 나타나는 경우 사용을 즉각 중지하고 의사 또는 약사와 상의하십시오.",실온에서 보관하십시오.
8806796014816 ,에이치코 연질캡슐 10C,"1,000",6796014816,6796,0148,8806796014816,8806796014816,67960148,OK,202302953,NO_ITEM,,,,,,
8806796015011 ,에이치코프 연질캡슐 10C,"1,000",6796015011,6796,0150,8806796015011,8806796015011,67960150,OK,202303049,NO_ITEM,,,,,,
8806804000817 ,구미 포비돈 요오드 (25ml),"1,000",6804000817,6804,0008,8806804000817,8806804000817,68040008,OK,200203626,OK,"이 약은 찢긴 상처, 화상, 창상(상처), 욕창의 살균소독, 궤양, 농양(고름집)의 살균소독, 감염피부면의 소독, 수술 부위의 살균소독, 주사 및 카테터부위의 소독에 사용합니다.",1일 수회(여러 차례) 환부(질환 부위)에 적당량을 바릅니다.,,"과산화수소를 함께 사용하지 마십시오.리튬제제, 클로르헥시딘, 설파디아진 은화합물, 알칼리, 수은을 함유한 제제, 효소성분의 상처치료제를 함께 사용 시 의사 또는 약사와 상의하십시오.","드물게 아나필락시양 증상(호흡곤란, 조홍, 두드러기 등), 요오드진, 때때로 동통, 가려움, 자극감, 발진, 발적, 피부염, 드물게 작열감, 피부궤양, 접촉피부염, 피부변색이 나타나는 경우 사용을 즉각 중지하고 의사 또는 약사와 상의하십시오.",빛을 피해 실온에서 보관하십시오.
8806876001026 ,포텐시에이터액 10ml*20AMP,"60,000",6876001026,6876,0010,8806876001026,8806876001026,68760010,OK,200210275,OK,이 약은 정신적·신체적 기능무력 증상의 보조요법 및 회복기간(아미노산 결핍상태) 동안의 보조요법으로 사용합니다.,"12세 이상의 성인은 1일 1회 5 g을 복용합니다.아침에 복용하는 것이 좋지만 취침전에도 복용 가능하며, 적은양의 물과 함께 복용할 수 있습니다.",,"항정신병약, 수면제와 함께 복용하지 마십시오.","알레르기 반응, 설사, 구역, 구토 등이 나타나는 경우 복용을 즉각 중지하고 의사 또는 약사와 상의하십시오.",실온에서 보관하십시오.
8806890016310 ,[광동] 이바파정 20T,"3,000",6890016310,6890,0163,8806890016310,8806890016310,68900163,OK,202105146,OK,"이 약은 육체피로, 임신ㆍ수유기, 병중ㆍ병후(병을 앓는 동안이나 회복 후)의 체력저하 시의 비타민 B2, B6, C의 보급, 구각염(입꼬리염), 구순염(입술염), 구내염(입안염), 설염(혀염), 습진, 피부염의 완화에 사용합니다.
","만 8세 이상 어린이 및 성인은 1회 1정씩, 1일 3회 식후에 복용합니다.
",,"레보도파와 함께 복용하지 마십시오.
","구역, 식욕부진, 복부(배부분)팽만감 등이 나타나는 경우 복용을 즉각 중지하고 의사 또는 약사와 상의하십시오.
","습기와 빛을 피해 실온에서 보관하십시오.

어린이의 손이 닿지 않는 곳에 보관하십시오.
"
8806890016815 ,[광동] 락토그린 10T,"2,000",6890016815,6890,0168,8806890016815,8806890016815,68900168,OK,202201864,OK,"이 약은 설사, 복통(배아픔)을 수반하는 설사, 체함, 묽은 변, 토사에 사용합니다.
","만 15세 이상 및 성인은 1회 2정씩, 1일 3회 식후에 복용합니다.

복용간격은 4시간 이상으로 합니다.
",,"위장진통, 진경제와 함께 복용하지 마십시오.
","알레르기 증상(발진, 가려움 등), 드물게 입이 마르는 증상 등이 나타나는 경우 복용을 즉각 중지하고 의사 또는 약사와 상의하십시오.
","습기와 빛을 피해 실온에서 보관하십시오.

어린이의 손이 닿지 않는 곳에 보관하십시오.
"
8806948001725 ,콘투락투벡스 20g,"35,000",6948001725,6948,0017,8806948001725,8806948001725,69480017,OK,200109572,OK,"이 약은 수술, 절단, 화상, 사고후의 비대성 및 켈로이드성, 운동제한성 또는 미용적 피부손상시의 상처 및 흉터, 외상성 경축, 상흔성 협착에 사용합니다.
","상처 부위에 충분히 침투할 때까지 하루 수 회 가볍게 마사지합니다.

갓 생긴 상처의 경우, 극도의 추위, 자외선, 강한 마사지 등 신체적 자극을 피하십시오.

상처가 심하거나 오래된 상흔일 경우 고정하여 하루 저녁을 지내십시오.
",,,"아주 드물게 국소 피부자극, 가려움증, 과민반응 등이 나타날 수 있습니다.
","상온(15~25ºC)에서 보관하십시오.

어린이의 손이 닿지 않는 곳에 보관하십시오.
"
8807001111009 ,올리브3 24P,"34,900",7001111009,7001,1110,8807001111009,8807001111009,70011110,OK,,NO_ITEMSEQ,,,,,,
8807001111191 ,올리브3 10P,"16,900",7001111191,7001,1111,8807001111191,8807001111191,70011111,OK,,NO_ITEMSEQ,,,,,,
8807007353670 ,모스케어싹 80ml,"8,000",7007353670,7007,3536,8807007353670,8807007353670,70073536,OK,,NO_ITEMSEQ,,,,,,
8807494000224 ,멸균연고면봉 30EA,"2,000",7494000224,7494,0002,8807494000224,8807494000224,74940002,OK,,NO_ITEMSEQ,,,,,,
8808641357925 ,로얄 알부민 미슬토 플라센타 맥스 25ml x 60v,"120,000",8641357925,8641,3579,8808641357925,8808641357925,86413579,OK,,NO_ITEMSEQ,,,,,,
8809001237093 ,원기소 멀티바이오틱스,"21,000",9001237093,9001,2370,8809001237093,8809001237093,90012370,OK,,NO_ITEMSEQ,,,,,,
8809001239981 ,유한m 100달톤 콜라겐 120P(60P x 2EA),"60,000",9001239981,9001,2399,8809001239981,8809001239981,90012399,OK,,NO_ITEMSEQ,,,,,,
8809001579124 ,[네오] 소프트 일반형 콘돔(Plain-P),"4,000",9001579124,9001,5791,8809001579124,8809001579124,90015791,OK,,NO_ITEMSEQ,,,,,,
8809001579223 ,[네오] 소프트 돌출형 콘돔(Dots-D),"6,400",9001579223,9001,5792,8809001579223,8809001579223,90015792,OK,,NO_ITEMSEQ,,,,,,
8809001579322 ,[네오] 소프트 나선형 콘돔(Spirals-S),"5,600",9001579322,9001,5793,8809001579322,8809001579322,90015793,OK,,NO_ITEMSEQ,,,,,,
8809001579421 ,[네오] 소프트 49형 콘돔(49mmWidth),"4,800",9001579421,9001,5794,8809001579421,8809001579421,90015794,OK,,NO_ITEMSEQ,,,,,,
8809001579520 ,[네오] 소프트 슬림형 콘돔((P-Type),"7,200",9001579520,9001,5795,8809001579520,8809001579520,90015795,OK,,NO_ITEMSEQ,,,,,,
8809001579551 ,[네오] 소프트 프리미엄 초박형 콘돔,"8,000",9001579551,9001,5795,8809001579551,8809001579551,90015795,OK,,NO_ITEMSEQ,,,,,,
8809034584683 ,아세톤 100ml,"1,200",9034584683,9034,5846,8809034584683,8809034584683,90345846,OK,,NO_ITEMSEQ,,,,,,
8809034589800 8809034589800,핑크퐁베이비파우더,"9,000",90345898008809034589800,9034,5898,88090345898008809034589800,88090345898008809034589800,90345898,OK,,NO_ITEMSEQ,,,,,,
8809059505106 ,이지템 귀 적외선 체온계(BT-020),"38,000",9059505106,9059,5051,8809059505106,8809059505106,90595051,OK,,NO_ITEMSEQ,,,,,,
8809072220246 ,한양 혀크리너,"1,500",9072220246,9072,2202,8809072220246,8809072220246,90722202,OK,,NO_ITEMSEQ,,,,,,
8809072222462 ,잇백 시린이 듀얼케어 120g,"10,000",9072222462,9072,2224,8809072222462,8809072222462,90722224,OK,,NO_ITEMSEQ,,,,,,
8809097856628 ,두뇌엔 PS진 2g x 15P,"17,000",9097856628,9097,8566,8809097856628,8809097856628,90978566,OK,,NO_ITEMSEQ,,,,,,
8809118170993 ,메디플러스포아 소형(백색 / 1.25cm x 9.1m),800,9118170993,9118,1709,8809118170993,8809118170993,91181709,OK,,NO_ITEMSEQ,,,,,,
8809118171006 ,메디플러스포아 중형(백색 / 2.5cm x 9.1m),"1,200",9118171006,9118,1710,8809118171006,8809118171006,91181710,OK,,NO_ITEMSEQ,,,,,,
8809118171013 ,메디플러스포아 소형(살색 / 1.25cm x 9.1m),800,9118171013,9118,1710,8809118171013,8809118171013,91181710,OK,,NO_ITEMSEQ,,,,,,
8809118171020 ,메디플러스포아 중형(살색 /2.5cm x 9.1m),"1,200",9118171020,9118,1710,8809118171020,8809118171020,91181710,OK,,NO_ITEMSEQ,,,,,,
8809118171945 ,메디 손끝 아쿠아밴드 표준형 6P,"2,500",9118171945,9118,1719,8809118171945,8809118171945,91181719,OK,,NO_ITEMSEQ,,,,,,
8809118171969 ,메디 손끝 아쿠아밴드 소형 8P,"2,500",9118171969,9118,1719,8809118171969,8809118171969,91181719,OK,,NO_ITEMSEQ,,,,,,
8809126641195 ,바로잰 혈당측정 검사지,"11,000",9126641195,9126,6411,8809126641195,8809126641195,91266411,OK,,NO_ITEMSEQ,,,,,,
8809126646862 ,바로잰 개인용 혈당측정기,"17,500",9126646862,9126,6468,8809126646862,8809126646862,91266468,OK,,NO_ITEMSEQ,,,,,,
8809126648842 ,바로잰 일회용 멸균 수동 채혈침 36G,"1,500",9126648842,9126,6488,8809126648842,8809126648842,91266488,OK,,NO_ITEMSEQ,,,,,,
8809129320837 ,하이맘밴드 방수탄력 기본형 20매,"3,500",9129320837,9129,3208,8809129320837,8809129320837,91293208,OK,,NO_ITEMSEQ,,,,,,
8809129320844 ,하이맘밴드 방수탄력 대형 16매,"3,500",9129320844,9129,3208,8809129320844,8809129320844,91293208,OK,,NO_ITEMSEQ,,,,,,
8809129320851 ,하이맘밴드 방수탄력 손끝형 10매,"3,500",9129320851,9129,3208,8809129320851,8809129320851,91293208,OK,,NO_ITEMSEQ,,,,,,
8809154379299 ,초롱핑의 사과칩 15g,"3,800",9154379299,9154,3792,8809154379299,8809154379299,91543792,OK,,NO_ITEMSEQ,,,,,,
8809154379305 ,하츄핑의 딸기칩 12g,"3,800",9154379305,9154,3793,8809154379305,8809154379305,91543793,OK,,NO_ITEMSEQ,,,,,,
8809159461999 ,어린리즈 저분자콜라겐 2g x 90포,"51,000",9159461999,9159,4619,8809159461999,8809159461999,91594619,OK,,NO_ITEMSEQ,,,,,,
8809159462002 ,유한m 어린리즈 저분자콜라겐 2g x 30포,"17,000",9159462002,9159,4620,8809159462002,8809159462002,91594620,OK,,NO_ITEMSEQ,,,,,,
8809159466123 ,액티브 셀렌효모 플러스 480T(240T x 2ea),"30,000",9159466123,9159,4661,8809159466123,8809159466123,91594661,OK,,NO_ITEMSEQ,,,,,,
8809159466222 ,프로신 프로폴리스[한솔] 10C,"2,000",9159466222,9159,4662,8809159466222,8809159466222,91594662,OK,,NO_ITEMSEQ,,,,,,
8809176312427 ,포스트 프로폴리스 120C(60C x 2EA),"60,000",9176312427,9176,3124,8809176312427,8809176312427,91763124,OK,,NO_ITEMSEQ,,,,,,
8809191010797 ,레모나 맥스 3000mg 100P(3g x 20P x 5EA),"35,000",9191010797,9191,0107,8809191010797,8809191010797,91910107,OK,,NO_ITEMSEQ,,,,,,
8809193964081 ,모스펜스 60ml,"8,000",9193964081,9193,9640,8809193964081,8809193964081,91939640,OK,,NO_ITEMSEQ,,,,,,
8809198570638 ,멜록시벳 츄어블정 1.0mg 50T,"31,500",9198570638,9198,5706,8809198570638,8809198570638,91985706,OK,,NO_ITEMSEQ,,,,,,
8809198570652 ,포레신 15ml,"12,600",9198570652,9198,5706,8809198570652,8809198570652,91985706,OK,,NO_ITEMSEQ,,,,,,
8809198570669 ,케타딘샴푸 200ml,"19,800",9198570669,9198,5706,8809198570669,8809198570669,91985706,OK,,NO_ITEMSEQ,,,,,,
8809206501500 ,비타하임 비타민C500(레몬),"4,500",9206501500,9206,5015,8809206501500,8809206501500,92065015,OK,,NO_ITEMSEQ,,,,,,
8809209600668 ,골드 상쾌한 변화 (요구르트맛) 120ml,"5,000",9209600668,9209,6006,8809209600668,8809209600668,92096006,OK,,NO_ITEMSEQ,,,,,,
8809241998273 ,큐어반 번 스프레이 50g,"8,000",9241998273,9241,9982,8809241998273,8809241998273,92419982,OK,,NO_ITEMSEQ,,,,,,
8809261900409 ,키움비타 뽀로로 비타민,"3,500",9261900409,9261,9004,8809261900409,8809261900409,92619004,OK,,NO_ITEMSEQ,,,,,,
8809261909129 ,핑크퐁 아기상어 키움비타 15T,"3,500",9261909129,9261,9091,8809261909129,8809261909129,92619091,OK,,NO_ITEMSEQ,,,,,,
8809262391824 ,퍼슨)에프에이 알콜스왑(이소프로판올) 100매,"2,800",9262391824,9262,3918,8809262391824,8809262391824,92623918,OK,,NO_ITEMSEQ,,,,,,
8809262392548 ,[퍼슨] 에프에이 알콜스왑 100P,"2,800",9262392548,9262,3925,8809262392548,8809262392548,92623925,OK,,NO_ITEMSEQ,,,,,,
8809273173884 ,픽컵 해피베어젤리 100g,"3,200",9273173884,9273,1738,8809273173884,8809273173884,92731738,OK,,NO_ITEMSEQ,,,,,,
8809273174089 ,비달 샤크 젤리 100g,"3,200",9273174089,9273,1740,8809273174089,8809273174089,92731740,OK,,NO_ITEMSEQ,,,,,,
8809273179251 ,픽컵젤리 피니 해피믹스 100g,"3,200",9273179251,9273,1792,8809273179251,8809273179251,92731792,OK,,NO_ITEMSEQ,,,,,,
8809273179367 ,피니 웜 젤리 100g,"3,200",9273179367,9273,1793,8809273179367,8809273179367,92731793,OK,,NO_ITEMSEQ,,,,,,
8809273180738 ,비달 팹 믹스젤리 100g,"3,200",9273180738,9273,1807,8809273180738,8809273180738,92731807,OK,,NO_ITEMSEQ,,,,,,
8809273181315 ,픽컵 푸르트 모양 젤리 100g,"3,200",9273181315,9273,1813,8809273181315,8809273181315,92731813,OK,,NO_ITEMSEQ,,,,,,
8809273181537 ,성인용 열냉각시트 6P,"5,000",9273181537,9273,1815,8809273181537,8809273181537,92731815,OK,,NO_ITEMSEQ,,,,,,
8809273181773 ,픽컵 믹스 젤리 100g,"3,200",9273181773,9273,1817,8809273181773,8809273181773,92731817,OK,,NO_ITEMSEQ,,,,,,
8809273182008 ,픽컵 피니 상어모양 젤리 100g,"3,200",9273182008,9273,1820,8809273182008,8809273182008,92731820,OK,,NO_ITEMSEQ,,,,,,
8809291820258 ,상공 멸균거즈 3호 소(5cm x 5cm) 8P,450,9291820258,9291,8202,8809291820258,8809291820258,92918202,OK,,NO_ITEMSEQ,,,,,,
8809291820265 ,상공멸균거즈3호 7.5cm*7.5cm*8p,550,9291820265,9291,8202,8809291820265,8809291820265,92918202,OK,,NO_ITEMSEQ,,,,,,
8809291820272 ,상공멸균거즈3호 10cm*10cm*8p,600,9291820272,9291,8202,8809291820272,8809291820272,92918202,OK,,NO_ITEMSEQ,,,,,,
8809311210106 ,예쁜얼굴 고보습 수분크림 90g,"10,000",9311210106,9311,2101,8809311210106,8809311210106,93112101,OK,,NO_ITEMSEQ,,,,,,
8809319390763 ,글루코나비 혈당검사지 50개,"15,000",9319390763,9319,3907,8809319390763,8809319390763,93193907,OK,,NO_ITEMSEQ,,,,,,
8809319390848 ,글루코나비 (혈당측정기+검사지 1EA),"15,000",9319390848,9319,3908,8809319390848,8809319390848,93193908,OK,,NO_ITEMSEQ,,,,,,
8809319393344 ,란셋 100P,"2,500",9319393344,9319,3933,8809319393344,8809319393344,93193933,OK,,NO_ITEMSEQ,,,,,,
8809319393351 ,란셋 200P,"3,500",9319393351,9319,3933,8809319393351,8809319393351,93193933,OK,,NO_ITEMSEQ,,,,,,
8809320250506 ,에너지바이탈 포도당캔디 블루베리맛 18T,"2,500",9320250506,9320,2505,8809320250506,8809320250506,93202505,OK,,NO_ITEMSEQ,,,,,,
8809320250513 ,에너지바이탈 포도당캔디 레몬맛 18T,"2,500",9320250513,9320,2505,8809320250513,8809320250513,93202505,OK,,NO_ITEMSEQ,,,,,,
8809320250537 ,에너지바이탈 포도당캔디 복숭아맛 18T,"2,500",9320250537,9320,2505,8809320250537,8809320250537,93202505,OK,,NO_ITEMSEQ,,,,,,
8809320250643 ,에너지바이탈 포도당캔디 파인애플맛 18T,"2,500",9320250643,9320,2506,8809320250643,8809320250643,93202506,OK,,NO_ITEMSEQ,,,,,,
8809320250650 ,에너지바이탈 포도당캔디 망고맛 18T,"2,500",9320250650,9320,2506,8809320250650,8809320250650,93202506,OK,,NO_ITEMSEQ,,,,,,
8809323720761 ,광동 견옥고 본 (트릿형/30개입),"26,100",9323720761,9323,7207,8809323720761,8809323720761,93237207,OK,,NO_ITEMSEQ,,,,,,
8809324921488 ,마데카 습윤밴드 폼 잘라쓰는타입 1매,"8,000",9324921488,9324,9214,8809324921488,8809324921488,93249214,OK,,NO_ITEMSEQ,,,,,,
8809326644156 ,MK 아쿠아 콜라겐 20ml x 30V,"150,000",9326644156,9326,6441,8809326644156,8809326644156,93266441,OK,,NO_ITEMSEQ,,,,,,
8809326645597 ,닥터루템 이시형박사 알부민 플래티넘,"129,000",9326645597,9326,6455,8809326645597,8809326645597,93266455,OK,,NO_ITEMSEQ,,,,,,
8809330473155 ,[익수] 위속청Q 100ml,"1,000",9330473155,9330,4731,8809330473155,8809330473155,93304731,OK,,NO_ITEMSEQ,,,,,,
8809330473162 ,위속청Q 1박스(100ml x 10EA),"10,000",9330473162,9330,4731,8809330473162,8809330473162,93304731,OK,,NO_ITEMSEQ,,,,,,
8809330479003 ,파워텐골드,"2,000",9330479003,9330,4790,8809330479003,8809330479003,93304790,OK,,NO_ITEMSEQ,,,,,,
8809330479010 ,파워텐 골드 1박스(100ml x 10EA),"18,000",9330479010,9330,4790,8809330479010,8809330479010,93304790,OK,,NO_ITEMSEQ,,,,,,
8809334171989 ,덴티코어 2중 미세모 칫솔 4개입,"5,000",9334171989,9334,1719,8809334171989,8809334171989,93341719,OK,,NO_ITEMSEQ,,,,,,
8809351430038 ,멜라세덤 샴푸 200ml,"18,000",9351430038,9351,4300,8809351430038,8809351430038,93514300,OK,,NO_ITEMSEQ,,,,,,
8809351430052 ,터비덤스프레이큐어 100ml,"18,000",9351430052,9351,4300,8809351430052,8809351430052,93514300,OK,,NO_ITEMSEQ,,,,,,
8809355651569 ,인사덴트 신속 60T,"8,000",9355651569,9355,6515,8809355651569,8809355651569,93556515,OK,,NO_ITEMSEQ,,,,,,
8809355651699 ,인사덴트 교정기 세정제 60T,"10,000",9355651699,9355,6516,8809355651699,8809355651699,93556516,OK,,NO_ITEMSEQ,,,,,,
8809355651705 ,인사덴트 나이트 60정,"8,000",9355651705,9355,6517,8809355651705,8809355651705,93556517,OK,,NO_ITEMSEQ,,,,,,
8809364340270 ,해피레이디 1300mg 120C(60*2),"80,000",9364340270,9364,3402,8809364340270,8809364340270,93643402,OK,,NO_ITEMSEQ,,,,,,
8809364340478 ,당케어골드 60c*2,"70,000",9364340478,9364,3404,8809364340478,8809364340478,93643404,OK,,NO_ITEMSEQ,,,,,,
8809364340744 ,멜라토칸액 20ml x 30병(10V x 3EA),"80,000",9364340744,9364,3407,8809364340744,8809364340744,93643407,OK,,NO_ITEMSEQ,,,,,,
8809365120611 ,메딕 소독용에탄올 250ml,"1,000",9365120611,9365,1206,8809365120611,8809365120611,93651206,OK,,NO_ITEMSEQ,,,,,,
8809365120666 ,과산화수소수 250ml,800,9365120666,9365,1206,8809365120666,8809365120666,93651206,OK,,NO_ITEMSEQ,,,,,,
8809365121588 ,글리세린 100g,"1,200",9365121588,9365,1215,8809365121588,8809365121588,93651215,OK,,NO_ITEMSEQ,,,,,,
8809376580657 ,반테린 서포터 무릎 S,"18,000",9376580657,9376,5806,8809376580657,8809376580657,93765806,OK,,NO_ITEMSEQ,,,,,,
8809376580664 ,반테린 서포터 무릎 M,"18,000",9376580664,9376,5806,8809376580664,8809376580664,93765806,OK,,NO_ITEMSEQ,,,,,,
8809376580671 ,반테린 서포터 무릎 L,"18,000",9376580671,9376,5806,8809376580671,8809376580671,93765806,OK,,NO_ITEMSEQ,,,,,,
8809376580688 ,반테린 서포터 무릎 XL,"18,000",9376580688,9376,5806,8809376580688,8809376580688,93765806,OK,,NO_ITEMSEQ,,,,,,
8809376580695 ,반테린 서포터 팔꿈치 S,"18,000",9376580695,9376,5806,8809376580695,8809376580695,93765806,OK,,NO_ITEMSEQ,,,,,,
8809376580701 ,반테린 서포터 팔꿈치 M,"18,000",9376580701,9376,5807,8809376580701,8809376580701,93765807,OK,,NO_ITEMSEQ,,,,,,
8809376580718 ,반테린 서포터 팔꿈치 L,"18,000",9376580718,9376,5807,8809376580718,8809376580718,93765807,OK,,NO_ITEMSEQ,,,,,,
8809376580725 ,반테린 서포터 발목 S,"18,000",9376580725,9376,5807,8809376580725,8809376580725,93765807,OK,,NO_ITEMSEQ,,,,,,
8809376580732 ,반테린 서포터 발목 M,"18,000",9376580732,9376,5807,8809376580732,8809376580732,93765807,OK,,NO_ITEMSEQ,,,,,,
8809376580749 ,반테린 서포터 발목 L,"18,000",9376580749,9376,5807,8809376580749,8809376580749,93765807,OK,,NO_ITEMSEQ,,,,,,
8809376580756 ,반테린 서포터 손목 S,"18,000",9376580756,9376,5807,8809376580756,8809376580756,93765807,OK,,NO_ITEMSEQ,,,,,,
8809376580763 ,반테린 서포터 손목 M,"18,000",9376580763,9376,5807,8809376580763,8809376580763,93765807,OK,,NO_ITEMSEQ,,,,,,
8809376580770 ,반테린 서포터 손목 L,"18,000",9376580770,9376,5807,8809376580770,8809376580770,93765807,OK,,NO_ITEMSEQ,,,,,,
8809376580787 ,반테린 서포터 종아리 M,"30,000",9376580787,9376,5807,8809376580787,8809376580787,93765807,OK,,NO_ITEMSEQ,,,,,,
8809376580794 ,반테린 서포터 종아리 L,"30,000",9376580794,9376,5807,8809376580794,8809376580794,93765807,OK,,NO_ITEMSEQ,,,,,,
8809376580930 ,반테린 서포터 허리 M,"35,000",9376580930,9376,5809,8809376580930,8809376580930,93765809,OK,,NO_ITEMSEQ,,,,,,
8809376580947 ,반테린 서포터 허리 L,"35,000",9376580947,9376,5809,8809376580947,8809376580947,93765809,OK,,NO_ITEMSEQ,,,,,,
8809376580954 ,반테린 서포터 허리 XL,"35,000",9376580954,9376,5809,8809376580954,8809376580954,93765809,OK,,NO_ITEMSEQ,,,,,,
8809376580992 ,반테린 서포터 가압허리 M,"50,000",9376580992,9376,5809,8809376580992,8809376580992,93765809,OK,,NO_ITEMSEQ,,,,,,
8809376581005 ,반테린 서포터 가압허리 L,"50,000",9376581005,9376,5810,8809376581005,8809376581005,93765810,OK,,NO_ITEMSEQ,,,,,,
8809376581012 ,반테린 서포터 가압허리 XL,"50,000",9376581012,9376,5810,8809376581012,8809376581012,93765810,OK,,NO_ITEMSEQ,,,,,,
8809376581081 ,반테린 요추 코르셋 M,"65,000",9376581081,9376,5810,8809376581081,8809376581081,93765810,OK,,NO_ITEMSEQ,,,,,,
8809376581098 ,반테린 요추 코르셋 L,"65,000",9376581098,9376,5810,8809376581098,8809376581098,93765810,OK,,NO_ITEMSEQ,,,,,,
8809376581104 ,반테린 요추 코르셋 XL,"65,000",9376581104,9376,5811,8809376581104,8809376581104,93765811,OK,,NO_ITEMSEQ,,,,,,
8809376581111 ,반테린 요추 코르셋 XXL,"70,000",9376581111,9376,5811,8809376581111,8809376581111,93765811,OK,,NO_ITEMSEQ,,,,,,
8809411011689 ,히딩크 동전패치 리필 75매,"4,000",9411011689,9411,0116,8809411011689,8809411011689,94110116,OK,,NO_ITEMSEQ,,,,,,
8809422042993 ,헛개컨디션 120ml x 10병,"30,000",9422042993,9422,0429,8809422042993,8809422042993,94220429,OK,,NO_ITEMSEQ,,,,,,
8809427531454 ,불빛 회전 목마 20T,"3,500",9427531454,9427,5314,8809427531454,8809427531454,94275314,OK,,NO_ITEMSEQ,,,,,,
8809434847272 ,더밴드 키즈밴드 헬로카봇 표준형 16매,800,9434847272,9434,8472,8809434847272,8809434847272,94348472,OK,,NO_ITEMSEQ,,,,,,
8809434849245 ,핑크퐁 아기상어 더밴드 표준형 16매,800,9434849245,9434,8492,8809434849245,8809434849245,94348492,OK,,NO_ITEMSEQ,,,,,,
8809449344384 ,네오 맘스덤뷰티 블레미쉬 클린 릴리프 108매,"4,000",9449344384,9449,3443,8809449344384,8809449344384,94493443,OK,,NO_ITEMSEQ,,,,,,
8809449344391 ,네오 맘스덤뷰티 패치 미세스파이크 12매,"8,000",9449344391,9449,3443,8809449344391,8809449344391,94493443,OK,,NO_ITEMSEQ,,,,,,
8809449344452 ,네오소프트 치간칫솔 I자형 SSSS(0) 10개입,"4,000",9449344452,9449,3444,8809449344452,8809449344452,94493444,OK,,NO_ITEMSEQ,,,,,,
8809449344469 ,네오소프트 치간칫솔 I자형 SSS(1) 10개입,"4,000",9449344469,9449,3444,8809449344469,8809449344469,94493444,OK,,NO_ITEMSEQ,,,,,,
8809449344476 ,네오소프트 치간칫솔 I자형 SS(2) 10개입,"4,000",9449344476,9449,3444,8809449344476,8809449344476,94493444,OK,,NO_ITEMSEQ,,,,,,
8809449344483 ,네오소프트 치간칫솔 I자형 S(3) 10개입,"4,000",9449344483,9449,3444,8809449344483,8809449344483,94493444,OK,,NO_ITEMSEQ,,,,,,
8809449344490 ,네오소프트 치간칫솔 I자형 M(4) 10개입,"4,000",9449344490,9449,3444,8809449344490,8809449344490,94493444,OK,,NO_ITEMSEQ,,,,,,
8809449344636 ,네오 맘스덤 하이드로콜로이드 밴드 104매,"4,000",9449344636,9449,3446,8809449344636,8809449344636,94493446,OK,,NO_ITEMSEQ,,,,,,
8809449344643 ,네오 맘스덤유로 104매,"4,000",9449344643,9449,3446,8809449344643,8809449344643,94493446,OK,,NO_ITEMSEQ,,,,,,
8809449345190 ,메디플렉스 면반창고 S(1.0cm x 330cm),700,9449345190,9449,3451,8809449345190,8809449345190,94493451,OK,,NO_ITEMSEQ,,,,,,
8809449345213 ,메디플렉스 면반창고 M(2.5cm x 330cm),"1,200",9449345213,9449,3452,8809449345213,8809449345213,94493452,OK,,NO_ITEMSEQ,,,,,,
8809449345237 ,메디플렉스 면반창고 L(7.5cm x 330cm),"2,500",9449345237,9449,3452,8809449345237,8809449345237,94493452,OK,,NO_ITEMSEQ,,,,,,
8809449346210 ,네오소프트 Y형 치간치실(400D) 80개입,"2,500",9449346210,9449,3462,8809449346210,8809449346210,94493462,OK,,NO_ITEMSEQ,,,,,,
8809449346227 ,네오소프트 낱개형 치간칫솔 200개입,"3,500",9449346227,9449,3462,8809449346227,8809449346227,94493462,OK,,NO_ITEMSEQ,,,,,,
8809467500045 ,셀티아이 골드,"100,000",9467500045,9467,5000,8809467500045,8809467500045,94675000,OK,,NO_ITEMSEQ,,,,,,
8809467500311 ,셀티아이 맘,"100,000",9467500311,9467,5003,8809467500311,8809467500311,94675003,OK,,NO_ITEMSEQ,,,,,,
8809467500335 ,셀티아이 키즈 스텝2,"100,000",9467500335,9467,5003,8809467500335,8809467500335,94675003,OK,,NO_ITEMSEQ,,,,,,
8809467500359 ,셀티아이 키즈,"100,000",9467500359,9467,5003,8809467500359,8809467500359,94675003,OK,,NO_ITEMSEQ,,,,,,
8809467500373 ,셀티아이 베이비,"80,000",9467500373,9467,5003,8809467500373,8809467500373,94675003,OK,,NO_ITEMSEQ,,,,,,
8809481704535 ,[안국] 리쥬비더마 20g,"25,000",9481704535,9481,7045,8809481704535,8809481704535,94817045,OK,,NO_ITEMSEQ,,,,,,
8809484663358 ,모모쏘우 바세린밤 오리지널100 50g,"3,200",9484663358,9484,6633,8809484663358,8809484663358,94846633,OK,,NO_ITEMSEQ,,,,,,
8809506631839 ,로얄 알부민 골드액 20ml x 5V,"9,000",9506631839,9506,6318,8809506631839,8809506631839,95066318,OK,,NO_ITEMSEQ,,,,,,
8809506631853 ,로얄 알부민 골드액 20ml x 60V,"108,000",9506631853,9506,6318,8809506631853,8809506631853,95066318,OK,,NO_ITEMSEQ,,,,,,
8809541331220 ,에브리데이 그래핀 칫솔,"2,500",9541331220,9541,3312,8809541331220,8809541331220,95413312,OK,,NO_ITEMSEQ,,,,,,
8809563635153 ,뽀로로 비타민C 복숭아향 60g,"2,800",9563635153,9563,6351,8809563635153,8809563635153,95636351,OK,,NO_ITEMSEQ,,,,,,
8809563635191 ,뽀로로 비타민C 10T,"1,000",9563635191,9563,6351,8809563635191,8809563635191,95636351,OK,,NO_ITEMSEQ,,,,,,
8809595322472 ,오티클린 60ml,"8,100",9595322472,9595,3224,8809595322472,8809595322472,95953224,OK,,NO_ITEMSEQ,,,,,,
8809595322649 ,아이클린 30ml,"5,400",9595322649,9595,3226,8809595322649,8809595322649,95953226,OK,,NO_ITEMSEQ,,,,,,
8809597281227 ,포텐시에이터 40P(20P x 2EA),"48,000",9597281227,9597,2812,8809597281227,8809597281227,95972812,OK,,NO_ITEMSEQ,,,,,,
8809600890118 ,클린덤 알콜스왑(에탄올) 100매,"2,500",9600890118,9600,8901,8809600890118,8809600890118,96008901,OK,,NO_ITEMSEQ,,,,,,
8809625390518 ,하트캅 정 SS 6T,"9,000",9625390518,9625,3905,8809625390518,8809625390518,96253905,OK,,NO_ITEMSEQ,,,,,,
8809625390525 ,하트캅 정 S 6T,"9,000",9625390525,9625,3905,8809625390525,8809625390525,96253905,OK,,NO_ITEMSEQ,,,,,,
8809625390532 ,하트캅 정 M 6T,"18,000",9625390532,9625,3905,8809625390532,8809625390532,96253905,OK,,NO_ITEMSEQ,,,,,,
8809625390549 ,하트캅 정 L 6T,"25,000",9625390549,9625,3905,8809625390549,8809625390549,96253905,OK,,NO_ITEMSEQ,,,,,,
8809625390556 ,하트캅 츄어블 SS 6T,"18,000",9625390556,9625,3905,8809625390556,8809625390556,96253905,OK,,NO_ITEMSEQ,,,,,,
8809625390563 ,하트캅 츄어블 S 6T,"23,000",9625390563,9625,3905,8809625390563,8809625390563,96253905,OK,,NO_ITEMSEQ,,,,,,
8809625390570 ,하트캅 츄어블 M 6T,"28,000",9625390570,9625,3905,8809625390570,8809625390570,96253905,OK,,NO_ITEMSEQ,,,,,,
8809625390587 ,하트캅 츄어블 L 6T,"33,000",9625390587,9625,3905,8809625390587,8809625390587,96253905,OK,,NO_ITEMSEQ,,,,,,
8809625390655 ,파라캅 정 L 6T,"3,000",9625390655,9625,3906,8809625390655,8809625390655,96253906,OK,,NO_ITEMSEQ,,,,,,
8809625390662 ,파라캅 정 S 6T,"4,000",9625390662,9625,3906,8809625390662,8809625390662,96253906,OK,,NO_ITEMSEQ,,,,,,
8809625390709 ,엑토캅 S 0.67ml x 3EA,"21,600",9625390709,9625,3907,8809625390709,8809625390709,96253907,OK,,NO_ITEMSEQ,,,,,,
8809625390716 ,엑토캅 M 1.34ml x 3EA,"27,000",9625390716,9625,3907,8809625390716,8809625390716,96253907,OK,,NO_ITEMSEQ,,,,,,
8809625390723 ,엑토캅 L 2.68ml x 3EA,"31,500",9625390723,9625,3907,8809625390723,8809625390723,96253907,OK,,NO_ITEMSEQ,,,,,,
8809626920035 ,링티전용 둥근보틀 500ml,"3,000",9626920035,9626,9200,8809626920035,8809626920035,96269200,OK,,NO_ITEMSEQ,,,,,,
8809626921070 ,링티 아이 5.4g x 10P,"18,000",9626921070,9626,9210,8809626921070,8809626921070,96269210,OK,,NO_ITEMSEQ,,,,,,
8809626921506 ,링티 에이비오 11.7g x 10P,"16,000",9626921506,9626,9215,8809626921506,8809626921506,96269215,OK,,NO_ITEMSEQ,,,,,,
8809626921582 ,링티 플러스활력 11.7g x 10P,"16,000",9626921582,9626,9215,8809626921582,8809626921582,96269215,OK,,NO_ITEMSEQ,,,,,,
8809629300070 ,하트세이버 츄어블 S (5.7-11㎏) [6츄어블],"22,500",9629300070,9629,3000,8809629300070,8809629300070,96293000,OK,,NO_ITEMSEQ,,,,,,
8809629300087 ,하트세이버 츄어블 M (12-22㎏) [6츄어블],"29,700",9629300087,9629,3000,8809629300087,8809629300087,96293000,OK,,NO_ITEMSEQ,,,,,,
8809629300094 ,하트세이버 츄어블 L (23-45㎏) [6츄어블],"34,200",9629300094,9629,3000,8809629300094,8809629300094,96293000,OK,,NO_ITEMSEQ,,,,,,
8809629300100 ,하트세이버 츄어블 MINI (~5.6㎏) [6츄어블],"19,800",9629300100,9629,3001,8809629300100,8809629300100,96293001,OK,,NO_ITEMSEQ,,,,,,
8809629300117 ,하트세이버 정 MINI (~5.6kg) [10정],"13,500",9629300117,9629,3001,8809629300117,8809629300117,96293001,OK,,NO_ITEMSEQ,,,,,,
8809629300124 ,하트세이버 정 S (5.7-11kg) [10정],"16,200",9629300124,9629,3001,8809629300124,8809629300124,96293001,OK,,NO_ITEMSEQ,,,,,,
8809629300131 ,하트세이버 정 M (12-22kg) [10정],"19,800",9629300131,9629,3001,8809629300131,8809629300131,96293001,OK,,NO_ITEMSEQ,,,,,,
8809629300148 ,하트세이버 정 L (23-45kg) [10정],"27,000",9629300148,9629,3001,8809629300148,8809629300148,96293001,OK,,NO_ITEMSEQ,,,,,,
8809629300261 ,보네티 츄어블 12C,"22,500",9629300261,9629,3002,8809629300261,8809629300261,96293002,OK,,NO_ITEMSEQ,,,,,,
8809639040171 ,페스룸 버블 샴푸 캣 210ml,"16,800",9639040171,9639,0401,8809639040171,8809639040171,96390401,OK,,NO_ITEMSEQ,,,,,,
8809639041291 ,페스룸 덴탈클린 칫솔 XS,"5,900",9639041291,9639,0412,8809639041291,8809639041291,96390412,OK,,NO_ITEMSEQ,,,,,,
8809639041321 ,페스룸 스마트 네일 클리퍼 캣츠,"18,900",9639041321,9639,0413,8809639041321,8809639041321,96390413,OK,,NO_ITEMSEQ,,,,,,
8809639041826 ,페스룸 덴탈 클린 치약 플러스 60g,"14,900",9639041826,9639,0418,8809639041826,8809639041826,96390418,OK,,NO_ITEMSEQ,,,,,,
8809639042076 ,페스룸 덴탈클린 칫솔 M,"6,900",9639042076,9639,0420,8809639042076,8809639042076,96390420,OK,,NO_ITEMSEQ,,,,,,
8809639042236 ,페스룸 이지 페이셜콤,"7,000",9639042236,9639,0422,8809639042236,8809639042236,96390422,OK,,NO_ITEMSEQ,,,,,,
8809639042250 ,페스룸 퓨어 튜나 스틱 참치 (20개입),"11,600",9639042250,9639,0422,8809639042250,8809639042250,96390422,OK,,NO_ITEMSEQ,,,,,,
8809639042298 ,페스룸 퓨어 튜나 스틱 참치&연어 (20개입),"11,600",9639042298,9639,0422,8809639042298,8809639042298,96390422,OK,,NO_ITEMSEQ,,,,,,
8809639042403 ,페스룸 데일리 트릿 닭가슴살 (100g),"17,900",9639042403,9639,0424,8809639042403,8809639042403,96390424,OK,,NO_ITEMSEQ,,,,,,
8809639042410 ,페스룸 데일리 트릿 명태 (70g),"17,900",9639042410,9639,0424,8809639042410,8809639042410,96390424,OK,,NO_ITEMSEQ,,,,,,
8809639042465 ,페스룸 프레쉬 덴탈츄 딸기 (30개입),"16,000",9639042465,9639,0424,8809639042465,8809639042465,96390424,OK,,NO_ITEMSEQ,,,,,,
8809639042472 ,페스룸 프레쉬 덴탈츄 블루베리 (30개입),"16,000",9639042472,9639,0424,8809639042472,8809639042472,96390424,OK,,NO_ITEMSEQ,,,,,,
8809639042489 ,페스룸 프레쉬 덴탈츄 사과 (30개입),"16,000",9639042489,9639,0424,8809639042489,8809639042489,96390424,OK,,NO_ITEMSEQ,,,,,,
8809639042861 ,페스룸 저키 트릿 미니 말고기&오리 30g,"3,900",9639042861,9639,0428,8809639042861,8809639042861,96390428,OK,,NO_ITEMSEQ,,,,,,
8809639042878 ,페스룸 저키 트릿 미니 소고기&칠면조 30g,"3,900",9639042878,9639,0428,8809639042878,8809639042878,96390428,OK,,NO_ITEMSEQ,,,,,,
8809639044025 ,페스룸 버그아웃 라이트 클립 2개입,"14,000",9639044025,9639,0440,8809639044025,8809639044025,96390440,OK,,NO_ITEMSEQ,,,,,,
8809639044605 ,페스룸 제로 워터리스 샴푸 85ml,"14,900",9639044605,9639,0446,8809639044605,8809639044605,96390446,OK,,NO_ITEMSEQ,,,,,,
8809639047118 ,페스룸 프레쉬 덴탈츄 멜론 (30개입),"16,000",9639047118,9639,0471,8809639047118,8809639047118,96390471,OK,,NO_ITEMSEQ,,,,,,
8809639048467 ,광동 묘옥고 츄르형 (10개입),"14,000",9639048467,9639,0484,8809639048467,8809639048467,96390484,OK,,NO_ITEMSEQ,,,,,,
8809642493667 ,YM브레인 포스파티딜세린 120C(60C x 2EA),"60,000",9642493667,9642,4936,8809642493667,8809642493667,96424936,OK,,NO_ITEMSEQ,,,,,,
8809642494220 ,스트롱 덴타케어플러스 120T(60T x 2EA),"50,000",9642494220,9642,4942,8809642494220,8809642494220,96424942,OK,,NO_ITEMSEQ,,,,,,
8809643281447 ,호관원 마그네슘 스프레이 120ml,"12,000",9643281447,9643,2814,8809643281447,8809643281447,96432814,OK,,NO_ITEMSEQ,,,,,,
8809646810156 ,라비벳 장 건강&피부 유산균 (30포),"20,700",9646810156,9646,8101,8809646810156,8809646810156,96468101,OK,,NO_ITEMSEQ,,,,,,
8809646810279 ,라비벳 장 건강&관절 유산균 (30포),"22,500",9646810279,9646,8102,8809646810279,8809646810279,96468102,OK,,NO_ITEMSEQ,,,,,,
8809646810354 ,라비벳 장 건강&구강 유산균 (30포),"20,700",9646810354,9646,8103,8809646810354,8809646810354,96468103,OK,,NO_ITEMSEQ,,,,,,
8809646810804 ,라비벳 장 건강&비뇨기 유산균 (30포),"20,700",9646810804,9646,8108,8809646810804,8809646810804,96468108,OK,,NO_ITEMSEQ,,,,,,
8809648720972 ,클리닉스 혀클리너,"1,500",9648720972,9648,7209,8809648720972,8809648720972,96487209,OK,,NO_ITEMSEQ,,,,,,
8809651911541 ,코로잠테이프 60EA,"7,500",9651911541,9651,9115,8809651911541,8809651911541,96519115,OK,,NO_ITEMSEQ,,,,,,
8809658606426 ,이지덤뷰티 57매,"5,500",9658606426,9658,6064,8809658606426,8809658606426,96586064,OK,,NO_ITEMSEQ,,,,,,
8809658608215 ,이지덤씬(가위포함) 2매,"6,000",9658608215,9658,6082,8809658608215,8809658608215,96586082,OK,,NO_ITEMSEQ,,,,,,
8809661150206 ,이지스 멸균 면봉(사각) 200EA,"1,500",9661150206,9661,1502,8809661150206,8809661150206,96611502,OK,,NO_ITEMSEQ,,,,,,
8809661150213 ,신생아유아 면봉(원통) 200EA,"2,500",9661150213,9661,1502,8809661150213,8809661150213,96611502,OK,,NO_ITEMSEQ,,,,,,
8809668705553 ,라디메리 하이콜라겐 비오틴 50ml x 28V,"100,000",9668705553,9668,7055,8809668705553,8809668705553,96687055,OK,,NO_ITEMSEQ,,,,,,
8809703662063 ,바로잰 알콜스왑,"2,000",9703662063,9703,6620,8809703662063,8809703662063,97036620,OK,,NO_ITEMSEQ,,,,,,
8809705642919 ,핑크퐁 아기상어 키즈밴드 주사용16매,800,9705642919,9705,6429,8809705642919,8809705642919,97056429,OK,,NO_ITEMSEQ,,,,,,
8809705643114 ,메디랩 소프트 픽싱롤 10cm x 10cm,"8,000",9705643114,9705,6431,8809705643114,8809705643114,97056431,OK,,NO_ITEMSEQ,,,,,,
8809705643121 ,메디랩 소프트 픽싱롤 5cm x 10cm,"4,500",9705643121,9705,6431,8809705643121,8809705643121,97056431,OK,,NO_ITEMSEQ,,,,,,
8809705647860 ,아텍스테이핑 자가점착테이프 2.5cm x 4.5m,"2,000",9705647860,9705,6478,8809705647860,8809705647860,97056478,OK,,NO_ITEMSEQ,,,,,,
8809705647877 ,아텍스테이핑 자가점착테이프 5cm x 4.5m,"2,500",9705647877,9705,6478,8809705647877,8809705647877,97056478,OK,,NO_ITEMSEQ,,,,,,
8809705647884 ,아텍스테이핑 자가점착테이프 7.5cm x 4.5m,"3,000",9705647884,9705,6478,8809705647884,8809705647884,97056478,OK,,NO_ITEMSEQ,,,,,,
8809705649154 ,뉴메디랩 아쿠아밴드 표준형 10매,"1,600",9705649154,9705,6491,8809705649154,8809705649154,97056491,OK,,NO_ITEMSEQ,,,,,,
8809705649178 ,뉴메디랩 아쿠아밴드 혼합형 10매,"1,600",9705649178,9705,6491,8809705649178,8809705649178,97056491,OK,,NO_ITEMSEQ,,,,,,
8809705649345 ,뉴메디랩 드레싱밴드 소형 8매,"2,000",9705649345,9705,6493,8809705649345,8809705649345,97056493,OK,,NO_ITEMSEQ,,,,,,
8809705649352 ,뉴메디랩 드레싱밴드 중형 6매,"2,000",9705649352,9705,6493,8809705649352,8809705649352,97056493,OK,,NO_ITEMSEQ,,,,,,
8809705649369 ,뉴메디랩 드레싱밴드 대형 4매,"2,000",9705649369,9705,6493,8809705649369,8809705649369,97056493,OK,,NO_ITEMSEQ,,,,,,
8809705649376 ,뉴메디랩 드레싱밴드 특대형 2매,"2,000",9705649376,9705,6493,8809705649376,8809705649376,97056493,OK,,NO_ITEMSEQ,,,,,,
8809705649383 ,뉴메디랩 아쿠아 멸균밴드 소(S) 8EA,"2,000",9705649383,9705,6493,8809705649383,8809705649383,97056493,OK,,NO_ITEMSEQ,,,,,,
8809705649390 ,뉴메디랩 아쿠아 멸균밴드 중(M) 3EA,"2,000",9705649390,9705,6493,8809705649390,8809705649390,97056493,OK,,NO_ITEMSEQ,,,,,,
8809705649406 ,뉴메디랩 아쿠아 멸균밴드 대형(L) 2EA,"2,000",9705649406,9705,6494,8809705649406,8809705649406,97056494,OK,,NO_ITEMSEQ,,,,,,
8809705649413 ,뉴메디랩 아쿠아 멸균밴드 특대형(XL) 2EA,"2,000",9705649413,9705,6494,8809705649413,8809705649413,97056494,OK,,NO_ITEMSEQ,,,,,,
8809708798668 ,내가그린 빠른허브 1호,"8,000",9708798668,9708,7986,8809708798668,8809708798668,97087986,OK,,NO_ITEMSEQ,,,,,,
8809708798675 ,내가그린 빠른허브 2호,"8,000",9708798675,9708,7986,8809708798675,8809708798675,97087986,OK,,NO_ITEMSEQ,,,,,,
8809710680425 ,지오목청캔디 프로폴리스 10개입,"2,500",9710680425,9710,6804,8809710680425,8809710680425,97106804,OK,,NO_ITEMSEQ,,,,,,
8809710680432 ,지오목청캔디 도라지 10개입,"2,500",9710680432,9710,6804,8809710680432,8809710680432,97106804,OK,,NO_ITEMSEQ,,,,,,
8809713760674 ,비오틴 파워골드10000 60T,"30,000",9713760674,9713,7606,8809713760674,8809713760674,97137606,OK,,NO_ITEMSEQ,,,,,,
8809713761114 ,알비로씨 파워 120T,"30,000",9713761114,9713,7611,8809713761114,8809713761114,97137611,OK,,NO_ITEMSEQ,,,,,,
8809713761398 ,철갑상어 연골 뮤코다당단백 + MSM 180T,"120,000",9713761398,9713,7613,8809713761398,8809713761398,97137613,OK,,NO_ITEMSEQ,,,,,,
8809720800035 ,복합개시딘 10g,"16,000",9720800035,9720,8000,8809720800035,8809720800035,97208000,OK,,NO_ITEMSEQ,,,,,,
8809720800080 ,아이드롭스클린 10ml,"6,300",9720800080,9720,8000,8809720800080,8809720800080,97208000,OK,,NO_ITEMSEQ,,,,,,
8809720800424 ,스킨카솔 15g,"8,100",9720800424,9720,8004,8809720800424,8809720800424,97208004,OK,,NO_ITEMSEQ,,,,,,
8809720800455 ,제스타제 정 10T,"5,400",9720800455,9720,8004,8809720800455,8809720800455,97208004,OK,,NO_ITEMSEQ,,,,,,
8809720800509 ,프리가드 액 120ml 스프레이,"10,000",9720800509,9720,8005,8809720800509,8809720800509,97208005,OK,,NO_ITEMSEQ,,,,,,
8809720800967 ,클라멘틴 62.5mg 100T,"36,000",9720800967,9720,8009,8809720800967,8809720800967,97208009,OK,,NO_ITEMSEQ,,,,,,
8809720801353 ,알러엑스 정 30T,"17,100",9720801353,9720,8013,8809720801353,8809720801353,97208013,OK,,NO_ITEMSEQ,,,,,,
8809738665411 ,닥터플러스 KF94 황사마스크 대형,500,9738665411,9738,6654,8809738665411,8809738665411,97386654,OK,,NO_ITEMSEQ,,,,,,
8809772205208 ,식물성RTG 오메가3&징코 120C,"55,000",9772205208,9772,2052,8809772205208,8809772205208,97722052,OK,,NO_ITEMSEQ,,,,,,
8809772205376 ,바이탈프로그램 비타민D플러스 4000IU(90C),"15,000",9772205376,9772,2053,8809772205376,8809772205376,97722053,OK,,NO_ITEMSEQ,,,,,,
8809772205390 ,바이탈프로그램 비타민D플러스 1000IU(90C),"12,000",9772205390,9772,2053,8809772205390,8809772205390,97722053,OK,,NO_ITEMSEQ,,,,,,
8809772784468 ,솔박티나 데일리 페미닌 클렌징워시 330ml,"11,000",9772784468,9772,7844,8809772784468,8809772784468,97727844,OK,,NO_ITEMSEQ,,,,,,
8809788013576 ,산리오 반지캔디 9g,800,9788013576,9788,0135,8809788013576,8809788013576,97880135,OK,,NO_ITEMSEQ,,,,,,
8809788013606 ,꾸덕젤리 블루베리향 180g,"4,500",9788013606,9788,0136,8809788013606,8809788013606,97880136,OK,,NO_ITEMSEQ,,,,,,
8809799270333 ,링티 아이 보틀 300ml,"4,500",9799270333,9799,2703,8809799270333,8809799270333,97992703,OK,,NO_ITEMSEQ,,,,,,
8809807280835 ,드시모네 팜 키즈 딸기향,"64,000",9807280835,9807,2808,8809807280835,8809807280835,98072808,OK,,NO_ITEMSEQ,,,,,,
8809807289937 ,깨노니 땡큐샷 1ea,"3,000",9807289937,9807,2899,8809807289937,8809807289937,98072899,OK,,NO_ITEMSEQ,,,,,,
8809807289944 ,깨노니 땡큐샷(N)(약국용) 9B,"20,000",9807289944,9807,2899,8809807289944,8809807289944,98072899,OK,,NO_ITEMSEQ,,,,,,
8809816411688 ,코큐텐비타  120C(60C x 2EA),"60,000",9816411688,9816,4116,8809816411688,8809816411688,98164116,OK,,NO_ITEMSEQ,,,,,,
8809824260193 ,아가야 열냉각시트 6P,"5,000",9824260193,9824,2601,8809824260193,8809824260193,98242601,OK,,NO_ITEMSEQ,,,,,,
8809824261794 ,네오케어 혀크리너,"2,000",9824261794,9824,2617,8809824261794,8809824261794,98242617,OK,,NO_ITEMSEQ,,,,,,
8809824261978 ,이지 스케일링 200g,"8,000",9824261978,9824,2619,8809824261978,8809824261978,98242619,OK,,NO_ITEMSEQ,,,,,,
8809832035189 ,[대웅생명과학] 헬스데이 식물유래 NMN 120T(60T x 2EA),"60,000",9832035189,9832,0351,8809832035189,8809832035189,98320351,OK,,NO_ITEMSEQ,,,,,,
8809841590006 ,타스플러스 에어방역마스크 KF94,500,9841590006,9841,5900,8809841590006,8809841590006,98415900,OK,,NO_ITEMSEQ,,,,,,
8809854720698 ,푸른 뉴 상쾌한 변화 100g,"2,500",9854720698,9854,7206,8809854720698,8809854720698,98547206,OK,,NO_ITEMSEQ,,,,,,
8809854727666 ,프리미엄 글루패스 20g x 30P,"40,000",9854727666,9854,7276,8809854727666,8809854727666,98547276,OK,,NO_ITEMSEQ,,,,,,
8809856141231 ,또봇 주차장 주유놀이,"4,500",9856141231,9856,1412,8809856141231,8809856141231,98561412,OK,,NO_ITEMSEQ,,,,,,
8809861491000 ,쏘팔메토 맥스 포르테 120C(60C x 2EA),"60,000",9861491000,9861,4910,8809861491000,8809861491000,98614910,OK,,NO_ITEMSEQ,,,,,,
8809861491024 ,뮤코다당단백 콘드로이친&MSM2700 180T(90T x 2EA),"80,000",9861491024,9861,4910,8809861491024,8809861491024,98614910,OK,,NO_ITEMSEQ,,,,,,
8809861491246 ,리포좀 비타민C&비타민D 120T(60T x 2EA),"60,000",9861491246,9861,4912,8809861491246,8809861491246,98614912,OK,,NO_ITEMSEQ,,,,,,
8809861530983 ,스페셜 비타민D3 5000IU 플러스 180C,"25,000",9861530983,9861,5309,8809861530983,8809861530983,98615309,OK,,NO_ITEMSEQ,,,,,,
8809861530990 ,스페셜 비타민D3 5000IU 플러스 180C*2,"50,000",9861530990,9861,5309,8809861530990,8809861530990,98615309,OK,,NO_ITEMSEQ,,,,,,
8809864620193 ,캐치티니핑 열냉각시트 6P,"5,000",9864620193,9864,6201,8809864620193,8809864620193,98646201,OK,,NO_ITEMSEQ,,,,,,
8809864620483 ,캐치티니핑 하트요술봉,"4,500",9864620483,9864,6204,8809864620483,8809864620483,98646204,OK,,NO_ITEMSEQ,,,,,,
8809865090377 ,드시모네 4500,"120,000",9865090377,9865,0903,8809865090377,8809865090377,98650903,OK,,NO_ITEMSEQ,,,,,,
8809885381349 ,상쾌한 목 페퍼민트부스터 25g,"2,500",9885381349,9885,3813,8809885381349,8809885381349,98853813,OK,,NO_ITEMSEQ,,,,,,
8809885381363 ,상쾌한 목 천연레몬향 캔디 25g,"2,500",9885381363,9885,3813,8809885381363,8809885381363,98853813,OK,,NO_ITEMSEQ,,,,,,
8809886730108 ,닥터플러스 KF94 황사마스크 50매,"15,000",9886730108,9886,7301,8809886730108,8809886730108,98867301,OK,,NO_ITEMSEQ,,,,,,
8809893593093 ,이지덤뷰티 릴리프 57매,"5,500",9893593093,9893,5930,8809893593093,8809893593093,98935930,OK,,NO_ITEMSEQ,,,,,,
8809895700611 ,두원에탄올250ml,"1,000",9895700611,9895,7006,8809895700611,8809895700611,98957006,OK,,NO_ITEMSEQ,,,,,,
8809895700659 ,두원에탄올1L,"4,500",9895700659,9895,7006,8809895700659,8809895700659,98957006,OK,,NO_ITEMSEQ,,,,,,
8809918380295 ,티니핑 캐릭터 올밴드 혼합형16매,800,9918380295,9918,3802,8809918380295,8809918380295,99183802,OK,,NO_ITEMSEQ,,,,,,
8809918380332 ,오로라핑 캐릭터 올밴드 표준형16매,800,9918380332,9918,3803,8809918380332,8809918380332,99183803,OK,,NO_ITEMSEQ,,,,,,
8809918380448 ,하츄핑 캐릭터 올밴드 표준형 16매,800,9918380448,9918,3804,8809918380448,8809918380448,99183804,OK,,NO_ITEMSEQ,,,,,,
8809928840062 ,펫생각 데일리케얼 브레스(호흡기) 60정,"22,320",9928840062,9928,8400,8809928840062,8809928840062,99288400,OK,,NO_ITEMSEQ,,,,,,
8809928840079 ,펫생각 데일리케얼 멀티밸런스 비타민 60정,"25,000",9928840079,9928,8400,8809928840079,8809928840079,99288400,OK,,NO_ITEMSEQ,,,,,,
8809928840161 ,펫생각 데일리케얼 리얼 알티지 오메가3 180C,"32,000",9928840161,9928,8401,8809928840161,8809928840161,99288401,OK,,NO_ITEMSEQ,,,,,,
8809928841229 ,펫생각 데일리케얼 리얼 루테인(눈) 60정,"20,500",9928841229,9928,8412,8809928841229,8809928841229,99288412,OK,,NO_ITEMSEQ,,,,,,
8809928841236 ,펫생각 데일리케얼 리얼 칼슘(관절) 60정,"20,500",9928841236,9928,8412,8809928841236,8809928841236,99288412,OK,,NO_ITEMSEQ,,,,,,
8809931360106 ,뉴더밴드 표준형 20매,800,9931360106,9931,3601,8809931360106,8809931360106,99313601,OK,,NO_ITEMSEQ,,,,,,
8809931360113 ,뉴더밴드 혼합형 20매,800,9931360113,9931,3601,8809931360113,8809931360113,99313601,OK,,NO_ITEMSEQ,,,,,,
8809931360120 ,뉴더밴드 대형 8매,800,9931360120,9931,3601,8809931360120,8809931360120,99313601,OK,,NO_ITEMSEQ,,,,,,
8809931360182 ,뉴더밴드에이 표준형 72EA,"2,500",9931360182,9931,3601,8809931360182,8809931360182,99313601,OK,,NO_ITEMSEQ,,,,,,
8809931360199 ,뉴더밴드에이 혼합형 72EA,"2,500",9931360199,9931,3601,8809931360199,8809931360199,99313601,OK,,NO_ITEMSEQ,,,,,,
8809931361448 ,뉴아텍스 키네시테이핑 베이지 5cm x 5m,"6,400",9931361448,9931,3614,8809931361448,8809931361448,99313614,OK,,NO_ITEMSEQ,,,,,,
8809931362988 ,더밴드 패턴밴드 시나모롤밴드 표준형,800,9931362988,9931,3629,8809931362988,8809931362988,99313629,OK,,NO_ITEMSEQ,,,,,,
8809931362995 ,쿠로미x시나모롤 더밴드 패턴밴드(혼합형),800,9931362995,9931,3629,8809931362995,8809931362995,99313629,OK,,NO_ITEMSEQ,,,,,,
8809931363046 ,산리오 피큐어 칫솔(시나모롤),"2,800",9931363046,9931,3630,8809931363046,8809931363046,99313630,OK,,NO_ITEMSEQ,,,,,,
8809931363107 ,산리오 피규어 칫솔(쿠로미),"2,800",9931363107,9931,3631,8809931363107,8809931363107,99313631,OK,,NO_ITEMSEQ,,,,,,
8809931363114 ,산리오 피큐어 칫솔(마이멜로디),"2,800",9931363114,9931,3631,8809931363114,8809931363114,99313631,OK,,NO_ITEMSEQ,,,,,,
8809931363770 ,마이멜로디 8곡 곡물스틱(딸기) 8개,"3,800",9931363770,9931,3637,8809931363770,8809931363770,99313637,OK,,NO_ITEMSEQ,,,,,,
8809931363794 ,시나모롤 8곡 곡물스틱(치즈) 8개,"3,800",9931363794,9931,3637,8809931363794,8809931363794,99313637,OK,,NO_ITEMSEQ,,,,,,
8809931363961 ,산리오 캐릭터즈 칫솔 5EA,"4,000",9931363961,9931,3639,8809931363961,8809931363961,99313639,OK,,NO_ITEMSEQ,,,,,,
8809931365811 ,산리오캐릭터즈 프루츠 비타젤리 60g,"2,800",9931365811,9931,3658,8809931365811,8809931365811,99313658,OK,,NO_ITEMSEQ,,,,,,
8809932980280 ,한강 멸균거즈(3호) 소(5cm x 5cm) 20P,450,9932980280,9932,9802,8809932980280,8809932980280,99329802,OK,,NO_ITEMSEQ,,,,,,
8809932980310 ,한강 멸균거즈(3호) 중(7.5cm x 7.5cm) 8P,550,9932980310,9932,9803,8809932980310,8809932980310,99329803,OK,,NO_ITEMSEQ,,,,,,
8809932980341 ,한강 멸균거즈(3호) 대(10cm x 10cm) 8P,600,9932980341,9932,9803,8809932980341,8809932980341,99329803,OK,,NO_ITEMSEQ,,,,,,
8809947613753 ,헬씨허그 철갑상어 콘드로이친 1200,"48,000",9947613753,9947,6137,8809947613753,8809947613753,99476137,OK,,NO_ITEMSEQ,,,,,,
8809961970221 ,메탈 카드봇 블루캅,"4,500",9961970221,9961,9702,8809961970221,8809961970221,99619702,OK,,NO_ITEMSEQ,,,,,,
8809961970979 ,위시캣 키즈칫솔 1개입,"3,500",9961970979,9961,9709,8809961970979,8809961970979,99619709,OK,,NO_ITEMSEQ,,,,,,
8901030203466 ,바세린 오리지날 프로텍팅 젤리 50ml,"2,000",,,,8901030203466,,,NO_880,,NO_ITEMSEQ,,,,,,
8901030203473 ,바세린 오리지날 프로텍팅 젤리 100ml,"2,800",,,,8901030203473,,,NO_880,,NO_ITEMSEQ,,,,,,
8906078363042 ,싸이클론(2mg) 안연고 5g,"22,500",,,,8906078363042,,,NO_880,,NO_ITEMSEQ,,,,,,
9300647000328 ,오랄비 왁스치실 50m,"3,000",,,,9300647000328,,,NO_880,,NO_ITEMSEQ,,,,,,
