바코드,이름,판매가격,파싱문자열,회사코드,품목코드,정규화바코드,표준코드후보,대표코드후보,업체코드,검증번호,상태
01088000156009101,히딩크프리미엄 OK동전통증패치 105매,"12,000",00156009101,0015,60091,8800015600910 ,8800015600910 ,001560091,0015,0,OK
0108800026200031,노즈스위퍼 코세척기,"9,000",0026200031,0026,20003,8800026200031 ,8800026200031 ,002620003,0026,1,OK
0108800026200048,노즈스위퍼 코세정분말 60P,"6,000",0026200048,0026,20004,8800026200048 ,8800026200048 ,002620004,0026,8,OK
0108800048007793,하이맘밴드 에이지썬프로텍션 2매,"9,000",0048007793,0048,00779,8800048007793 ,8800048007793 ,004800779,0048,3,OK
0108800048010250,하이맘번 잘라쓰는타입 1매(7 x 10cm),"10,000",0048010250,0048,01025,8800048010250 ,8800048010250 ,004801025,0048,0,OK
0108800048012858,하이맘폼 에이프리 잘라쓰는타입 1매,"9,000",0048012858,0048,01285,8800048012858 ,8800048012858 ,004801285,0048,8,OK
0108800243820142,무통사혈침(DE-ST01),"5,000",0243820142,0243,82014,8800243820142 ,8800243820142 ,024382014,0243,2,OK
0108800516000417,드리클로 20ml,"11,000",0516000417,0516,00041,8800516000417 ,8800516000417 ,051600041,0516,7,OK
0108800742000212,부스코판 플러스정 10정,"3,300",0742000212,0742,00021,8800742000212 ,8800742000212 ,074200021,0742,2,OK
0108800742000519,오펠 뮤코펙트정 10T,"3,000",0742000519,0742,00051,8800742000519 ,8800742000519 ,074200051,0742,9,OK
0108800742000625,둘코락스에스 5mg 40T,"11,000",0742000625,0742,00062,8800742000625 ,8800742000625 ,074200062,0742,5,OK
0108800742000816,둘코락스좌약 5S 5개,"3,000",0742000816,0742,00081,8800742000816 ,8800742000816 ,074200081,0742,6,OK
0108800742000830,둘코락스좌약10mg(신) 50S,"15,000",0742000830,0742,00083,8800742000830 ,8800742000830 ,074200083,0742,0,OK
01088060520040221727121410G8900521G890050000001479,조아바이톤-에이 20ml x 30P,"140,000",605200402217271214108900521890050000001479,6052,00402,880605200402217271214108900521890050000001479,8806052004022 ,605200402,6052,2,OK
010880605242891017,에스리버(180T*2EA),"63,000",6.05243E+11,6052,42891,8806052428910 ,8806052428910 ,605242891,6052,0,OK
0108806218001912,에치탑캡슐,"2,000",6218001912,6218,00191,8806218001912 ,8806218001912 ,621800191,6218,2,OK
0108806218004517,[파비스] 아루진 10T,"1,500",6218004517,6218,00451,8806218004517 ,8806218004517 ,621800451,6218,7,OK
0108806218039410,파비시드10정[광동],"2,000",6218039410,6218,03941,8806218039410 ,8806218039410 ,621803941,6218,0,OK
0108806265003112,노스카나 20g,"17,000",6265003112,6265,00311,8806265003112 ,8806265003112 ,626500311,6265,2,OK
0108806265018215,애크린겔 20g,"10,000",6265018215,6265,01821,8806265018215 ,8806265018215 ,626501821,6265,5,OK
0108806265021512,노스카딘 겔 18g,"12,000",6265021512,6265,02151,8806265021512 ,8806265021512 ,626502151,6265,2,OK
0108806275002518,안티렌크림 30g,"4,000",6275002518,6275,00251,8806275002518 ,8806275002518 ,627500251,6275,8,OK
0108806409047910,프틴 크림 30g,"5,000",6409047910,6409,04791,8806409047910 ,8806409047910 ,640904791,6409,0,OK
0108806409048313,반질크림(우레아) 60g,"4,000",6409048313,6409,04831,8806409048313 ,8806409048313 ,640904831,6409,3,OK
0108806417011514,알콤정 4T,"3,000",6417011514,6417,01151,8806417011514 ,8806417011514 ,641701151,6417,4,OK
0108806417021629,[일양] 진코텔정 200T,"40,000",6417021629,6417,02162,8806417021629 ,8806417021629 ,641702162,6417,9,OK
0108806417025016,프로엑스피 20ml x 5V,"20,000",6417025016,6417,02501,8806417025016 ,8806417025016 ,641702501,6417,6,OK
0108806417028222,속콜큐어 캡슐 10C,"2,000",6417028222,6417,02822,8806417028222 ,8806417028222 ,641702822,6417,2,OK
0108806417042310,속콜코프엘 10C,"2,000",6417042310,6417,04231,8806417042310 ,8806417042310 ,641704231,6417,0,OK
0108806417043713,혈강고 6P,"3,000",6417043713,6417,04371,8806417043713 ,8806417043713 ,641704371,6417,3,OK
0108806417046424,노루모 듀얼액션 10ml x 4P,"3,000",6417046424,6417,04642,8806417046424 ,8806417046424 ,641704642,6417,4,OK
0108806417046448,노루모 듀얼액션 10ml x 10P,"7,000",6417046448,6417,04644,8806417046448 ,8806417046448 ,641704644,6417,8,OK
0108806417047827,속콜기가 10C,"2,000",6417047827,6417,04782,8806417047827 ,8806417047827 ,641704782,6417,7,OK
0108806417048619,노루모 에프 내복액 75ml,700,6417048619,6417,04861,8806417048619 ,8806417048619 ,641704861,6417,9,OK
0108806417051022,노루모 에스 15P,"3,000",6417051022,6417,05102,8806417051022 ,8806417051022 ,641705102,6417,2,OK
0108806417051114,노루모 에이스산 250g,"4,500",6417051114,6417,05111,8806417051114 ,8806417051114 ,641705111,6417,4,OK
0108806417051510,보나링 츄어블 4T,"2,000",6417051510,6417,05151,8806417051510 ,8806417051510 ,641705151,6417,0,OK
0108806417052616,두피나액 30ml,"5,000",6417052616,6417,05261,8806417052616 ,8806417052616 ,641705261,6417,6,OK
0108806417057710,황력골드 100ml,"2,000",6417057710,6417,05771,8806417057710 ,8806417057710 ,641705771,6417,0,OK
0108806417057819,애린쏙 10T,"2,000",6417057819,6417,05781,8806417057819 ,8806417057819 ,641705781,6417,9,OK
0108806417058311,아네린 10T,"2,000",6417058311,6417,05831,8806417058311 ,8806417058311 ,641705831,6417,1,OK
0108806417063117,카네클로 질정 6T,"2,500",6417063117,6417,06311,8806417063117 ,8806417063117 ,641706311,6417,7,OK
0108806417063810,크로아존엔정 10T,"2,000",6417063810,6417,06381,8806417063810 ,8806417063810 ,641706381,6417,0,OK
0108806417063919,장제로큐 장용정 20T,"2,500",6417063919,6417,06391,8806417063919 ,8806417063919 ,641706391,6417,9,OK
0108806417064725,위제로 유쾌 12g x 3P,"3,000",6417064725,6417,06472,8806417064725 ,8806417064725 ,641706472,6417,5,OK
0108806417064817,알레드제로 120mg 10T,"3,000",6417064817,6417,06481,8806417064817 ,8806417064817 ,641706481,6417,7,OK
0108806418051915,센스리베 21T,"7,000",6418051915,6418,05191,8806418051915 ,8806418051915 ,641805191,6418,5,OK
0108806418057535,레돌민 20T,"12,000",6418057535,6418,05753,8806418057535 ,8806418057535 ,641805753,6418,5,OK
0108806418062638,아이톡 0.5ml x 30관,"7,000",6418062638,6418,06263,8806418062638 ,8806418062638 ,641806263,6418,8,OK
0108806418067510,[광동] 벤포파워Z 100ml,"2,000",6418067510,6418,06751,8806418067510 ,8806418067510 ,641806751,6418,0,OK
0108806418072811,아이톡쿨 점안액 쿨 14ml,"3,500",6418072811,6418,07281,8806418072811 ,8806418072811 ,641807281,6418,1,OK
0108806418072828,아이톡쿨 점안액 순 14ml,"3,500",6418072828,6418,07282,8806418072828 ,8806418072828 ,641807282,6418,8,OK
0108806418072835,아이톡쿨 점안액 라이트 14ml,"3,500",6418072835,6418,07283,8806418072835 ,8806418072835 ,641807283,6418,5,OK
0108806419000431,겔포스엠현탁액 20g 4포,"4,000",6419000431,6419,00043,8806419000431 ,8806419000431 ,641900043,6419,1,OK
0108806419000479,겔포스엠 20g x 6P,"5,000",6419000479,6419,00047,8806419000479 ,8806419000479 ,641900047,6419,9,OK
0108806419031633,용각산쿨 복숭아향 18P,"6,000",6419031633,6419,03163,8806419031633 ,8806419031633 ,641903163,6419,3,OK
0108806419031640,용각산쿨 민트향 18P,"6,000",6419031640,6419,03164,8806419031640 ,8806419031640 ,641903164,6419,0,OK
0108806419031671,용각산쿨 민트커피향 18P,"6,000",6419031671,6419,03167,8806419031671 ,8806419031671 ,641903167,6419,1,OK
0108806419031688,용각산쿨 블루베리향 18P,"6,000",6419031688,6419,03168,8806419031688 ,8806419031688 ,641903168,6419,8,OK
0108806419031725,용각산쿨 민트커피향 10P,"4,500",6419031725,6419,03172,8806419031725 ,8806419031725 ,641903172,6419,5,OK
0108806419031732,용각산쿨 블루베리향 10P,"4,500",6419031732,6419,03173,8806419031732 ,8806419031732 ,641903173,6419,2,OK
0108806419044039,맨담 케토쿨 5매,"2,500",6419044039,6419,04403,8806419044039 ,8806419044039 ,641904403,6419,9,OK
0108806419065928,맨담 듀오임팩 7매,"2,000",6419065928,6419,06592,8806419065928 ,8806419065928 ,641906592,6419,8,OK
0108806419066826,겔포스엘현탁액 20g 4포,"4,500",6419066826,6419,06682,8806419066826 ,8806419066826 ,641906682,6419,6,OK
0108806419066833,겔포스엘 20g x 6P,"5,000",6419066833,6419,06683,8806419066833 ,8806419066833 ,641906683,6419,3,OK
0108806420004015,버물리 에스액(신) 50ml,"3,000",6420004015,6420,00401,8806420004015 ,8806420004015 ,642000401,6420,5,OK
0108806420004022,버물리 에스액(솔타입) 50ml,"4,000",6420004022,6420,00402,8806420004022 ,8806420004022 ,642000402,6420,2,OK
0108806420005913,솔루펜 10C,"2,500",6420005913,6420,00591,8806420005913 ,8806420005913 ,642000591,6420,3,OK
0108806420042710,솔루록센연질캡슐,"2,500",6420042710,6420,04271,8806420042710 ,8806420042710 ,642004271,6420,0,OK
0108806420045216,시노타딘 10C,"2,000",6420045216,6420,04521,8806420045216 ,8806420045216 ,642004521,6420,6,OK
0108806421062410,[유한] 메가비타 100ml,"2,000",6421062410,6421,06241,8806421062410 ,8806421062410 ,642106241,6421,0,OK
0108806422002514,레가론현탁액 12.6ml x 4포,"5,500",6422002514,6422,00251,8806422002514 ,8806422002514 ,642200251,6422,4,OK
0108806422014241,아락실 8g x 30P,"18,000",6422014241,6422,01424,8806422014241 ,8806422014241 ,642201424,6422,1,OK
0108806422022062,타세놀 8시간 이알 서방정 6정,"1,500",6422022062,6422,02206,8806422022062 ,8806422022062 ,642202206,6422,2,OK
0108806422024813,아락실큐 20T,"3,500",6422024813,6422,02481,8806422024813 ,8806422024813 ,642202481,6422,3,OK
0108806422035116,코리투살에스 노즈시럽 100ml,"2,200",6422035116,6422,03511,8806422035116 ,8806422035116 ,642203511,6422,6,OK
0108806422035222,코리투살에스 코프시럽 100ml,"2,200",6422035222,6422,03522,8806422035222 ,8806422035222 ,642203522,6422,2,OK
0108806422037516,코리투살에스노즈 10C,"1,500",6422037516,6422,03751,8806422037516 ,8806422037516 ,642203751,6422,6,OK
0108806422037615,코리투살에스코프 10C,"1,500",6422037615,6422,03761,8806422037615 ,8806422037615 ,642203761,6422,5,OK
0108806422037714,코리투살에스콜드 10C,"1,500",6422037714,6422,03771,8806422037714 ,8806422037714 ,642203771,6422,4,OK
0108806422038919,타세놀 500mg 10T,"1,500",6422038919,6422,03891,8806422038919 ,8806422038919 ,642203891,6422,9,OK
0108806422044613,코트리나캡슐 10C,"2,000",6422044613,6422,04461,8806422044613 ,8806422044613 ,642204461,6422,3,OK
0108806422045443,헥사메딘액,"3,000",6422045443,6422,04544,8806422045443 ,8806422045443 ,642204544,6422,3,OK
0108806422045528,[부광] 위속엔 20T,"3,000",6422045528,6422,04552,8806422045528 ,8806422045528 ,642204552,6422,8,OK
010880642237615,코리투살에스코프,"1,500",642237615,6422,,880642237615 ,,,,TOO_SHORT,
0108806427035128,판콜에스 내복액 1박스(30ml x 5EA),"2,500",6427035128,6427,03512,8806427035128 ,8806427035128 ,642703512,6427,8,OK
0108806427039515,후시딘겔 10g,"7,000",6427039515,6427,03951,8806427039515 ,8806427039515 ,642703951,6427,5,OK
0108806427039522,후시딘겔(티트리오일) 15g,"9,000",6427039522,6427,03952,8806427039522 ,8806427039522 ,642703952,6427,2,OK
0108806427039713,후시딘 5g,"4,800",6427039713,6427,03971,8806427039713 ,8806427039713 ,642703971,6427,3,OK
0108806427039720,후시딘 10g,"6,500",6427039720,6427,03972,8806427039720 ,8806427039720 ,642703972,6427,0,OK
0108806427069826,바르지오 모두크림 30g,"7,500",6427069826,6427,06982,8806427069826 ,8806427069826 ,642706982,6427,6,OK
0108806427076725,화이투벤 멘톨 0.1% 10ml,"7,500",6427076725,6427,07672,8806427076725 ,8806427076725 ,642707672,6427,5,OK
0108806427076916,화이투벤 0.05%(어린이용) 10ml,"7,500",6427076916,6427,07691,8806427076916 ,8806427076916 ,642707691,6427,6,OK
0108806427077111,동화 알보칠 5ml,"6,000",6427077111,6427,07711,8806427077111 ,8806427077111 ,642707711,6427,1,OK
0108806428003010,덴타포스 10C,"2,000",6428003010,6428,00301,8806428003010 ,8806428003010 ,642800301,6428,0,OK
0108806429062719,세노바퀵 10C,"3,000",6429062719,6429,06271,8806429062719 ,8806429062719 ,642906271,6429,9,OK
0108806432033522,록소앤 롤온타입 50g,"10,000",6432033522,6432,03352,8806432033522 ,8806432033522 ,643203352,6432,2,OK
0108806433016241,아나프록스 10T,"1,500",6433016241,6433,01624,8806433016241 ,8806433016241 ,643301624,6433,1,OK
0108806433025014,젠빅 60c,"10,000",6433025014,6433,02501,8806433025014 ,8806433025014 ,643302501,6433,4,OK
0108806433035051,케펨 40매,"8,000",6433035051,6433,03505,8806433035051 ,8806433035051 ,643303505,6433,1,OK
0108806433052317,류파프 6매,"2,500",6433052317,6433,05231,8806433052317 ,8806433052317 ,643305231,6433,7,OK
0108806433052324,류파프핫 6매,"2,500",6433052324,6433,05232,8806433052324 ,8806433052324 ,643305232,6433,4,OK
0108806433065515,파미딘 10mg 10정,"2,000",6433065515,6433,06551,8806433065515 ,8806433065515 ,643306551,6433,5,OK
0108806433065522,파미딘 10mg 30정,"4,000",6433065522,6433,06552,8806433065522 ,8806433065522 ,643306552,6433,2,OK
0108806433087616,파미딘 플러스 10T,"2,500",6433087616,6433,08761,8806433087616 ,8806433087616 ,643308761,6433,6,OK
0108806433094218,동의고 6매,"3,000",6433094218,6433,09421,8806433094218 ,8806433094218 ,643309421,6433,8,OK
0108806435000712,히아로겔 15g,"10,000",6435000712,6435,00071,8806435000712 ,8806435000712 ,643500071,6435,2,OK
0108806435002242,눈앤 0.5ml x 30관,"8,000",6435002242,6435,00224,8806435002242 ,8806435002242 ,643500224,6435,2,OK
0108806435006110,루마 50g,"4,000",6435006110,6435,00611,8806435006110 ,8806435006110 ,643500611,6435,0,OK
0108806435009036,메디락 디에스장용캡슐 100C,"12,000",6435009036,6435,00903,8806435009036 ,8806435009036 ,643500903,6435,6,OK
0108806435010032,목시딜액 5% 30ml,"4,000",6435010032,6435,01003,8806435010032 ,8806435010032 ,643501003,6435,2,OK
0108806435010520,무조날크림 15g,"3,000",6435010520,6435,01052,8806435010520 ,8806435010520 ,643501052,6435,0,OK
0108806435011213,바이버 크림 5g,"2,000",6435011213,6435,01121,8806435011213 ,8806435011213 ,643501121,6435,3,OK
0108806435011411,복합써스펜좌약 10개입,"10,000",6435011411,6435,01141,8806435011411 ,8806435011411 ,643501141,6435,1,OK
0108806435013217,소하자임 플러스 10T,"3,000",6435013217,6435,01321,8806435013217 ,8806435013217 ,643501321,6435,7,OK
0108806435022714,제텐씨 60T,"18,000",6435022714,6435,02271,8806435022714 ,8806435022714 ,643502271,6435,4,OK
0108806435024527,케어가글 오리지널 100ml(약국용),"1,200",6435024527,6435,02452,8806435024527 ,8806435024527 ,643502452,6435,7,OK
0108806435024534,케어가글 오리지널 250ml(약국용),"3,000",6435024534,6435,02453,8806435024534 ,8806435024534 ,643502453,6435,4,OK
0108806435024541,"케어가글 오리지널 1,000ml(약국용)","10,000",6435024541,6435,02454,8806435024541 ,8806435024541 ,643502454,6435,1,OK
0108806435024565,케어가글 사과향 250ml(약국용),"4,000",6435024565,6435,02456,8806435024565 ,8806435024565 ,643502456,6435,5,OK
0108806435028815,텐텐츄정 10p,"2,000",6435028815,6435,02881,8806435028815 ,8806435028815 ,643502881,6435,5,OK
0108806435031747,파워겔(리도카인) 1g 5포,"6,000",6435031747,6435,03174,8806435031747 ,8806435031747 ,643503174,6435,7,OK
0108806435036322,아스피린100mg 100정,"7,000",6435036322,6435,03632,8806435036322 ,8806435036322 ,643503632,6435,2,OK
0108806435037435,유리아 50g,"3,000",6435037435,6435,03743,8806435037435 ,8806435037435 ,643503743,6435,5,OK
0108806435042811,슬리펠 25mg 20T,"3,500",6435042811,6435,04281,8806435042811 ,8806435042811 ,643504281,6435,1,OK
0108806435062116,코앤 15ml(140회),"7,000",6435062116,6435,06211,8806435062116 ,8806435062116 ,643506211,6435,6,OK
0108806435065117,미등록상품,"1,000",6435065117,6435,06511,8806435065117 ,8806435065117 ,643506511,6435,7,OK
0108806435065186,장쾌락 15ml x 30P,"17,000",6435065186,6435,06518,8806435065186 ,8806435065186 ,643506518,6435,6,OK
0108806435067210,무조날쿨크림 15g,"3,000",6435067210,6435,06721,8806435067210 ,8806435067210 ,643506721,6435,0,OK
0108806435067319,코스펜정 10T,"2,000",6435067319,6435,06731,8806435067319 ,8806435067319 ,643506731,6435,9,OK
0108806435070913,목앤 스프레이 20ml,"6,500",6435070913,6435,07091,8806435070913 ,8806435070913 ,643507091,6435,3,OK
0108806435073914,코앤쿨 20ml,"5,500",6435073914,6435,07391,8806435073914 ,8806435073914 ,643507391,6435,4,OK
0108806435074812,까스앤프리 80mg 12T,"4,000",6435074812,6435,07481,8806435074812 ,8806435074812 ,643507481,6435,2,OK
0108806435075512,나인나인 100T,"25,000",6435075512,6435,07551,8806435075512 ,8806435075512 ,643507551,6435,2,OK
0108806435079411,무조날S 네일라카 6ml,"15,000",6435079411,6435,07941,8806435079411 ,8806435079411 ,643507941,6435,1,OK
0108806435080516,두피앤 30ml,"5,000",6435080516,6435,08051,8806435080516 ,8806435080516 ,643508051,6435,6,OK
0108806435080813,쎄코론지크림 30g,"3,000",6435080813,6435,08081,8806435080813 ,8806435080813 ,643508081,6435,3,OK
0108806436003118,노바손크림 15g,"2,000",6436003118,6436,00311,8806436003118 ,8806436003118 ,643600311,6436,8,OK
01088064360331151728081110401945,제놀한방,"2,500",64360331151728081110401945,6436,03311,88064360331151728081110401945,8806436033115 ,643603311,6436,5,OK
01088064360498191728051310402467,미등록상품,"2,000",64360498191728051310402467,6436,04981,88064360498191728051310402467,8806436049819 ,643604981,6436,9,OK
0108806436066021,아이포레 0.5ml x 30관,"6,000",6436066021,6436,06602,8806436066021 ,8806436066021 ,643606602,6436,1,OK
0108806439009018,액티피드정 10C,"3,000",6439009018,6439,00901,8806439009018 ,8806439009018 ,643900901,6439,8,OK
0108806439021218,티어실 원스외용액 4.5g,"10,000",6439021218,6439,02121,8806439021218 ,8806439021218 ,643902121,6439,8,OK
0108806439038117,티어실 쿨크림 20g,"3,000",6439038117,6439,03811,8806439038117 ,8806439038117 ,643903811,6439,7,OK
0108806441004810172711301025137212513701243,에스로반,"2,500",6441004810172711301025137212513701243,6441,00481,8806441004810172711301025137212513701243,8806441004810 ,644100481,6441,0,OK
0108806441004810172711301025137212513719157,에스로반 10g,"2,500",6441004810172711301025137212513719157,6441,00481,8806441004810172711301025137212513719157,8806441004810 ,644100481,6441,0,OK
01088064410048651727060810250222,에스로반연고,"3,000",64410048651727060810250222,6441,00486,88064410048651727060810250222,8806441004865 ,644100486,6441,5,OK
01088064410048651727060810250232,에스로반,"3,000",64410048651727060810250232,6441,00486,88064410048651727060810250232,8806441004865 ,644100486,6441,5,OK
01088064410353331727101710240052170424005000841,징코턴정 240mg 60T,"35,000",64410353331727101710240052170424005000841,6441,03533,88064410353331727101710240052170424005000841,8806441035333 ,644103533,6441,3,OK
0108806445007831,[유유]베노플러스 겔 15g,"8,000",6445007831,6445,00783,8806445007831 ,8806445007831 ,644500783,6445,1,OK
0108806445012316,[유유]피지오머 비강세척액 스프레이 노즐(베이비) 115ml,"18,000",6445012316,6445,01231,8806445012316 ,8806445012316 ,644501231,6445,6,OK
0108806445012323,피지오머 젯노즐(젠틀) 135ml,"19,500",6445012323,6445,01232,8806445012323 ,8806445012323 ,644501232,6445,3,OK
0108806447022283,트라스트패취 30매,"18,000",6447022283,6447,02228,8806447022283 ,8806447022283 ,644702228,6447,3,OK
0108806448002215,노비프록스1.5% 100g,"9,000",6448002215,6448,00221,8806448002215 ,8806448002215 ,644800221,6448,5,OK
0108806448003113,도미나크림(히드라퀴논4%) 60g,"41,000",6448003113,6448,00311,8806448003113 ,8806448003113 ,644800311,6448,3,OK
0108806448003168,도미나크림(히드라퀴논4%) 50g,"40,000",6448003168,6448,00316,8806448003168 ,8806448003168 ,644800316,6448,8,OK
0108806448006510,메카인 2T,900,6448006510,6448,00651,8806448006510 ,8806448006510 ,644800651,6448,0,OK
0108806448009016,박트리안 10g,"3,000",6448009016,6448,00901,8806448009016 ,8806448009016 ,644800901,6448,6,OK
0108806448009412,베이덤 50g,"4,000",6448009412,6448,00941,8806448009412 ,8806448009412 ,644800941,6448,2,OK
0108806448009641,벤트락스 20g,"14,000",6448009641,6448,00964,8806448009641 ,8806448009641 ,644800964,6448,1,OK
0108806448012313,아비나 10g,"4,000",6448012313,6448,01231,8806448012313 ,8806448012313 ,644801231,6448,3,OK
0108806448014713,엘린플러스크림 20g,"4,000",6448014713,6448,01471,8806448014713 ,8806448014713 ,644801471,6448,3,OK
0108806448016427,제올라에스액 60g,"4,000",6448016427,6448,01642,8806448016427 ,8806448016427 ,644801642,6448,7,OK
0108806448016519,제올라크림 15g,"3,000",6448016519,6448,01651,8806448016519 ,8806448016519 ,644801651,6448,9,OK
0108806448016724,[태극] 지스톤 30g,"3,000",6448016724,6448,01672,8806448016724 ,8806448016724 ,644801672,6448,4,OK
0108806448022718,아즈렌 에스크림 30g,"5,000",6448022718,6448,02271,8806448022718 ,8806448022718 ,644802271,6448,8,OK
0108806448023913,[태극] 케토코나졸 크림 20g,"3,000",6448023913,6448,02391,8806448023913 ,8806448023913 ,644802391,6448,3,OK
0108806448028123,파티마겔 2.5% 30g,"5,000",6448028123,6448,02812,8806448028123 ,8806448028123 ,644802812,6448,3,OK
0108806448030911,하이로손 20g,"2,500",6448030911,6448,03091,8806448030911 ,8806448030911 ,644803091,6448,1,OK
0108806448033028,벤트플라 15g,"7,000",6448033028,6448,03302,8806448033028 ,8806448033028 ,644803302,6448,8,OK
0108806448033417,[태극]나프졸 크림 30g,"5,000",6448033417,6448,03341,8806448033417 ,8806448033417 ,644803341,6448,7,OK
0108806448039938,이클린탁스130g,"7,000",6448039938,6448,03993,8806448039938 ,8806448039938 ,644803993,6448,8,OK
0108806448046622,티트로신 10g,"4,000",6448046622,6448,04662,8806448046622 ,8806448046622 ,644804662,6448,2,OK
0108806448055419,목앤탁 30ml,"7,000",6448055419,6448,05541,8806448055419 ,8806448055419 ,644805541,6448,9,OK
0108806448057314,[태극] 우레아 60g,"4,500",6448057314,6448,05731,8806448057314 ,8806448057314 ,644805731,6448,4,OK
0108806448058823,아크스카클리어 20g,"12,000",6448058823,6448,05882,8806448058823 ,8806448058823 ,644805882,6448,3,OK
0108806448063612,아나파베 10T,"2,000",6448063612,6448,06361,8806448063612 ,8806448063612 ,644806361,6448,2,OK
0108806448064510,미녹시딜 바이그루트액 3% 200ml,"25,000",6448064510,6448,06451,8806448064510 ,8806448064510 ,644806451,6448,0,OK
0108806448064633,미녹시딜 바이그루트액 5% 200ml,"25,000",6448064633,6448,06463,8806448064633 ,8806448064633 ,644806463,6448,3,OK
0108806448065821,아크클리어크림 20g,"10,000",6448065821,6448,06582,8806448065821 ,8806448065821 ,644806582,6448,1,OK
0108806448066156,도미나 라이트(히드라퀴논2%) 40g,"20,000",6448066156,6448,06615,8806448066156 ,8806448066156 ,644806615,6448,6,OK
0108806448067214,메타리빈액 15ml,"6,000",6448067214,6448,06721,8806448067214 ,8806448067214 ,644806721,6448,4,OK
0108806453030715,호르반 30ml,"4,000",6453030715,6453,03071,8806453030715 ,8806453030715 ,645303071,6453,5,OK
0108806453033839,티어클린(순) 15ml,"3,000",6453033839,6453,03383,8806453033839 ,8806453033839 ,645303383,6453,9,OK
0108806453060521,티어클린 0.5ml x 30관,"7,000",6453060521,6453,06052,8806453060521 ,8806453060521 ,645306052,6453,1,OK
0108806457011918,탄툼 베르데 네뷸라이저(30ml),"7,000",6457011918,6457,01191,8806457011918 ,8806457011918 ,645701191,6457,8,OK
0108806457027919,[삼아] 리도멕스 0.15% 15g,"4,000",6457027919,6457,02791,8806457027919 ,8806457027919 ,645702791,6457,9,OK
0108806458039621,[바이넥스] 티나청포르테 점안액 14ml,"3,000",6458039621,6458,03962,8806458039621 ,8806458039621 ,645803962,6458,1,OK
0108806470004935,안티포스 10g,"3,000",6470004935,6470,00493,8806470004935 ,8806470004935 ,647000493,6470,5,OK
0108806470007110,안티클로크림 5g,"4,000",6470007110,6470,00711,8806470007110 ,8806470007110 ,647000711,6470,0,OK
0108806478049129,돌체락 5ml x 20P,"12,000",6478049129,6478,04912,8806478049129 ,8806478049129 ,647804912,6478,9,OK
01088064780571241727100310IKMA00,아이스콘 0.5ml x 30관,"7,000",6478057124172710031000,6478,05712,8806478057124172710031000,8806478057124 ,647805712,6478,4,OK
0108806481013247,코졸텍 10T,"1,500",6481013247,6481,01324,8806481013247 ,8806481013247 ,648101324,6481,7,OK
0108806481013568,속엔쿨 10T,"1,500",6481013568,6481,01356,8806481013568 ,8806481013568 ,648101356,6481,8,OK
0108806481027619,그날엔큐 10T,"2,000",6481027619,6481,02761,8806481027619 ,8806481027619 ,648102761,6481,9,OK
0108806481037717,애니메디 5ml,"4,000",6481037717,6481,03771,8806481037717 ,8806481037717 ,648103771,6481,7,OK
0108806481044517,[경동] 애니큐어 10g,"2,500",6481044517,6481,04451,8806481044517 ,8806481044517 ,648104451,6481,7,OK
0108806481047419,그날엔 더블유 12C,"2,500",6481047419,6481,04741,8806481047419 ,8806481047419 ,648104741,6481,9,OK
0108806481049512,코투루텐 20ml,"6,000",6481049512,6481,04951,8806481049512 ,8806481049512 ,648104951,6481,2,OK
0108806483002232,포비돈스틱스왑 2p,360,6483002232,6483,00223,8806483002232 ,8806483002232 ,648300223,6483,2,OK
0108806486004264,(보령)리메부틴정 10T,"2,000",6486004264,6486,00426,8806486004264 ,8806486004264 ,648600426,6486,4,OK
0108806486021711,젠타졸정 2T,800,6486021711,6486,02171,8806486021711 ,8806486021711 ,648602171,6486,1,OK
0108806495025311,유니센타액 60V(20ml x 30V x 2EA),"200,000",6495025311,6495,02531,8806495025311 ,8806495025311 ,649502531,6495,1,OK
0108806495071325,앗센 20ml x 30V,"50,000",6495071325,6495,07132,8806495071325 ,8806495071325 ,649507132,6495,5,OK
0108806495071332,앗센액 20ml x 60V(30V x 2EA),"100,000",6495071332,6495,07133,8806495071332 ,8806495071332 ,649507133,6495,2,OK
0108806497006646,지엘 소브레롤 10C,"2,000",6497006646,6497,00664,8806497006646 ,8806497006646 ,649700664,6497,6,OK
0108806497024015,애크논 크림 13g,"10,000",6497024015,6497,02401,8806497024015 ,8806497024015 ,649702401,6497,5,OK
0108806498018518,[명문]베라스톤크림 20g,"2,500",6498018518,6498,01851,8806498018518 ,8806498018518 ,649801851,6498,8,OK
0108806498027015,제나콤정 2T,800,6498027015,6498,02701,8806498027015 ,8806498027015 ,649802701,6498,5,OK
0108806498052727,옵트클린 14ml,"3,000",6498052727,6498,05272,8806498052727 ,8806498052727 ,649805272,6498,7,OK
0108806516002376,뮤테란과립 200mg,"6,000",6516002376,6516,00237,8806516002376 ,8806516002376 ,651600237,6516,6,OK
0108806516014416,에키나포스 프로텍트 정 10T,"5,000",6516014416,6516,01441,8806516014416 ,8806516014416 ,651601441,6516,6,OK
0108806519017131,이가탄F 60C,"19,000",6519017131,6519,01713,8806519017131 ,8806519017131 ,651901713,6519,1,OK
0108806519041013,메이킨Q 20T,"4,500",6519041013,6519,04101,8806519041013 ,8806519041013 ,651904101,6519,3,OK
0108806519041037,메이킨Q 40T,"8,500",6519041037,6519,04103,8806519041037 ,8806519041037 ,651904103,6519,7,OK
0108806534029720,위스콘 더블액션 10ml x 4ea,"2,000",6534029720,6534,02972,8806534029720 ,8806534029720 ,653402972,6534,0,OK
0108806534049124,리클란 0.5ml x 30관,"9,000",6534049124,6534,04912,8806534049124 ,8806534049124 ,653404912,6534,4,OK
0108806538016139,[신일]클로닉신리시네이트 10T,"2,000",6538016139,6538,01613,8806538016139 ,8806538016139 ,653801613,6538,9,OK
0108806538047416,아미나엑스 100T,"50,000",6538047416,6538,04741,8806538047416 ,8806538047416 ,653804741,6538,6,OK
0108806538050157,트레스오릭스 포르테 30C,"10,000",6538050157,6538,05015,8806538050157 ,8806538050157 ,653805015,6538,7,OK
0108806538050324,니코에이패취 2단계 15mg 7매,"10,000",6538050324,6538,05032,8806538050324 ,8806538050324 ,653805032,6538,4,OK
0108806538050423,니코에이패취 3단계 10mg 7매,"9,500",6538050423,6538,05042,8806538050423 ,8806538050423 ,653805042,6538,3,OK
0108806538050522,니코에이패취 1단계 25mg 7매,"11,000",6538050522,6538,05052,8806538050522 ,8806538050522 ,653805052,6538,2,OK
0108806538050713,니코에이껌 2mg 30개입,"11,000",6538050713,6538,05071,8806538050713 ,8806538050713 ,653805071,6538,3,OK
0108806538051727,하나로겔 20g,"8,000",6538051727,6538,05172,8806538051727 ,8806538051727 ,653805172,6538,7,OK
0108806538051765,하나로 50g,"15,000",6538051765,6538,05176,8806538051765 ,8806538051765 ,653805176,6538,5,OK
0108806538052014,젠스트린 멘톨&페퍼민트향 12T,"4,000",6538052014,6538,05201,8806538052014 ,8806538052014 ,653805201,6538,4,OK
0108806538052021,젠스트린 레몬향 12T,"4,000",6538052021,6538,05202,8806538052021 ,8806538052021 ,653805202,6538,1,OK
0108806538052038,젠스트린 복숭아향 12T,"4,000",6538052038,6538,05203,8806538052038 ,8806538052038 ,653805203,6538,8,OK
0108806538055916,디펜 코인 30P,"2,500",6538055916,6538,05591,8806538055916 ,8806538055916 ,653805591,6538,6,OK
0108806538060019,스티모린 에스크림 5g,"4,000",6538060019,6538,06001,8806538060019 ,8806538060019 ,653806001,6538,9,OK
0108806538060026,스티모린 에스크림 10g,"7,000",6538060026,6538,06002,8806538060026 ,8806538060026 ,653806002,6538,6,OK
0108806538065120,디펜 파워 투어펜 쿨 12매,"3,000",6538065120,6538,06512,8806538065120 ,8806538065120 ,653806512,6538,0,OK
01088065410011151728022510416785,[유씨] 지르텍10mg 10T,"4,500",65410011151728022510416785,6541,00111,88065410011151728022510416785,8806541001115 ,654100111,6541,5,OK
01088065410011151728032610419333,[유씨] 지르텍10mg 10T,"4,500",65410011151728032610419333,6541,00111,88065410011151728032610419333,8806541001115 ,654100111,6541,5,OK
01088065410011461728030210416788,[유씨]지르텍정 10mg 100정,"25,000",65410011461728030210416788,6541,00114,88065410011461728030210416788,8806541001146 ,654100114,6541,6,OK
0108806542004610,아졸 10T,"1,500",6542004610,6542,00461,8806542004610 ,8806542004610 ,654200461,6542,0,OK
0108806562053612,멜라트리 10T,"2,000",6562053612,6562,05361,8806562053612 ,8806562053612 ,656205361,6562,2,OK
0108806574015226,맥시부키즈 6ml x 10포,"4,000",6574015226,6574,01522,8806574015226 ,8806574015226 ,657401522,6574,6,OK
0108806574015318,헤리엔톡크림 5g,"6,000",6574015318,6574,01531,8806574015318 ,8806574015318 ,657401531,6574,8,OK
0108806574015523,페리톡 10g,"7,000",6574015523,6574,01552,8806574015523 ,8806574015523 ,657401552,6574,3,OK
0108806581056519,엑스콜 코프 10c,"3,000",6581056519,6581,05651,8806581056519 ,8806581056519 ,658105651,6581,9,OK
0108806581057431,엑스콜 콜드 에프 10c,"2,500",6581057431,6581,05743,8806581057431 ,8806581057431 ,658105743,6581,1,OK
0108806581063036,엑스콜디 과립 (스틱) 6p,"3,000",6581063036,6581,06303,8806581063036 ,8806581063036 ,658106303,6581,6,OK
0108806581086110,엑스콜디 정 10c,"3,000",6581086110,6581,08611,8806581086110 ,8806581086110 ,658108611,6581,0,OK
0108806628001236,리쥬비넥스 10g,"35,000",6628001236,6628,00123,8806628001236 ,8806628001236 ,662800123,6628,6,OK
0108806628002523,리안점안액,"12,000",6628002523,6628,00252,8806628002523 ,8806628002523 ,662800252,6628,3,OK
0108806641015319,트립라인정[하이플생명과학],"2,000",6641015319,6641,01531,8806641015319 ,8806641015319 ,664101531,6641,9,OK
0108806641015517,파이에온 10T,"2,000",6641015517,6641,01551,8806641015517 ,8806641015517 ,664101551,6641,7,OK
0108806644000312,바슈 리포직 점안겔 10g,"4,500",6644000312,6644,00031,8806644000312 ,8806644000312 ,664400031,6644,2,OK
0108806704022230,오큐시스 0.5ml x 60관,"10,000",6704022230,6704,02223,8806704022230 ,8806704022230 ,670402223,6704,0,OK
0108806704024524,오큐시스 리커버리 0.5ml x 30관,"8,500",6704024524,6704,02452,8806704024524 ,8806704024524 ,670402452,6704,4,OK
01088067060919131025050131727090,니조랄2%,"16,000",67060919131025050131727090,6706,09191,88067060919131025050131727090,8806706091913 ,670609191,6706,3,OK
0108806717071027,오큐리스 0.5ml x 30관,"5,500",6717071027,6717,07102,8806717071027 ,8806717071027 ,671707102,6717,7,OK
0108806741012,오에수 케토핀프리 0.5ml*12관,"4,500",6741012,,,8806741012 ,,,,TOO_SHORT,
01088067410202201727073010240022,오에수 트레할로스,"6,000",67410202201727073010240022,6741,02022,88067410202201727073010240022,8806741020220 ,674102022,6741,0,OK
0108806744015131,노이텍 90T,"24,000",6744015131,6744,01513,8806744015131 ,8806744015131 ,674401513,6744,1,OK
0108806780003611,한국 베타딘 50ml,"10,000",6780003611,6780,00361,8806780003611 ,8806780003611 ,678000361,6780,1,OK
0108806939034619,화이투벤 0.1%(성인용) 10ml,"7,500",6939034619,6939,03461,8806939034619 ,8806939034619 ,693903461,6939,9,OK
0108806942060124,자모 10g x 6P,"4,500",6942060124,6942,06012,8806942060124 ,8806942060124 ,694206012,6942,4,OK
0108809034589800,핑크퐁 베이비파우더 플러스 100g,"9,000",9034589800,9034,58980,8809034589800 ,8809034589800 ,903458980,9034,0,OK
0108809306547941,맨담 쿨파워 220ml,"3,500",9306547941,9306,54794,8809306547941 ,8809306547941 ,930654794,9306,1,OK
0108809629300070,하트세이버 츄어블 S 6T,"22,500",9629300070,9629,30007,8809629300070 ,8809629300070 ,962930007,9629,0,OK
0108809629300087,하트세이버 츄어블 M 6T,"29,700",9629300087,9629,30008,8809629300087 ,8809629300087 ,962930008,9629,7,OK
0108809629300094,하트세이버 츄어블 L 6T,"34,200",9629300094,9629,30009,8809629300094 ,8809629300094 ,962930009,9629,4,OK
0108809629300100,하트세이버 츄어블 Mini  6T,"19,800",9629300100,9629,30010,8809629300100 ,8809629300100 ,962930010,9629,0,OK
0108809629300117,하트세이버 정 Mini 10T,"13,500",9629300117,9629,30011,8809629300117 ,8809629300117 ,962930011,9629,7,OK
0108809629300124,하트세이버 정 S 10T,"16,200",9629300124,9629,30012,8809629300124 ,8809629300124 ,962930012,9629,4,OK
0108809629300131,하트세이버 정 M 10T,"19,800",9629300131,9629,30013,8809629300131 ,8809629300131 ,962930013,9629,1,OK
0108809629300148,하트세이버 정 L 10T,"27,000",9629300148,9629,30014,8809629300148 ,8809629300148 ,962930014,9629,8,OK
0118806218039448,[광동] 파비시드 240T,"30,000",,,03944,8806218039448 ,8806218039448 ,621803944,6218,8,OK
0118806265017918,디오라인 정 600ml 60정,"30,000",,,01791,8806265017918 ,8806265017918 ,626501791,6265,8,OK
0118806417038310,본엔디 120C,"40,000",,,03831,8806417038310 ,8806417038310 ,641703831,6417,0,OK
0118806427035125,판콜에스 내복액 1박스(30ml x 30EA),"15,000",,,03512,8806427035125 ,8806427035125 ,642703512,6427,5,OK
0118806433074514,젠빅플러스 120C,"35,000",,,07451,8806433074514 ,8806433074514 ,643307451,6433,4,OK
0118806448059612,비오딜정 5mg 60T(30T x 2EA),"30,000",,,05961,8806448059612 ,8806448059612 ,644805961,6448,2,OK
0118806448062018,센테라 120T(60T x 2EA),"35,000",,,06201,8806448062018 ,8806448062018 ,644806201,6448,8,OK
0118806448066153,도미나 라이트(히드로퀴논2%) 40g,"100,000",,,06615,8806448066153 ,8806448066153 ,644806615,6448,3,OK
0118806490021414,디오맥스 600mg 60T(30T x 2EA),"30,000",,,02141,8806490021414 ,8806490021414 ,649002141,6490,4,OK
0118806519017138,이가탄F 180C(60C x 3EA),"57,000",,,01713,8806519017138 ,8806519017138 ,651901713,6519,8,OK
0118806538011087,트리메부틴 말레산염 180T (90T x 2ea),"30,000",,,01108,8806538011087 ,8806538011087 ,653801108,6538,7,OK
0118806538045419,디펜 쿨 40매,"8,000",,,04541,8806538045419 ,8806538045419 ,653804541,6538,9,OK
0118806538045440,디펜 핫 40매입,"8,500",,,04544,8806538045440 ,8806538045440 ,653804544,6538,0,OK
0118806538053117,디펜 쿨 엑티브 80매(20매 x 4P),"10,000",,,05311,8806538053117 ,8806538053117 ,653805311,6538,7,OK
0118806538064311,앤도민액트800 60T,"40,000",,,06431,8806538064311 ,8806538064311 ,653806431,6538,1,OK
022679157188,"구트할로 발포비타민C(레몬맛) 4,500mg","3,800",,,,,,,,NO_880,
022679157195,구트할로 멀티발포비타민(오렌지맛),"3,800",,,,,,,,NO_880,
047144054339,보스톤 심플러스액(다기능용액) 120ml,"9,500",,,,,,,,NO_880,
0734598325299,코랄(산호)칼슘 마그네슘 2:1 180T(90T x 2EA),"40,000",,,,,,,,NO_880,
073626600015,퀵스탑 지혈제 파우더 14g,"20,000",,,,,,,,NO_880,
0785249454417,당엔파워 프로바이오틱스 120C(60C x 2EA),"60,000",,,,,,,,NO_880,
0803261523,포텐스틱1포,"2,000",,,,,,,,NO_880,
08806524000425,[한국알콘] 듀라티얼즈안연고 3.5g,"3,500",,,00042,8806524000425 ,8806524000425 ,652400042,6524,5,OK
08806706086926,세비안관류제 20ml x 20EA,"6,500",,,08692,8806706086926 ,8806706086926 ,670608692,6706,6,OK
1,아이톡쿨 라이트 점안액 14ml,"3,500",,,,,,,,NO_880,
1 88 06581 05681 3,비맥스골드(120t),"35,000",,,05681,8806581056813 ,8806581056813 ,658105681,6581,3,OK
1 88 06581 05891 6,비맥스액티브(120t),"35,000",,,05891,8806581058916 ,8806581058916 ,658105891,6581,6,OK
1 88 06581 06311 8,비맥스메타(120t),"39,000",,,06311,8806581063118 ,8806581063118 ,658106311,6581,8,OK
1 88 06581 08201 0,비맥스메타비(120t),"44,000",,,08201,8806581082010 ,8806581082010 ,658108201,6581,0,OK
1 88 06581 08444 1,비맥스제트(100t),"52,000",,,08444,8806581084441 ,8806581084441 ,658108444,6581,1,OK
1 88 06581 08511 0,비맥스에버프리미엄(120t),"42,000",,,08511,8806581085110 ,8806581085110 ,658108511,6581,0,OK
1E+12,테스트,100,,,,,,,,NO_880,
1E+12,RX 롱 덕용(24매),"10,000",,,,,,,,NO_880,
1.00001E+12,타세놀500mg,"1,500",,,,,,,,NO_880,
1.00003E+12,메디터치 2,"7,000",,,,,,,,NO_880,
1.00003E+12,키드큐 홍삼젤리,"50,000",,,,,,,,NO_880,
1.00003E+12,메디터치 H 번 5*7,"9,000",,,,,,,,NO_880,
1.00003E+12,메디터치 H 리퀴드,"9,000",,,,,,,,NO_880,
1.00003E+12,메디터치 A(1mm) 10*10 1매,"9,000",,,,,,,,NO_880,
1.00003E+12,메디터치 A(1mm) 4*9 3매,"9,000",,,,,,,,NO_880,
1.00003E+12,키드큐 키즈플러스 젤리,"42,000",,,,,,,,NO_880,
1.00003E+12,키드큐 쾌변젤리,"42,000",,,,,,,,NO_880,
1.00004E+12,더마큐15g 연고,"2,500",,,,,,,,NO_880,
1.00004E+12,메디터치 탄력밴드(중형),"7,500",,,,,,,,NO_880,
1.00004E+12,"메디터치탄력밴드(혼합형)일반, 소형, 타원","8,000",,,,,,,,NO_880,
1.00004E+12,아로나민골드300정,"85,000",,,,,,,,NO_880,
1.00004E+12,더마틱스울트라 키즈,"18,000",,,,,,,,NO_880,
1.00004E+12,메디터치 엄마마음,"8,000",,,,,,,,NO_880,
1.00004E+12,케이팜,"10,000",,,,,,,,NO_880,
1.00004E+12,제나콤,800,,,,,,,,NO_880,
1.00004E+12,멜라트리,"2,000",,,,,,,,NO_880,
1.00004E+12,리메부틴,"2,000",,,,,,,,NO_880,
1.00004E+12,유니쎈타,"250,000",,,,,,,,NO_880,
1.00005E+12,메디폼밴드소형-75*55[O],"9,000",,,,,,,,NO_880,
1.00005E+12,메디폼밴드중형-100*70,"10,000",,,,,,,,NO_880,
1.00005E+12,광동쌍화탕(신형) 100ml,"1,000",,,,,,,,NO_880,
1.00005E+12,메디폼밴드일반-70*30[O],"9,000",,,,,,,,NO_880,
1.00006E+12,서근령24매,"8,000",,,,,,,,NO_880,
1.00007E+12,드리클로액,"11,000",,,,,,,,NO_880,
1.00007E+12,메디터치 H 리퀴드,"9,000",,,,,,,,NO_880,
1.00009E+12,세레니아 정 (24㎎) [4정],"18,000",,,,,,,,NO_880,
1.00009E+12,옴니쿠어 산 250g,"16,200",,,,,,,,NO_880,
1.00009E+12,파나쿠어 250㎎ [20정],"13,500",,,,,,,,NO_880,
1.00009E+12,파나쿠어 500㎎ 20T,"21,600",,,,,,,,NO_880,
1.00009E+12,옥시마이신 아쿠아 100g,"9,000",,,,,,,,NO_880,
1.00009E+12,삼양연고 100g,"6,300",,,,,,,,NO_880,
1.00009E+12,클로시딘 250ml,"8,000",,,,,,,,NO_880,
1.00009E+12,티어젠 30g,"45,000",,,,,,,,NO_880,
1.00009E+12,애견용 옥시마이신 100g,"5,400",,,,,,,,NO_880,
1.0001E+12,세레니아 정 (16㎎) [4정],"13,500",,,,,,,,NO_880,
1.0001E+12,외유내간120c(행사),"60,000",,,,,,,,NO_880,
1.0001E+12,하버드치약(3개),"29,000",,,,,,,,NO_880,
1.0001E+12,포텐시에이터 40P(20P x 2EA),"48,000",,,,,,,,NO_880,
1.0001E+12,설사머지 50g,"8,100",,,,,,,,NO_880,
1.00011E+12,미등록상품,100,,,,,,,,NO_880,
1.00011E+12,봉투,100,,,,,,,,NO_880,
1.00011E+12,에스로반,"3,000",,,,,,,,NO_880,
1.00012E+12,민티크프레시민트플러스치약2+1행사상품,"29,000",,,,,,,,NO_880,
1.00012E+12,비타500낱개1병,600,,,,,,,,NO_880,
1.00012E+12,콘트라민정 600mg,"50,000",,,,,,,,NO_880,
1.00012E+12,콘트라민정,"50,000",,,,,,,,NO_880,
1.00013E+12,세레니아 정 (24㎎) [4정],"18,000",,,,,,,,NO_880,
1.00013E+12,옴니쿠어 산 (250g) [250g],"16,200",,,,,,,,NO_880,
1.00013E+12,[판매기록부] 옥시마이신 아쿠아 (100g) [100g],"9,000",,,,,,,,NO_880,
1.00013E+12,파나쿠어 250㎎ 20T,"12,000",,,,,,,,NO_880,
1.00013E+12,파나쿠어 500㎎ [20정],"21,600",,,,,,,,NO_880,
1.00013E+12,삼양연고 (100g) [100g],"6,300",,,,,,,,NO_880,
1.00013E+12,클로시딘 (250㎖) [250㎖],"8,000",,,,,,,,NO_880,
1.00013E+12,[판매기록부] 티어젠 (30g) [30g],"45,000",,,,,,,,NO_880,
1.00013E+12,세레니아 정 (16㎎) [4정],"13,500",,,,,,,,NO_880,
1.00013E+12,[판매기록부] 오리더밀 (10g) *유효기한(일/월/년) [10g],"16,200",,,,,,,,NO_880,
1.00013E+12,[판매기록부] 애견용 옥시마이신 (100g) [100g],"5,400",,,,,,,,NO_880,
1.00013E+12,옴니쿠어 산 (250g) [250g],"16,200",,,,,,,,NO_880,
1.00013E+12,세레니아 정 (24㎎) [4정],"18,000",,,,,,,,NO_880,
1.00013E+12,[판매기록부] 옥시마이신 아쿠아 (100g) [100g],"9,000",,,,,,,,NO_880,
1.00013E+12,파나큐어 500㎎ [20정],"21,600",,,,,,,,NO_880,
1.00013E+12,삼양연고 (100g) [100g],"6,300",,,,,,,,NO_880,
1.00013E+12,클로시딘 (250㎖) [250㎖],"8,000",,,,,,,,NO_880,
1.00013E+12,[판매기록부] 티어젠 (30g) [30g],"45,000",,,,,,,,NO_880,
1.00013E+12,세레니아 정 (16㎎) [4정],"13,500",,,,,,,,NO_880,
1.00013E+12,[판매기록부] 오리더밀 (10g) *유효기한(일/월/년) [10g],"16,200",,,,,,,,NO_880,
1.00013E+12,[판매기록부] 애견용 옥시마이신 (100g) [100g],"5,400",,,,,,,,NO_880,
1.00013E+12,솔표 쌍감탕액,"13,000",,,,,,,,NO_880,
1.00013E+12,생강상화,"7,000",,,,,,,,NO_880,
1.00013E+12,로게인,"70,000",,,,,,,,NO_880,
1.00014E+12,겔포스엘현탁액 4포,"4,500",,,,,,,,NO_880,
1.00014E+12,미등록상품,"12,000",,,,,,,,NO_880,
1.00014E+12,미등록상품,"12,000",,,,,,,,NO_880,
1.00014E+12,파나큐어250,"12,000",,,,,,,,NO_880,
1.00014E+12,류파프 핫 (4개 묶음),"10,000",,,,,,,,NO_880,
1.00014E+12,류파프 (4개묶움),"10,000",,,,,,,,NO_880,
1.00014E+12,케이팜플라스타 10매입(7개묶음),"10,000",,,,,,,,NO_880,
1.00014E+12,케토크린 (7묶음),"10,000",,,,,,,,NO_880,
1.00014E+12,록소크린 (4개묶음),"10,000",,,,,,,,NO_880,
1.00014E+12,페르빈(펠비낙)5개묶음,"10,000",,,,,,,,NO_880,
1.00014E+12,플러스인사포르테,"50,000",,,,,,,,NO_880,
1.00015E+12,오에수 트레할로스,"6,000",,,,,,,,NO_880,
1.00015E+12,삼영연고,"6,300",,,,,,,,NO_880,
1.00015E+12,메디터치리퀴드,"9,000",,,,,,,,NO_880,
1.00016E+12,H2Ome! 가습마스크 (아이보리),"3,150",,,,,,,,NO_880,
1.00016E+12,H2Ome! 가습마스크(다크그레이),"3,150",,,,,,,,NO_880,
1.00021E+12,자하골드 20ml x 4병,"15,000",,,,,,,,NO_880,
1.00021E+12,돌체락 15ml x 5P,"3,500",,,,,,,,NO_880,
1.00021E+12,비타바이브 수면 유산균 프로바이오틱스 30p,"32,000",,,,,,,,NO_880,
1.00021E+12,에너리버 120C,"40,000",,,,,,,,NO_880,
1.00021E+12,피로회복제,"8,000",,,,,,,,NO_880,
1.00022E+12,숙취해소제,"8,000",,,,,,,,NO_880,
10106970280851064,브라운 귀적외선 체온계,"80,000",,,,,,,,NO_880,
10108806416052310,임팩타민 프리미엄정 60T,"20,000",,,05231,8806416052310 ,8806416052310 ,641605231,6416,0,OK
1.08806E+14,티어클린점안액 30점안액,"7,000",6453060521,6453,06052,8806453060521 ,8806453060521 ,645306052,6453,1,OK
1.08806E+14,앗센액 20ml/60개,"100,000",6495071332,6495,07133,8806495071332 ,8806495071332 ,649507133,6495,2,OK
108806718070555000000000000000,[사용X] 뉴베인액 7ml 28p,"45,000",6718070555000000000000000,6718,07055,8806718070555000000000000000,8806718070555 ,671807055,6718,5,OK
12345,[행사가] 마이녹실폼5% 60g x 3개,"42,000",,,,,,,,NO_880,
124555,미등록상품티어클린,"3,000",,,,,,,,NO_880,
1.88005E+13,제일 롱파프 24매,"10,000",,,00091,8800543000913 ,8800543000913 ,054300091,0543,3,OK
1.88005E+13,센실라 120T,"30,000",,,00461,8800543004614 ,8800543004614 ,054300461,0543,4,OK
1.88005E+13,제일 디쿨24(7 x 10cm) 40매,"8,000",,,00502,8800543005024 ,8800543005024 ,054300502,0543,4,OK
1.88005E+13,투엑스비 추어블 240T,"40,000",,,01241,8800543012411 ,8800543012411 ,054301241,0543,1,OK
1.88005E+13,투엑스비 트리플 120T,"58,000",,,01301,8800543013012 ,8800543013012 ,054301301,0543,2,OK
1.88006E+13,오큐에이 240C(120C x 2ea),"45,000",,,02881,8800551028817 ,8800551028817 ,055102881,0551,7,OK
1.88007E+13,조인본 콘드로 800 60T,"50,000",,,00531,8800724005317 ,8800724005317 ,072400531,0724,7,OK
1.88007E+13,콘트라민 600mg 120T(60T x 2ea),"50,000",,,00171,8800732001714 ,8800732001714 ,073200171,0732,4,OK
1.88007E+13,콘드라맥스800 90T,"60,000",,,00462,8800732004623 ,8800732004623 ,073200462,0732,3,OK
1.8806E+13,박카스 젤리 50g x 10개입,"12,000",,,43563,8806011435638 ,8806011435638 ,601143563,6011,8,OK
1.8806E+13,박카스D 1박스(100ml x 20EA),"11,400",,,61545,8806011615450 ,8806011615450 ,601161545,6011,0,OK
1.88061E+13,조아엉겅퀴골드 100ml 10병,"20,000",,,40782,8806052407823 ,8806052407823 ,605240782,6052,3,OK
1.88061E+13,스토마큐정(반하사심탕) {10T*50},"100,000",,,29146,8806119291464 ,8806119291464 ,611929146,6119,4,OK
1.88062E+13,콘티600 90T,"40,000",,,00812,8806228008120 ,8806228008120 ,622800812,6228,0,OK
1.88062E+13,이탄돌정 240T,"40,000",,,01223,8806228012233 ,8806228012233 ,622801223,6228,3,OK
1.88062E+13,[일양]헤파톡시온정 90T,"45,000",,,03093,8806228030930 ,8806228030930 ,622803093,6228,0,OK
1.88063E+13,메코비 120T,"50,000",,,01341,8806258013415 ,8806258013415 ,625801341,6258,5,OK
1.88063E+13,판피린큐 1박스(20ml x 30EA),"15,000",,,00132,8806265001320 ,8806265001320 ,626500132,6265,0,OK
1.88063E+13,멕시롱액 75ml 1박스(10병),"8,000",,,00251,8806265002518 ,8806265002518 ,626500251,6265,8,OK
1.88063E+13,베나치오 1박스(20ml x 30EA),"23,000",,,00283,8806265002839 ,8806265002839 ,626500283,6265,9,OK
1.88063E+13,멜라토닝(히드로퀴논2%) 30g 1box,"200,000",,,01432,8806265014320 ,8806265014320 ,626501432,6265,0,OK
1.88063E+13,맥스 콘드로이틴 1200mg 60포,"150,000",,,01943,8806265019431 ,8806265019431 ,626501943,6265,1,OK
1.88063E+13,디오라인 티 600ml 30P,"35,000",,,02021,8806265020215 ,8806265020215 ,626502021,6265,5,OK
1.88063E+13,타치온100mg 90T,"50,000",,,02111,8806265021113 ,8806265021113 ,626502111,6265,3,OK
1.88063E+13,판피린 나이트 1박스(20ml x 30EA),"21,000",,,02192,8806265021922 ,8806265021922 ,626502192,6265,2,OK
1.88063E+13,베나치오 프로액 1박스(75ml x 10EA),"7,000",,,02201,8806265022011 ,8806265022011 ,626502201,6265,1,OK
1.88064E+13,[일양] 아미노피 240T,"40,000",,,00981,8806417009815 ,8806417009815 ,641700981,6417,5,OK
1.88064E+13,원비디 1박스(100ml x 10EA),"6,500",,,01301,8806417013010 ,8806417013010 ,641701301,6417,0,OK
1.88064E+13,파워아민 240C,"40,000",,,02411,8806417024115 ,8806417024115 ,641702411,6417,5,OK
1.88064E+13,헤모콤 플러스 120C,"40,000",,,02671,8806417026713 ,8806417026713 ,641702671,6417,3,OK
1.88064E+13,가네탑플러스 180C,"50,000",,,02811,8806417028113 ,8806417028113 ,641702811,6417,3,OK
1.88064E+13,도담도담 츄어블 240T,"30,000",,,04451,8806417044519 ,8806417044519 ,641704451,6417,9,OK
1.88064E+13,노루모 에프 내복액 1박스(75ml x 10EA),"6,500",,,04861,8806417048616 ,8806417048616 ,641704861,6417,6,OK
1.88064E+13,조인탑600 90T (45T x 2ea),"40,000",,,05531,8806417055317 ,8806417055317 ,641705531,6417,7,OK
1.88064E+13,황력골드 1박스(100ml x 10EA),"18,000",,,05771,8806417057717 ,8806417057717 ,641705771,6417,7,OK
1.88064E+13,보나링 스피드 20ml x 5P,"3,000",,,06291,8806417062919 ,8806417062919 ,641706291,6417,9,OK
1.88064E+13,메코엠지 프리미엄 120T,"39,000",,,06451,8806417064517 ,8806417064517 ,641706451,6417,7,OK
1.88064E+13,누네탑에프 240C,"40,000",,,06531,8806417065316 ,8806417065316 ,641706531,6417,6,OK
1.88064E+13,[광동] 쌍화탕(신형) 1박스(100ml x 10EA),"5,000",,,00521,8806418005212 ,8806418005212 ,641800521,6418,2,OK
1.88064E+13,[광동] 우황청심원(사향) 10환,"132,000",,,00651,8806418006516 ,8806418006516 ,641800651,6418,6,OK
1.88064E+13,[광동] 우황청심원(영묘향) 10환,"100,000",,,00661,8806418006615 ,8806418006615 ,641800661,6418,5,OK
1.88064E+13,[광동] 원탕 1박스(100ml x 10EA),"7,000",,,00761,8806418007612 ,8806418007612 ,641800761,6418,2,OK
1.88064E+13,페리비타캡슐 60C,"50,000",,,03222,8806418032225 ,8806418032225 ,641803222,6418,5,OK
1.88064E+13,[광동] 평위천 프라임액 1박스(75ml x 10EA),"7,000",,,06811,8806418068118 ,8806418068118 ,641806811,6418,8,OK
1.88064E+13,마이메가플러스정 130정,"40,000",,,07292,8806418072924 ,8806418072924 ,641807292,6418,4,OK
1.88064E+13,덴타자임 240C,"35,000",,,00182,8806421001829 ,8806421001829 ,642100182,6421,9,OK
1.88064E+13,에너리버 120C,"40,000",,,03151,8806421031512 ,8806421031512 ,642103151,6421,2,OK
1.88064E+13,마그비 120C,"28,000",,,04361,8806421043614 ,8806421043614 ,642104361,6421,4,OK
1.88064E+13,덴타퀵 300T,"40,000",,,04371,8806421043713 ,8806421043713 ,642104371,6421,3,OK
1.88064E+13,메가트루 골드 120T,"50,000",,,04391,8806421043911 ,8806421043911 ,642104391,6421,1,OK
1.88064E+13,[유한] 이지케어 네일라카 6ml x 2개,"19,900",,,04653,8806421046530 ,8806421046530 ,642104653,6421,0,OK
1.88064E+13,메가트루 포커스 120T,"40,000",,,04792,8806421047926 ,8806421047926 ,642104792,6421,6,OK
1.88064E+13,마그비 액티브 120T,"30,000",,,05062,8806421050629 ,8806421050629 ,642105062,6421,9,OK
1.88064E+13,메가트루 파워 120T,"50,000",,,05112,8806421051121 ,8806421051121 ,642105112,6421,1,OK
1.88064E+13,마그비 스피드 30V,"40,000",,,05254,8806421052548 ,8806421052548 ,642105254,6421,8,OK
1.88064E+13,삐콤씨 파워정 120T,"25,000",,,05424,8806421054245 ,8806421054245 ,642105424,6421,5,OK
1.88064E+13,유한 비타민씨디 240T(120T x 2EA),"20,000",,,05511,8806421055112 ,8806421055112 ,642105511,6421,2,OK
1.88064E+13,마그비 맥스 120C,"40,000",,,05781,8806421057819 ,8806421057819 ,642105781,6421,9,OK
1.88064E+13,메가트루 633 120T,"55,000",,,06161,8806421061618 ,8806421061618 ,642106161,6421,8,OK
1.88064E+13,마그비 이엑스 120C,"50,000",,,06201,8806421062011 ,8806421062011 ,642106201,6421,1,OK
1.88064E+13,카리포맨 120C,"55,000",,,06221,8806421062219 ,8806421062219 ,642106221,6421,9,OK
1.88064E+13,[유한] 메가비타 1박스(100ml x 10EA),"20,000",,,06241,8806421062417 ,8806421062417 ,642106241,6421,7,OK
1.88064E+13,메가바이 120T,"34,000",,,03871,8806422038718 ,8806422038718 ,642203871,6422,8,OK
1.88064E+13,[부광] 네일스타 네일라카 6ml x 2EA,"17,000",,,03962,8806422039623 ,8806422039623 ,642203962,6422,3,OK
1.88064E+13,레가리버350 120C,"40,000",,,04491,8806422044917 ,8806422044917 ,642204491,6422,7,OK
1.88064E+13,엠지멕스 플러스비 120C (60C x 2ea),"40,000",,,04660,8806422046607 ,8806422046607 ,642204660,6422,7,OK
1.88064E+13,비타엔 츄어블 240T(120T x 2EA),"40,000",,,04691,8806422046911 ,8806422046911 ,642204691,6422,1,OK
1.88064E+13,까스활명수큐 1박스(75ml x 10EA),"9,900",,,00091,8806427000918 ,8806427000918 ,642700091,6427,8,OK
1.88064E+13,부채표쌍화탕 1박스(100ml x 10EA),"4,500",,,01681,8806427016810 ,8806427016810 ,642701681,6427,0,OK
1.88064E+13,산타몬 플러스 8ml x 60V,"60,000",,,00842,8806428008425 ,8806428008425 ,642800842,6428,5,OK
1.88064E+13,산타몬플러스캡슐 120C,"60,000",,,00852,8806428008524 ,8806428008524 ,642800852,6428,4,OK
1.88064E+13,[고려제약] 에너골드 60V(10ml x 30V x 2EA),"90,000",,,00982,8806428009828 ,8806428009828 ,642800982,6428,8,OK
1.88064E+13,이뮤골드 10g x 60V,"70,000",,,01122,8806428011227 ,8806428011227 ,642801122,6428,7,OK
1.88064E+13,로이코비에스 60V(15ml x 30V x 2EA),"80,000",,,02882,8806428028829 ,8806428028829 ,642802882,6428,9,OK
1.88064E+13,아미푸렉스골드 240T(120T x 2EA),"50,000",,,03051,8806428030518 ,8806428030518 ,642803051,6428,8,OK
1.88064E+13,멀티큐텐플러스 120C(60T x 2ea),"50,000",,,03153,8806428031539 ,8806428031539 ,642803153,6428,9,OK
1.88064E+13,덴큐 240T(120T x 2EA),"40,000",,,00094,8806429000947 ,8806429000947 ,642900094,6429,7,OK
1.88064E+13,실리세프 연질캡슐 120C,"50,000",,,03921,8806429039213 ,8806429039213 ,642903921,6429,3,OK
1.88064E+13,플라도반액 20ml x 20V,"70,000",,,04211,8806429042114 ,8806429042114 ,642904211,6429,4,OK
1.88064E+13,엑세라민 비 120T,"37,000",,,04501,8806429045016 ,8806429045016 ,642904501,6429,6,OK
1.88064E+13,아로나민 실버 프리미엄 120T,"35,000",,,05321,8806429053219 ,8806429053219 ,642905321,6429,9,OK
1.88064E+13,엑세라민 엑소 120T,"47,000",,,05581,8806429055817 ,8806429055817 ,642905581,6429,7,OK
1.88064E+13,에너라민파워액 60V(10ml x 30V x 2EA),"130,000",,,05902,8806429059020 ,8806429059020 ,642905902,6429,0,OK
1.88064E+13,아로나민 이맥스 플러스 120T,"40,000",,,06151,8806429061511 ,8806429061511 ,642906151,6429,1,OK
1.88064E+13,엑세라민 에이 120T,"64,000",,,06871,8806429068718 ,8806429068718 ,642906871,6429,8,OK
1.88064E+13,푸레파센600 60T(30T x 2ea),"35,000",,,06881,8806429068817 ,8806429068817 ,642906881,6429,7,OK
1.88064E+13,콘센비타 프리미엄800 60T,"60,000",,,06891,8806429068916 ,8806429068916 ,642906891,6429,6,OK
1.88064E+13,티스롤 270T,"30,000",,,01151,8806432011510 ,8806432011510 ,643201151,6432,0,OK
1.88064E+13,랑스씨씨 360T(180T x 2EA),"50,000",,,01453,8806432014535 ,8806432014535 ,643201453,6432,5,OK
1.88064E+13,가네타인 20ml x 30병,"45,000",,,02931,8806432029317 ,8806432029317 ,643202931,6432,7,OK
1.88064E+13,동성 비오틴 120T,"50,000",,,03074,8806432030740 ,8806432030740 ,643203074,6432,0,OK
1.88064E+13,코드에이 240C,"50,000",,,03461,8806432034618 ,8806432034618 ,643203461,6432,8,OK
1.88064E+13,이엠지스피드 더블액션 30P,"50,000",,,03502,8806432035028 ,8806432035028 ,643203502,6432,8,OK
1.88064E+13,젠빅 120C(60C x 2ea),"20,000",,,02501,8806433025011 ,8806433025011 ,643302501,6433,1,OK
1.88064E+13,펜잘큐정(정규)(PTP) 200T(10T*20EA),"2,500",,,05021,8806433050211 ,8806433050211 ,643305021,6433,1,OK
1.88064E+13,액티리버 모닝 120C,"40,000",,,05191,8806433051911 ,8806433051911 ,643305191,6433,1,OK
1.88064E+13,인코라민 스페셜 120T(60T*2),"35,000",,,06271,8806433062719 ,8806433062719 ,643306271,6433,9,OK
1.88064E+13,모드코에스연질캡슐 500C(10C*50EA),"125,000",,,06281,8806433062818 ,8806433062818 ,643306281,6433,8,OK
1.88064E+13,모드콜에스연질캡슐 500C(10C*50EA),"2,000",,,06291,8806433062917 ,8806433062917 ,643306291,6433,7,OK
1.88064E+13,모드코프에스연질캡슐 500C(10C*50EA),"125,000",,,06301,8806433063013 ,8806433063013 ,643306301,6433,3,OK
1.88064E+13,고운자임맘 120T(60T x 2EA),"38,000",,,06341,8806433063419 ,8806433063419 ,643306341,6433,9,OK
1.88064E+13,파미딘정 10MG(정규)(PTP) 100T(10T*10EA),"2,000",,,06551,8806433065512 ,8806433065512 ,643306551,6433,2,OK
1.88064E+13,파미딘정 10MG(정규)(PTP) 300T(30T*10EA),"3,500",,,06552,8806433065529 ,8806433065529 ,643306552,6433,9,OK
1.88064E+13,시미도나 120T,"45,000",,,06771,8806433067714 ,8806433067714 ,643306771,6433,4,OK
1.88064E+13,젠빅플러스연질캡슐 120C(60C*2EA),"40,000",,,07451,8806433074514 ,8806433074514 ,643307451,6433,4,OK
1.88064E+13,벤포벨 120T(60T*2EA),"35,000",,,07631,8806433076310 ,8806433076310 ,643307631,6433,0,OK
1.88064E+13,벤포벨지 120T(60T*2EA),"40,000",,,08351,8806433083516 ,8806433083516 ,643308351,6433,6,OK
1.88064E+13,이튼큐 플러스 200T(100T x 2EA),"30,000",,,08591,8806433085916 ,8806433085916 ,643308591,6433,6,OK
1.88064E+13,속청케어 1박스(75ml x 10EA),"6,000",,,08741,8806433087415 ,8806433087415 ,643308741,6433,5,OK
1.88064E+13,파미딘플러스정 100T(10T*10EA),"2,500",,,08761,8806433087613 ,8806433087613 ,643308761,6433,3,OK
1.88064E+13,종근당 비타민씨 골드정 1000mg 200T,"12,000",,,08951,8806433089518 ,8806433089518 ,643308951,6433,8,OK
1.88064E+13,벤포벨에스 120T(60T*2EA),"50,000",,,08971,8806433089716 ,8806433089716 ,643308971,6433,6,OK
1.88064E+13,벤포벨에스 180T(90T*2EA),"70,000",,,08972,8806433089723 ,8806433089723 ,643308972,6433,3,OK
1.88064E+13,포텐스틱 1박스(20ml x 5P x 10EA),"75,000",,,09272,8806433092723 ,8806433092723 ,643309272,6433,3,OK
1.88064E+13,포텐스틱 20ml x 40p,"60,000",,,09273,8806433092730 ,8806433092730 ,643309273,6433,0,OK
1.88064E+13,조인트 콘드로 60T,"50,000",,,09401,8806433094017 ,8806433094017 ,643309401,6433,7,OK
1.88064E+13,벤포벨아이 60C,"40,000",,,10081,8806433100817 ,8806433100817 ,643310081,6433,7,OK
1.88064E+13,키포벨산 3G(정규) 60P(30P*2EA),"150,000",,,10093,8806433100930 ,8806433100930 ,643310093,6433,0,OK
1.88064E+13,텐텐츄정 1박스(10p x 20개),"40,000",,,02881,8806435028812 ,8806435028812 ,643502881,6435,2,OK
1.88064E+13,프리비 60T(30T x 2EA),"30,000",,,05531,8806435055313 ,8806435055313 ,643505531,6435,3,OK
1.88064E+13,한미치쏙 600mg 60T(30T x 2ea),"30,000",,,08172,8806435081725 ,8806435081725 ,643508172,6435,5,OK
1.88064E+13,마그네비 스피드 20ml x 30P,"33,000",,,08852,8806435088526 ,8806435088526 ,643508852,6435,6,OK
1.88064E+13,티라노골드 플러스 츄어블 240T,"40,000",,,05631,8806436056319 ,8806436056319 ,643605631,6436,9,OK
1.88064E+13,에스로반 티트리오일첨가 10g,"3,000",,,00486,8806441004862 ,8806441004862 ,644100486,6441,2,OK
1.88064E+13,리보테인 100T x 2ea,"30,000",,,00196,8806446001965 ,8806446001965 ,644600196,6446,5,OK
1.88064E+13,비티엘라 120C(60C x 2EA),"35,000",,,00491,8806446004911 ,8806446004911 ,644600491,6446,1,OK
1.88064E+13,에바치온 90포,"65,000",,,00775,8806446007752 ,8806446007752 ,644600775,6446,2,OK
1.88064E+13,폴시드 120T(60C x 2EA),"15,000",,,01436,8806446014361 ,8806446014361 ,644601436,6446,1,OK
1.88064E+13,훼마틴 60C,"55,000",,,01571,8806446015719 ,8806446015719 ,644601571,6446,9,OK
1.88064E+13,마그스 더블액션 120C (60C x 2ea),"40,000",,,04481,8806446044818 ,8806446044818 ,644604481,6446,8,OK
1.88064E+13,도미나크림(히드로퀴논4%) 60g,"205,000",,,00311,8806448003110 ,8806448003110 ,644800311,6448,0,OK
1.88064E+13,볼두민 270C(90C x 3EA),"70,000",,,12312,8806449123121 ,8806449123121 ,644912312,6449,1,OK
1.88065E+13,한솔 연통환(강활유풍탕) 90P,"80,000",,,00284,8806458002844 ,8806458002844 ,645800284,6458,4,OK
1.88065E+13,옥미인단 120P,"70,000",,,00293,8806458002936 ,8806458002936 ,645800293,6458,6,OK
1.88065E+13,[한솔] 장편환 90P (45P x 2ea),"30,000",,,00332,8806458003322 ,8806458003322 ,645800332,6458,2,OK
1.88065E+13,한솔 치위환 60포,"40,000",,,00393,8806458003936 ,8806458003936 ,645800393,6458,6,OK
1.88065E+13,한솔 근골환(양혈장근건보환) 120포,"45,000",,,01442,8806458014427 ,8806458014427 ,645801442,6458,7,OK
1.88065E+13,비타메드레모나산 10포,"2,500",,,03732,8806476037323 ,8806476037323 ,647603732,6476,3,OK
1.88065E+13,외유내간 120C,"40,000",,,03431,8806478034313 ,8806478034313 ,647803431,6478,3,OK
1.88065E+13,리멘시아 180C,"35,000",,,04971,8806478049713 ,8806478049713 ,647804971,6478,3,OK
1.88065E+13,퍼슨 관장약 30mg 50개(박스),"20,000",,,00042,8806483000426 ,8806483000426 ,648300042,6483,6,OK
1.88065E+13,뮤테란 20포,"6,000",,,00237,8806516002376 ,8806516002376 ,651600237,6516,6,OK
1.88065E+13,메가콘드로업 800정 60T,"40,000",,,06131,8806534061314 ,8806534061314 ,653406131,6534,4,OK
1.88066E+13,퍼슨 관장약 30mg 50개(박스),"20,000",,,00132,8806574001325 ,8806574001325 ,657400132,6574,5,OK
1.88066E+13,이모나캡슐 240C,"40,000",,,00885,8806575008859 ,8806575008859 ,657500885,6575,9,OK
1.88066E+13,아시원 360T(180T x 2EA),"80,000",,,01141,8806581011416 ,8806581011416 ,658101141,6581,6,OK
1.88066E+13,비맥스골드 120T,"35,000",,,05681,8806581056813 ,8806581056813 ,658105681,6581,3,OK
1.88066E+13,비맥스액티브정 120T,"35,000",,,05891,8806581058916 ,8806581058916 ,658105891,6581,6,OK
1.88066E+13,비맥스메타 120T,"39,000",,,06311,8806581063118 ,8806581063118 ,658106311,6581,8,OK
1.88066E+13,투엑스비 듀얼 120T,"38,000",,,07971,8806581079713 ,8806581079713 ,658107971,6581,3,OK
1.88066E+13,비맥스메타비 120T,"44,000",,,08201,8806581082010 ,8806581082010 ,658108201,6581,0,OK
1.88066E+13,액트에버 90T,"40,000",,,08211,8806581082119 ,8806581082119 ,658108211,6581,9,OK
1.88066E+13,라라포텐 30p(6p x 5EA),"45,000",,,08382,8806581083826 ,8806581083826 ,658108382,6581,6,OK
1.88066E+13,키드칼 플러스 240T(120T x 2EA),"40,000",,,08411,8806581084113 ,8806581084113 ,658108411,6581,3,OK
1.88066E+13,비맥스제트 100T,"52,000",,,08444,8806581084441 ,8806581084441 ,658108444,6581,1,OK
1.88066E+13,비맥스에버프리미엄 120T,"42,000",,,08511,8806581085110 ,8806581085110 ,658108511,6581,0,OK
1.88066E+13,리버타인 20ml x 30V,"46,000",,,02911,8806582029113 ,8806582029113 ,658202911,6582,3,OK
1.88066E+13,[익수] 용표 우황청심원 10환,"120,000",,,00241,8806585002410 ,8806585002410 ,658500241,6585,0,OK
1.88066E+13,[익수] 용표 우황청심원(엘무스콘) 10환,"80,000",,,00251,8806585002519 ,8806585002519 ,658500251,6585,9,OK
1.88066E+13,가쁘레엑스과립(인삼패독산)스틱{5P*40},"120,000",,,00010,8806613000104 ,8806613000104 ,661300010,6613,4,OK
1.88066E+13,건양탕(반하후박탕엑스과립)스틱{5P*40},"120,000",,,00060,8806613000609 ,8806613000609 ,661300060,6613,9,OK
1.88066E+13,경방 갈근탕액 75ml x 10포,"9,000",,,00131,8806613001316 ,8806613001316 ,661300131,6613,6,OK
1.88066E+13,경방 쌍화탕액 75ml x 10포,"9,000",,,01321,8806613013210 ,8806613013210 ,661301321,6613,0,OK
1.88066E+13,향성파적환스틱 (5P*40),"120,000",,,02034,8806613020348 ,8806613020348 ,661302034,6613,8,OK
1.88066E+13,경혈환(계지복령환) 30P(10P x 3EA),"16,000",,,02200,8806613022007 ,8806613022007 ,661302200,6613,7,OK
1.88066E+13,브르럭엑스과립(청폐탕)스틱 {5P*40},"120,000",,,02460,8806613024605 ,8806613024605 ,661302460,6613,5,OK
1.88066E+13,소폐탕엑스과립(소청룡탕)스틱 {5P*40},"100,000",,,02610,8806613026104 ,8806613026104 ,661302610,6613,4,OK
1.88066E+13,스토마큐(반하사심탕엑스과립)스틱 (5P*40),"120,000",,,02659,8806613026593 ,8806613026593 ,661302659,6613,3,OK
1.88066E+13,용패탕(용담사간탕엑스과립)스틱{5P*40},"120,000",,,02940,8806613029402 ,8806613029402 ,661302940,6613,2,OK
1.88066E+13,윤폐탕엑스과립(맥문동탕엑스과립) 스틱{5P*40},"120,000",,,03020,8806613030200 ,8806613030200 ,661303020,6613,0,OK
1.88066E+13,치감엑스과립(갈근탕엑스과립)스틱(5P*40),"120,000",,,03230,8806613032303 ,8806613032303 ,661303230,6613,3,OK
1880661305,패독산엑스과립스틱{5P*40},"120,000",,,,880661305 ,,,,TOO_SHORT,
1.88066E+13,센코프액(5P*10),"30,000",,,05230,8806613052301 ,8806613052301 ,661305230,6613,1,OK
1.88066E+13,소렉신연조엑스(구풍해독탕){5P*40},"120,000",,,05272,8806613052721 ,8806613052721 ,661305272,6613,1,OK
1.88066E+13,소렉신연조엑스(구풍해독탕){10P*30},"165,000",,,05273,8806613052738 ,8806613052738 ,661305273,6613,8,OK
1.88066E+13,이치원캡슐(청위산){20C*50},"150,000",,,05530,8806613055302 ,8806613055302 ,661305530,6613,2,OK
1.88066E+13,평심액(천왕보심단){10P*10},"120,000",,,06480,8806613064809 ,8806613064809 ,661306480,6613,9,OK
1.88066E+13,경방반하사심탕시럽(5P*10),"50,000",,,07260,8806613072606 ,8806613072606 ,661307260,6613,6,OK
1.88066E+13,시스틴500 180C,"50,000",,,00773,8806616007735 ,8806616007735 ,661600773,6616,5,OK
1.88066E+13,[녹십자] 헤모퀸탑 120C(60C x 2EA),"40,000",,,01751,8806616017512 ,8806616017512 ,661601751,6616,2,OK
1.88066E+13,엠지 플러스큐 120C,"35,000",,,05152,8806616051523 ,8806616051523 ,661605152,6616,3,OK
1.88067E+13,덴티몬 240C,"40,000",,,00251,8806650002512 ,8806650002512 ,665000251,6650,2,OK
1.88067E+13,마그포스 트리플 120T(60T x 2EA),"39,000",,,05151,8806703051511 ,8806703051511 ,670305151,6703,1,OK
1.88067E+13,뉴베인액 7ml x 28P,"50,000",,,07055,8806718070552 ,8806718070552 ,671807055,6718,2,OK
18809 3304 79017,파워텐 골드 100ml 1병,"2,000",,,47901,8809330479017 ,8809330479017 ,933047901,9330,7,OK
1.88094E+13,레스큐라이트 플러스액 100ml x 12P,"25,000",,,53529,8809432535291 ,8809432535291 ,943253529,9432,1,OK
2,아이톡쿨 순 점안액 14ml,"3,500",,,,,,,,NO_880,
202508001290V,OMRON 7141혈압계,"70,000",,,,,,,,NO_880,
2.50013E+13,[광동] 경옥고 60P(23.5g x 30P x 2EA),"155,000",,,,,,,,NO_880,
2.88061E+13,스토마큐정(반하사심탕) {20T*50},"200,000",,,29146,8806119291461 ,8806119291461 ,611929146,6119,1,OK
2.88063E+13,카필러스 180C,"50,000",,,00591,8806265005912 ,8806265005912 ,626500591,6265,2,OK
2.88064E+13,임팩타민 프리미엄 120T,"39,000",,,05231,8806416052314 ,8806416052314 ,641605231,6416,4,OK
2.88064E+13,임팩타민 파워에이플러스 120T,"39,000",,,06113,8806416061132 ,8806416061132 ,641606113,6416,2,OK
2.88064E+13,임팩타민 케어 120T,"39,000",,,06421,8806416064218 ,8806416064218 ,641606421,6416,8,OK
2.88064E+13,임팩타민 원스 120T,"45,000",,,07711,8806416077119 ,8806416077119 ,641607711,6416,9,OK
2.88064E+13,프로엑스피엑 20ml x 60V,"200,000",,,02501,8806417025010 ,8806417025010 ,641702501,6417,0,OK
2.88064E+13,헤모콤 15ml x 30V,"55,000",,,02661,8806417026611 ,8806417026611 ,641702661,6417,1,OK
2.88064E+13,[일양] 경옥고 60P(20g x 30P x 2EA),"99,000",,,05542,8806417055420 ,8806417055420 ,641705542,6417,0,OK
2.88064E+13,라라포션액 30V,"55,000",,,05751,8806417057516 ,8806417057516 ,641705751,6417,6,OK
2.88064E+13,위제로 알파정 270T,"50,000",,,06121,8806417061216 ,8806417061216 ,641706121,6417,6,OK
2.88064E+13,유한 비타민씨 600T,"30,000",,,01542,8806421015427 ,8806421015427 ,642101542,6421,7,OK
2.88064E+13,마그비 스피드 더블액션 30V,"60,000",,,06021,8806421060212 ,8806421060212 ,642106021,6421,2,OK
2.88064E+13,큐업액 60V,"84,000",,,01292,8806428012924 ,8806428012924 ,642801292,6428,4,OK
2.88064E+13,플라도반액 20ml x 60V,"210,000",,,04211,8806429042111 ,8806429042111 ,642904211,6429,1,OK
2.88064E+13,낙센연질캡슐 300C(10C*30EA),"2,000",,,06931,8806433069319 ,8806433069319 ,643306931,6433,9,OK
2.88064E+13,[신신] 아렉스 소형 42매,"7,000",,,02015,8806438020155 ,8806438020155 ,643802015,6438,5,OK
2.88064E+13,원케어 네일라카 5ml x 2EA,"18,000",,,03511,8806438035111 ,8806438035111 ,643803511,6438,1,OK
2.88065E+13,사라펜 중형 40매,"8,000",,,04121,8806534041214 ,8806534041214 ,653404121,6534,4,OK
2.88066E+13,[한풍] 경옥고 60P(23g x 30P x 2EA),"99,000",,,06322,8806581063221 ,8806581063221 ,658106322,6581,1,OK
28806582 029110,리버타인,"2,000",,,02911,8806582029110 ,8806582029110 ,658202911,6582,0,OK
2.88066E+13,리버타인액 20ml 60병,"90,000",,,02911,8806582029110 ,8806582029110 ,658202911,6582,0,OK
2.88066E+13,공진단 현탁액 50ml 30병,"1,200,000",,,02041,8806585020411 ,8806585020411 ,658502041,6585,1,OK
2.88066E+13,장통환(정장제)(5P*18),"54,000",,,03080,8806613030801 ,8806613030801 ,661303080,6613,1,OK
2.88066E+13,소체환스틱(5P*18),"54,000",,,03560,8806613035608 ,8806613035608 ,661303560,6613,8,OK
2922825015B0084,[광동] 파워라센액 20ml x 60V,"200,000",,,,,,,,NO_880,
3,아이톡쿨 쿨 점안액 14ml,"3,500",,,,,,,,NO_880,
3.00653E+11,옵티프리 익스프레스 355ml,"6,000",,,,,,,,NO_880,
3.10119E+11,리뉴 후레쉬용액 355ml,"5,000",,,,,,,,NO_880,
3.5643E+12,[유유]피지오머 베이비 코 흡인기,"13,000",,,,,,,,NO_880,
3.5643E+12,[유유]피지오머 베이비 코 흡인기 필터팩 20매,"8,000",,,,,,,,NO_880,
3.88064E+13,[광동] 벤포파워Z 1박스(100ml x 10EA),"20,000",,,06751,8806418067511 ,8806418067511 ,641806751,6418,1,OK
3.88064E+13,안티푸라민 더블파워 대형 30매,"12,500",,,04522,8806421045223 ,8806421045223 ,642104522,6421,3,OK
3.88064E+13,안티푸라민 더블파워 중형 28매,"8,000",,,04523,8806421045230 ,8806421045230 ,642104523,6421,0,OK
3.88064E+13,바르지오 네일라카 5.0ml x 2EA,"18,000",,,06332,8806427063320 ,8806427063320 ,642706332,6427,0,OK
3.88064E+13,속청케어액 75ML 60B(10B*6EA),600,,,08741,8806433087419 ,8806433087419 ,643308741,6433,9,OK
3.88064E+13,[신신] 인타신 40매,"8,000",,,00722,8806438007221 ,8806438007221 ,643800722,6438,1,OK
3.88066E+13,경혈환(계지복령환)스틱{30P*3},"48,000",,,02200,8806613022001 ,8806613022001 ,661302200,6613,1,OK
4.02268E+12,구트할로 발포비타민C (레몬맛) 20T,"4,500",,,,,,,,NO_880,
4.02268E+12,구트할로 멀티발포비타민 (오렌지맛) 20T,"4,500",,,,,,,,NO_880,
4.02979E+12,비타하임 비타민(오렌지),"4,500",,,,,,,,NO_880,
4.97548E+12,오므론 혈압계 HEM-7127,"90,000",,,,,,,,NO_880,
4.97548E+12,오므론 혈압계 HEM-7141T1,"70,000",,,,,,,,NO_880,
4.97548E+12,오므론 혈압계 HEM-7140T1,"75,000",,,,,,,,NO_880,
5.00016E+12,몰티져스 트뤼플 200g,"9,900",,,,,,,,NO_880,
5.00016E+12,[마즈] 트윅스 싱글 50g,"1,500",,,,,,,,NO_880,
5.00022E+12,시카케어(12 x 3cm) 1매,"25,000",,,,,,,,NO_880,
6.29262E+11,스페셜 알티지 오메가-3 180C(90C x 2EA),"70,000",,,,,,,,NO_880,
6.68597E+12,액티벳 50mg,"5,400",,,,,,,,NO_880,
6.69416E+11,라이브 피비100 120C(60C x 2EA),"60,000",,,,,,,,NO_880,
6.78957E+12,[판매기록부] 액티벳50mg (10정) [10정],"5,400",,,,,,,,NO_880,
6.88064E+13,[신신] 아렉스 대형 30매,"10,000",,,00461,8806438004610 ,8806438004610 ,643800461,6438,0,OK
6.88064E+13,기넥신에프 120mg 180C,"45,000",,,04172,8806447041729 ,8806447041729 ,644704172,6447,9,OK
6.88064E+13,기넥신에프 120mg 200T,"40,000",,,04681,8806447046816 ,8806447046816 ,644704681,6447,6,OK
6.88065E+13,호르반 1박스(30ml x 30EA),"90,000",,,03071,8806453030717 ,8806453030717 ,645303071,6453,7,OK
6.91497E+12,[마즈] 스키틀즈 사워 40g,"1,500",,,,,,,,NO_880,
6.91497E+12,[마즈] 스키틀즈 오리지널 45g,"1,500",,,,,,,,NO_880,
6.91497E+12,[마즈] 엠앤엠즈 밀크 37g,"1,500",,,,,,,,NO_880,
6.91497E+12,[마즈] 엠앤엠즈 피넛 37g,"1,500",,,,,,,,NO_880,
6.91497E+12,스니커즈 미니스 500g + 160g,"11,900",,,,,,,,NO_880,
6.91497E+12,[마즈] 엠앤엠즈 튜브토퍼 28g,"2,500",,,,,,,,NO_880,
7.26271E+12,헬스엔 프로폴리스 스프레이 30ml,"15,000",,,,,,,,NO_880,
7.35001E+12,바이오가이아 프로덱티스 베이비드롭 5ml,"25,000",,,,,,,,NO_880,
7.35001E+12,바이오가이아 프로텍티스 이지드롭 10ml,"48,000",,,,,,,,NO_880,
7.35001E+12,바이오가이아 프로텍티스(오렌지향) 60T,"39,500",,,,,,,,NO_880,
7.35001E+12,바이오가이아 프로텍티스(하츄핑/레몬향) 60T,"39,000",,,,,,,,NO_880,
7.35001E+12,바이오가이아 프로텍티스(하츄핑/오렌지향) 60T,"39,500",,,,,,,,NO_880,
7.35001E+12,바이오가이아 프로텍티스(하츄핑/딸기향) 60T,"39,000",,,,,,,,NO_880,
7.35001E+12,가스트러스 타블렛(감귤향) 30T,"40,000",,,,,,,,NO_880,
7.68455E+11,듀오덤 엑스트라 씬 10매,"20,000",,,,,,,,NO_880,
8 806436 016712,탁센나프록센 (10c),"2,000",6436016712,6436,01671,8806436016712 ,8806436016712 ,643601671,6436,2,OK
8 806436 016736,탁센나프록센 30캡,"5,200",6436016736,6436,01673,8806436016736 ,8806436016736 ,643601673,6436,6,OK
8 806436 017214,페리덱스(6g),"3,000",6436017214,6436,01721,8806436017214 ,8806436017214 ,643601721,6436,4,OK
8 806436 033115,제놀한방(5매),"2,500",6436033115,6436,03311,8806436033115 ,8806436033115 ,643603311,6436,5,OK
8 806436 036413,쿨드림(10c),"2,000",6436036413,6436,03641,8806436036413 ,8806436036413 ,643603641,6436,3,OK
8 806436 044814,알러샷(10c),"2,500",6436044814,6436,04481,8806436044814 ,8806436044814 ,643604481,6436,4,OK
8 806436 050211,디어미(21t),"6,000",6436050211,6436,05021,8806436050211 ,8806436050211 ,643605021,6436,1,OK
8 806436 051911,탁센이부프로펜400(10c),"2,000",6436051911,6436,05191,8806436051911 ,8806436051911 ,643605191,6436,1,OK
8 806436 056022,백초(10포),"5,500",6436056022,6436,05602,8806436056022 ,8806436056022 ,643605602,6436,2,OK
8 806436 058613,탁센덱시(10c),"2,500",6436058613,6436,05861,8806436058613 ,8806436058613 ,643605861,6436,3,OK
8 806436 058811,디어미순(28t),"8,000",6436058811,6436,05881,8806436058811 ,8806436058811 ,643605881,6436,1,OK
8 806436 062719,탁센레이디(10c),"2,000",6436062719,6436,06271,8806436062719 ,8806436062719 ,643606271,6436,9,OK
8 806436 062726,탁센레이디 30캡,"5,500",6436062726,6436,06272,8806436062726 ,8806436062726 ,643606272,6436,6,OK
8 806436 067219,그린노즈플러스(10c),"2,500",6436067219,6436,06721,8806436067219 ,8806436067219 ,643606721,6436,9,OK
8 806503 037619,써버쿨플라스타30매,"4,500",6503037619,6503,03761,8806503037619 ,8806503037619 ,650303761,6503,9,OK
8 807007 353670,모스케어(80ml),"8,000",7007353670,7007,35367,8807007353670 ,8807007353670 ,700735367,7007,0,OK
8.09627E+11,링티 플러스활력 117g,"16,000",,,,,,,,NO_880,
8.09709E+11,(신)내가그린빠른허브헤어칼라1호(튜브),"9,000",,,,,,,,NO_880,
8.09709E+11,(신)내가그린빠른허브헤어칼라2호(튜브),"9,000",,,,,,,,NO_880,
812441 039743,인사포르테,"50,000",,,,,,,,NO_880,
8.12441E+11,슈퍼프로바이오틱스5000프로 120C,"50,000",,,,,,,,NO_880,
8.12441E+11,인사 포르테 파워정 120T(60T x 2EA),"50,000",,,,,,,,NO_880,
8260090 010989,스페셜 알티지 오메가,"80,000",,,,,,,,NO_880,
8.40531E+11,관절연골맥스 콘드로이친 1500,"80,000",,,,,,,,NO_880,
850013 484607,디플러스오메가 180c,"40,000",,,,,,,,NO_880,
8.50013E+11,프리미엄 디플러스 오메가3 1310 180C,"35,000",,,,,,,,NO_880,
8.50013E+11,프리미엄디플러스오메가3 1310 180캡슐x2,"70,000",,,,,,,,NO_880,
8.71318E+12,옵티뮨 2mg 3.5g,"36,000",,,,,,,,NO_880,
873101,부스코판 플러스,"3,300",,,,,,,,NO_880,
8.80002E+12,이케어 클린스왑 100P,"2,800",0021300286,0021,30028,8800021300286 ,8800021300286 ,002130028,0021,6,OK
8.80004E+12,코코퓨어 코세정분말 60P,"5,000",0040100171,0040,10017,8800040100171 ,8800040100171 ,004010017,0040,1,OK
8.80005E+12,하이맘폼 액티브케어 중형(4 x 8cm) 5매,"9,500",0048007533,0048,00753,8800048007533 ,8800048007533 ,004800753,0048,3,OK
8.80005E+12,하이맘폼 액티브케어 소형(3.4 x 6cm) 6매,"9,500",0048007557,0048,00755,8800048007557 ,8800048007557 ,004800755,0048,7,OK
8.80005E+12,하이맘 폼 에이프리,"9,000",0048012858,0048,01285,8800048012858 ,8800048012858 ,004801285,0048,8,OK
8.80005E+12,하이맘폼 액티브케어 대형(7.5 x 7.5cm) 4매,"9,500",0048013060,0048,01306,8800048013060 ,8800048013060 ,004801306,0048,0,OK
8.80005E+12,하이맘밴드 뷰티스팟 48매,"9,000",0048017211,0048,01721,8800048017211 ,8800048017211 ,004801721,0048,1,OK
8.80015E+12,크린클 코세정기,"7,000",0154800080,0154,80008,8800154800080 ,8800154800080 ,015480008,0154,0,OK
8.80025E+12,프로바이오틱스 프라임 120C,"70,000",0254770016,0254,77001,8800254770016 ,8800254770016 ,025477001,0254,6,OK
8.80025E+12,[부광]쏘팔메토옥타코사놀메가프라임 120T,"80,000",0254770092,0254,77009,8800254770092 ,8800254770092 ,025477009,0254,2,OK
8.80025E+12,에스키모 알티지오메가3 프라임 120C,"80,000",0254770139,0254,77013,8800254770139 ,8800254770139 ,025477013,0254,9,OK
8.80028E+12,촉촉어린 콜라겐 비오틴 3.5g x 30P,"45,000",0280731449,0280,73144,8800280731449 ,8800280731449 ,028073144,0280,9,OK
8.8003E+12,리쥬비온 PDRN 1000 Plus 20g,"30,000",0295960001,0295,96000,8800295960001 ,8800295960001 ,029596000,0295,1,OK
8.80033E+12,프리미엄 골드 알부민 맥스 25ml*5병,"9,000",0326271090,0326,27109,8800326271090 ,8800326271090 ,032627109,0326,0,OK
8.80033E+12,덱스판톨 립크림 10g,"5,500",0326870002,0326,87000,8800326870002 ,8800326870002 ,032687000,0326,2,OK
8.80033E+12,닥터리쥬올 Retino 멜라세럼 50ml,"48,000",0330330080,0330,33008,8800330330080 ,8800330330080 ,033033008,0330,0,OK
8.80033E+12,닥터리쥬올 세라마이드 베리어 크림 90ml,"39,000",0330330103,0330,33010,8800330330103 ,8800330330103 ,033033010,0330,3,OK
8.80033E+12,닥터리쥬올 PDRN 리쥬비네이팅 크림 30ml,"45,000",0330330233,0330,33023,8800330330233 ,8800330330233 ,033033023,0330,3,OK
8.80033E+12,닥터 리쥬올 어스밴스드 PDRN 리뷰비네이팅 립 세럼 10ml,"13,000",0330330417,0330,33041,8800330330417 ,8800330330417 ,033033041,0330,7,OK
8.80052E+12,볼타겐 에멀겔 50g,"6,000",0516001629,0516,00162,8800516001629 ,8800516001629 ,051600162,0516,9,OK
8.80052E+12,오트리빈 소아용 0.05% 10ml,"10,000",0516001711,0516,00171,8800516001711 ,8800516001711 ,051600171,0516,1,OK
8.80052E+12,니코틴엘 껌 2mg 24개입,"8,500",0516001940,0516,00194,8800516001940 ,8800516001940 ,051600194,0516,0,OK
8.80052E+12,니코틴엘 TTS20 7매,"9,500",0516002022,0516,00202,8800516002022 ,8800516002022 ,051600202,0516,2,OK
8.80052E+12,니코틴엘 TTS30 7매,"11,000",0516002121,0516,00212,8800516002121 ,8800516002121 ,051600212,0516,1,OK
8.80052E+12,니코틴엘 TTS10 7매,"9,000",0516002220,0516,00222,8800516002220 ,8800516002220 ,051600222,0516,0,OK
8.80052E+12,테라플루 데이타임 6포,"7,000",0516002428,0516,00242,8800516002428 ,8800516002428 ,051600242,0516,8,OK
8.80052E+12,테라플루 데이타임 10포,"9,500",0516002435,0516,00243,8800516002435 ,8800516002435 ,051600243,0516,5,OK
8.80052E+12,테라플루 나이트타임 6포,"7,000",0516002527,0516,00252,8800516002527 ,8800516002527 ,051600252,0516,7,OK
8.80052E+12,테라플루 나이트타임 10포,"9,500",0516002534,0516,00253,8800516002534 ,8800516002534 ,051600253,0516,4,OK
8.80052E+12,오트리빈 멘톨 0.1%,"7,500",0516002619,0516,00261,8800516002619 ,8800516002619 ,051600261,0516,9,OK
8.80052E+12,오트리빈 베이비 내추럴 15ml,"8,000",0516002718,0516,00271,8800516002718 ,8800516002718 ,051600271,0516,8,OK
8.80052E+12,테라플루 콜드앤코프 데이타임 10포,"9,500",0516002824,0516,00282,8800516002824 ,8800516002824 ,051600282,0516,4,OK
8.80052E+12,테라플루 콜드앤코프 나이트타임 10포,"9,500",0516002923,0516,00292,8800516002923 ,8800516002923 ,051600292,0516,3,OK
8.80052E+12,오트리빈 에스 0.05% 10ml,"9,000",0516003012,0516,00301,8800516003012 ,8800516003012 ,051600301,0516,2,OK
8.80052E+12,애드빌 10T,"3,000",0516003715,0516,00371,8800516003715 ,8800516003715 ,051600371,0516,5,OK
8.80052E+12,애드빌 30T,"7,000",0516003722,0516,00372,8800516003722 ,8800516003722 ,051600372,0516,2,OK
8.80052E+12,아이미루 40EX 13ml,"4,500",0520000229,0520,00022,8800520000229 ,8800520000229 ,052000022,0520,9,OK
8.80052E+12,아이미루 콘택트퓨어 12ml,"4,500",0520000328,0520,00032,8800520000328 ,8800520000328 ,052000032,0520,8,OK
8.80052E+12,아이미루 40EX 골드 13ml,"5,000",0520000410,0520,00041,8800520000410 ,8800520000410 ,052000041,0520,0,OK
8.80052E+12,아이미루 40EX 마일드 13ml,"4,500",0520000519,0520,00051,8800520000519 ,8800520000519 ,052000051,0520,9,OK
8.80052E+12,아이미루 40EX 골드콘택트 13ml,"5,000",0520000618,0520,00061,8800520000618 ,8800520000618 ,052000061,0520,8,OK
8.80054E+12,제일 롱파프(24매),"10,000",0543000916,0543,00091,8800543000916 ,8800543000916 ,054300091,0543,6,OK
8.80054E+12,제일 쿨파프 5매,"2,000",0543001333,0543,00133,8800543001333 ,8800543001333 ,054300133,0543,3,OK
8.80054E+12,케펜텍 34매,"9,000",0543001739,0543,00173,8800543001739 ,8800543001739 ,054300173,0543,9,OK
8.80054E+12,제일 핫파프 5매,"2,000",0543002927,0543,00292,8800543002927 ,8800543002927 ,054300292,0543,7,OK
8.80054E+12,한방파프 수에스 6매,"3,000",0543004013,0543,00401,8800543004013 ,8800543004013 ,054300401,0543,3,OK
8.80054E+12,디쿨24(24매),"10,000",0543005027,0543,00502,8800543005027 ,8800543005027 ,054300502,0543,7,OK
8.80054E+12,케펜텍 핫 34매,"9,900",0543007595,0543,00759,8800543007595 ,8800543007595 ,054300759,0543,5,OK
8.80054E+12,트리싹 10T,"2,500",0543007816,0543,00781,8800543007816 ,8800543007816 ,054300781,0543,6,OK
8.80054E+12,케펜텍 쿨 34매,"9,000",0543008059,0543,00805,8800543008059 ,8800543008059 ,054300805,0543,9,OK
8.80055E+12,[일양] 맥쎈 10C,"1,500",0551016114,0551,01611,8800551016114 ,8800551016114 ,055101611,0551,4,OK
8.80057E+12,액티넘 이엑스플러스 120T,"28,000",0572000512,0572,00051,8800572000512 ,8800572000512 ,057200051,0572,2,OK
8.80057E+12,라미실 크림,"4,500",0572001410,0572,00141,8800572001410 ,8800572001410 ,057200141,0572,0,OK
8.80057E+12,라미실원스 4g,"16,000",0572001717,0572,00171,8800572001717 ,8800572001717 ,057200171,0572,7,OK
8.80058E+12,파인큐 이부펜시럽 20ml x 5P,"2,500",0576000648,0576,00064,8800576000648 ,8800576000648 ,057600064,0576,8,OK
8.80058E+12,파인큐 아세트펜시럽 20ml x 5P,"2,500",0576008927,0576,00892,8800576008927 ,8800576008927 ,057600892,0576,7,OK
8.80058E+12,파인큐 나프록센 현탁액 10m l x5P,"2,500",0576010128,0576,01012,8800576010128 ,8800576010128 ,057601012,0576,8,OK
8800724 000520,장엔폴,"2,000",0724000520,0724,00052,8800724000520 ,8800724000520 ,072400052,0724,0,OK
8800724 004115,알진텍,"2,000",0724004115,0724,00411,8800724004115 ,8800724004115 ,072400411,0724,5,OK
8.80072E+12,[보령] 장엔폴 10C,"2,000",0724000520,0724,00052,8800724000520 ,8800724000520 ,072400052,0724,0,OK
8.80072E+12,(경보)알진텍 10T,"2,000",0724004115,0724,00411,8800724004115 ,8800724004115 ,072400411,0724,5,OK
8.80073E+12,콘트라민정[GC녹십자],"60,000",0732001714,0732,00171,8800732001714 ,8800732001714 ,073200171,0732,4,OK
8.80073E+12,아렉스알파 10T,"2,000",0732005319,0732,00531,8800732005319 ,8800732005319 ,073200531,0732,9,OK
8.80073E+12,[일양]엔디펜알파 10T,"2,000",0732006019,0732,00601,8800732006019 ,8800732006019 ,073200601,0732,9,OK
8.80074E+12,둘코락스에스장용정 5mg 40정,"10,500",0742000601,0742,00060,8800742000601 ,8800742000601 ,074200060,0742,1,OK
8.80121E+12,비타C젤리 오렌지향 42g,"1,000",1206002247,1206,00224,8801206002247 ,8801206002247 ,120600224,1206,7,OK
8.80121E+12,비타C젤리 42G(오렌지향) x 10개입,"10,000",1206002254,1206,00225,8801206002254 ,8801206002254 ,120600225,1206,4,OK
8.80121E+12,비타C젤리 샤인머스켓향 42g,"1,000",1206003329,1206,00332,8801206003329 ,8801206003329 ,120600332,1206,9,OK
8.80121E+12,비타C젤리 42G(샤인머스킷향) x 10개,"10,000",1206003336,1206,00333,8801206003336 ,8801206003336 ,120600333,1206,6,OK
8.80124E+12,가드닐 S 0.67ml x 3EA,"22,500",1244508220,1244,50822,8801244508220 ,8801244508220 ,124450822,1244,0,OK
8.80124E+12,가드닐 M 1.34ml x 3EA,"29,700",1244508237,1244,50823,8801244508237 ,8801244508237 ,124450823,1244,7,OK
8.80124E+12,가드닐 L 2.68ml x 3EA,"37,800",1244508268,1244,50826,8801244508268 ,8801244508268 ,124450826,1244,8,OK
8.80124E+12,셀라이트60 SS 0.25ml x 3EA,"24,300",1244508305,1244,50830,8801244508305 ,8801244508305 ,124450830,1244,5,OK
8.80124E+12,셀라이트120 S 0.25ml x 3EA,"27,000",1244508312,1244,50831,8801244508312 ,8801244508312 ,124450831,1244,2,OK
8.80124E+12,셀라이트120 M 0.5ml x 3EA,"32,400",1244508329,1244,50832,8801244508329 ,8801244508329 ,124450832,1244,9,OK
8.80124E+12,심피드 독 S 0.4ml x 3T,"29,700",1244508336,1244,50833,8801244508336 ,8801244508336 ,124450833,1244,6,OK
8.80124E+12,셀라이트120 L 1.0ml x 3EA,"37,800",1244508343,1244,50834,8801244508343 ,8801244508343 ,124450834,1244,3,OK
8.80124E+12,셀라이트120 XL 2.0ml x 3EA,"58,500",1244508367,1244,50836,8801244508367 ,8801244508367 ,124450836,1244,7,OK
8.80124E+12,심피드 독 M 1ml x 3T,"32,400",1244508435,1244,50843,8801244508435 ,8801244508435 ,124450843,1244,5,OK
8.80124E+12,심피드 독 L 2.5ml x 3T,"43,600",1244508534,1244,50853,8801244508534 ,8801244508534 ,124450853,1244,4,OK
8.80124E+12,심피드 독 XL 4ml x 3T,"63,000",1244508633,1244,50863,8801244508633 ,8801244508633 ,124450863,1244,3,OK
8.80124E+12,심피드 캣 S 0.4ml x 3T,"29,700",1244508732,1244,50873,8801244508732 ,8801244508732 ,124450873,1244,2,OK
8.80124E+12,심피드 캣 M 0.8ml x 3T,"32,400",1244508831,1244,50883,8801244508831 ,8801244508831 ,124450883,1244,1,OK
8.80133E+12,에프킬라 킨 수성 500ml,"3,300",1328313962,1328,31396,8801328313962 ,8801328313962 ,132831396,1328,2,OK
8.80162E+12,바세린 립 테라피 로지 립스 케어,"3,200",1619047545,1619,04754,8801619047545 ,8801619047545 ,161904754,1619,5,OK
8.80162E+12,바세린 립 테라피 오리지날 케어,"3,200",1619047552,1619,04755,8801619047552 ,8801619047552 ,161904755,1619,2,OK
8.80162E+12,바세린 립 테라피 알로에 베라 케어,"3,200",1619047576,1619,04757,8801619047576 ,8801619047576 ,161904757,1619,6,OK
8.80162E+12,바세린 립 테라피 민트 케어,"3,200",1619052310,1619,05231,8801619052310 ,8801619052310 ,161905231,1619,0,OK
8.80286E+12,루테인 지아잔틴 아스타잔틴 플러스 90C,"60,000",2863131189,2863,13118,8802863131189 ,8802863131189 ,286313118,2863,9,OK
8.80346E+12,VT 프로 시카 리들샷 100 2스텝 에센셀 하이드로겔 마스크팩,"4,000",3463007362,3463,00736,8803463007362 ,8803463007362 ,346300736,3463,2,OK
8.80346E+12,VT 하이드롭 리들샷 100hl 2스텝 아쿠아 하이드로겔 마스크팩,"4,000",3463007379,3463,00737,8803463007379 ,8803463007379 ,346300737,3463,9,OK
8.80346E+12,VT 레티-에이 리들샷 100 2스텝 타이트닝 하이드로겔 마스크팩,"4,000",3463007386,3463,00738,8803463007386 ,8803463007386 ,346300738,3463,6,OK
8.80346E+12,VT 비타-라이트 리들샷 100 2스텝 브라이트닝 하이드로겔 마스크팩,"4,000",3463007409,3463,00740,8803463007409 ,8803463007409 ,346300740,3463,9,OK
8.80346E+12,VT 콜라겐 리들샷 100 2스텝 퍼밍 하이드로겔 마스크팩,"4,000",3463007416,3463,00741,8803463007416 ,8803463007416 ,346300741,3463,6,OK
8.80346E+12,VT 피디알엔 크림 알엑스 100 60ml,"46,000",3463008116,3463,00811,8803463008116 ,8803463008116 ,346300811,3463,6,OK
8.80346E+12,VT 피디알엔 에센스 알엑스 100 40ml,"38,000",3463008123,3463,00812,8803463008123 ,8803463008123 ,346300812,3463,3,OK
8.80495E+12,브레인 1088 1200mg 120C(60C*2),"70,000",4947098746,4947,09874,8804947098746 ,8804947098746 ,494709874,4947,6,OK
8.80495E+12,면역 프로 알파칸 120T(60T x 2EA),"80,000",4947098777,4947,09877,8804947098777 ,8804947098777 ,494709877,4947,7,OK
8.80497E+12,[마즈] 엠앤엠즈 크리스피 30g,"1,500",4973303913,4973,30391,8804973303913 ,8804973303913 ,497330391,4973,3,OK
8.80497E+12,트윅스 미니스 500g + 160g,"11,900",4973304224,4973,30422,8804973304224 ,8804973304224 ,497330422,4973,4,OK
8.80497E+12,[마즈] 이클립스 페퍼민트향 34g,"2,900",4973304811,4973,30481,8804973304811 ,8804973304811 ,497330481,4973,1,OK
8.80497E+12,[마즈] 이클립스 스피어민트향 34g,"2,900",4973304828,4973,30482,8804973304828 ,8804973304828 ,497330482,4973,8,OK
8.80497E+12,[마즈] 이클립스 피치향 34g,"2,900",4973304835,4973,30483,8804973304835 ,8804973304835 ,497330483,4973,5,OK
8.80497E+12,[마즈] 이클립스 스트로베리향 34g,"2,900",4973304842,4973,30484,8804973304842 ,8804973304842 ,497330484,4973,2,OK
8.80497E+12,[마즈] 몰티져스 다크 37g,"1,500",4973306198,4973,30619,8804973306198 ,8804973306198 ,497330619,4973,8,OK
8.80497E+12,[마즈] 몰티져스 밀크 37g,"1,500",4973306204,4973,30620,8804973306204 ,8804973306204 ,497330620,4973,4,OK
8.80497E+12,[마즈] 이클립스 쿨링캔디 레몬민트향 45g,"1,500",4973306488,4973,30648,8804973306488 ,8804973306488 ,497330648,4973,8,OK
8.80497E+12,[마즈] 이클립스 쿨링캔디 청포도향 45g,"1,500",4973307546,4973,30754,8804973307546 ,8804973307546 ,497330754,4973,6,OK
8.80497E+12,[마즈] 이클립스 워터멜론향 30g,"2,900",4973307959,4973,30795,8804973307959 ,8804973307959 ,497330795,4973,9,OK
8.80497E+12,[마즈] 이클립스 허브꿀레몬캔디 30g,"3,000",4973308789,4973,30878,8804973308789 ,8804973308789 ,497330878,4973,9,OK
8.80497E+12,[마즈] 이클립스 허브배비파캔디 30g,"3,000",4973308802,4973,30880,8804973308802 ,8804973308802 ,497330880,4973,2,OK
8.80592E+12,락토핏 생유산균팜 2g x 60P,"13,000",5915676119,5915,67611,8805915676119 ,8805915676119 ,591567611,5915,9,OK
8.806E+12,이지덤뷰티 퀵카밍 6매,"8,000",6000001946,6000,00194,8806000001946 ,8806000001946 ,600000194,6000,6,OK
8.806E+12,루테인 지아잔틴 맥스 120C(60C x 2ea),"60,000",6001089851,6001,08985,8806001089851 ,8806001089851 ,600108985,6001,1,OK
8.806E+12,광동생강쌍화 120ml,"1,000",6002008677,6002,00867,8806002008677 ,8806002008677 ,600200867,6002,7,OK
8.806E+12,[광동] 생강쌍화 1박스(120ml x 10EA),"7,000",6002008684,6002,00868,8806002008684 ,8806002008684 ,600200868,6002,4,OK
8.806E+12,[광동] 헛개파워 1박스(100ml x 10EA),"20,000",6002010878,6002,01087,8806002010878 ,8806002010878 ,600201087,6002,8,OK
8.806E+12,비타500 100ml(1개),600,6002013817,6002,01381,8806002013817 ,8806002013817 ,600201381,6002,7,OK
8.806E+12,비타500 A.C.E. 1박스(100ml x 10EA),"5,000",6002013824,6002,01382,8806002013824 ,8806002013824 ,600201382,6002,4,OK
8.806E+12,비타500 A.C.E 1박스(100ml x 20EA),"10,000",6002013831,6002,01383,8806002013831 ,8806002013831 ,600201383,6002,1,OK
8.806E+12,서주 비타500 젤리 48g,"1,000",6002015828,6002,01582,8806002015828 ,8806002015828 ,600201582,6002,8,OK
8.806E+12,(서주)비타500젤리 48g x 10개입,"10,000",6002016214,6002,01621,8806002016214 ,8806002016214 ,600201621,6002,4,OK
8.806E+12,가네스듀얼샷,"2,000",6002025131,6002,02513,8806002025131 ,8806002025131 ,600202513,6002,1,OK
8.806E+12,가네스 듀얼샷(10개입),"20,000",6002025148,6002,02514,8806002025148 ,8806002025148 ,600202514,6002,8,OK
8.80601E+12,엘레나30C,"40,000",6006100100,6006,10010,8806006100100 ,8806006100100 ,600610010,6006,0,OK
8.80601E+12,안티푸라민 연고 30g,"2,500",6006156107,6006,15610,8806006156107 ,8806006156107 ,600615610,6006,7,OK
8.80601E+12,안티푸라민 연고 60g,"4,500",6006156114,6006,15611,8806006156114 ,8806006156114 ,600615611,6006,4,OK
8.80601E+12,센스데이 체크 1Kit,"2,000",6006158644,6006,15864,8806006158644 ,8806006158644 ,600615864,6006,4,OK
8.80601E+12,센스데이 얼리체크 1Kit,"3,000",6006158651,6006,15865,8806006158651 ,8806006158651 ,600615865,6006,1,OK
8.80601E+12,코로나19 항원자가검사 2EA,"6,000",6006158675,6006,15867,8806006158675 ,8806006158675 ,600615867,6006,5,OK
8.80601E+12,매직리얼허브 1호,"8,000",6006158712,6006,15871,8806006158712 ,8806006158712 ,600615871,6006,2,OK
8.80601E+12,매직리얼허브 2호,"8,000",6006158729,6006,15872,8806006158729 ,8806006158729 ,600615872,6006,9,OK
8.80601E+12,유한 당체크 개인용 혈당검사지 50개입,"15,000",6006201098,6006,20109,8806006201098 ,8806006201098 ,600620109,6006,8,OK
8.80601E+12,유한 당체크 측정기세트(측정기1개 + 검사지2개),"30,000",6006201111,6006,20111,8806006201111 ,8806006201111 ,600620111,6006,1,OK
8.80601E+12,유한 폴리코사놀5 200mg x 56T,"45,000",6006207038,6006,20703,8806006207038 ,8806006207038 ,600620703,6006,8,OK
8.80601E+12,해피홈 제로 바퀴 에어로솔 500ml,"4,000",6006252151,6006,25215,8806006252151 ,8806006252151 ,600625215,6006,1,OK
8.80601E+12,해피홈 수성 에어로솔 감귤향 500ml,"3,000",6006300395,6006,30039,8806006300395 ,8806006300395 ,600630039,6006,5,OK
8.80601E+12,해피홈 수성 에어로솔 피톤치드향 500ml,"2,500",6006300401,6006,30040,8806006300401 ,8806006300401 ,600630040,6006,1,OK
8.80601E+12,유한 루테인 지아잔틴 플러스 60C,"40,000",6006306250,6006,30625,8806006306250 ,8806006306250 ,600630625,6006,0,OK
8.80601E+12,유한 알티지 식물성오메가3 120C(60C x 2EA),"63,000",6006306427,6006,30642,8806006306427 ,8806006306427 ,600630642,6006,7,OK
8.80601E+12,와이즈바이옴프로 위&장 듀얼케어 30P,"25,000",6006308506,6006,30850,8806006308506 ,8806006308506 ,600630850,6006,6,OK
8.80601E+12,박카스맛 젤리 50g,"1,000",6011435631,6011,43563,8806011435631 ,8806011435631 ,601143563,6011,1,OK
8.80601E+12,프롬팜 루테인지아잔틴&아스타잔틴 60C,"55,000",6011437086,6011,43708,8806011437086 ,8806011437086 ,601143708,6011,6,OK
8.80601E+12,프롬팜 프로바이오틱스&아연 60C,"55,000",6011437802,6011,43780,8806011437802 ,8806011437802 ,601143780,6011,2,OK
8.80601E+12,프롬팜 키즈 칼슘챔피언 90T,"30,000",6011439967,6011,43996,8806011439967 ,8806011439967 ,601143996,6011,7,OK
8.80601E+12,프롬팜 리스펙타&지노밸런스 60C,"65,000",6011441113,6011,44111,8806011441113 ,8806011441113 ,601144111,6011,3,OK
8.80601E+12,프롬팜 싱글맥스 오메가900 120C(60C x 2),"70,000",6011441151,6011,44115,8806011441151 ,8806011441151 ,601144115,6011,1,OK
8.80601E+12,프롬팜 싱글맥스 프로바이오틱스 50 60P,"40,000",6011441175,6011,44117,8806011441175 ,8806011441175 ,601144117,6011,5,OK
8.80601E+12,프롬팜 포스파티딜세린&메모리포뮬러 60C,"40,000",6011441380,6011,44138,8806011441380 ,8806011441380 ,601144138,6011,0,OK
8.80601E+12,박카스맛 젤리 42g,"1,000",6011442509,6011,44250,8806011442509 ,8806011442509 ,601144250,6011,9,OK
8.80601E+12,클리덴트RX 48정,"6,500",6011521310,6011,52131,8806011521310 ,8806011521310 ,601152131,6011,0,OK
8.80601E+12,박카스D 1박스(100ml x 10EA),"5,700",6011615453,6011,61545,8806011615453 ,8806011615453 ,601161545,6011,3,OK
8.80601E+12,박카스 D카페인 1박스(120ml x 10EA),"6,500",6011618256,6011,61825,8806011618256 ,8806011618256 ,601161825,6011,6,OK
8.80601E+12,박카스 D카페인 1박스(120ml x 20EA),"13,000",6011618263,6011,61826,8806011618263 ,8806011618263 ,601161826,6011,3,OK
8.80601E+12,애크온 딥클렌징폼 100ml,"15,000",6011820062,6011,82006,8806011820062 ,8806011820062 ,601182006,6011,2,OK
8.80601E+12,고려은단 비타민씨 1000mg 300T(60T x 5EA),"27,000",6012470228,6012,47022,8806012470228 ,8806012470228 ,601247022,6012,8,OK
8.80602E+12,부채표 배도라지쌍화 1박스(120ml x 10EA),"7,500",6016185258,6016,18525,8806016185258 ,8806016185258 ,601618525,6016,8,OK
8.80602E+12,부채표 대추생강쌍화 1박스(120ml x 10EA),"6,500",6016185357,6016,18535,8806016185357 ,8806016185357 ,601618535,6016,7,OK
8.80602E+12,케어리브 아카키레 20매,"5,000",6018703214,6018,70321,8806018703214 ,8806018703214 ,601870321,6018,4,OK
8.80602E+12,케어리브 방수형m20매,"4,500",6018703221,6018,70322,8806018703221 ,8806018703221 ,601870322,6018,1,OK
8.80602E+12,케어리브(손끝형),"4,000",6018703238,6018,70323,8806018703238 ,8806018703238 ,601870323,6018,8,OK
8.80602E+12,"케어리브(혼합형)(소형,중형,대형)","4,500",6018703245,6018,70324,8806018703245 ,8806018703245 ,601870324,6018,5,OK
8.80602E+12,케어리브(중형)20매,"4,000",6018703252,6018,70325,8806018703252 ,8806018703252 ,601870325,6018,2,OK
8.80602E+12,케어리브(중형)10매,"2,500",6018703269,6018,70326,8806018703269 ,8806018703269 ,601870326,6018,9,OK
8.80602E+12,케어리브(대형),"4,500",6018704662,6018,70466,8806018704662 ,8806018704662 ,601870466,6018,2,OK
8.80602E+12,케어리브(관절용),"4,500",6018704679,6018,70467,8806018704679 ,8806018704679 ,601870467,6018,9,OK
8.80602E+12,케어리브(소형),"4,500",6018704990,6018,70499,8806018704990 ,8806018704990 ,601870499,6018,0,OK
8.80602E+12,케어리브(도트형),"4,500",6018705447,6018,70544,8806018705447 ,8806018705447 ,601870544,6018,7,OK
8.80602E+12,케어리브(발뒤꿈치형),"4,500",6018705454,6018,70545,8806018705454 ,8806018705454 ,601870545,6018,4,OK
8.80602E+12,메디터치2 2mm폼(5 x 7cm) 3매,"7,000",6018705980,6018,70598,8806018705980 ,8806018705980 ,601870598,6018,0,OK
8.80602E+12,메디터치A 1mm폼(4 x 9cm) 3매,"9,000",6018706123,6018,70612,8806018706123 ,8806018706123 ,601870612,6018,3,OK
8.80602E+12,메디터치A 1mm폼(10 x 10cm) 1매,"9,000",6018706147,6018,70614,8806018706147 ,8806018706147 ,601870614,6018,7,OK
8.80602E+12,메디터치H 썬프로텍션 잘라쓰는타입 2매,"6,000",6018707908,6018,70790,8806018707908 ,8806018707908 ,601870790,6018,8,OK
8.80602E+12,케어리브(중형)50매,"8,500",6018707939,6018,70793,8806018707939 ,8806018707939 ,601870793,6018,9,OK
8.80602E+12,메디터치H 썬프로텍션 돗트(베벨링) 48매,"6,000",6018709247,6018,70924,8806018709247 ,8806018709247 ,601870924,6018,7,OK
8.80602E+12,메디터치 리퀴드 8g,"9,000",6018709278,6018,70927,8806018709278 ,8806018709278 ,601870927,6018,8,OK
8.80602E+12,일동 비타민D 2000IU 90C,"15,000",6018709773,6018,70977,8806018709773 ,8806018709773 ,601870977,6018,3,OK
8.80602E+12,메디터치A 5mm폼(10 x 10cm) 1매,"10,000",6018710045,6018,71004,8806018710045 ,8806018710045 ,601871004,6018,5,OK
8.80602E+12,메디터치 엄마마음 3mm폼 2매,"8,000",6018711066,6018,71106,8806018711066 ,8806018711066 ,601871106,6018,6,OK
8.80602E+12,케어리브 카카오(라이언) 12매,"4,500",6018711233,6018,71123,8806018711233 ,8806018711233 ,601871123,6018,3,OK
8.80602E+12,케어리브 카카오(어피치) 12매,"4,500",6018711240,6018,71124,8806018711240 ,8806018711240 ,601871124,6018,0,OK
8.80602E+12,메디터치 탄력밴드 소형 3매,"7,000",6018711332,6018,71133,8806018711332 ,8806018711332 ,601871133,6018,2,OK
8.80602E+12,메디터치 탄력밴드 일반형 7매,"7,000",6018711356,6018,71135,8806018711356 ,8806018711356 ,601871135,6018,6,OK
8.80602E+12,메디터치 탄력밴드 중형 3매,"7,500",6018711363,6018,71136,8806018711363 ,8806018711363 ,601871136,6018,3,OK
8.80602E+12,메디터치 탄력밴드 혼합형 8매,"8,000",6018711387,6018,71138,8806018711387 ,8806018711387 ,601871138,6018,7,OK
8.80602E+12,일동 키즈 플러스 유산균 2g x 30P,"30,000",6018712988,6018,71298,8806018712988 ,8806018712988 ,601871298,6018,8,OK
8.80602E+12,일동 베베 플러스 유산균 1.5g x 30P,"30,000",6018713213,6018,71321,8806018713213 ,8806018713213 ,601871321,6018,3,OK
8.80602E+12,일동 알티지오메가3 프리미엄 120C(60C x 2),"55,000",6018714371,6018,71437,8806018714371 ,8806018714371 ,601871437,6018,1,OK
8.80602E+12,일동쏘팔메토코사놀프리미엄 120C,"60,000",6018715781,6018,71578,8806018715781 ,8806018715781 ,601871578,6018,1,OK
8.80602E+12,코큐텐 에이스 프리미엄 120C(60C x 2EA),"60,000",6018717075,6018,71707,8806018717075 ,8806018717075 ,601871707,6018,5,OK
8.80602E+12,메디터치 번프로텍션 2mm폼(5 x 7cm) 3매,"9,000",6018717341,6018,71734,8806018717341 ,8806018717341 ,601871734,6018,1,OK
8.80602E+12,케어리브 방수 손끝,"4,500",6018717440,6018,71744,8806018717440 ,8806018717440 ,601871744,6018,0,OK
8.80602E+12,케어리브 방수M40매,"8,500",6018717457,6018,71745,8806018717457 ,8806018717457 ,601871745,6018,7,OK
8.80602E+12,케어리브 방수소형,"5,000",6018717464,6018,71746,8806018717464 ,8806018717464 ,601871746,6018,4,OK
8.80602E+12,케어리브 방수L14매,"4,500",6018717471,6018,71747,8806018717471 ,8806018717471 ,601871747,6018,1,OK
8.80602E+12,[일동] 글루타치온 화이트85 120T(60T x 2EA),"40,000",6018717891,6018,71789,8806018717891 ,8806018717891 ,601871789,6018,1,OK
8.80602E+12,키드큐 키즈플러스 15g x 15P,"22,000",6018719079,6018,71907,8806018719079 ,8806018719079 ,601871907,6018,9,OK
8.80602E+12,키드큐 키즈플러스젤리 30P(15g x 15P x 2EA),"40,000",6018719086,6018,71908,8806018719086 ,8806018719086 ,601871908,6018,6,OK
8.80602E+12,키드큐 면역젤리 15g x 15P,"22,000",6018719123,6018,71912,8806018719123 ,8806018719123 ,601871912,6018,3,OK
8.80602E+13,키드큐 면역젤리 15g x 15포,"20,000",60187191231,6018,71912,88060187191231 ,8806018719123 ,601871912,6018,3,OK
8.80602E+12,키드큐 면역젤리 30P(15g x 15P x 2EA),"40,000",6018719130,6018,71913,8806018719130 ,8806018719130 ,601871913,6018,0,OK
8.80602E+12,키드큐 비타젤리 15g x 15P,"22,000",6018719154,6018,71915,8806018719154 ,8806018719154 ,601871915,6018,4,OK
8.80602E+12,키드큐 비타젤리 30P(15g x 15p x 2EA),"40,000",6018719161,6018,71916,8806018719161 ,8806018719161 ,601871916,6018,1,OK
8.80602E+12,키드큐 홍삼젤리 15g x 15P,"23,000",6018719185,6018,71918,8806018719185 ,8806018719185 ,601871918,6018,5,OK
8.80602E+12,키드큐 홍삼젤리 30P(15g x 15p x 2EA),"45,000",6018719192,6018,71919,8806018719192 ,8806018719192 ,601871919,6018,2,OK
8.80602E+12,[일동] 멜라케어 트리플 60T(30T x 2EA),"30,000",6018719369,6018,71936,8806018719369 ,8806018719369 ,601871936,6018,9,OK
8.80602E+12,키드큐 쾌변젤리 20g x 15P,"22,000",6018719420,6018,71942,8806018719420 ,8806018719420 ,601871942,6018,0,OK
8.80602E+12,키드큐 쾌변젤리 30P(20g x 15P x 2EA),"40,000",6018719437,6018,71943,8806018719437 ,8806018719437 ,601871943,6018,7,OK
8.80602E+12,[일동] 하이퍼 비타민C 3000mg 80P,"35,000",6018719642,6018,71964,8806018719642 ,8806018719642 ,601871964,6018,2,OK
8.80602E+12,"리쥬닉 15,000ppm 20ml","30,000",6018719697,6018,71969,8806018719697 ,8806018719697 ,601871969,6018,7,OK
8.80602E+12,일동 관절진보원 프리미엄 70ml x 30P,"60,000",6018719710,6018,71971,8806018719710 ,8806018719710 ,601871971,6018,0,OK
8.80602E+12,비오킬 500ml,"8,000",6022160591,6022,16059,8806022160591 ,8806022160591 ,602216059,6022,1,OK
8.80602E+12,세븐에이트 60g 4호 / 밤색,"8,000",6022165213,6022,16521,8806022165213 ,8806022165213 ,602216521,6022,3,OK
8.80602E+12,세븐에이트 60g 5호 / 진한밤색,"8,000",6022165220,6022,16522,8806022165220 ,8806022165220 ,602216522,6022,0,OK
8.80602E+12,세븐에이트 60g 6호 / 갈색,"8,000",6022165237,6022,16523,8806022165237 ,8806022165237 ,602216523,6022,7,OK
8.80602E+12,세븐에이트 60g 7호 / 흑갈색,"8,000",6022165244,6022,16524,8806022165244 ,8806022165244 ,602216524,6022,4,OK
8.80602E+12,세븐에이트 40g 7호 / 흑갈색,"7,000",6022165572,6022,16557,8806022165572 ,8806022165572 ,602216557,6022,2,OK
8.80602E+12,세븐에이트 40g 6호 / 갈색,"7,000",6022165589,6022,16558,8806022165589 ,8806022165589 ,602216558,6022,9,OK
8.80602E+12,세븐에이트 40g 5호 / 진한밤색,"7,000",6022165596,6022,16559,8806022165596 ,8806022165596 ,602216559,6022,6,OK
8.80602E+12,세븐에이트 40g 4호 / 밤색,"7,000",6022165602,6022,16560,8806022165602 ,8806022165602 ,602216560,6022,2,OK
8.80602E+12,비오킬 98ML,"7,000",6022169457,6022,16945,8806022169457 ,8806022169457 ,602216945,6022,7,OK
8.80602E+12,훼미닌실키 76호 / 다크브라운,"5,000",6022173645,6022,17364,8806022173645 ,8806022173645 ,602217364,6022,5,OK
8.80602E+12,훼미닌실키 84호 / 갈색,"5,000",6022173652,6022,17365,8806022173652 ,8806022173652 ,602217365,6022,2,OK
8.80602E+12,훼미닌실키 85호 / 진한밤색,"5,000",6022173669,6022,17366,8806022173669 ,8806022173669 ,602217366,6022,9,OK
8.80602E+12,훼미닌실키 87호 / 자연흑갈색,"5,000",6022173676,6022,17367,8806022173676 ,8806022173676 ,602217367,6022,6,OK
8.80602E+12,허브1호70G,"9,000",6022201430,6022,20143,8806022201430 ,8806022201430 ,602220143,6022,0,OK
8.80602E+12,허브2호70G,"9,000",6022201447,6022,20144,8806022201447 ,8806022201447 ,602220144,6022,7,OK
8.80602E+12,미녹스샴푸 120ml,"9,000",6022202420,6022,20242,8806022202420 ,8806022202420 ,602220242,6022,0,OK
8.80602E+12,허브3호70G,"9,000",6022202581,6022,20258,8806022202581 ,8806022202581 ,602220258,6022,1,OK
8.80602E+12,비오킬 휴대용 98ml,"6,000",6022202680,6022,20268,8806022202680 ,8806022202680 ,602220268,6022,0,OK
8.80604E+12,멸균에이덤 반창고 혼합형 2EA,"2,000",6035107422,6035,10742,8806035107422 ,8806035107422 ,603510742,6035,2,OK
8.80604E+12,[신신] 에어파스F 220ml,"3,000",6037006037,6037,00603,8806037006037 ,8806037006037 ,603700603,6037,7,OK
8.80604E+12,[신신] 에어파스F 300ml,"3,500",6037006785,6037,00678,8806037006785 ,8806037006785 ,603700678,6037,5,OK
8.80604E+12,뉴쿨링시트 6매,"5,000",6037006983,6037,00698,8806037006983 ,8806037006983 ,603700698,6037,3,OK
8.80604E+12,모스키토 아웃도어 에어로솔 100ml,"5,000",6037006990,6037,00699,8806037006990 ,8806037006990 ,603700699,6037,0,OK
8.80604E+12,모스키토 밀크에스 50ml,"8,000",6037007171,6037,00717,8806037007171 ,8806037007171 ,603700717,6037,1,OK
8.80604E+12,신신제약 쿨링시트 플러스 10P,"8,000",6037007195,6037,00719,8806037007195 ,8806037007195 ,603700719,6037,5,OK
8.80604E+12,블레파졸 100ml (부직포 포함),"12,000",6038400018,6038,40001,8806038400018 ,8806038400018 ,603840001,6038,8,OK
8.80605E+12,잘크토닉 40ml,"7,000",6052005817,6052,00581,8806052005817 ,8806052005817 ,605200581,6052,7,OK
8.80605E+12,허브쵸크에스 20ml*3앰플,"6,000",6052006425,6052,00642,8806052006425 ,8806052006425 ,605200642,6052,5,OK
8.80605E+12,허브쵸크에스 20ml*30 앰플,"50,000",6052006432,6052,00643,8806052006432 ,8806052006432 ,605200643,6052,2,OK
8.80605E+12,비타잘크톤 피카츄제로(사과맛) 100ml,"1,500",6052008412,6052,00841,8806052008412 ,8806052008412 ,605200841,6052,2,OK
8.80605E+12,비타잘크톤 피카츄 제로 100ml x 10개,"15,000",6052008429,6052,00842,8806052008429 ,8806052008429 ,605200842,6052,9,OK
8.80605E+12,비타잘크톤 뮤제로(사이다맛) 100ml,"1,500",6052008511,6052,00851,8806052008511 ,8806052008511 ,605200851,6052,1,OK
8.80605E+12,비타 잘크톤 뮤제로(사이다맛) 100ml x 10개,"15,000",6052008528,6052,00852,8806052008528 ,8806052008528 ,605200852,6052,8,OK
8.80605E+12,[조아] 엉겅퀴 골드 100ml,"2,000",6052407826,6052,40782,8806052407826 ,8806052407826 ,605240782,6052,6,OK
8.80606E+12,하이맘폼 잘라쓰는타입 1매,"7,000",6057912608,6057,91260,8806057912608 ,8806057912608 ,605791260,6057,8,OK
8.80606E+12,하이맘번 스프레이 50g,"9,500",6057913193,6057,91319,8806057913193 ,8806057913193 ,605791319,6057,3,OK
8.80606E+12,하이맘밴드 아쿠아 기본형 20매,"3,000",6057913667,6057,91366,8806057913667 ,8806057913667 ,605791366,6057,7,OK
8.80606E+12,하이맘밴드 아쿠아 대형 15매,"3,000",6057913674,6057,91367,8806057913674 ,8806057913674 ,605791367,6057,4,OK
8.80606E+12,하이맘폼 5mm폼(10 x 20cm) 1매,"14,000",6057913926,6057,91392,8806057913926 ,8806057913926 ,605791392,6057,6,OK
8.80606E+12,원큐 플러스업 1Kit,"3,000",6057914084,6057,91408,8806057914084 ,8806057914084 ,605791408,6057,4,OK
8.80606E+12,하이맘번 더프리미엄 표준형 3매,"7,500",6057915029,6057,91502,8806057915029 ,8806057915029 ,605791502,6057,9,OK
8.80606E+12,하이맘번 더프리미엄 대형 2매,"9,000",6057915036,6057,91503,8806057915036 ,8806057915036 ,605791503,6057,6,OK
8.80606E+12,하이맘밴드 더프리미엄 잘라쓰는타입 2매,"7,000",6057915043,6057,91504,8806057915043 ,8806057915043 ,605791504,6057,3,OK
8.80606E+12,하이맘밴드 더프리미엄 대형 4매,"7,000",6057915050,6057,91505,8806057915050 ,8806057915050 ,605791505,6057,0,OK
8.80606E+12,하이맘밴드 더프리미엄 소형 6매,"7,000",6057915067,6057,91506,8806057915067 ,8806057915067 ,605791506,6057,7,OK
8.80606E+12,하이맘밴드 더프리미엄 일반형 5매,"7,000",6057915074,6057,91507,8806057915074 ,8806057915074 ,605791507,6057,4,OK
8.80606E+12,하이맘밴드 더프리미엄 혼합형 6매,"7,000",6057915081,6057,91508,8806057915081 ,8806057915081 ,605791508,6057,1,OK
8.80606E+12,하이맘밴드 더프리미엄 원형(베벨링) 60매,"7,000",6057915098,6057,91509,8806057915098 ,8806057915098 ,605791509,6057,8,OK
8.80606E+12,하이맘밴드 리퀴드폼 10g,"7,500",6057915357,6057,91535,8806057915357 ,8806057915357 ,605791535,6057,7,OK
8.80606E+12,하이맘밴드 더프리미엄 잘라쓰는타입 3매,"9,000",6057915456,6057,91545,8806057915456 ,8806057915456 ,605791545,6057,6,OK
8.80606E+12,하이맘밴드 이지베이직 표준형 20매,"1,000",6057915463,6057,91546,8806057915463 ,8806057915463 ,605791546,6057,3,OK
8.80606E+12,하이맘밴드 이지베이직 혼합형 20EA,"1,000",6057915470,6057,91547,8806057915470 ,8806057915470 ,605791547,6057,0,OK
8.80606E+12,하이맘밴드 이지베이직 대형 15매,"2,000",6057915494,6057,91549,8806057915494 ,8806057915494 ,605791549,6057,4,OK
8.8061E+12,"콴첼MSM 1,500mg","25,000",6102400418,6102,40041,8806102400418 ,8806102400418 ,610240041,6102,8,OK
8.8061E+12,경남 진태반 프리미엄 20ml x 30V,"60,000",6102872000,6102,87200,8806102872000 ,8806102872000 ,610287200,6102,0,OK
8.8061E+12,레모비타 플러스(레몬맛) 120T,"6,000",6102875926,6102,87592,8806102875926 ,8806102875926 ,610287592,6102,6,OK
8.8061E+12,레모비타 플러스(딸기맛) 120T,"6,000",6102875995,6102,87599,8806102875995 ,8806102875995 ,610287599,6102,5,OK
8.8061E+12,상큼한 비타민 레모나 100ml 1개입,350,6102876503,6102,87650,8806102876503 ,8806102876503 ,610287650,6102,3,OK
8.8061E+12,상큼한 비타민 레모나 1박스(100ml x 10EA),"3,000",6102877050,6102,87705,8806102877050 ,8806102877050 ,610287705,6102,0,OK
8.8061E+12,상큼한 비타민 레모나 1박스(100ml x 20EA),"6,000",6102877067,6102,87706,8806102877067 ,8806102877067 ,610287706,6102,7,OK
8.8061E+12,레모나 구미 레몬맛 43g,"1,000",6102878682,6102,87868,8806102878682 ,8806102878682 ,610287868,6102,2,OK
8.8061E+12,레모나 구미(레몬맛) x 10개입,"10,000",6102878699,6102,87869,8806102878699 ,8806102878699 ,610287869,6102,9,OK
8.8061E+12,맛있는비타민 레모나 2g x 10P,"2,500",6102879368,6102,87936,8806102879368 ,8806102879368 ,610287936,6102,8,OK
8.8061E+12,레모나 구미 복숭아맛 37g,"1,000",6102879719,6102,87971,8806102879719 ,8806102879719 ,610287971,6102,9,OK
8.8061E+12,레모나 구미(복숭아맛) x 10개입,"10,000",6102879726,6102,87972,8806102879726 ,8806102879726 ,610287972,6102,6,OK
8.8061E+12,레모비타 플러스(복숭아맛) 120T,"6,000",6102879795,6102,87979,8806102879795 ,8806102879795 ,610287979,6102,5,OK
8.8061E+12,진태반30v,"60,000",6102879993,6102,87999,8806102879993 ,8806102879993 ,610287999,6102,3,OK
8.8061E+12,그린소독용 에탄올60ml,800,6103600015,6103,60001,8806103600015 ,8806103600015 ,610360001,6103,5,OK
8.8061E+12,그린제약 소독용 에탄올 250ml,"1,000",6103600046,6103,60004,8806103600046 ,8806103600046 ,610360004,6103,6,OK
8.80611E+12,폴리덴트 내추럴(무향) 70g,"8,000",6105400866,6105,40086,8806105400866 ,8806105400866 ,610540086,6105,6,OK
8.80611E+12,폴리덴트 5분 퀵플러스 48정,"8,000",6105401290,6105,40129,8806105401290 ,8806105401290 ,610540129,6105,0,OK
8.80611E+12,폴리덴트 맥스실 70g,"8,500",6105401764,6105,40176,8806105401764 ,8806105401764 ,610540176,6105,4,OK
8.80611E+12,센소다인 후레쉬 120g,"5,000",6105401825,6105,40182,8806105401825 ,8806105401825 ,610540182,6105,5,OK
8.80611E+12,폴리덴트 나이트 48정,"8,500",6105402709,6105,40270,8806105402709 ,8806105402709 ,610540270,6105,9,OK
8.80611E+12,파로돈탁스 데일리 후로라이드 150g,"6,000",6105402723,6105,40272,8806105402723 ,8806105402723 ,610540272,6105,3,OK
8.80611E+12,폴리덴트 후레쉬(민트) 70g,"8,000",6105402730,6105,40273,8806105402730 ,8806105402730 ,610540273,6105,0,OK
8.80611E+12,센소다인 멀티케어 120g,"5,500",6105402808,6105,40280,8806105402808 ,8806105402808 ,610540280,6105,8,OK
8.80611E+12,센소다인 오리지날 플러스 160g,"6,000",6105403881,6105,40388,8806105403881 ,8806105403881 ,610540388,6105,1,OK
8.80611E+12,[한독] 테라큐민 팜플러스100 120T(60Tx2ea),"50,000",6107614797,6107,61479,8806107614797 ,8806107614797 ,610761479,6107,7,OK
8.80611E+12,마데카 습윤밴드 키즈 혼합형 10매,"6,000",6109101523,6109,10152,8806109101523 ,8806109101523 ,610910152,6109,3,OK
8.80611E+12,마데카 습윤밴드 스팟 138매,"10,000",6109104258,6109,10425,8806109104258 ,8806109104258 ,610910425,6109,8,OK
8.80611E+12,마데카밴드 트러블케어 168매,"12,000",6109104265,6109,10426,8806109104265 ,8806109104265 ,610910426,6109,5,OK
8.80611E+12,마데카 페이셜 리페어 크림 50ml,"25,000",6109104500,6109,10450,8806109104500 ,8806109104500 ,610910450,6109,0,OK
8.80611E+12,마데카 핸드 우레아 크림 50ml,"15,000",6109104517,6109,10451,8806109104517 ,8806109104517 ,610910451,6109,7,OK
8.80611E+12,테카플러스 포뮬러 멜라터치 크림 35ml,"35,000",6109104524,6109,10452,8806109104524 ,8806109104524 ,610910452,6109,4,OK
8.80611E+12,마데카 피디알엔 농축 앰플 30ml,"43,000",6109107686,6109,10768,8806109107686 ,8806109107686 ,610910768,6109,6,OK
8.80611E+12,마데카밴드 트러블케어 스팟형 84매,"8,000",6109184885,6109,18488,8806109184885 ,8806109184885 ,610918488,6109,5,OK
8.80611E+12,마데카 습윤밴드 스팟 69매,"6,000",6109189705,6109,18970,8806109189705 ,8806109189705 ,610918970,6109,5,OK
8.80611E+12,마데카 습윤밴드 혼합형 6매,"6,000",6109194396,6109,19439,8806109194396 ,8806109194396 ,610919439,6109,6,OK
8.80611E+12,마데카 습윤밴드 대형 4매,"6,000",6109194402,6109,19440,8806109194402 ,8806109194402 ,610919440,6109,2,OK
8.80611E+12,마데카 습윤밴드 중형 5매,"6,000",6109194419,6109,19441,8806109194419 ,8806109194419 ,610919441,6109,9,OK
8.80611E+12,마데카 습윤밴드 소형 6매,"6,000",6109194426,6109,19442,8806109194426 ,8806109194426 ,610919442,6109,6,OK
8.80611E+12,마데카 습윤밴드 잘라쓰는타입 3매,"8,000",6109194440,6109,19444,8806109194440 ,8806109194440 ,610919444,6109,0,OK
8.80611E+12,성광 칼라민로션 100ml,"4,000",6113802249,6113,80224,8806113802249 ,8806113802249 ,611380224,6113,9,OK
8.80612E+12,잘크톤(망고맛) 15g x 30P,"22,000",6119821800,6119,82180,8806119821800 ,8806119821800 ,611982180,6119,0,OK
8.80612E+12,잘크톤(블루베리맛) 15g x 30P,"22,000",6119822722,6119,82272,8806119822722 ,8806119822722 ,611982272,6119,2,OK
8.80612E+12,에너지 골드 카페인 100ml,"3,000",6124261721,6124,26172,8806124261721 ,8806124261721 ,612426172,6124,1,OK
8.80612E+12,에너지 골드 카페인 1박스(100ml x 10EA),"25,000",6124261738,6124,26173,8806124261738 ,8806124261738 ,612426173,6124,8,OK
8.80612E+12,에너지 골드 (무카페인) 100mL*1EA,"3,000",6124261769,6124,26176,8806124261769 ,8806124261769 ,612426176,6124,9,OK
8.80612E+12,에너지 골드 카페인프리 1박스(100ml x 10EA),"25,000",6124261776,6124,26177,8806124261776 ,8806124261776 ,612426177,6124,6,OK
8.80612E+12,프로-캄 판테놀 립 에센스 12g,"6,000",6124280005,6124,28000,8806124280005 ,8806124280005 ,612428000,6124,5,OK
8.80612E+12,프로-캄 아크페어 클리어 겔 100mL (10mL 추가증정),"18,000",6124280043,6124,28004,8806124280043 ,8806124280043 ,612428004,6124,3,OK
8.80612E+12,프로-캄 클레어진 200mL ( 50mL 추가증정),"11,500",6124280067,6124,28006,8806124280067 ,8806124280067 ,612428006,6124,7,OK
8.80612E+12,프로-캄 후시메디 리페어 크림 S 50ml,"13,000",6124280180,6124,28018,8806124280180 ,8806124280180 ,612428018,6124,0,OK
8.80612E+12,프로-캄 후시메디 리페어 젤 마스크S 27ml*5,"11,000",6124280210,6124,28021,8806124280210 ,8806124280210 ,612428021,6124,0,OK
8.80612E+12,프로-캄 아크페어 폼 클렌저 S 120mL(15mL 추가증정),"13,000",6124280241,6124,28024,8806124280241 ,8806124280241 ,612428024,6124,1,OK
8.80612E+12,프로-캄 레드엑스 크림 S 18mL,"12,000",6124280265,6124,28026,8806124280265 ,8806124280265 ,612428026,6124,5,OK
8.80612E+12,프로-캄 멜라이트 선 에센스 S 40ml,"14,000",6124280289,6124,28028,8806124280289 ,8806124280289 ,612428028,6124,9,OK
8.80612E+12,프로-캄 판테놀 스틱 립밤 S 3.7g,"7,000",6124280302,6124,28030,8806124280302 ,8806124280302 ,612428030,6124,2,OK
8.80612E+12,프로-캄 EGF 액티브 바이탈 크림 20mL,"14,000",6124280432,6124,28043,8806124280432 ,8806124280432 ,612428043,6124,2,OK
8.80612E+12,프로-캄 멜라 화이트닝 리프팅 세럼 20mL,"18,000",6124280456,6124,28045,8806124280456 ,8806124280456 ,612428045,6124,6,OK
8.80612E+12,프로-캄 멜라 화이트닝 퍼밍 세럼 20mL,"18,000",6124280463,6124,28046,8806124280463 ,8806124280463 ,612428046,6124,3,OK
8.80612E+12,프로-캄 멜라 화이트닝 모이스처 세럼 20mL,"18,000",6124280470,6124,28047,8806124280470 ,8806124280470 ,612428047,6124,0,OK
8.80612E+12,프로-캄 EGF PDRN 액티브 시너지 마스크 3매,"9,000",6124280524,6124,28052,8806124280524 ,8806124280524 ,612428052,6124,4,OK
8.80613E+12,새로나크림 10ml - 털 빠짐 케어,"22,000",6125000282,6125,00028,8806125000282 ,8806125000282 ,612500028,6125,2,OK
8.80613E+12,멕스탑 4.5ml x 8개,"10,800",6125000329,6125,00032,8806125000329 ,8806125000329 ,612500032,6125,9,OK
8.80613E+12,민티크 프레시 민트 플러스 100g,"14,500",6125405032,6125,40503,8806125405032 ,8806125405032 ,612540503,6125,2,OK
8.80613E+12,유니덴탈 포르테 100g,"8,000",6125405100,6125,40510,8806125405100 ,8806125405100 ,612540510,6125,0,OK
8.80613E+12,메디폼N 10*20cm (5mm)(약국용),"14,000",6129615154,6129,61515,8806129615154 ,8806129615154 ,612961515,6129,4,OK
8.80613E+12,메디폼 N-5*7*0.2T,"10,000",6129615239,6129,61523,8806129615239 ,8806129615239 ,612961523,6129,9,OK
8.80613E+12,메디폼 N-5*7*0.2T,"10,000",6129615246,6129,61524,8806129615246 ,8806129615246 ,612961524,6129,6,OK
8.80613E+12,메디폼 리퀴드-8g[O],"9,000",6129615468,6129,61546,8806129615468 ,8806129615468 ,612961546,6129,8,OK
8.80613E+12,메디폼 A-5*7*0.1T,"10,000",6129615574,6129,61557,8806129615574 ,8806129615574 ,612961557,6129,4,OK
8.80613E+12,메디폼 A10*10*0.1T,"10,000",6129615581,6129,61558,8806129615581 ,8806129615581 ,612961558,6129,1,OK
8.80613E+12,메디폼 실버 플러스-5*7*0.1(3ea),"13,000",6129615598,6129,61559,8806129615598 ,8806129615598 ,612961559,6129,8,OK
8.80613E+12,메디폼 실버 플러스-10*10*0.1(1ea),"12,000",6129615604,6129,61560,8806129615604 ,8806129615604 ,612961560,6129,4,OK
8.80613E+12,미등록상품,"14,000",6129616021,6129,61602,8806129616021 ,8806129616021 ,612961602,6129,1,OK
8.80613E+12,더마터치 울트라플러스 12g,"9,000",6129616120,6129,61612,8806129616120 ,8806129616120 ,612961612,6129,0,OK
8.80613E+12,메디폼EGF 스팟패치,"3,000",6129616182,6129,61618,8806129616182 ,8806129616182 ,612961618,6129,2,OK
8.80613E+12,메디폼듀얼액션밴드혼합,"10,000",6129618070,6129,61807,8806129618070 ,8806129618070 ,612961807,6129,0,OK
8.80613E+12,메디폼 듀얼액션 10*10*0.2T,"11,000",6129620400,6129,62040,8806129620400 ,8806129620400 ,612962040,6129,0,OK
8.80613E+12,메디폼 듀얼액션 밴드 혼합형 8매,"10,000",6129620417,6129,62041,8806129620417 ,8806129620417 ,612962041,6129,7,OK
8.80613E+12,[NEW] 메디폼 H액티브 10*10cm,"9,000",6129675110,6129,67511,8806129675110 ,8806129675110 ,612967511,6129,0,OK
8.80613E+12,메디폼리퀴드,"9,000",6129689018,6129,68901,8806129689018 ,8806129689018 ,612968901,6129,8,OK
8.80613E+12,미등록상품,"10,000",6129699154,6129,69915,8806129699154 ,8806129699154 ,612969915,6129,4,OK
8.80614E+12,드시모네 베이비 스텝2,"32,000",6136019914,6136,01991,8806136019914 ,8806136019914 ,613601991,6136,4,OK
8.80614E+12,드시모네 베이비 스텝1,"27,000",6136020248,6136,02024,8806136020248 ,8806136020248 ,613602024,6136,8,OK
8.80614E+12,더마틱스 울트라 15g,"34,900",6137510212,6137,51021,8806137510212 ,8806137510212 ,613751021,6137,2,OK
8.80614E+12,더마틱스 울트라 7g,"18,000",6137510229,6137,51022,8806137510229 ,8806137510229 ,613751022,6137,9,OK
8.80614E+12,더마틱스 울트라 키즈 7g,"18,000",6137520242,6137,52024,8806137520242 ,8806137520242 ,613752024,6137,2,OK
8.80614E+12,조인트 뮤코다당단백1200 120T,"50,000",6139400986,6139,40098,8806139400986 ,8806139400986 ,613940098,6139,6,OK
8.80614E+12,[옵투스] 오에수 눈꺼풀 클리너 3ml x 15P,"9,000",6140900017,6140,90001,8806140900017 ,8806140900017 ,614090001,6140,7,OK
8.80615E+12,듀오덤 엑스트라씬 2매,"8,000",6147000765,6147,00076,8806147000765 ,8806147000765 ,614700076,6147,5,OK
8.80622E+12,에치탑캡슐[한국파비스],"2,000",6218001912,6218,00191,8806218001912 ,8806218001912 ,621800191,6218,2,OK
8.80622E+12,아루진정[한국파비스],"1,500",6218004517,6218,00451,8806218004517 ,8806218004517 ,621800451,6218,7,OK
8.80622E+12,파비시드240정[광동],"30,000",6218039448,6218,03944,8806218039448 ,8806218039448 ,621803944,6218,8,OK
8.80623E+12,이탄돌정 300T,"45,000",6228012243,6228,01224,8806228012243 ,8806228012243 ,622801224,6228,3,OK
8.80624E+12,레스타민코와 파우더크림 40g,"7,000",6239001212,6239,00121,8806239001212 ,8806239001212 ,623900121,6239,2,OK
8.80624E+12,반테린 코와 EX크림 35g,"7,000",6239001311,6239,00131,8806239001311 ,8806239001311 ,623900131,6239,1,OK
8.80624E+12,카베진 12T,"3,000",6239001410,6239,00141,8806239001410 ,8806239001410 ,623900141,6239,0,OK
8.80624E+12,카베진 100T,"10,000",6239001427,6239,00142,8806239001427 ,8806239001427 ,623900142,6239,7,OK
8.80624E+12,카베진 300T,"22,000",6239001441,6239,00144,8806239001441 ,8806239001441 ,623900144,6239,1,OK
8.80626E+12,[일양]모닝퀸 10P,"7,000",6258017621,6258,01762,8806258017621 ,8806258017621 ,625801762,6258,1,OK
8.80627E+12,챔프시럽,"4,000",6265000203,6265,00020,8806265000203 ,8806265000203 ,626500020,6265,3,OK
8.80627E+12,판피린,"2,500",6265001309,6265,00130,8806265001309 ,8806265001309 ,626500130,6265,9,OK
8.80627E+12,판피린큐 1박스(20ml x 5EA),"2,500",6265001323,6265,00132,8806265001323 ,8806265001323 ,626500132,6265,3,OK
8.80627E+12,비사진 나잘스프레이 30ml,"9,000",6265001729,6265,00172,8806265001729 ,8806265001729 ,626500172,6265,9,OK
8.80627E+12,멜라노사크림 30g,"25,000",6265002412,6265,00241,8806265002412 ,8806265002412 ,626500241,6265,2,OK
8.80627E+12,베나치오20ml,"4,000",6265002801,6265,00280,8806265002801 ,8806265002801 ,626500280,6265,1,OK
8.80627E+12,베나치오 1박스(20ml x 5EA),"4,000",6265002832,6265,00283,8806265002832 ,8806265002832 ,626500283,6265,2,OK
8.80627E+12,노스카나20g,"17,000",6265003105,6265,00310,8806265003105 ,8806265003105 ,626500310,6265,5,OK
8.80627E+12,드라이문트겔 50g,"8,000",6265003433,6265,00343,8806265003433 ,8806265003433 ,626500343,6265,3,OK
8.80627E+12,터비뉴20g,"5,000",6265003709,6265,00370,8806265003709 ,8806265003709 ,626500370,6265,9,OK
8.80627E+12,터비뉴겔 20g,"5,000",6265003723,6265,00372,8806265003723 ,8806265003723 ,626500372,6265,3,OK
8.80627E+12,타치온50mg 90T,"25,000",6265003877,6265,00387,8806265003877 ,8806265003877 ,626500387,6265,7,OK
8.80627E+12,마이보라,"8,000",6265008001,6265,00800,8806265008001 ,8806265008001 ,626500800,6265,1,OK
8.80627E+12,마이보라 21T,"8,000",6265008018,6265,00801,8806265008018 ,8806265008018 ,626500801,6265,8,OK
8.80627E+12,멜리안 21정,"6,000",6265008209,6265,00820,8806265008209 ,8806265008209 ,626500820,6265,9,OK
8.80627E+12,멜리안 21T,"6,000",6265008216,6265,00821,8806265008216 ,8806265008216 ,626500821,6265,6,OK
8.80627E+12,아이봉C,"10,000",6265008506,6265,00850,8806265008506 ,8806265008506 ,626500850,6265,6,OK
8.80627E+12,아이봉C 세안액 480ml,"10,000",6265008513,6265,00851,8806265008513 ,8806265008513 ,626500851,6265,3,OK
8.80627E+12,아이봉W,"11,000",6265008605,6265,00860,8806265008605 ,8806265008605 ,626500860,6265,5,OK
8.80627E+12,아이봉W 세안액 480ml,"11,000",6265008612,6265,00861,8806265008612 ,8806265008612 ,626500861,6265,2,OK
8.80627E+12,챔프 시럽 5ml x 10포,"4,000",6265008926,6265,00892,8806265008926 ,8806265008926 ,626500892,6265,6,OK
8.80627E+12,챔프이부펜,"4,000",6265009008,6265,00900,8806265009008 ,8806265009008 ,626500900,6265,8,OK
8.80627E+12,챔프 이부펜시럽 5ml x 10포,"4,000",6265009022,6265,00902,8806265009022 ,8806265009022 ,626500902,6265,2,OK
8.80627E+12,챔프노즈,"4,000",6265009701,6265,00970,8806265009701 ,8806265009701 ,626500970,6265,1,OK
8.80627E+12,챔프 노즈시럽 5ml x 10포,"3,000",6265009725,6265,00972,8806265009725 ,8806265009725 ,626500972,6265,5,OK
8.80627E+12,이치논 60g,"15,000",6265011711,6265,01171,8806265011711 ,8806265011711 ,626501171,6265,1,OK
8.80627E+12,터비뉴원스,"7,000",6265012008,6265,01200,8806265012008 ,8806265012008 ,626501200,6265,8,OK
8.80627E+12,터비뉴원스 6g,"7,000",6265012015,6265,01201,8806265012015 ,8806265012015 ,626501201,6265,5,OK
8.80627E+12,챔프 코프 5ml x 10포,"3,000",6265012329,6265,01232,8806265012329 ,8806265012329 ,626501232,6265,9,OK
8.80627E+12,애크린 외용액 (스프레이) 100ml,"15,000",6265013326,6265,01332,8806265013326 ,8806265013326 ,626501332,6265,6,OK
8.80627E+12,터비뉴 더블액션겔 30g,"7,000",6265013722,6265,01372,8806265013722 ,8806265013722 ,626501372,6265,2,OK
8.80627E+12,멜라토닝(히드로퀴논2%) 30g,"20,000",6265014323,6265,01432,8806265014323 ,8806265014323 ,626501432,6265,3,OK
8.80627E+12,멜라토닝(히드로퀴논2%) 50g,"33,000",6265014330,6265,01433,8806265014330 ,8806265014330 ,626501433,6265,0,OK
8.80627E+12,D-판테놀,"8,000",6265014507,6265,01450,8806265014507 ,8806265014507 ,626501450,6265,7,OK
8.80627E+12,D-판테놀 50g,"9,000",6265014538,6265,01453,8806265014538 ,8806265014538 ,626501453,6265,8,OK
8.80627E+12,리큐번크림 50g,"13,000",6265014729,6265,01472,8806265014729 ,8806265014729 ,626501472,6265,9,OK
8.80627E+12,치오맥스 연고 25g,"6,000",6265016617,6265,01661,8806265016617 ,8806265016617 ,626501661,6265,7,OK
8.80627E+12,챔푸 구강스프레이 20ml,"8,000",6265017317,6265,01731,8806265017317 ,8806265017317 ,626501731,6265,7,OK
8.80627E+12,베나치오 키즈 10ml,"4,500",6265017621,6265,01762,8806265017621 ,8806265017621 ,626501762,6265,1,OK
8.80627E+12,챔프 알러논액 5ml x 10포,"4,000",6265017829,6265,01782,8806265017829 ,8806265017829 ,626501782,6265,9,OK
8.80627E+12,애크린,"10,000",6265018208,6265,01820,8806265018208 ,8806265018208 ,626501820,6265,8,OK
8.80627E+12,아이오쿨 수0.5% 30관,"8,000",6265018833,6265,01883,8806265018833 ,8806265018833 ,626501883,6265,3,OK
8.80627E+12,아이오쿨 수1.0% 30관,"9,000",6265019144,6265,01914,8806265019144 ,8806265019144 ,626501914,6265,4,OK
8.80627E+12,챔프콜드펜,"4,000",6265019304,6265,01930,8806265019304 ,8806265019304 ,626501930,6265,4,OK
8.80627E+12,챔프 콜드펜시럽 5ml x 10포,"4,000",6265019328,6265,01932,8806265019328 ,8806265019328 ,626501932,6265,8,OK
8.80627E+12,맥스 콘드로이틴 1200mg,"150,000",6265019403,6265,01940,8806265019403 ,8806265019403 ,626501940,6265,3,OK
8.80627E+12,디판셉틱 30g,"9,000",6265019724,6265,01972,8806265019724 ,8806265019724 ,626501972,6265,4,OK
8.80627E+12,아이오쿨 프로 (트레할로스) 60관,"13,000",6265019953,6265,01995,8806265019953 ,8806265019953 ,626501995,6265,3,OK
8.80627E+12,베나치오 이지액 20ml x 6포,"5,000",6265020027,6265,02002,8806265020027 ,8806265020027 ,626502002,6265,7,OK
8.80627E+12,디판버그 30g,"6,000",6265020416,6265,02041,8806265020416 ,8806265020416 ,626502041,6265,6,OK
8.80627E+12,챔프콜드펜시럽,"4,000",6265020607,6265,02060,8806265020607 ,8806265020607 ,626502060,6265,7,OK
8.80627E+12,챔프 콜드펜 하이시럽 10ml x 10p,"4,500",6265020621,6265,02062,8806265020621 ,8806265020621 ,626502062,6265,1,OK
8.80627E+12,카필러스폼 5%(미녹시딜) 60g,"15,000",6265020713,6265,02071,8806265020713 ,8806265020713 ,626502071,6265,3,OK
8.80627E+12,디판큐어 30g,"9,000",6265020911,6265,02091,8806265020911 ,8806265020911 ,626502091,6265,1,OK
8.80627E+12,이지 퀼나잇액 20ml x 6P,"6,000",6265021727,6265,02172,8806265021727 ,8806265021727 ,626502172,6265,7,OK
8.80627E+12,챔큐 비타시럽 5ml x 10P,"8,000",6265021826,6265,02182,8806265021826 ,8806265021826 ,626502182,6265,6,OK
8.80627E+12,판피린 나이트 1박스(20ml x 5EA),"3,500",6265021925,6265,02192,8806265021925 ,8806265021925 ,626502192,6265,5,OK
8.80627E+12,x베나치오프로액 75ml 1박스(10병),"8,000",6265022007,6265,02200,8806265022007 ,8806265022007 ,626502200,6265,7,OK
8.80628E+12,안티렌크림[일양],"4,000",6275002518,6275,00251,8806275002518 ,8806275002518 ,627500251,6275,8,OK
8.80637E+11,쿨링시트플러스,"8,000",637007195,6370,,880637007195 ,,,,TOO_SHORT,
8.80641E+12,개비스콘 오리지널 10ml x 4P,"4,500",6406000222,6406,00022,8806406000222 ,8806406000222 ,640600022,6406,2,OK
8.80641E+12,개비스콘 더블액션 10ml x 4P,"5,000",6406000826,6406,00082,8806406000826 ,8806406000826 ,640600082,6406,6,OK
8.80641E+12,개비스콘 더블액션10ml x 12P,"12,000",6406000833,6406,00083,8806406000833 ,8806406000833 ,640600083,6406,3,OK
8.80641E+12,스트렙실 허니앤레몬 12T,"4,500",6406001038,6406,00103,8806406001038 ,8806406001038 ,640600103,6406,8,OK
8.80641E+12,스트렙실 오렌지 12T,"4,500",6406001045,6406,00104,8806406001045 ,8806406001045 ,640600104,6406,5,OK
8806409 030912,우황청심원 사향,"9,000",6409030912,6409,03091,8806409030912 ,8806409030912 ,640903091,6409,2,OK
8.80641E+12,[일화] 우황청심원 현탁액(사향) 50ml,"8,000",6409030912,6409,03091,8806409030912 ,8806409030912 ,640903091,6409,2,OK
8.80641E+12,바이엘 아스피린500mg 20T,"4,500",6411000729,6411,00072,8806411000729 ,8806411000729 ,641100072,6411,9,OK
8.80641E+12,비판텐 30g,"12,000",6411001016,6411,00101,8806411001016 ,8806411001016 ,641100101,6411,6,OK
8.80641E+12,비판텐 100g,"25,000",6411001030,6411,00103,8806411001030 ,8806411001030 ,641100103,6411,0,OK
8.80641E+12,사리돈-에이 10T,"3,200",6411001115,6411,00111,8806411001115 ,8806411001115 ,641100111,6411,5,OK
8.80641E+12,아스피린 프로텍트정 100mg 98T,"8,500",6411002747,6411,00274,8806411002747 ,8806411002747 ,641100274,6411,7,OK
8.80641E+12,카네스텐1질정 1T,"12,000",6411003010,6411,00301,8806411003010 ,8806411003010 ,641100301,6411,0,OK
8.80641E+12,카네스텐 질정 6EA,"14,000",6411003218,6411,00321,8806411003218 ,8806411003218 ,641100321,6411,8,OK
8.80641E+12,카네스텐 크림 10g,"11,000",6411003348,6411,00334,8806411003348 ,8806411003348 ,641100334,6411,8,OK
8.80642E+12,닥터 베아제 10T,"2,800",6416004036,6416,00403,8806416004036 ,8806416004036 ,641600403,6416,6,OK
8.80642E+12,베아제 10T,"2,800",6416014615,6416,01461,8806416014615 ,8806416014615 ,641601461,6416,5,OK
8.80642E+12,대웅 복합우루사 25mg / 80C,"31,000",6416015520,6416,01552,8806416015520 ,8806416015520 ,641601552,6416,0,OK
8.80642E+12,대웅 복합우루사 25mg / 60C,"27,000",6416015575,6416,01557,8806416015575 ,8806416015575 ,641601557,6416,5,OK
8.80642E+12,대웅 우루사정 100mg 100T,"39,000",6416020432,6416,02043,8806416020432 ,8806416020432 ,641602043,6416,2,OK
8.80642E+12,이지엔6애니 연질캡슐 10C,"2,000",6416021323,6416,02132,8806416021323 ,8806416021323 ,641602132,6416,3,OK
8.80642E+12,이지엔6프로 연질캡슐 10C,"2,000",6416021415,6416,02141,8806416021415 ,8806416021415 ,641602141,6416,5,OK
8.80642E+12,이지엔6프로 30C,"5,800",6416021422,6416,02142,8806416021422 ,8806416021422 ,641602142,6416,2,OK
8.80642E+12,대웅 우루사 50mg / 120C,"36,000",6416026915,6416,02691,8806416026915 ,8806416026915 ,641602691,6416,5,OK
8.80642E+12,이지에프 새살연고(생),"22,900",6416046616,6416,04661,8806416046616 ,8806416046616 ,641604661,6416,6,OK
8.80642E+12,이지엔6이브 연질캡슐 10C,"2,000",6416055519,6416,05551,8806416055519 ,8806416055519 ,641605551,6416,9,OK
8.80642E+12,이지엔6이브 30C,"5,800",6416055526,6416,05552,8806416055526 ,8806416055526 ,641605552,6416,6,OK
8.80642E+12,이지엔6 스트롱 연질캡슐 10C,"2,000",6416062210,6416,06221,8806416062210 ,8806416062210 ,641606221,6416,0,OK
8.80642E+12,코메키나 캡슐 10C,"3,000",6416064320,6416,06432,8806416064320 ,8806416064320 ,641606432,6416,0,OK
8.80642E+12,스타빅 20ml x 6P,"4,000",6416071731,6416,07173,8806416071731 ,8806416071731 ,641607173,6416,1,OK
8.80642E+12,이지엔6 나이트 연질캡슐 10C,"2,500",6416077719,6416,07771,8806416077719 ,8806416077719 ,641607771,6416,9,OK
8.80642E+12,이지엔6 에이스정 500mg 10T,"2,000",6416081815,6416,08181,8806416081815 ,8806416081815 ,641608181,6416,5,OK
8.80642E+12,[일양] 벌무덴 40ml,"4,800",6417005216,6417,00521,8806417005216 ,8806417005216 ,641700521,6417,6,OK
8.80642E+12,아미노피정[일양],"40,000",6417009825,6417,00982,8806417009825 ,8806417009825 ,641700982,6417,5,OK
8.80642E+12,알콤정4T,"3,000",6417011514,6417,01151,8806417011514 ,8806417011514 ,641701151,6417,4,OK
8.80642E+12,원비디100M,700,6417013013,6417,01301,8806417013013 ,8806417013013 ,641701301,6417,3,OK
8.80642E+12,진코텔정2박스,"70,000",6417021629,6417,02162,8806417021629 ,8806417021629 ,641702162,6417,9,OK
8.80642E+12,헤모콤액30V,"45,000",6417026617,6417,02661,8806417026617 ,8806417026617 ,641702661,6417,7,OK
8.80642E+12,헤모콤플러스연질120C,"40,000",6417026716,6417,02671,8806417026716 ,8806417026716 ,641702671,6417,6,OK
8.80642E+12,본엔디연질캡슐120C,"35,000",6417038313,6417,03831,8806417038313 ,8806417038313 ,641703831,6417,3,OK
8.80642E+12,혈강고카타플라스마6P,"2,500",6417043713,6417,04371,8806417043713 ,8806417043713 ,641704371,6417,3,OK
8.80642E+12,도담도담츄어블정240T,"30,000",6417044512,6417,04451,8806417044512 ,8806417044512 ,641704451,6417,2,OK
8.80642E+12,노루모듀얼액션현탁액4P,"3,000",6417046424,6417,04642,8806417046424 ,8806417046424 ,641704642,6417,4,OK
8.80642E+12,노루모듀얼액션현탁액10P,"7,000",6417046448,6417,04644,8806417046448 ,8806417046448 ,641704644,6417,8,OK
8.80642E+12,노루모에프내복액75ML,700,6417048619,6417,04861,8806417048619 ,8806417048619 ,641704861,6417,9,OK
8.80642E+12,두피나액30ML,"5,000",6417052616,6417,05261,8806417052616 ,8806417052616 ,641705261,6417,6,OK
8.80642E+12,일양경옥고60P,"99,000",6417055426,6417,05542,8806417055426 ,8806417055426 ,641705542,6417,6,OK
8.80642E+12,황력골드액100ML,"2,000",6417057710,6417,05771,8806417057710 ,8806417057710 ,641705771,6417,0,OK
8.80642E+12,애린쏙정10T,"2,000",6417057819,6417,05781,8806417057819 ,8806417057819 ,641705781,6417,9,OK
8.80642E+12,도담도담 트리플 비타액 60P,"45,000",6417057925,6417,05792,8806417057925 ,8806417057925 ,641705792,6417,5,OK
8.80642E+12,보나링스피드액5P,"3,000",6417062912,6417,06291,8806417062912 ,8806417062912 ,641706291,6417,2,OK
8.80642E+12,크로아존엔정10T,"2,000",6417063810,6417,06381,8806417063810 ,8806417063810 ,641706381,6417,0,OK
8.80642E+12,메코엠지프리미엄정120T,"45,000",6417064510,6417,06451,8806417064510 ,8806417064510 ,641706451,6417,0,OK
8.80642E+12,광동우황청심원(사향함유)(환제),"14,000",6418006519,6418,00651,8806418006519 ,8806418006519 ,641800651,6418,9,OK
8.80642E+12,광동 우황청심원-환/1丸(영묘향)(신),"9,900",6418006618,6418,00661,8806418006618 ,8806418006618 ,641800661,6418,8,OK
8.80642E+12,[광동] 우황청심원 현탁액(사향) 50ml,"13,000",6418006922,6418,00692,8806418006922 ,8806418006922 ,641800692,6418,2,OK
8.80642E+12,[광동] 우황청심원 현탁액(영묘향/갈색) 50ml,"7,000",6418007011,6418,00701,8806418007011 ,8806418007011 ,641800701,6418,1,OK
8.80642E+12,[광동] 우황청심원 현탁액(영묘향) 50ml,"7,000",6418007028,6418,00702,8806418007028 ,8806418007028 ,641800702,6418,8,OK
8.80642E+12,광동원탕 100ml,"1,000",6418007615,6418,00761,8806418007615 ,8806418007615 ,641800761,6418,5,OK
8.80642E+12,솔표쌍감탕액(갈근탕)(10입),"9,000",6418027736,6418,02773,8806418027736 ,8806418027736 ,641802773,6418,6,OK
8.80642E+12,[광동] 파워라센액 20ml x 30V,"100,000",6418031429,6418,03142,8806418031429 ,8806418031429 ,641803142,6418,9,OK
8.80642E+12,페리비타캡슐,"60,000",6418032228,6418,03222,8806418032228 ,8806418032228 ,641803222,6418,8,OK
8.80642E+12,센스리베정(PTP),"8,000",6418051915,6418,05191,8806418051915 ,8806418051915 ,641805191,6418,5,OK
8.80642E+12,벤포파워제트액(이중캡),"3,000",6418067510,6418,06751,8806418067510 ,8806418067510 ,641806751,6418,0,OK
8.80642E+12,평위천프라임액 75ml,"1,000",6418068111,6418,06811,8806418068111 ,8806418068111 ,641806811,6418,1,OK
8.80642E+12,센코딜에프 20T,"3,000",6418068722,6418,06872,8806418068722 ,8806418068722 ,641806872,6418,2,OK
8.80642E+12,큐아크네 플러스 15g,"9,000",6418069910,6418,06991,8806418069910 ,8806418069910 ,641806991,6418,0,OK
8.80642E+12,광동 공진단 30환,"1,300,000",6418073443,6418,07344,8806418073443 ,8806418073443 ,641807344,6418,3,OK
8.80642E+12,광동 공진단 90환,"3,750,000",6418073450,6418,07345,8806418073450 ,8806418073450 ,641807345,6418,0,OK
8.80642E+12,광동 인후엔 가글액 100ml,"3,000",6418074617,6418,07461,8806418074617 ,8806418074617 ,641807461,6418,7,OK
8.80642E+12,뉴브이 로토이엑스 12ml,"3,500",6419002435,6419,00243,8806419002435 ,8806419002435 ,641900243,6419,5,OK
8.80642E+12,로토 지파이 뉴 11ml,"4,000",6419004439,6419,00443,8806419004439 ,8806419004439 ,641900443,6419,9,OK
8.80642E+12,용각산 25g,"5,500",6419031312,6419,03131,8806419031312 ,8806419031312 ,641903131,6419,2,OK
8.80642E+12,용각산 55g,"11,000",6419031329,6419,03132,8806419031329 ,8806419031329 ,641903132,6419,9,OK
8.80642E+12,용각산쿨 복숭아향 50P,"16,000",6419031695,6419,03169,8806419031695 ,8806419031695 ,641903169,6419,5,OK
8.80642E+12,용각산쿨 민트향 50P,"16,000",6419031718,6419,03171,8806419031718 ,8806419031718 ,641903171,6419,8,OK
8.80642E+12,로토 씨큐브 아쿠아차지 아이 12ml,"4,000",6419056124,6419,05612,8806419056124 ,8806419056124 ,641905612,6419,4,OK
8.80642E+12,트란시노2 120T,"50,000",6419065119,6419,06511,8806419065119 ,8806419065119 ,641906511,6419,9,OK
8.80642E+12,누보클렌액 50ml,"3,000",6420000628,6420,00062,8806420000628 ,8806420000628 ,642000062,6420,8,OK
8.80642E+12,마이녹실액3% 60ml,"19,000",6420003216,6420,00321,8806420003216 ,8806420003216 ,642000321,6420,6,OK
8.80642E+12,마이녹실액3% 180ml,"40,000",6420003223,6420,00322,8806420003223 ,8806420003223 ,642000322,6420,3,OK
8.80642E+12,마이녹실액5% 60ml,"19,000",6420003315,6420,00331,8806420003315 ,8806420003315 ,642000331,6420,5,OK
8.80642E+12,마이녹실액5% 150ml,"30,000",6420003384,6420,00338,8806420003384 ,8806420003384 ,642000338,6420,4,OK
8.80642E+12,[현대] 물파스 에프 88ml,"3,500",6420012829,6420,01282,8806420012829 ,8806420012829 ,642001282,6420,9,OK
8.80642E+12,마이녹실겔5% 15g,"5,000",6420014335,6420,01433,8806420014335 ,8806420014335 ,642001433,6420,5,OK
8.80642E+12,버물리 키드 25g,"3,500",6420014427,6420,01442,8806420014427 ,8806420014427 ,642001442,6420,7,OK
8.80642E+12,[현대] 에어파스 맥스 200ml,"3,500",6420014595,6420,01459,8806420014595 ,8806420014595 ,642001459,6420,5,OK
8.80642E+12,마이녹실에스 180C,"55,000",6420019033,6420,01903,8806420019033 ,8806420019033 ,642001903,6420,3,OK
8.80642E+12,마이녹실에스 360C,"90,000",6420019040,6420,01904,8806420019040 ,8806420019040 ,642001904,6420,0,OK
8.80642E+12,루핑 0.5ml x 30관,"5,500",6420029926,6420,02992,8806420029926 ,8806420029926 ,642002992,6420,6,OK
8.80642E+12,마이녹실액5% 360ml,"55,000",6420035675,6420,03567,8806420035675 ,8806420035675 ,642003567,6420,5,OK
8.80642E+12,버물리 플라스타 42매,"5,000",6420038515,6420,03851,8806420038515 ,8806420038515 ,642003851,6420,5,OK
8.80642E+12,풋원겔 15g,"3,000",6420044516,6420,04451,8806420044516 ,8806420044516 ,642004451,6420,6,OK
8.80642E+12,유린타민캡슐 360C,"60,000",6420047852,6420,04785,8806420047852 ,8806420047852 ,642004785,6420,2,OK
8.80642E+12,마이녹실폼 에어로솔5% 60g,"15,000",6420052917,6420,05291,8806420052917 ,8806420052917 ,642005291,6420,7,OK
8.80642E+12,둥근머리 버물리 에스겔 35g,"3,500",6420053419,6420,05341,8806420053419 ,8806420053419 ,642005341,6420,9,OK
8.80642E+12,안티푸라민 에스로션(손흥민에디션) 100ml,"3,000",6421010220,6421,01022,8806421010220 ,8806421010220 ,642101022,6421,0,OK
8.80642E+12,안티푸라민 에스로션(손흥민에디션) 500ml,"11,000",6421010251,6421,01025,8806421010251 ,8806421010251 ,642101025,6421,1,OK
8.80642E+12,알마겔에프 15ml x 6P,"1,700",6421010756,6421,01075,8806421010756 ,8806421010756 ,642101075,6421,6,OK
8.80642E+12,코푸정 에스 10T,"2,500",6421023114,6421,02311,8806421023114 ,8806421023114 ,642102311,6421,4,OK
8.80642E+12,안티푸라민 파프 6매,"3,000",6421039436,6421,03943,8806421039436 ,8806421039436 ,642103943,6421,6,OK
8.80642E+12,안티푸라민 쿨 6매,"3,000",6421041330,6421,04133,8806421041330 ,8806421041330 ,642104133,6421,0,OK
8.80642E+12,덱스피드 10C,"2,500",6421041613,6421,04161,8806421041613 ,8806421041613 ,642104161,6421,3,OK
8.80642E+12,삐콤씨 100T,"22,000",6421042924,6421,04292,8806421042924 ,8806421042924 ,642104292,6421,4,OK
8.80642E+12,안티푸라민 한방 6매,"3,000",6421043013,6421,04301,8806421043013 ,8806421043013 ,642104301,6421,3,OK
8.80642E+12,래피콜노즈연질캡슐 10C,"2,000",6421044614,6421,04461,8806421044614 ,8806421044614 ,642104461,6421,4,OK
8.80642E+12,확펜 10C,"2,000",6421045116,6421,04511,8806421045116 ,8806421045116 ,642104511,6421,6,OK
8.80642E+12,젠텔정 2T,"1,100",6421050127,6421,05012,8806421050127 ,8806421050127 ,642105012,6421,7,OK
8.80642E+12,센스데이 21T,"6,000",6421050516,6421,05051,8806421050516 ,8806421050516 ,642105051,6421,6,OK
8.80642E+12,래피콜코프플러스연질캡슐 10C,"2,000",6421054118,6421,05411,8806421054118 ,8806421054118 ,642105411,6421,8,OK
8.80642E+12,코푸시럽에스 20ml x 12p,"3,800",6421055238,6421,05523,8806421055238 ,8806421055238 ,642105523,6421,8,OK
8.80642E+12,래피콜콜드연질캡슐 10C,"2,000",6421058918,6421,05891,8806421058918 ,8806421058918 ,642105891,6421,8,OK
8.80642E+12,라라올라 20ml x 30v,"60,000",6421061932,6421,06193,8806421061932 ,8806421061932 ,642106193,6421,2,OK
8.80642E+12,리버올라 20ml x 30V,"50,000",6421062328,6421,06232,8806421062328 ,8806421062328 ,642106232,6421,8,OK
8.80642E+12,래피콜케어 건조시럽 레몬향 12포,"10,000",6421062724,6421,06272,8806421062724 ,8806421062724 ,642106272,6421,4,OK
8.80642E+12,래피콜케어 건조시럽 히비스커스향 12포,"10,000",6421062748,6421,06274,8806421062748 ,8806421062748 ,642106274,6421,8,OK
8.80642E+12,콘택콜드캡슐 10C,"3,500",6421063714,6421,06371,8806421063714 ,8806421063714 ,642106371,6421,4,OK
8.80642E+12,아락실과립 8g,"20,000",6422014241,6422,01424,8806422014241 ,8806422014241 ,642201424,6422,1,OK
8.80642E+12,타벡스겔 50g,"9,000",6422021256,6422,02125,8806422021256 ,8806422021256 ,642202125,6422,6,OK
8.80642E+11,타벡스겔 50g,"9,000",642202156,6422,,880642202156 ,,,,TOO_SHORT,
8.80642E+12,아락실큐 20정,"3,500",6422024813,6422,02481,8806422024813 ,8806422024813 ,642202481,6422,3,OK
8.80642E+12,[부광] 클리스톤지 30g,"3,000",6422035727,6422,03572,8806422035727 ,8806422035727 ,642203572,6422,7,OK
8.80642E+12,코트리나,"3,000",6422044613,6422,04461,8806422044613 ,8806422044613 ,642204461,6422,3,OK
8.80642E+12,헥사메딘,"40,000",6422045443,6422,04544,8806422045443 ,8806422045443 ,642204544,6422,3,OK
8.80642E+12,위속엔 20정,"3,000",6422045528,6422,04552,8806422045528 ,8806422045528 ,642204552,6422,8,OK
8.80642E+12,쓸기담캅셀 50mg 60캡슐,"15,000",6423025116,6423,02511,8806423025116 ,8806423025116 ,642302511,6423,6,OK
8.80643E+12,까스활명수큐액 75ml,"1,000",6427000911,6427,00091,8806427000911 ,8806427000911 ,642700091,6427,1,OK
8.80643E+12,샤이닝 10T,"3,000",6427018510,6427,01851,8806427018510 ,8806427018510 ,642701851,6427,0,OK
8.80643E+12,잇치페이스트 120g,"8,800",6427026942,6427,02694,8806427026942 ,8806427026942 ,642702694,6427,2,OK
8.80643E+12,잇치 페이스트 피톤치드 150g,"11,000",6427026966,6427,02696,8806427026966 ,8806427026966 ,642702696,6427,6,OK
8.80643E+12,동화 판콜에스/30A,"15,000",6427035128,6427,03512,8806427035128 ,8806427035128 ,642703512,6427,8,OK
8.80643E+12,포스테리산 연고 25g,"6,000",6427036712,6427,03671,8806427036712 ,8806427036712 ,642703671,6427,2,OK
8.80643E+12,포스테리산 좌제 10개,"8,000",6427036828,6427,03682,8806427036828 ,8806427036828 ,642703682,6427,8,OK
8.80643E+12,동화 후시딘연고/5g,"4,800",6427039713,6427,03971,8806427039713 ,8806427039713 ,642703971,6427,3,OK
8.80643E+12,동화 후시딘연고/10g,"6,500",6427039720,6427,03972,8806427039720 ,8806427039720 ,642703972,6427,0,OK
8.80643E+12,아프타치정 10T,"6,000",6427041815,6427,04181,8806427041815 ,8806427041815 ,642704181,6427,5,OK
8.80643E+12,꼬마활명수액 10ml x 5개입,"4,000",6427064036,6427,06403,8806427064036 ,8806427064036 ,642706403,6427,6,OK
8.80643E+12,활명수유액 10ml x 5P,"4,000",6427065422,6427,06542,8806427065422 ,8806427065422 ,642706542,6427,2,OK
8.80643E+12,큐립연고 8g,"7,000",6427070914,6427,07091,8806427070914 ,8806427070914 ,642707091,6427,4,OK
8.80643E+12,큐립연고 마일드허브향 8g,"7,000",6427070921,6427,07092,8806427070921 ,8806427070921 ,642707092,6427,1,OK
8.80643E+12,소가프텐 10T,"2,000",6427071515,6427,07151,8806427071515 ,8806427071515 ,642707151,6427,5,OK
8.80643E+12,세비타비 18g,"8,000",6427071812,6427,07181,8806427071812 ,8806427071812 ,642707181,6427,2,OK
8.80643E+12,잇치페이스트 프로폴리스 140g,"14,000",6427073915,6427,07391,8806427073915 ,8806427073915 ,642707391,6427,5,OK
8.80643E+12,드라이언 30ml,"7,000",6427074615,6427,07461,8806427074615 ,8806427074615 ,642707461,6427,5,OK
8.80643E+12,화이투벤 노즈시럽 20ml x 5p,"2,500",6427075926,6427,07592,8806427075926 ,8806427075926 ,642707592,6427,6,OK
8.80643E+12,화이투벤 콜드시럽 20ml x 5p,"2,500",6427076022,6427,07602,8806427076022 ,8806427076022 ,642707602,6427,2,OK
8.80643E+12,화이투벤 코프시럽 20ml x 5p,"2,500",6427076121,6427,07612,8806427076121 ,8806427076121 ,642707612,6427,1,OK
8.80643E+12,화이투벤큐플러스 10C,"2,000",6427077913,6427,07791,8806427077913 ,8806427077913 ,642707791,6427,3,OK
8.80643E+12,화이투벤큐플러스 코프 10C,"2,000",6427078019,6427,07801,8806427078019 ,8806427078019 ,642707801,6427,9,OK
8.80643E+12,화이투벤큐플러스 노즈 10C,"2,000",6427078118,6427,07811,8806427078118 ,8806427078118 ,642707811,6427,8,OK
8.80643E+12,덴타포스 10C,"2,000",6428003010,6428,00301,8806428003010 ,8806428003010 ,642800301,6428,0,OK
8.80643E+12,비아핀 에멀젼 46.5g,"9,000",6428008114,6428,00811,8806428008114 ,8806428008114 ,642800811,6428,4,OK
8.80643E+12,콜로덤 에스액 10ml,"8,000",6428028518,6428,02851,8806428028518 ,8806428028518 ,642802851,6428,8,OK
8.80643E+12,하벤프레쉬나잘스프레이 15ml,"8,000",6428028617,6428,02861,8806428028617 ,8806428028617 ,642802861,6428,7,OK
8.80643E+12,하벤플러스 15ml,"8,000",6428028716,6428,02871,8806428028716 ,8806428028716 ,642802871,6428,6,OK
8.80643E+12,멀스토 2EA,"2,000",6428028921,6428,02892,8806428028921 ,8806428028921 ,642802892,6428,1,OK
8.80643E+12,더마큐 15g,"2,500",6429000810,6429,00081,8806429000810 ,8806429000810 ,642900081,6429,0,OK
8.80643E+12,더마큐 30g,"5,000",6429000827,6429,00082,8806429000827 ,8806429000827 ,642900082,6429,7,OK
8.80643E+12,덴큐 360T(병),"50,000",6429000933,6429,00093,8806429000933 ,8806429000933 ,642900093,6429,3,OK
8.80643E+12,세노바액(딸기향) 60ml,"4,000",6429007017,6429,00701,8806429007017 ,8806429007017 ,642900701,6429,7,OK
8.80643E+12,아로나민 골드 100T,"29,000",6429010024,6429,01002,8806429010024 ,8806429010024 ,642901002,6429,4,OK
8.80643E+12,아로나민 골드 300T,"88,000",6429010062,6429,01006,8806429010062 ,8806429010062 ,642901006,6429,2,OK
8.80643E+12,아로나민 씨플러스 100T,"32,000",6429010130,6429,01013,8806429010130 ,8806429010130 ,642901013,6429,0,OK
8.80643E+12,아로나민 씨플러스 300T,"85,000",6429010178,6429,01017,8806429010178 ,8806429010178 ,642901017,6429,8,OK
8.80643E+12,[일동] 엑소데릴 30ml,"6,000",6429017726,6429,01772,8806429017726 ,8806429017726 ,642901772,6429,6,OK
8.80643E+12,캐롤에프 10T,"2,000",6429020641,6429,02064,8806429020641 ,8806429020641 ,642902064,6429,1,OK
8.80643E+12,후루케어 200mg 10c,"2,500",6429026056,6429,02605,8806429026056 ,8806429026056 ,642902605,6429,6,OK
8.80643E+12,티로클 10g,"4,500",6429046627,6429,04662,8806429046627 ,8806429046627 ,642904662,6429,7,OK
8.80643E+12,아로나민 실버 프리미엄정 120T,"40,000",6429053212,6429,05321,8806429053212 ,8806429053212 ,642905321,6429,2,OK
8.80643E+12,무조라실쿨 20g,"6,000",6429058019,6429,05801,8806429058019 ,8806429058019 ,642905801,6429,9,OK
8.80643E+12,에너라민파워액,"150,000",6429059023,6429,05902,8806429059023 ,8806429059023 ,642905902,6429,3,OK
8.80643E+12,푸레파인 연고 28g,"6,500",6429059412,6429,05941,8806429059412 ,8806429059412 ,642905941,6429,2,OK
8.80643E+12,푸레파인 마일드 좌제 10T,"9,900",6429063921,6429,06392,8806429063921 ,8806429063921 ,642906392,6429,1,OK
8.80643E+12,푸레파인 마일드 연고 28g,"6,500",6429064010,6429,06401,8806429064010 ,8806429064010 ,642906401,6429,0,OK
8.80643E+12,아로나민 골드 프리미엄 120T,"50,000",6429065512,6429,06551,8806429065512 ,8806429065512 ,642906551,6429,2,OK
8.80643E+12,아로나민 골드 프리미엄 180T,"60,000",6429065536,6429,06553,8806429065536 ,8806429065536 ,642906553,6429,6,OK
8.80643E+12,엑세라민 엔,"60,000",6429068018,6429,06801,8806429068018 ,8806429068018 ,642906801,6429,8,OK
8.80643E+12,푸레파쎈600,"35,000",6429068810,6429,06881,8806429068810 ,8806429068810 ,642906881,6429,0,OK
8.80643E+12,콘센비타800,"60,000",6429068916,6429,06891,8806429068916 ,8806429068916 ,642906891,6429,6,OK
8.80643E+12,로이히츠보코 156매,"15,000",6429069015,6429,06901,8806429069015 ,8806429069015 ,642906901,6429,5,OK
8.80643E+12,판테놀케어 60g,"8,000",6429069718,6429,06971,8806429069718 ,8806429069718 ,642906971,6429,8,OK
8.80643E+12,푸레파스피드 24T,"12,000",6429070820,6429,07082,8806429070820 ,8806429070820 ,642907082,6429,0,OK
8.80643E+12,미녹시딜3% 200ml,"25,000",6432001316,6432,00131,8806432001316 ,8806432001316 ,643200131,6432,6,OK
8.80643E+12,미녹시딜5% 200ml,"25,000",6432001422,6432,00142,8806432001422 ,8806432001422 ,643200142,6432,2,OK
8.80643E+12,디퓨탭 10T,"2,500",6432002948,6432,00294,8806432002948 ,8806432002948 ,643200294,6432,8,OK
8.80643E+12,디퓨탭 30T,"6,000",6432002962,6432,00296,8806432002962 ,8806432002962 ,643200296,6432,2,OK
8.80643E+12,비가졸액 120ml,"7,000",6432005024,6432,00502,8806432005024 ,8806432005024 ,643200502,6432,4,OK
8.80643E+12,[동성] 쎄레론지 30g,"3,000",6432006014,6432,00601,8806432006014 ,8806432006014 ,643200601,6432,4,OK
8.80643E+12,유그린에프 50g,"5,000",6432008537,6432,00853,8806432008537 ,8806432008537 ,643200853,6432,7,OK
8.80643E+12,바로비크림 10g,"3,000",6432013517,6432,01351,8806432013517 ,8806432013517 ,643201351,6432,7,OK
8.80643E+12,바르핀쿨크림 20g,"7,000",6432027910,6432,02791,8806432027910 ,8806432027910 ,643202791,6432,0,OK
8.80643E+12,치스민 60C,"15,000",6432029716,6432,02971,8806432029716 ,8806432029716 ,643202971,6432,6,OK
8.80643E+12,정로환에프 100환,"5,500",6432029815,6432,02981,8806432029815 ,8806432029815 ,643202981,6432,5,OK
8.80643E+12,정로환에프 36T,"4,500",6432030224,6432,03022,8806432030224 ,8806432030224 ,643203022,6432,4,OK
8.80643E+12,디알클린 0.5ml*30,"7,000",6432030637,6432,03063,8806432030637 ,8806432030637 ,643203063,6432,7,OK
8.80643E+12,록소앤 튜브타입 50g,"7,000",6432033515,6432,03351,8806432033515 ,8806432033515 ,643203351,6432,5,OK
8.80643E+12,록소앤겔(롤온) 50g,"7,000",6432033522,6432,03352,8806432033522 ,8806432033522 ,643203352,6432,2,OK
8.80643E+12,바르핀케어네일라카 5ml,"15,000",6432034512,6432,03451,8806432034512 ,8806432034512 ,643203451,6432,2,OK
8.80643E+12,토스롱S 20ml x 5P,"3,000",6432034727,6432,03472,8806432034727 ,8806432034727 ,643203472,6432,7,OK
8.80643E+12,이엠지 스피드 더블액션 20ml x 5P,"8,000",6432035021,6432,03502,8806432035021 ,8806432035021 ,643203502,6432,1,OK
8.80643E+12,디클리어 25ml,"7,000",6432035113,6432,03511,8806432035113 ,8806432035113 ,643203511,6432,3,OK
8.80643E+12,젤콤정 500mg 1T,"1,000",6433025212,6433,02521,8806433025212 ,8806433025212 ,643302521,6433,2,OK
8.80643E+12,젤콤현탁액 15ml x 2P,"2,500",6433025328,6433,02532,8806433025328 ,8806433025328 ,643302532,6433,8,OK
8.80643E+12,펜잘큐 10T,"2,500",6433050214,6433,05021,8806433050214 ,8806433050214 ,643305021,6433,4,OK
8.80643E+12,류파프카타플라스마 6P,"3,000",6433052317,6433,05231,8806433052317 ,8806433052317 ,643305231,6433,7,OK
8.80643E+12,류파프카타플라스마(H-TYPE) 6P,"3,000",6433052324,6433,05232,8806433052324 ,8806433052324 ,643305232,6433,4,OK
8.80643E+12,모드코S 코감기 10C,"2,500",6433062811,6433,06281,8806433062811 ,8806433062811 ,643306281,6433,1,OK
8.80643E+12,모드콜S 종합감기 10C,"2,500",6433062910,6433,06291,8806433062910 ,8806433062910 ,643306291,6433,0,OK
8.80643E+12,모드콜S 종합감기 연질캡슐 20C,"4,000",6433062927,6433,06292,8806433062927 ,8806433062927 ,643306292,6433,7,OK
8.80643E+12,모드코프S 목감기 10C,"2,500",6433063016,6433,06301,8806433063016 ,8806433063016 ,643306301,6433,6,OK
8.80643E+12,프리페민 90T,"40,000",6433065928,6433,06592,8806433065928 ,8806433065928 ,643306592,6433,8,OK
8.80643E+12,낙센 250mg 10C,"2,000",6433069315,6433,06931,8806433069315 ,8806433069315 ,643306931,6433,5,OK
8.80643E+12,모드콜 콜드시럽(성인용) 15ml x 5P,"2,500",6433090425,6433,09042,8806433090425 ,8806433090425 ,643309042,6433,5,OK
8.80643E+12,모드콜 콜드시럽(소아용) 5ml x 10P,"2,500",6433090524,6433,09052,8806433090524 ,8806433090524 ,643309052,6433,4,OK
8.80643E+12,모드콜 코프시럽(성인용) 20ml x 5P,"2,500",6433090623,6433,09062,8806433090623 ,8806433090623 ,643309062,6433,3,OK
8.80643E+12,모드콜코프시럽(소아용) 5ml x 10P,"2,500",6433090722,6433,09072,8806433090722 ,8806433090722 ,643309072,6433,2,OK
8.80643E+12,모드콜로시럽 20ml x 5P,"3,500",6433092528,6433,09252,8806433092528 ,8806433092528 ,643309252,6433,8,OK
8.80643E+12,모드콜 노즈시럽(소아용) 5ml x 10P,"2,500",6433092627,6433,09262,8806433092627 ,8806433092627 ,643309262,6433,7,OK
8.80643E+12,포텐스틱 20ml x 5P,"7,500",6433092726,6433,09272,8806433092726 ,8806433092726 ,643309272,6433,6,OK
8.80643E+12,포텐스틱 20ml x 20P,"30,000",6433092733,6433,09273,8806433092733 ,8806433092733 ,643309273,6433,3,OK
8.80643E+12,모드콜 노즈시럽(성인용) 20ml x 5P,"2,500",6433092924,6433,09292,8806433092924 ,8806433092924 ,643309292,6433,4,OK
8.80643E+12,동의고 카타플라스마(8cmX12cm) 6P,"3,000",6433094218,6433,09421,8806433094218 ,8806433094218 ,643309421,6433,8,OK
8.80643E+12,브레이닝 60C,"30,000",6433094317,6433,09431,8806433094317 ,8806433094317 ,643309431,6433,7,OK
8.80643E+12,더마그램 100ml,"13,000",6433095710,6433,09571,8806433095710 ,8806433095710 ,643309571,6433,0,OK
8.80643E+12,더마그램 18g,"7,500",6433095819,6433,09581,8806433095819 ,8806433095819 ,643309581,6433,9,OK
8.80643E+12,모드콜 키즈펜시럽 5ml x 10P,"2,500",6433098926,6433,09892,8806433098926 ,8806433098926 ,643309892,6433,6,OK
8.80643E+12,장트라올라 30C,"7,000",6433099114,6433,09911,8806433099114 ,8806433099114 ,643309911,6433,4,OK
8.80643E+12,더마그램 30C,"9,000",6433099817,6433,09981,8806433099817 ,8806433099817 ,643309981,6433,7,OK
8.80643E+12,더마그램 피디알엔 10g,"30,000",6433101114,6433,10111,8806433101114 ,8806433101114 ,643310111,6433,4,OK
8.80643E+12,더마그램 피디알엔 크림 30g,"70,000",6433101121,6433,10112,8806433101121 ,8806433101121 ,643310112,6433,1,OK
8.80644E+12,히아로겔/ 15g(H.POP),"10,000",6435000712,6435,00071,8806435000712 ,8806435000712 ,643500071,6435,2,OK
8.80644E+12,눈앤점안액0.5%(1회용) / (0.5mL*5)*6(OTC),"9,000",6435002242,6435,00224,8806435002242 ,8806435002242 ,643500224,6435,2,OK
8.80644E+12,목시딜액5% 30mL,"7,000",6435010032,6435,01003,8806435010032 ,8806435010032 ,643501003,6435,2,OK
8.80644E+12,무조날 크림/ 15g(NEW),"5,000",6435010520,6435,01052,8806435010520 ,8806435010520 ,643501052,6435,0,OK
8.80644E+12,복합써스펜 좌약/ 10S(NEW),"10,000",6435011442,6435,01144,8806435011442 ,8806435011442 ,643501144,6435,2,OK
8.80644E+12,소하자임플러스정 10T(PTP)(NEW),"3,000",6435013217,6435,01321,8806435013217 ,8806435013217 ,643501321,6435,7,OK
8.80644E+12,텐텐츄정/ 120T(NEW),"17,000",6435015716,6435,01571,8806435015716 ,8806435015716 ,643501571,6435,6,OK
8.80644E+12,"케어가글액(무색, 박하향) 1000mL(약국용)","10,000",6435024541,6435,02454,8806435024541 ,8806435024541 ,643502454,6435,1,OK
8.80644E+12,"케어가글액(무색,사과향) 250ml(약국용)","4,000",6435024589,6435,02458,8806435024589 ,8806435024589 ,643502458,6435,9,OK
8.80644E+12,텐텐츄정 120T,"19,000",6435028839,6435,02883,8806435028839 ,8806435028839 ,643502883,6435,9,OK
8.80644E+12,파워겔/1.0g*5,"9,000",6435031747,6435,03174,8806435031747 ,8806435031747 ,643503174,6435,7,OK
8.80644E+12,프리비정/ 30T*2,"35,000",6435055316,6435,05531,8806435055316 ,8806435055316 ,643505531,6435,6,OK
8.80644E+12,코앤나잘스프레이 15mL(140회),"10,000",6435062116,6435,06211,8806435062116 ,8806435062116 ,643506211,6435,6,OK
8.80644E+12,장쾌락시럽 15mL*30P,"30,000",6435065117,6435,06511,8806435065117 ,8806435065117 ,643506511,6435,7,OK
8.80644E+12,무조날쿨크림 15g,"7,000",6435067210,6435,06721,8806435067210 ,8806435067210 ,643506721,6435,0,OK
8.80644E+12,목앤스프레이 20mL,"10,000",6435070913,6435,07091,8806435070913 ,8806435070913 ,643507091,6435,3,OK
8.80644E+12,안토시안 60C,"28,000",6435071248,6435,07124,8806435071248 ,8806435071248 ,643507124,6435,8,OK
8.80644E+12,코앤쿨나잘스프레이 20mL,"10,000",6435073914,6435,07391,8806435073914 ,8806435073914 ,643507391,6435,4,OK
8.80644E+12,까스앤프리츄정80밀리그램 12T(PTP),"4,000",6435074812,6435,07481,8806435074812 ,8806435074812 ,643507481,6435,2,OK
8.80644E+12,무조날에스네일라카 6mL,"25,000",6435079411,6435,07941,8806435079411 ,8806435079411 ,643507941,6435,1,OK
8.80644E+12,한미치쏙정600밀리그램 30T*2,"40,000",6435081725,6435,08172,8806435081725 ,8806435081725 ,643508172,6435,5,OK
8.80644E+12,눈앤큐 15mL,"4,000",6435087218,6435,08721,8806435087218 ,8806435087218 ,643508721,6435,8,OK
8.80644E+12,리렉스담정 10T,"2,000",6435087911,6435,08791,8806435087911 ,8806435087911 ,643508791,6435,1,OK
8.80644E+12,눈앤쿨 0.5ml x 30관,"8,000",6435088024,6435,08802,8806435088024 ,8806435088024 ,643508802,6435,4,OK
8.80644E+12,코앤쿨 에스 30ml,"8,000",6435088116,6435,08811,8806435088116 ,8806435088116 ,643508811,6435,6,OK
8.80644E+12,마그네비 스피드액 20ml x 5P,"6,000",6435088529,6435,08852,8806435088529 ,8806435088529 ,643508852,6435,9,OK
8.80644E+12,무조날맥스 5ml,"15,000",6435088710,6435,08871,8806435088710 ,8806435088710 ,643508871,6435,0,OK
8.80644E+12,써스펜 키즈시럽 6ml x 10P,"4,000",6435089526,6435,08952,8806435089526 ,8806435089526 ,643508952,6435,6,OK
8.80644E+12,맥시부펜노즈 12C,"4,000",6435089618,6435,08961,8806435089618 ,8806435089618 ,643508961,6435,8,OK
8.80644E+12,맥시부펜콜드 12C,"4,000",6435089915,6435,08991,8806435089915 ,8806435089915 ,643508991,6435,5,OK
8.80644E+12,맥시부펜코프 12C,"4,000",6435090010,6435,09001,8806435090010 ,8806435090010 ,643509001,6435,0,OK
8.80644E+12,노바손크림 30g,"3,000",6436003125,6436,00312,8806436003125 ,8806436003125 ,643600312,6436,5,OK
8.80644E+12,후시메드 10g,"3,000",6436008328,6436,00832,8806436008328 ,8806436008328 ,643600832,6436,8,OK
8.80644E+12,바스포 10g,"2,500",6436010611,6436,01061,8806436010611 ,8806436010611 ,643601061,6436,1,OK
8.80644E+12,탁센 10C,"2,000",6436016712,6436,01671,8806436016712 ,8806436016712 ,643601671,6436,2,OK
8.80644E+12,탁센 30C,"5,500",6436016736,6436,01673,8806436016736 ,8806436016736 ,643601673,6436,6,OK
8.80644E+12,페리덱스 6g,"3,000",6436017214,6436,01721,8806436017214 ,8806436017214 ,643601721,6436,4,OK
8.80644E+12,제놀한방 5매,"2,500",6436033115,6436,03311,8806436033115 ,8806436033115 ,643603311,6436,5,OK
8.80644E+12,써버쿨 키드크림 15g,"2,500",6436035713,6436,03571,8806436035713 ,8806436035713 ,643603571,6436,3,OK
8.80644E+12,쿨드림 10C,"2,000",6436036413,6436,03641,8806436036413 ,8806436036413 ,643603641,6436,3,OK
8.80644E+12,알러샷 10C,"2,500",6436044814,6436,04481,8806436044814 ,8806436044814 ,643604481,6436,4,OK
8.80644E+12,제놀쿨 5매,"2,000",6436049819,6436,04981,8806436049819 ,8806436049819 ,643604981,6436,9,OK
8.80644E+12,디어미 21T,"6,000",6436050211,6436,05021,8806436050211 ,8806436050211 ,643605021,6436,1,OK
8.80644E+12,탁센400 이부프로펜 10C,"2,000",6436051911,6436,05191,8806436051911 ,8806436051911 ,643605191,6436,1,OK
8.80644E+12,로시놀 더블액션 크림 20g,"3,000",6436052512,6436,05251,8806436052512 ,8806436052512 ,643605251,6436,2,OK
8.80644E+12,백초시럽 5ml x 10개,"5,000",6436056022,6436,05602,8806436056022 ,8806436056022 ,643605602,6436,2,OK
8.80644E+12,스카힐골드겔 20g,"10,000",6436057029,6436,05702,8806436057029 ,8806436057029 ,643605702,6436,9,OK
8.80644E+12,탁센 덱시부프로펜 10C,"2,000",6436058613,6436,05861,8806436058613 ,8806436058613 ,643605861,6436,3,OK
8.80644E+12,디어미순 28T,"7,500",6436058811,6436,05881,8806436058811 ,8806436058811 ,643605881,6436,1,OK
8.80644E+12,탁센레이디 10C,"2,000",6436062719,6436,06271,8806436062719 ,8806436062719 ,643606271,6436,9,OK
8.80644E+12,탁센레이디 30C,"5,500",6436062726,6436,06272,8806436062726 ,8806436062726 ,643606272,6436,6,OK
8.80644E+12,로시놀액 30ml,"4,000",6436063617,6436,06361,8806436063617 ,8806436063617 ,643606361,6436,7,OK
8.80644E+12,탁센 아세트아미노펜 500ml 10정,"2,000",6436065413,6436,06541,8806436065413 ,8806436065413 ,643606541,6436,3,OK
8.80644E+12,써버쿨 에스 50ml,"4,000",6436067110,6436,06711,8806436067110 ,8806436067110 ,643606711,6436,0,OK
8.80644E+12,그린노즈플러스 10C,"2,500",6436067219,6436,06721,8806436067219 ,8806436067219 ,643606721,6436,9,OK
8.80644E+12,덴드로프쿨 120ml,"8,000",6438000429,6438,00042,8806438000429 ,8806438000429 ,643800042,6438,9,OK
8.80644E+12,스카덤겔 20g,"11,000",6438002119,6438,00211,8806438002119 ,8806438002119 ,643800211,6438,9,OK
8.80644E+12,[신신] 물파스 에스 90ml,"3,000",6438003321,6438,00332,8806438003321 ,8806438003321 ,643800332,6438,1,OK
8.80644E+12,[신신] 물파스 에스 120ml,"4,000",6438003352,6438,00335,8806438003352 ,8806438003352 ,643800335,6438,2,OK
8.80644E+12,티눈고 혼합형 2매,"4,000",6438003918,6438,00391,8806438003918 ,8806438003918 ,643800391,6438,8,OK
8.80644E+12,티눈밴드 8매,"3,000",6438004014,6438,00401,8806438004014 ,8806438004014 ,643800401,6438,4,OK
8.80644E+12,티눈밴드 발바닥형 6매,"3,000",6438004069,6438,00406,8806438004069 ,8806438004069 ,643800406,6438,9,OK
8.80644E+12,신신 티눈액(붓타입) 10ml,"4,000",6438004113,6438,00411,8806438004113 ,8806438004113 ,643800411,6438,3,OK
8.80644E+12,[신신] 신형) 아렉스 중형 10매,"2,800",6438004519,6438,00451,8806438004519 ,8806438004519 ,643800451,6438,9,OK
8.80644E+12,유라덤 50g,"4,000",6438007022,6438,00702,8806438007022 ,8806438007022 ,643800702,6438,2,OK
8.80644E+12,[신신] 케토크린 7매,"1,800",6438008036,6438,00803,8806438008036 ,8806438008036 ,643800803,6438,6,OK
8.80644E+12,노스엣 30ml,"8,000",6438012316,6438,01231,8806438012316 ,8806438012316 ,643801231,6438,6,OK
8.80644E+12,버래물(롤타입) 50ml,"3,000",6438012811,6438,01281,8806438012811 ,8806438012811 ,643801281,6438,1,OK
8.80644E+12,신신 아시클로버크림 10g,"3,000",6438015324,6438,01532,8806438015324 ,8806438015324 ,643801532,6438,4,OK
8.80644E+12,노스엣 센스 30ml,"8,000",6438016116,6438,01611,8806438016116 ,8806438016116 ,643801611,6438,6,OK
8.80644E+12,물린디키드 15g,"4,000",6438019919,6438,01991,8806438019919 ,8806438019919 ,643801991,6438,9,OK
8.80644E+12,[신신] 세라덤 30g,"3,000",6438020038,6438,02003,8806438020038 ,8806438020038 ,643802003,6438,8,OK
8.80644E+12,몽푸로겔,"6,000",6438020519,6438,02051,8806438020519 ,8806438020519 ,643802051,6438,9,OK
8.80644E+12,나오덤크림 20g,"3,000",6438021332,6438,02133,8806438021332 ,8806438021332 ,643802133,6438,2,OK
8.80644E+12,무조무알파 에어로솔 60g,"6,000",6438022315,6438,02231,8806438022315 ,8806438022315 ,643802231,6438,5,OK
8.80644E+12,무조무알파 에어로솔 120g,"9,500",6438022339,6438,02233,8806438022339 ,8806438022339 ,643802233,6438,9,OK
8.80644E+12,무조무원스 5g x 2EA,"15,000",6438026726,6438,02672,8806438026726 ,8806438026726 ,643802672,6438,6,OK
8.80644E+12,[신신] 찜파스 8매,"3,000",6438027013,6438,02701,8806438027013 ,8806438027013 ,643802701,6438,3,OK
8.80644E+12,록소크린 플라스타 10매,"3,000",6438027426,6438,02742,8806438027426 ,8806438027426 ,643802742,6438,6,OK
8.80644E+12,록소크린 12매,"3,000",6438027433,6438,02743,8806438027433 ,8806438027433 ,643802743,6438,3,OK
8.80644E+12,스카덤 클리어 20g,"12,000",6438029925,6438,02992,8806438029925 ,8806438029925 ,643802992,6438,5,OK
8.80644E+12,[신신] 플렉스 아렉스마일드 6매,"4,000",6438031225,6438,03122,8806438031225 ,8806438031225 ,643803122,6438,5,OK
8.80644E+12,신신 삼소음액 75ml x 10포,"9,000",6438031522,6438,03152,8806438031522 ,8806438031522 ,643803152,6438,2,OK
8.80644E+12,신신 갈근탕액 75ml x 10포,"9,000",6438031621,6438,03162,8806438031621 ,8806438031621 ,643803162,6438,1,OK
8.80644E+12,신신 쌍화탕액 75ml x 10포,"9,000",6438031720,6438,03172,8806438031720 ,8806438031720 ,643803172,6438,0,OK
8.80644E+12,신신 소청룡탕액 75ml x 10포,"9,000",6438031829,6438,03182,8806438031829 ,8806438031829 ,643803182,6438,9,OK
8.80644E+12,[신신] 아렉스 로션 100ml,"4,500",6438032918,6438,03291,8806438032918 ,8806438032918 ,643803291,6438,8,OK
8.80644E+12,미야리산 70g,"25,000",6438033717,6438,03371,8806438033717 ,8806438033717 ,643803371,6438,7,OK
8.80644E+12,[신신] 플렉스 캐네펜 6매,"4,000",6438034424,6438,03442,8806438034424 ,8806438034424 ,643803442,6438,4,OK
8.80644E+12,물린디쿨 50ml,"4,000",6438035216,6438,03521,8806438035216 ,8806438035216 ,643803521,6438,6,OK
8.80644E+12,티눈밴드S 8매,"5,000",6438035315,6438,03531,8806438035315 ,8806438035315 ,643803531,6438,5,OK
8.80644E+12,티눈밴드S 발바닥형 6매,"5,000",6438035339,6438,03533,8806438035339 ,8806438035339 ,643803533,6438,9,OK
8.80644E+12,[신신] 디클로맥스 6매,"4,000",6438037012,6438,03701,8806438037012 ,8806438037012 ,643803701,6438,2,OK
8.80644E+12,아크덤겔 30g,"8,000",6438037210,6438,03721,8806438037210 ,8806438037210 ,643803721,6438,0,OK
8.80644E+12,신신플렉스 10T,"2,000",6438037418,6438,03741,8806438037418 ,8806438037418 ,643803741,6438,8,OK
8.80644E+12,[신신] 플렉스 한방 6매,"4,000",6438037913,6438,03791,8806438037913 ,8806438037913 ,643803791,6438,3,OK
8.80644E+12,디클로맥스겔 80g,"9,000",6438038514,6438,03851,8806438038514 ,8806438038514 ,643803851,6438,4,OK
8.80644E+12,무조무네일외용액 6ml,"8,000",6438039016,6438,03901,8806438039016 ,8806438039016 ,643803901,6438,6,OK
8.80644E+12,삼일 어린이 부루펜시럽 90ml,"6,000",6439009117,6439,00911,8806439009117 ,8806439009117 ,643900911,6439,7,OK
8.80644E+12,티어실 에어로솔 60g,"7,000",6439036113,6439,03611,8806439036113 ,8806439036113 ,643903611,6439,3,OK
8.80644E+12,노보민시럽(성인용) 2P,"2,000",6440000820,6440,00082,8806440000820 ,8806440000820 ,644000082,6440,0,OK
8.80644E+12,소보민시럽(어린이용) 2P,"2,000",6440039721,6440,03972,8806440039721 ,8806440039721 ,644003972,6440,1,OK
8.80645E+12,리보테인 정 30c,"5,000",6446001951,6446,00195,8806446001951 ,8806446001951 ,644600195,6446,1,OK
8.80645E+12,리보테인 100T,"15,000",6446001968,6446,00196,8806446001968 ,8806446001968 ,644600196,6446,8,OK
8.80645E+12,디오스민 60C,"23,000",6446010021,6446,01002,8806446010021 ,8806446010021 ,644601002,6446,1,OK
8.80645E+12,훼마틴 에이 10ml x 30P,"55,000",6446015620,6446,01562,8806446015620 ,8806446015620 ,644601562,6446,0,OK
8.80645E+12,엘라스에이 7ml x 10V,"45,000",6446023526,6446,02352,8806446023526 ,8806446023526 ,644602352,6446,6,OK
8.80645E+12,헤파토스 시럽 200ml*3v,"8,000",6446042046,6446,04204,8806446042046 ,8806446042046 ,644604204,6446,6,OK
8.80645E+12,조은아이 400ml,"30,000",6446042510,6446,04251,8806446042510 ,8806446042510 ,644604251,6446,0,OK
8.80645E+12,엘레멘 에프시럽 50ml,"5,500",6446043012,6446,04301,8806446043012 ,8806446043012 ,644604301,6446,2,OK
8.80645E+12,조은아이 엠플러스 400ml,"35,000",6446043715,6446,04371,8806446043715 ,8806446043715 ,644604371,6446,5,OK
8.80645E+12,자하골드액 20ml x 30V,"100,000",6446045122,6446,04512,8806446045122 ,8806446045122 ,644604512,6446,2,OK
8.80645E+12,자하골드액 20ml x 60V,"170,000",6446045139,6446,04513,8806446045139 ,8806446045139 ,644604513,6446,9,OK
8.80645E+12,트라스트,"20,000",6447022283,6447,02228,8806447022283 ,8806447022283 ,644702228,6447,3,OK
8806448002215 8806448002215,노비프록스,"9,000",64480022158806448002215,6448,00221,88064480022158806448002215,8806448002215 ,644800221,6448,5,OK
8.80645E+12,도미나크림 60g,"40,000",6448003113,6448,00311,8806448003113 ,8806448003113 ,644800311,6448,3,OK
8806448003113 8806448003113,도미나크림 60g,"40,000",64480031138806448003113,6448,00311,88064480031138806448003113,8806448003113 ,644800311,6448,3,OK
8.80645E+12,도미나크림 50g,"38,000",6448003168,6448,00316,8806448003168 ,8806448003168 ,644800316,6448,8,OK
8806448003168 8806448003168,도미나크림 50g,"38,000",64480031688806448003168,6448,00316,88064480031688806448003168,8806448003168 ,644800316,6448,8,OK
8806448006510 8806448006510,메카인정 2정*50,900,64480065108806448006510,6448,00651,88064480065108806448006510,8806448006510 ,644800651,6448,0,OK
8.80645E+12,박트리안,"3,000",6448009016,6448,00901,8806448009016 ,8806448009016 ,644800901,6448,6,OK
8806448009016 8806448009016,박트리안,"4,000",64480090168806448009016,6448,00901,88064480090168806448009016,8806448009016 ,644800901,6448,6,OK
8.80645E+12,베이덤연고 50g,"3,000",6448009412,6448,00941,8806448009412 ,8806448009412 ,644800941,6448,2,OK
8806448009412 8806448009412,베이덤연고 50g,"4,000",64480094128806448009412,6448,00941,88064480094128806448009412,8806448009412 ,644800941,6448,2,OK
8.80645E+12,벤트락스겔 20g,"14,000",6448009641,6448,00964,8806448009641 ,8806448009641 ,644800964,6448,1,OK
8806448009641 8806448009641,벤트락스겔 20g,"14,000",64480096418806448009641,6448,00964,88064480096418806448009641,8806448009641 ,644800964,6448,1,OK
8.80645E+12,아비나파스타,"4,000",6448012313,6448,01231,8806448012313 ,8806448012313 ,644801231,6448,3,OK
8806448012313 8806448012313,아비나파스타,"4,000",64480123138806448012313,6448,01231,88064480123138806448012313,8806448012313 ,644801231,6448,3,OK
8806448014713 8806448014713,엘린플러스크림,"4,000",64480147138806448014713,6448,01471,88064480147138806448014713,8806448014713 ,644801471,6448,3,OK
8806448016427 8806448016427,제올라S액,"4,000",64480164278806448016427,6448,01642,88064480164278806448016427,8806448016427 ,644801642,6448,7,OK
8806448016519 8806448016519,제올라크림,"3,000",64480165198806448016519,6448,01651,88064480165198806448016519,8806448016519 ,644801651,6448,9,OK
8.80645E+12,아즈렌S크림 30g,"5,000",6448022718,6448,02271,8806448022718 ,8806448022718 ,644802271,6448,8,OK
8806448022718 8806448022718,아즈렌S크림 30g,"5,000",64480227188806448022718,6448,02271,88064480227188806448022718,8806448022718 ,644802271,6448,8,OK
8806448030911 8806448030911,하이로손 20g,"2,500",64480309118806448030911,6448,03091,88064480309118806448030911,8806448030911 ,644803091,6448,1,OK
8806448033028 8806448033028,벤트플라겔 15g,"7,000",64480330288806448033028,6448,03302,88064480330288806448033028,8806448033028 ,644803302,6448,8,OK
8806448039938 8806448039938,이클린탁스130g,"8,000",64480399388806448039938,6448,03993,88064480399388806448039938,8806448039938 ,644803993,6448,8,OK
8.80645E+12,티트로신 10g,"4,000",6448046622,6448,04662,8806448046622 ,8806448046622 ,644804662,6448,2,OK
8806448046622 8806448046622,티트로신 10g,"4,000",64480466228806448046622,6448,04662,88064480466228806448046622,8806448046622 ,644804662,6448,2,OK
8.80645E+12,목앤탁인후스프레이 30ml,"7,000",6448055419,6448,05541,8806448055419 ,8806448055419 ,644805541,6448,9,OK
8806448055419 8806448055419,목앤탁인후스프레이 30ml,"7,000",64480554198806448055419,6448,05541,88064480554198806448055419,8806448055419 ,644805541,6448,9,OK
8.80645E+12,태극우레아연고,"5,000",6448057314,6448,05731,8806448057314 ,8806448057314 ,644805731,6448,4,OK
8806448057314 8806448057314,태극우레아연고,"5,000",64480573148806448057314,6448,05731,88064480573148806448057314,8806448057314 ,644805731,6448,4,OK
8806448058823 8806448058823,아크스카클리어겔 20g,"10,000",64480588238806448058823,6448,05882,88064480588238806448058823,8806448058823 ,644805882,6448,3,OK
8806448059615 8806448059615,비오딜정 30정*2,"30,000",64480596158806448059615,6448,05961,88064480596158806448059615,8806448059615 ,644805961,6448,5,OK
8806448064510 8806448064510,미녹시딜바이그루트액3%,"30,000",64480645108806448064510,6448,06451,88064480645108806448064510,8806448064510 ,644806451,6448,0,OK
8806448064633 8806448064633,미녹시딜바이그루트액 5%,"30,000",64480646338806448064633,6448,06463,88064480646338806448064633,8806448064633 ,644806463,6448,3,OK
8.80645E+12,아크클리어크림 20g,"10,000",6448065821,6448,06582,8806448065821 ,8806448065821 ,644806582,6448,1,OK
8806448065821 8806448065821,아크클리어겔 20g,"10,000",64480658218806448065821,6448,06582,88064480658218806448065821,8806448065821 ,644806582,6448,1,OK
8.80645E+12,도미나라이트크림 40g,"20,000",6448066156,6448,06615,8806448066156 ,8806448066156 ,644806615,6448,6,OK
8806448066156 8806448066156,도미나라이트크림 40g,"20,000",64480661568806448066156,6448,06615,88064480661568806448066156,8806448066156 ,644806615,6448,6,OK
8.80645E+12,메타리빈 (핑크퐁),"6,000",6448067214,6448,06721,8806448067214 ,8806448067214 ,644806721,6448,4,OK
8806448067214 8806448067214,메타리빈 (핑크퐁),"6,000",64480672148806448067214,6448,06721,88064480672148806448067214,8806448067214 ,644806721,6448,4,OK
8.80645E+12,프렌즈 아이드롭 쿨 14ml,"4,000",6449043149,6449,04314,8806449043149 ,8806449043149 ,644904314,6449,9,OK
8.80645E+12,프렌즈 아이드롭 순 14ml,"4,000",6449043156,6449,04315,8806449043156 ,8806449043156 ,644904315,6449,6,OK
8.80645E+12,프렌즈 아이드롭 쿨하이 14ml,"4,000",6449043163,6449,04316,8806449043163 ,8806449043163 ,644904316,6449,3,OK
8.80645E+12,훼럼키드액 60ml,"13,000",6449047147,6449,04714,8806449047147 ,8806449047147 ,644904714,6449,7,OK
8.80645E+12,화콜씨 코프연질캡슐 10C,"2,500",6449141517,6449,14151,8806449141517 ,8806449141517 ,644914151,6449,7,OK
8.80645E+12,화콜씨 노즈연질캡슐 10C,"2,500",6449141616,6449,14161,8806449141616 ,8806449141616 ,644914161,6449,6,OK
8.80645E+12,화콜씨 콜드 10C,"2,500",6449141715,6449,14171,8806449141715 ,8806449141715 ,644914171,6449,5,OK
8.80645E+12,노블루 20g,"9,000",6449143610,6449,14361,8806449143610 ,8806449143610 ,644914361,6449,0,OK
8.80645E+12,베베클 20ml,"5,500",6449147915,6449,14791,8806449147915 ,8806449147915 ,644914791,6449,5,OK
8.80645E+12,마이드롭 0.5ml x 30EA,"10,000",6449148929,6449,14892,8806449148929 ,8806449148929 ,644914892,6449,9,OK
8.80645E+12,가네톡액 15ml x 22P,"25,000",6449149148,6449,14914,8806449149148 ,8806449149148 ,644914914,6449,8,OK
8.80645E+12,프렌즈 아이드롭 아이스 14ml,"4,000",6449151615,6449,15161,8806449151615 ,8806449151615 ,644915161,6449,5,OK
8.80645E+12,스벨트 720T(360T x 2EA),"80,000",6452041545,6452,04154,8806452041545 ,8806452041545 ,645204154,6452,5,OK
8.80645E+12,다제스 10C,"2,500",6453001616,6453,00161,8806453001616 ,8806453001616 ,645300161,6453,6,OK
8.80645E+12,다제스 30C,"6,500",6453001685,6453,00168,8806453001685 ,8806453001685 ,645300168,6453,5,OK
8.80645E+12,[한림] 큐티스점안액 15ml,"2,000",6453017723,6453,01772,8806453017723 ,8806453017723 ,645301772,6453,3,OK
8.80645E+12,[한림] 포티텐점안액 15ml,"3,000",6453021423,6453,02142,8806453021423 ,8806453021423 ,645302142,6453,3,OK
8.80645E+12,맥스클리어 0.5ml x 30관,"7,000",6453058429,6453,05842,8806453058429 ,8806453058429 ,645305842,6453,9,OK
8.80645E+12,나조린 0.5ml x 10관,"2,000",6453062525,6453,06252,8806453062525 ,8806453062525 ,645306252,6453,5,OK
8.80646E+12,[일양] 플록펜 첩부제 10매,"3,000",6456060221,6456,06022,8806456060221 ,8806456060221 ,645606022,6456,1,OK
8.80646E+12,한솔 금왕심단(천왕보심단) 60P(30P x 2EA),"40,000",6458000331,6458,00033,8806458000331 ,8806458000331 ,645800033,6458,1,OK
8.80646E+12,[한솔]기가천과립 60P,"20,000",6458000447,6458,00044,8806458000447 ,8806458000447 ,645800044,6458,7,OK
8.80646E+12,마이에신정[한솔] 10T,"2,000",6458001017,6458,00101,8806458001017 ,8806458001017 ,645800101,6458,7,OK
8.80646E+12,한솔 맥기천(맥문동탕) 60P,"20,000",6458001147,6458,00114,8806458001147 ,8806458001147 ,645800114,6458,7,OK
8.80646E+12,[한솔] 미네르바 30P,"20,000",6458001222,6458,00122,8806458001222 ,8806458001222 ,645800122,6458,2,OK
8.80646E+12,한솔 브루나(당귀수산) 60P,"20,000",6458001857,6458,00185,8806458001857 ,8806458001857 ,645800185,6458,7,OK
8.80646E+12,한솔 상위정(반하사심탕),"20,000",6458002045,6458,00204,8806458002045 ,8806458002045 ,645800204,6458,5,OK
8.80646E+12,한솔 생위단(연라환),"80,000",6458002328,6458,00232,8806458002328 ,8806458002328 ,645800232,6458,8,OK
8.80646E+12,한솔 숙치환(삼황지출환) 60포,"20,000",6458002427,6458,00242,8806458002427 ,8806458002427 ,645800242,6458,7,OK
8.80646E+12,한솔 연통환(강활유풍탕),"80,000",6458002830,6458,00283,8806458002830 ,8806458002830 ,645800283,6458,0,OK
8.80646E+12,한솔 연통환(강활유풍탕),"80,000",6458002844,6458,00284,8806458002844 ,8806458002844 ,645800284,6458,4,OK
8.80646E+12,한솔 옥미인단(청혈온보단),"80,000",6458002936,6458,00293,8806458002936 ,8806458002936 ,645800293,6458,6,OK
8.80646E+12,[한솔]작감정 10T,"2,000",6458003219,6458,00321,8806458003219 ,8806458003219 ,645800321,6458,9,OK
8.80646E+12,작감정 500mg 20T,"3,500",6458003226,6458,00322,8806458003226 ,8806458003226 ,645800322,6458,6,OK
8.80646E+12,정정보환(온신산) 120P,"100,000",6458003592,6458,00359,8806458003592 ,8806458003592 ,645800359,6458,2,OK
8.80646E+12,한솔 청상기가환(청상보하환),"40,000",6458003820,6458,00382,8806458003820 ,8806458003820 ,645800382,6458,0,OK
8.80646E+12,한솔 청상기가환(청상보하환),"40,000",6458003834,6458,00383,8806458003834 ,8806458003834 ,645800383,6458,4,OK
8.80646E+12,한솔 치위환,"40,000",6458003929,6458,00392,8806458003929 ,8806458003929 ,645800392,6458,9,OK
8.80646E+12,[한솔]쾌비정 60포,"20,000",6458004148,6458,00414,8806458004148 ,8806458004148 ,645800414,6458,8,OK
8.80646E+12,한솔 패감산(인삼패독산) 60P,"20,000",6458004247,6458,00424,8806458004247 ,8806458004247 ,645800424,6458,7,OK
8.80646E+12,한솔 갈근탕 60P,"20,000",6458004742,6458,00474,8806458004742 ,8806458004742 ,645800474,6458,2,OK
8.80646E+12,한솔 해농정(배농산급탕) 240정,"20,000",6458013546,6458,01354,8806458013546 ,8806458013546 ,645801354,6458,6,OK
8.80646E+12,해농정[한솔] 10T,"2,000",6458013553,6458,01355,8806458013553 ,8806458013553 ,645801355,6458,3,OK
8.80646E+12,[한솔]행기탕과립 60P,"20,000",6458013744,6458,01374,8806458013744 ,8806458013744 ,645801374,6458,4,OK
8.80646E+12,한솔 황간정(황련해독탕) 60P,"24,000",6458013935,6458,01393,8806458013935 ,8806458013935 ,645801393,6458,5,OK
8.80646E+12,[한솔]넥스콜환(은교산환) 60P,"20,000",6458014529,6458,01452,8806458014529 ,8806458014529 ,645801452,6458,9,OK
8.80646E+12,한솔 위평원(반하사심탕) 60P,"20,000",6458014727,6458,01472,8806458014727 ,8806458014727 ,645801472,6458,7,OK
8.80646E+12,[일양] 세티스 10T,"1,500",6458014819,6458,01481,8806458014819 ,8806458014819 ,645801481,6458,9,OK
8.80646E+12,[일양] 아시클로버크림 5g,"2,000",6458026317,6458,02631,8806458026317 ,8806458026317 ,645802631,6458,7,OK
8.80646E+12,[일양] 노바론크림 30g,"3,000",6458026515,6458,02651,8806458026515 ,8806458026515 ,645802651,6458,5,OK
8.80646E+12,[일양] 쎄레톤 35g,"3,000",6458026621,6458,02662,8806458026621 ,8806458026621 ,645802662,6458,1,OK
8.80646E+12,[알피바이오]제로민 연질캡슐 10C,"1,800",6458027819,6458,02781,8806458027819 ,8806458027819 ,645802781,6458,9,OK
8.80646E+12,[알피바이오]한솔 이부프로펜 10C,"1,500",6458034817,6458,03481,8806458034817 ,8806458034817 ,645803481,6458,7,OK
8.80646E+12,티나케어점안액[바이넥스],"3,000",6458035050,6458,03505,8806458035050 ,8806458035050 ,645803505,6458,0,OK
8.80646E+12,[한솔] 소체환 120P,"30,000",6458040528,6458,04052,8806458040528 ,8806458040528 ,645804052,6458,8,OK
8.80646E+12,[일양] 락토딘 10C,"2,000",6458041112,6458,04111,8806458041112 ,8806458041112 ,645804111,6458,2,OK
8.80646E+12,기가파워[알피바이오] 10C,"1,800",6458041518,6458,04151,8806458041518 ,8806458041518 ,645804151,6458,8,OK
8.80646E+12,넥크린(향성파적환)[한솔] 6P,"2,500",6458042027,6458,04202,8806458042027 ,8806458042027 ,645804202,6458,7,OK
8.80646E+12,한솔 은교산 5p,"3,000",6458042423,6458,04242,8806458042423 ,8806458042423 ,645804242,6458,3,OK
8.80646E+12,한솔 용담사간탕엑스과립-스틱,"2,500",6458042522,6458,04252,8806458042522 ,8806458042522 ,645804252,6458,2,OK
8.80646E+12,트리븐정[한솔] 10T,"2,000",6458044212,6458,04421,8806458044212 ,8806458044212 ,645804421,6458,2,OK
8.80646E+12,[한솔] 렉스펜에스 10T,"2,000",6458044335,6458,04433,8806458044335 ,8806458044335 ,645804433,6458,5,OK
8.80646E+12,카네마졸 질정 100mg 6EA,"3,000",6459026026,6459,02602,8806459026026 ,8806459026026 ,645902602,6459,6,OK
8.80647E+12,위드원엘 6P,"5,000",6470002924,6470,00292,8806470002924 ,8806470002924 ,647000292,6470,4,OK
8.80647E+12,미니온 96P,"9,000",6470003129,6470,00312,8806470003129 ,8806470003129 ,647000312,6470,9,OK
8.80647E+12,안티포스연고[일양],"3,000",6470004935,6470,00493,8806470004935 ,8806470004935 ,647000493,6470,5,OK
8.80647E+12,안티클로크림[일양],"4,000",6470007110,6470,00711,8806470007110 ,8806470007110 ,647000711,6470,0,OK
8.80647E+12,알벤다졸정[HLB],800,6473007551,6473,00755,8806473007551 ,8806473007551 ,647300755,6473,1,OK
8.80647E+12,[HLB] 피록시캄겔 50g,"6,000",6473007858,6473,00785,8806473007858 ,8806473007858 ,647300785,6473,8,OK
8.80647E+12,지노베타딘 질좌제 10EA,"9,000",6473009517,6473,00951,8806473009517 ,8806473009517 ,647300951,6473,7,OK
8.80647E+12,[HLB] 프라맥스크림 35g,"5,000",6473011725,6473,01172,8806473011725 ,8806473011725 ,647301172,6473,5,OK
8.80647E+12,[HLB] 클리마졸 질정 6T,"2,500",6473027818,6473,02781,8806473027818 ,8806473027818 ,647302781,6473,8,OK
8.80647E+12,[HLB] 프라맥스 10T,"7,000",6473041319,6473,04131,8806473041319 ,8806473041319 ,647304131,6473,9,OK
8.80648E+12,자하생력액 20ml x 40V,"120,000",6476011555,6476,01155,8806476011555 ,8806476011555 ,647601155,6476,5,OK
8.80648E+12,자하생력액 20ml x 80V,"230,000",6476011579,6476,01157,8806476011579 ,8806476011579 ,647601157,6476,9,OK
8.80648E+12,경남비타민씨 300T,"18,000",6476017526,6476,01752,8806476017526 ,8806476017526 ,647601752,6476,6,OK
8.80648E+12,트라부틴 100mg 10T,"2,000",6476027518,6476,02751,8806476027518 ,8806476027518 ,647602751,6476,8,OK
8.80648E+12,미놀에프 페퍼민트맛 12T,"4,000",6476030112,6476,03011,8806476030112 ,8806476030112 ,647603011,6476,2,OK
8.80648E+12,미놀에프 복숭아맛 12T,"4,000",6476030181,6476,03018,8806476030181 ,8806476030181 ,647603018,6476,1,OK
8.80648E+12,경남나프록센 10C,"1,500",6476032710,6476,03271,8806476032710 ,8806476032710 ,647603271,6476,0,OK
8.80648E+12,피엠네일라카 6ml,"8,000",6476033427,6476,03342,8806476033427 ,8806476033427 ,647603342,6476,7,OK
8.80648E+12,피엠외용액 50ml,"5,000",6476035018,6476,03501,8806476035018 ,8806476035018 ,647603501,6476,8,OK
8.80648E+12,비타메드 레모나(카카오) 3g x 10P,"2,500",6476037326,6476,03732,8806476037326 ,8806476037326 ,647603732,6476,6,OK
8.80648E+12,비타메드 레모나(틴케이스) 3g x 60P,"14,000",6476037340,6476,03734,8806476037340 ,8806476037340 ,647603734,6476,0,OK
8.80648E+12,비타메드 레모나(틴케이스/카카오) 3g x 100P,"19,000",6476037357,6476,03735,8806476037357 ,8806476037357 ,647603735,6476,7,OK
8.80648E+12,마가렉스 10T,"2,000",6476038019,6476,03801,8806476038019 ,8806476038019 ,647603801,6476,9,OK
8.80648E+12,판테뉴(D-판테놀) 30g,"5,000",6476038613,6476,03861,8806476038613 ,8806476038613 ,647603861,6476,3,OK
8.80648E+12,파워비큐 콘티뉴800 60T,"40,000",6476039122,6476,03912,8806476039122 ,8806476039122 ,647603912,6476,2,OK
8.80648E+12,트라부틴 200mg,"2,500",6476039214,6476,03921,8806476039214 ,8806476039214 ,647603921,6476,4,OK
8.80648E+12,알러나딘 20정,"2,500",6476039627,6476,03962,8806476039627 ,8806476039627 ,647603962,6476,7,OK
8.80648E+12,경남 하이플러스정 10T,"1,800",6476040616,6476,04061,8806476040616 ,8806476040616 ,647604061,6476,6,OK
8.80648E+12,게보린 10T,"3,300",6478000410,6478,00041,8806478000410 ,8806478000410 ,647800041,6478,0,OK
8.80648E+12,게보린 30T,"9,000",6478000427,6478,00042,8806478000427 ,8806478000427 ,647800042,6478,7,OK
8.80648E+12,레피즈 10C,"2,000",6478004111,6478,00411,8806478004111 ,8806478004111 ,647800411,6478,1,OK
8.80648E+12,아네모 20T,"4,000",6478014561,6478,01456,8806478014561 ,8806478014561 ,647801456,6478,1,OK
8.80648E+12,안정액(병) 50ml,"2,000",6478015629,6478,01562,8806478015629 ,8806478015629 ,647801562,6478,9,OK
8.80648E+12,안정액 50ml x 5P,"8,000",6478015643,6478,01564,8806478015643 ,8806478015643 ,647801564,6478,3,OK
8.80648E+12,오스테민 120C,"25,000",6478018392,6478,01839,8806478018392 ,8806478018392 ,647801839,6478,2,OK
8.80648E+12,콘로인 60C,"20,000",6478021538,6478,02153,8806478021538 ,8806478021538 ,647802153,6478,8,OK
8.80648E+12,트레스탄 20C,"10,000",6478023457,6478,02345,8806478023457 ,8806478023457 ,647802345,6478,7,OK
8.80648E+12,화인코프에이 10C,"2,000",6478027127,6478,02712,8806478027127 ,8806478027127 ,647802712,6478,7,OK
8.80648E+12,아나파치 30T,"15,000",6478053928,6478,05392,8806478053928 ,8806478053928 ,647805392,6478,8,OK
8.80648E+12,아이스콘 30관,"7,000",6478057124,6478,05712,8806478057124 ,8806478057124 ,647805712,6478,4,OK
8.80648E+12,히어로쿨산 딸기바나나향 10p,"3,500",6478059029,6478,05902,8806478059029 ,8806478059029 ,647805902,6478,9,OK
8.80648E+12,그린관장약 30ml*50,"20,000",6483000429,6483,00042,8806483000429 ,8806483000429 ,648300042,6483,9,OK
8.80648E+12,그린 포비돈 스틱스왑 2x6,"3,500",6483002256,6483,00225,8806483002256 ,8806483002256 ,648300225,6483,6,OK
8.80648E+12,포비돈스틱스왑 50EA(1.5ml x 2P),"18,000",6483002287,6483,00228,8806483002287 ,8806483002287 ,648300228,6483,7,OK
8.80648E+12,그린 포비돈 요오드10% 25ml,"1,000",6483002317,6483,00231,8806483002317 ,8806483002317 ,648300231,6483,7,OK
8.80648E+12,[삼진] 그린 모이스쳐액 15ml,"8,000",6483011418,6483,01141,8806483011418 ,8806483011418 ,648301141,6483,8,OK
8.80649E+12,디오맥스 600mg,"30,000",6490021414,6490,02141,8806490021414 ,8806490021414 ,649002141,6490,4,OK
8.80649E+12,미보 10g,"8,000",6492000137,6492,00013,8806492000137 ,8806492000137 ,649200013,6492,7,OK
8.8065E+12,애크논,"10,000",6497024008,6497,02400,8806497024008 ,8806497024008 ,649702400,6497,8,OK
8806498 030015,키미테,"4,500",6498030015,6498,03001,8806498030015 ,8806498030015 ,649803001,6498,5,OK
8806498 037045,하이스탈,"1,500",6498037045,6498,03704,8806498037045 ,8806498037045 ,649803704,6498,5,OK
8806498 066519,리드펜,"1,500",6498066519,6498,06651,8806498066519 ,8806498066519 ,649806651,6498,9,OK
8806498 066618,프로센골드,"1,500",6498066618,6498,06661,8806498066618 ,8806498066618 ,649806661,6498,8,OK
8.8065E+12,레스톨 20C,"3,500",6498004733,6498,00473,8806498004733 ,8806498004733 ,649800473,6498,3,OK
8.8065E+12,사노바 스프레이 10g,"6,000",6498019539,6498,01953,8806498019539 ,8806498019539 ,649801953,6498,9,OK
8.8065E+12,[명문] 엠티 20T,"2,500",6498025639,6498,02563,8806498025639 ,8806498025639 ,649802563,6498,9,OK
8.8065E+12,키미테패취 (성인용) 2EA,"4,500",6498030015,6498,03001,8806498030015 ,8806498030015 ,649803001,6498,5,OK
8.8065E+12,하이스탈 10T,"1,500",6498037045,6498,03704,8806498037045 ,8806498037045 ,649803704,6498,5,OK
8.8065E+12,케이팜 10매,"1,800",6498055117,6498,05511,8806498055117 ,8806498055117 ,649805511,6498,7,OK
8.8065E+12,사노바겔 0.7g x 5P,"6,000",6498061439,6498,06143,8806498061439 ,8806498061439 ,649806143,6498,9,OK
8.8065E+12,페르빈(펠비낙48mg) 6매,"2,500",6498061712,6498,06171,8806498061712 ,8806498061712 ,649806171,6498,2,OK
8.8065E+12,리드펜플러스 10C,"1,500",6498066519,6498,06651,8806498066519 ,8806498066519 ,649806651,6498,9,OK
8.8065E+12,프로센골드 10C,"1,500",6498066618,6498,06661,8806498066618 ,8806498066618 ,649806661,6498,8,OK
8.8065E+12,폴락스산 10g x 10P,"15,000",6502024726,6502,02472,8806502024726 ,8806502024726 ,650202472,6502,6,OK
8.8065E+12,써버쿨 플라스타 30매,"4,500",6503037619,6503,03761,8806503037619 ,8806503037619 ,650303761,6503,9,OK
8.80652E+12,헤파멜즈산 3.6g x 60포,"80,000",6516009016,6516,00901,8806516009016 ,8806516009016 ,651600901,6516,6,OK
8.80652E+12,이가탄F 60C,"19,000",6519017131,6519,01713,8806519017131 ,8806519017131 ,651901713,6519,1,OK
8.80652E+12,메이킨Q 20T,"4,800",6519041010,6519,04101,8806519041010 ,8806519041010 ,651904101,6519,0,OK
8.80652E+12,메이킨Q 40T,"8,500",6519041034,6519,04103,8806519041034 ,8806519041034 ,651904103,6519,4,OK
8.80652E+12,[한독] 로푸록스겔 20g,"4,000",6521002613,6521,00261,8806521002613 ,8806521002613 ,652100261,6521,3,OK
8.80652E+12,[한독] 로푸록스 네일카라 3g,"10,000",6521002712,6521,00271,8806521002712 ,8806521002712 ,652100271,6521,2,OK
8.80652E+12,알레그라정 120mg 10T,"5,500",6521009636,6521,00963,8806521009636 ,8806521009636 ,652100963,6521,6,OK
8.80652E+12,알레그라정 120mg 20T,"8,000",6521009643,6521,00964,8806521009643 ,8806521009643 ,652100964,6521,3,OK
8.80652E+12,[한독] 캄비손 소프트크림 10g,"2,500",6521012018,6521,01201,8806521012018 ,8806521012018 ,652101201,6521,8,OK
8.80652E+12,[한독] 훼스탈 골드 30T,"7,000",6521016917,6521,01691,8806521016917 ,8806521016917 ,652101691,6521,7,OK
8.80652E+12,[한독] 훼스탈 100T,"20,000",6521017228,6521,01722,8806521017228 ,8806521017228 ,652101722,6521,8,OK
8.80652E+12,[한독] 훼스탈 20T,"4,500",6521017259,6521,01725,8806521017259 ,8806521017259 ,652101725,6521,9,OK
8.80652E+12,[한독] 클리어틴 외용액 2% 100g,"9,000",6521045511,6521,04551,8806521045511 ,8806521045511 ,652104551,6521,1,OK
8.80652E+12,[한독] 케토톱 핫 34매,"10,000",6521052885,6521,05288,8806521052885 ,8806521052885 ,652105288,6521,5,OK
8.80652E+12,[한독] 케토톱 오리지날 40매,"9,900",6521052892,6521,05289,8806521052892 ,8806521052892 ,652105289,6521,2,OK
8.80652E+12,[한독] 케토톱 밴드타입 혼합형 40매,"3,500",6521058313,6521,05831,8806521058313 ,8806521058313 ,652105831,6521,3,OK
8.80652E+12,[한독] 훼스탈 슈퍼자임 12T,"5,000",6521058429,6521,05842,8806521058429 ,8806521058429 ,652105842,6521,9,OK
8.80652E+12,[한독] 이치레스큐 30매입,"5,000",6521059419,6521,05941,8806521059419 ,8806521059419 ,652105941,6521,9,OK
8.80652E+12,[한독] 케토톱 액티브 쿨 40매,"9,900",6521059716,6521,05971,8806521059716 ,8806521059716 ,652105971,6521,6,OK
8.80653E+12,머시론 21T,"8,500",6526062414,6526,06241,8806526062414 ,8806526062414 ,652606241,6526,4,OK
8.80653E+12,세나트리플 12C,"10,000",6526072611,6526,07261,8806526072611 ,8806526072611 ,652607261,6526,1,OK
8.80653E+12,지노베타딘 질세정액 180ml,"10,500",6530020424,6530,02042,8806530020424 ,8806530020424 ,653002042,6530,4,OK
8.80653E+12,마데카솔분말 10g,"9,000",6534005427,6534,00542,8806534005427 ,8806534005427 ,653400542,6534,7,OK
8.80653E+12,마데카솔분말 30g,"15,000",6534005434,6534,00543,8806534005434 ,8806534005434 ,653400543,6534,4,OK
8.80653E+12,복합 마데카솔 15g,"8,000",6534006738,6534,00673,8806534006738 ,8806534006738 ,653400673,6534,8,OK
8.80653E+12,오라메디 10g,"7,000",6534007933,6534,00793,8806534007933 ,8806534007933 ,653400793,6534,3,OK
8.80653E+12,인사돌 100T,"27,000",6534008527,6534,00852,8806534008527 ,8806534008527 ,653400852,6534,7,OK
8.80653E+12,인사돌 300T(병),"66,000",6534008589,6534,00858,8806534008589 ,8806534008589 ,653400858,6534,9,OK
8.80653E+12,인사돌 플러스 100T,"29,000",6534008633,6534,00863,8806534008633 ,8806534008633 ,653400863,6534,3,OK
8.80653E+12,인사돌 플러스 270T(병),"66,000",6534008671,6534,00867,8806534008671 ,8806534008671 ,653400867,6534,1,OK
8.80653E+12,훼라민큐 300T(병),"75,000",6534012630,6534,01263,8806534012630 ,8806534012630 ,653401263,6534,0,OK
8.80653E+12,훼라민큐 120T,"40,000",6534012647,6534,01264,8806534012647 ,8806534012647 ,653401264,6534,7,OK
8.80653E+12,훼라민 큐 180T,"55,000",6534012661,6534,01266,8806534012661 ,8806534012661 ,653401266,6534,1,OK
8.80653E+12,마데카솔 케어 6g,"4,500",6534016416,6534,01641,8806534016416 ,8806534016416 ,653401641,6534,6,OK
8.80653E+12,마데카솔 케어 10g,"6,500",6534016423,6534,01642,8806534016423 ,8806534016423 ,653401642,6534,3,OK
8.80653E+12,판시딜 180C,"70,000",6534020727,6534,02072,8806534020727 ,8806534020727 ,653402072,6534,7,OK
8.80653E+12,판시딜 270C,"100,000",6534020741,6534,02074,8806534020741 ,8806534020741 ,653402074,6534,1,OK
8.80653E+12,판시딜 360C,"110,000",6534020758,6534,02075,8806534020758 ,8806534020758 ,653402075,6534,8,OK
8.80653E+12,센시아(병) 180T,"64,000",6534025241,6534,02524,8806534025241 ,8806534025241 ,653402524,6534,1,OK
8.80653E+12,센시아 90T,"45,000",6534025258,6534,02525,8806534025258 ,8806534025258 ,653402525,6534,8,OK
8.80653E+12,센시아 120T,"48,000",6534025265,6534,02526,8806534025265 ,8806534025265 ,653402526,6534,5,OK
8.80653E+12,위스콘더블액션현탁액 4P,"4,000",6534029720,6534,02972,8806534029720 ,8806534029720 ,653402972,6534,0,OK
8.80653E+12,치젤연고 30g,"6,000",6534036919,6534,03691,8806534036919 ,8806534036919 ,653403691,6534,9,OK
8.80653E+12,치센 캡슐 60C,"25,000",6534037916,6534,03791,8806534037916 ,8806534037916 ,653403791,6534,6,OK
8.80653E+12,치센 캡슐 120C,"40,000",6534037930,6534,03793,8806534037930 ,8806534037930 ,653403793,6534,0,OK
8.80653E+12,치센 캡슐 180C,"50,000",6534037947,6534,03794,8806534037947 ,8806534037947 ,653403794,6534,7,OK
8.80653E+12,치아로겔 15g,"7,000",6534038913,6534,03891,8806534038913 ,8806534038913 ,653403891,6534,3,OK
8.80653E+12,콜드펜노즈 10C,"1,000",6534039316,6534,03931,8806534039316 ,8806534039316 ,653403931,6534,6,OK
8.80653E+12,콜드펜 10C,"1,000",6534039415,6534,03941,8806534039415 ,8806534039415 ,653403941,6534,5,OK
8.80653E+12,콜드펜코프 10C,"1,000",6534039514,6534,03951,8806534039514 ,8806534039514 ,653403951,6534,4,OK
8.80653E+12,카리토포텐 60C,"35,000",6534047816,6534,04781,8806534047816 ,8806534047816 ,653404781,6534,6,OK
8.80653E+12,카리토포텐 100C,"50,000",6534047830,6534,04783,8806534047830 ,8806534047830 ,653404783,6534,0,OK
8.80653E+12,마데카솔겔 10g,"7,500",6534048325,6534,04832,8806534048325 ,8806534048325 ,653404832,6534,5,OK
8.80653E+12,마데카솔겔 20g,"12,000",6534048332,6534,04833,8806534048332 ,8806534048332 ,653404833,6534,2,OK
8.80653E+12,트로앤텍 스프레이 30ml,"6,500",6534049018,6534,04901,8806534049018 ,8806534049018 ,653404901,6534,8,OK
8.80653E+12,리클란점안액0.5mL 30관,"12,000",6534049124,6534,04912,8806534049124 ,8806534049124 ,653404912,6534,4,OK
8.80653E+12,사라펜쿨 대형 7매,"3,000",6534053916,6534,05391,8806534053916 ,8806534053916 ,653405391,6534,6,OK
8.80653E+12,센스팟 크림 20g,"9,000",6534054111,6534,05411,8806534054111 ,8806534054111 ,653405411,6534,1,OK
8.80653E+12,코즈굿 30ml,"12,000",6534054814,6534,05481,8806534054814 ,8806534054814 ,653405481,6534,4,OK
8.80653E+12,인사큐어액 10ml x 10P,"10,000",6534056719,6534,05671,8806534056719 ,8806534056719 ,653405671,6534,9,OK
8.80653E+12,센스킨 20g,"5,000",6534057716,6534,05771,8806534057716 ,8806534057716 ,653405771,6534,6,OK
8.80653E+12,센스힐겔 20g,"7,000",6534059512,6534,05951,8806534059512 ,8806534059512 ,653405951,6534,2,OK
8.80653E+12,치센정 60T,"40,000",6534060112,6534,06011,8806534060112 ,8806534060112 ,653406011,6534,2,OK
8.80653E+12,아르기샷 20ml x 5P,"6,000",6534060228,6534,06022,8806534060228 ,8806534060228 ,653406022,6534,8,OK
8.80653E+12,오라비텐 액티브 정 20T,"8,000",6534061416,6534,06141,8806534061416 ,8806534061416 ,653406141,6534,6,OK
8.80654E+12,마그밀 210T,"12,000",6537002461,6537,00246,8806537002461 ,8806537002461 ,653700246,6537,1,OK
8.80654E+12,[유씨]지르텍10mg10정,"4,500",6541001108,6541,00110,8806541001108 ,8806541001108 ,654100110,6541,8,OK
8.80654E+12,[광동] 알지렉스 10T,"1,500",6543018913,6543,01891,8806543018913 ,8806543018913 ,654301891,6543,3,OK
8.80656E+12,엘크라넬알파액 100ml,"38,000",6557002717,6557,00271,8806557002717 ,8806557002717 ,655700271,6557,7,OK
8.80657E+12,나라마이드산 20g,"5,000",6574000239,6574,00023,8806574000239 ,8806574000239 ,657400023,6574,9,OK
8.80657E+12,데오클렌 30ml,"8,000",6574000314,6574,00031,8806574000314 ,8806574000314 ,657400031,6574,4,OK
8.80657E+12,포비돈 소독액 25ml,"1,000",6574002615,6574,00261,8806574002615 ,8806574002615 ,657400261,6574,5,OK
8.80657E+12,애니클렌액 50ml,"4,000",6574003315,6574,00331,8806574003315 ,8806574003315 ,657400331,6574,5,OK
8.80657E+12,성광 티눈액 15ml,"2,000",6574003537,6574,00353,8806574003537 ,8806574003537 ,657400353,6574,7,OK
8.80657E+12,세네풀에스액 30ml,"1,000",6574006811,6574,00681,8806574006811 ,8806574006811 ,657400681,6574,1,OK
8.80657E+12,물린더겔(튜브) 20g,"3,500",6574007719,6574,00771,8806574007719 ,8806574007719 ,657400771,6574,9,OK
8.80657E+12,스웨트롤 패드액 5EA,"15,000",6574008020,6574,00802,8806574008020 ,8806574008020 ,657400802,6574,0,OK
8.80657E+12,포비딘 인후스프레이 50ml,"7,000",6574011013,6574,01101,8806574011013 ,8806574011013 ,657401101,6574,3,OK
8.80657E+12,[퍼슨]치치엔 더블유크림 2g x 10개,"18,000",6574014335,6574,01433,8806574014335 ,8806574014335 ,657401433,6574,5,OK
8.80657E+12,헤리엔톡크림 5g,"6,000",6574015318,6574,01531,8806574015318 ,8806574015318 ,657401531,6574,8,OK
8.80657E+12,페리톡겔 10g,"7,000",6574015523,6574,01552,8806574015523 ,8806574015523 ,657401552,6574,3,OK
8.80657E+12,듀오케어액 15ml,"5,000",6574015714,6574,01571,8806574015714 ,8806574015714 ,657401571,6574,4,OK
8.80657E+12,스웨티브 센스 30ml,"8,000",6574016711,6574,01671,8806574016711 ,8806574016711 ,657401671,6574,1,OK
8806575 034813,로페리,"2,000",6575034813,6575,03481,8806575034813 ,8806575034813 ,657503481,6575,3,OK
8.80658E+12,이모나캡슐 10C,"2,000",6575008814,6575,00881,8806575008814 ,8806575008814 ,657500881,6575,4,OK
8.80658E+12,[경보] 로페리 10C,"2,000",6575034813,6575,03481,8806575034813 ,8806575034813 ,657503481,6575,3,OK
8.80658E+12,한풍 드루산(갈근탕) 4g x 5p,"3,000",6581000543,6581,00054,8806581000543 ,8806581000543 ,658100054,6581,3,OK
8.80658E+12,리버쿨환 1.2g x 120포,"60,000",6581004435,6581,00443,8806581004435 ,8806581004435 ,658100443,6581,5,OK
8.80658E+12,한풍 맥그론포 4g x 5p,"3,000",6581005357,6581,00535,8806581005357 ,8806581005357 ,658100535,6581,7,OK
8.80658E+12,반사신 4g x 5p,"3,000",6581006439,6581,00643,8806581006439 ,8806581006439 ,658100643,6581,9,OK
8.80658E+12,순심환 3g x 10P,"8,000",6581009393,6581,00939,8806581009393 ,8806581009393 ,658100939,6581,3,OK
8.80658E+12,치지래 1.5g x 30P,"16,000",6581016049,6581,01604,8806581016049 ,8806581016049 ,658101604,6581,9,OK
8.80658E+12,한풍 공진단 10환,"380,000",6581020022,6581,02002,8806581020022 ,8806581020022 ,658102002,6581,2,OK
8.80658E+12,한풍 공진단 3환,"130,000",6581020053,6581,02005,8806581020053 ,8806581020053 ,658102005,6581,3,OK
8.80658E+12,[한풍] 은교산 2.3g x 5포,"4,000",6581033350,6581,03335,8806581033350 ,8806581033350 ,658103335,6581,0,OK
8.80658E+12,한풍 청폐탕 4g x 5p,"3,000",6581037471,6581,03747,8806581037471 ,8806581037471 ,658103747,6581,1,OK
8.80658E+12,한풍 향성파적환 미성 4g x 5p,"3,000",6581045162,6581,04516,8806581045162 ,8806581045162 ,658104516,6581,2,OK
8.80658E+12,굿모닝에스 4.8g x 10P,"6,000",6581050128,6581,05012,8806581050128 ,8806581050128 ,658105012,6581,8,OK
8.80658E+12,한풍 소청룡탕 4g x 5p,"3,000",6581076630,6581,07663,8806581076630 ,8806581076630 ,658107663,6581,0,OK
8.80658E+12,평온액 20ml x 6P,"8,000",6581082563,6581,08256,8806581082563 ,8806581082563 ,658108256,6581,3,OK
8.80658E+12,한풍 올가립(평위오령산) 3g x 6P,"3,000",6581082921,6581,08292,8806581082921 ,8806581082921 ,658108292,6581,1,OK
8.80658E+12,트로겐 12g x 6p,"5,000",6581083928,6581,08392,8806581083928 ,8806581083928 ,658108392,6581,8,OK
8.80658E+12,투엑스비 멀티플 120T,"58,000",6581086042,6581,08604,8806581086042 ,8806581086042 ,658108604,6581,2,OK
8.80658E+12,아시원슬림산 90포,"60,000",6581086639,6581,08663,8806581086639 ,8806581086639 ,658108663,6581,9,OK
8.80658E+12,천금고 60P(23g x 10P x 6EA),"140,000",6581086844,6581,08684,8806581086844 ,8806581086844 ,658108684,6581,4,OK
8.80658E+12,리버타인액[비보존],"150,000",6582029110,6582,02911,8806582029110 ,8806582029110 ,658202911,6582,0,OK
8.80658E+12,리버타인액 (품절),"70,000",6582029113,6582,02911,8806582029113 ,8806582029113 ,658202911,6582,3,OK
8.80658E+12,리버타인액[비보존],"150,000",6582029130,6582,02913,8806582029130 ,8806582029130 ,658202913,6582,0,OK
8.80659E+12,[익수] 취어스 75ml,"4,000",6585001423,6585,00142,8806585001423 ,8806585001423 ,658500142,6585,3,OK
8.80659E+12,사향변방환,"10,000",6585002413,6585,00241,8806585002413 ,8806585002413 ,658500241,6585,3,OK
8.80659E+12,무스콘변방환,"7,000",6585002512,6585,00251,8806585002512 ,8806585002512 ,658500251,6585,2,OK
8.80659E+12,[익수] 용표 우황청심원액(엘무스콘) 50ml,"5,000",6585002628,6585,00262,8806585002628 ,8806585002628 ,658500262,6585,8,OK
8.80659E+12,[익수] 용표 우황청심원 현탁액 50ml,"9,000",6585002727,6585,00272,8806585002727 ,8806585002727 ,658500272,6585,7,OK
8.80659E+12,공진단 익수 30환,"1,200,000",6585004127,6585,00412,8806585004127 ,8806585004127 ,658500412,6585,7,OK
8.80659E+12,공진단 익수 90환,"3,500,000",6585004134,6585,00413,8806585004134 ,8806585004134 ,658500413,6585,4,OK
8.80659E+12,익수 공진단 1환,"40,000",6585004158,6585,00415,8806585004158 ,8806585004158 ,658500415,6585,8,OK
8.80659E+12,공진단 현탁액 50ml 1병,"40,000",6585020417,6585,02041,8806585020417 ,8806585020417 ,658502041,6585,7,OK
8.80661E+12,조아팝 6매입,"3,000",6606002224,6606,00222,8806606002224 ,8806606002224 ,660600222,6606,4,OK
8.80661E+12,로얄 알부민 미슬토 플라센타 맥스 25ml x 30v,"60,000",6612118759,6612,11875,8806612118759 ,8806612118759 ,661211875,6612,9,OK
8.80661E+12,가쁘레(인삼패독산) 5P,"3,000",6613000176,6613,00017,8806613000176 ,8806613000176 ,661300017,6613,6,OK
8.80661E+12,건양탕(반하후박탕) 5P,"3,000",6613000664,6613,00066,8806613000664 ,8806613000664 ,661300066,6613,4,OK
8.80661E+12,향성파적환 5P,"3,000",6613020341,6613,02034,8806613020341 ,8806613020341 ,661302034,6613,1,OK
8.80661E+12,경혈환(계지복령환) 10P,"5,800",6613022055,6613,02205,8806613022055 ,8806613022055 ,661302205,6613,5,OK
8.80661E+12,마이노신 (배농산급탕) 10c,"2,000",6613023519,6613,02351,8806613023519 ,8806613023519 ,661302351,6613,9,OK
8.80661E+12,브르럭(청폐탕) 5p,"3,000",6613024660,6613,02466,8806613024660 ,8806613024660 ,661302466,6613,0,OK
8.80661E+12,소폐탕(소청룡탕) 5P,"2,500",6613026176,6613,02617,8806613026176 ,8806613026176 ,661302617,6613,6,OK
8.80661E+12,스토마큐(반하사심탕) 5P,"3,000",6613026596,6613,02659,8806613026596 ,8806613026596 ,661302659,6613,6,OK
8.80661E+12,쎄파렉신캡슐(은교산){20C*50),"150,000",6613027234,6613,02723,8806613027234 ,8806613027234 ,661302723,6613,4,OK
8.80661E+12,쎄파렉신캡슐(은교산) 20C,"3,000",6613027258,6613,02725,8806613027258 ,8806613027258 ,661302725,6613,8,OK
8.80661E+12,용패탕(용담사간탕) 5P,"3,000",6613029474,6613,02947,8806613029474 ,8806613029474 ,661302947,6613,4,OK
8.80661E+12,윤폐탕(맥문동탕) 5P,"3,000",6613030272,6613,03027,8806613030272 ,8806613030272 ,661303027,6613,2,OK
8.80661E+12,장통환(정장제) 5P,"3,000",6613030876,6613,03087,8806613030876 ,8806613030876 ,661303087,6613,6,OK
8.80661E+12,치감(갈근탕) 5P,"3,000",6613032375,6613,03237,8806613032375 ,8806613032375 ,661303237,6613,5,OK
8.80661E+12,소체환 5P,"3,000",6613035666,6613,03566,8806613035666 ,8806613035666 ,661303566,6613,6,OK
8.80661E+12,플레인(당귀수산) 120P,"50,000",6613046822,6613,04682,8806613046822 ,8806613046822 ,661304682,6613,2,OK
8.80661E+12,스토마큐(반하사심탕) 10T,"2,000",6613048819,6613,04881,8806613048819 ,8806613048819 ,661304881,6613,9,OK
8.80661E+12,스토마큐(반하사심탕) 20T,"4,000",6613048826,6613,04882,8806613048826 ,8806613048826 ,661304882,6613,6,OK
8.80661E+12,센코프액 20ml x 5P,"3,000",6613052328,6613,05232,8806613052328 ,8806613052328 ,661305232,6613,8,OK
8.80661E+12,소렉신(구풍해독탕) 5P,"3,500",6613052724,6613,05272,8806613052724 ,8806613052724 ,661305272,6613,4,OK
8.80661E+12,소렉신(구풍해독탕) 10P,"6,000",6613052731,6613,05273,8806613052731 ,8806613052731 ,661305273,6613,1,OK
8.80661E+12,이치원(청위산) 20C,"3,000",6613055312,6613,05531,8806613055312 ,8806613055312 ,661305531,6613,2,OK
8.80661E+12,경방 패독산 5P,"3,000",6613058634,6613,05863,8806613058634 ,8806613058634 ,661305863,6613,4,OK
8.80661E+12,평심액(천왕보심단) 15ml x 10P,"12,000",6613064833,6613,06483,8806613064833 ,8806613064833 ,661306483,6613,3,OK
8.80661E+12,[일양] 마그란 리퀴드 20ml x 6P,"6,000",6613065922,6613,06592,8806613065922 ,8806613065922 ,661306592,6613,2,OK
8.80661E+12,[일양] 마그란 리퀴드 20ml x 30P,"30,000",6613065939,6613,06593,8806613065939 ,8806613065939 ,661306593,6613,9,OK
8.80661E+12,[일양] 오네론 20ml x 5P,"4,000",6613066028,6613,06602,8806613066028 ,8806613066028 ,661306602,6613,8,OK
8.80661E+12,쎄파렉신(은교산) 20g x 5P,"4,000",6613071237,6613,07123,8806613071237 ,8806613071237 ,661307123,6613,7,OK
8.80661E+12,[경방] 반하사심탕시럽 20g x 5P,"5,000",6613072623,6613,07262,8806613072623 ,8806613072623 ,661307262,6613,3,OK
8.80662E+12,두캅스-에이 10c,"2,500",6616001712,6616,00171,8806616001712 ,8806616001712 ,661600171,6616,2,OK
8.80662E+12,헤모퀸탑연질캡슐[GC녹십자],"40,000",6616017539,6616,01753,8806616017539 ,8806616017539 ,661601753,6616,9,OK
8.80662E+12,아르텍 10C,"2,000",6616031511,6616,03151,8806616031511 ,8806616031511 ,661603151,6616,1,OK
8.80662E+12,기가렉스 10C,"2,000",6616037513,6616,03751,8806616037513 ,8806616037513 ,661603751,6616,3,OK
8.80662E+12,클리어딘 10C,"2,000",6616044719,6616,04471,8806616044719 ,8806616044719 ,661604471,6616,9,OK
8.80663E+12,굿뉴스 1Kit,"2,000",6631001421,6631,00142,8806631001421 ,8806631001421 ,663100142,6631,1,OK
8.80664E+12,밴드 이명래 고약 1g 3매,"4,000",6638030110,6638,03011,8806638030110 ,8806638030110 ,663803011,6638,0,OK
8.8067E+12,루비락스 30P,"15,000",6696022621,6696,02262,8806696022621 ,8806696022621 ,669602262,6696,1,OK
8.8067E+12,루비락스 과립 180P,"90,000",6696022638,6696,02263,8806696022638 ,8806696022638 ,669602263,6696,8,OK
8.8067E+12,월드로신(은교산) 10C,"2,000",6696024915,6696,02491,8806696024915 ,8806696024915 ,669602491,6696,5,OK
8.8067E+12,월드로신 20C,"3,500",6696024939,6696,02493,8806696024939 ,8806696024939 ,669602493,6696,9,OK
8.8067E+12,요비신 20T,"3,000",6696029323,6696,02932,8806696029323 ,8806696029323 ,669602932,6696,3,OK
8.8067E+12,구바파정 20T,"3,500",6696030015,6696,03001,8806696030015 ,8806696030015 ,669603001,6696,5,OK
8.8067E+12,배노신 10C,"2,000",6696031012,6696,03101,8806696031012 ,8806696031012 ,669603101,6696,2,OK
8.8067E+12,배노신 20C,"3,500",6696031036,6696,03103,8806696031036 ,8806696031036 ,669603103,6696,6,OK
8.8067E+12,아이미산 90P,"60,000",6696032125,6696,03212,8806696032125 ,8806696032125 ,669603212,6696,5,OK
8.8067E+12,스토마신 10C,"2,000",6696033610,6696,03361,8806696033610 ,8806696033610 ,669603361,6696,0,OK
8.8067E+12,멘소래담 로션 100ml,"5,200",6702000124,6702,00012,8806702000124 ,8806702000124 ,670200012,6702,4,OK
8.8067E+12,멘소래담 로션 450ml,"16,000",6702000131,6702,00013,8806702000131 ,8806702000131 ,670200013,6702,1,OK
8.8067E+12,아프니벤큐 15ml x 12P,"8,000",6703040037,6703,04003,8806703040037 ,8806703040037 ,670304003,6703,7,OK
8.8067E+12,비코그린 에스플러스 40T,"8,000",6703049221,6703,04922,8806703049221 ,8806703049221 ,670304922,6703,1,OK
8.80671E+12,다이센 90C,"25,000",6706002537,6706,00253,8806706002537 ,8806706002537 ,670600253,6706,7,OK
8.80671E+12,에스라진 90T,"35,000",6706044896,6706,04489,8806706044896 ,8806706044896 ,670604489,6706,6,OK
8.80671E+12,알룬 90T,"30,000",6706045527,6706,04552,8806706045527 ,8806706045527 ,670604552,6706,7,OK
8.80671E+12,세비안,"6,500",6706086926,6706,08692,8806706086926 ,8806706086926 ,670608692,6706,6,OK
8.80671E+12,니조랄 2% 100ml,"16,000",6706091913,6706,09191,8806706091913 ,8806706091913 ,670609191,6706,3,OK
8.80672E+12,트리겔 10ml x 4P,"2,500",6718031976,6718,03197,8806718031976 ,8806718031976 ,671803197,6718,6,OK
8.80672E+12,포타겔 20ml x 6P,"3,500",6718034410,6718,03441,8806718034410 ,8806718034410 ,671803441,6718,0,OK
8.80672E+12,대원 콜대원키즈 코프 5ml x 10p,"2,500",6718064523,6718,06452,8806718064523 ,8806718064523 ,671806452,6718,3,OK
8.80672E+12,대원 콜대원키즈 펜 5ml x 10p,"3,000",6718064622,6718,06462,8806718064622 ,8806718064622 ,671806462,6718,2,OK
8.80672E+12,대원 콜대원키즈 이부펜 5ml x 10p,"3,000",6718064721,6718,06472,8806718064721 ,8806718064721 ,671806472,6718,1,OK
8.80672E+12,대원 콜대원키즈 노즈 5ml x 10p,"2,500",6718065827,6718,06582,8806718065827 ,8806718065827 ,671806582,6718,7,OK
8.80672E+12,대원 콜대원콜드큐 20ml x 5p,"2,500",6718073525,6718,07352,8806718073525 ,8806718073525 ,671807352,6718,5,OK
8.80672E+12,대원 콜대원 코프큐 20ml x 5p,"2,500",6718073624,6718,07362,8806718073624 ,8806718073624 ,671807362,6718,4,OK
8.80672E+12,대원 콜대원 나이트 20ml x 5p,"3,000",6718078223,6718,07822,8806718078223 ,8806718078223 ,671807822,6718,3,OK
8.80672E+12,대원 콜대원 노즈큐 20ml x 5p,"2,500",6718078322,6718,07832,8806718078322 ,8806718078322 ,671807832,6718,2,OK
8.80672E+12,러지엔톡 5ml x 10p,"6,000",6718078629,6718,07862,8806718078629 ,8806718078629 ,671807862,6718,9,OK
8.80672E+12,대원 콜대원키즈 콜드에스 10ml x 10p,"3,000",6718080424,6718,08042,8806718080424 ,8806718080424 ,671808042,6718,4,OK
8.80672E+12,니코레트껌 2mg 30개,"10,000",6723000165,6723,00016,8806723000165 ,8806723000165 ,672300016,6723,5,OK
8.80672E+12,니코레트껌 2mg 스타터팩 105개,"33,000",6723000172,6723,00017,8806723000172 ,8806723000172 ,672300017,6723,2,OK
8.80672E+12,니코레트껌 4mg 30개,"12,000",6723000240,6723,00024,8806723000240 ,8806723000240 ,672300024,6723,0,OK
8.80672E+12,니코레트패치 10mg 7매,"11,000",6723001223,6723,00122,8806723001223 ,8806723001223 ,672300122,6723,3,OK
8.80672E+12,니코레트패치 15mg 7매,"12,000",6723001322,6723,00132,8806723001322 ,8806723001322 ,672300132,6723,2,OK
8.80672E+12,니코레트패치 25mg 7매,"13,000",6723001421,6723,00142,8806723001421 ,8806723001421 ,672300142,6723,1,OK
8.80672E+12,로게인5% 폼에어로졸 60g x 3캔,"70,000",6723001537,6723,00153,8806723001537 ,8806723001537 ,672300153,6723,7,OK
8.80672E+12,한국 어린이 타이레놀산 160mg/12P,"4,500",6723001728,6723,00172,8806723001728 ,8806723001728 ,672300172,6723,8,OK
8.80672E+12,한국 타이레놀산 500mg/12P,"6,000",6723001827,6723,00182,8806723001827 ,8806723001827 ,672300182,6723,7,OK
8.80672E+12,[켄뷰] 우먼스 타이레놀 10T,"2,900",6723002114,6723,00211,8806723002114 ,8806723002114 ,672300211,6723,4,OK
8.80672E+12,한국 타이레놀콜드-에스/10T,"2,500",6723002213,6723,00221,8806723002213 ,8806723002213 ,672300221,6723,3,OK
8.80672E+12,한국 타이레놀정 500mg/10T,"2,500",6723002329,6723,00232,8806723002329 ,8806723002329 ,672300232,6723,9,OK
8.80672E+12,한국 타이레놀 500mg/30T,"7,000",6723002336,6723,00233,8806723002336 ,8806723002336 ,672300233,6723,6,OK
8.80672E+12,한국 타이레놀 500mg/110T,"23,500",6723002343,6723,00234,8806723002343 ,8806723002343 ,672300234,6723,3,OK
8.80672E+12,한국 타이레놀 이알서방정 650mg/6T,"1,800",6723002411,6723,00241,8806723002411 ,8806723002411 ,672300241,6723,1,OK
8.80672E+12,[켄뷰] 어린이 타이레놀 현탁액 100ml,"5,700",6723002527,6723,00252,8806723002527 ,8806723002527 ,672300252,6723,7,OK
8.80674E+12,[옵투스] 오에수 트레할로스 0.5ml x 30관,"6,000",6741020220,6741,02022,8806741020220 ,8806741020220 ,674102022,6741,0,OK
8.80675E+12,[메나리니] 풀케어 네일라카 6.6ml,"32,000",6749004420,6749,00442,8806749004420 ,8806749004420 ,674900442,6749,0,OK
8.80675E+12,서근령약교포 24매,"8,000",6754000226,6754,00022,8806754000226 ,8806754000226 ,675400022,6754,6,OK
8.80677E+13,풀케어 6.6ml,"25,000",67749004420,6774,90044,88067749004420 ,8806774900442 ,677490044,6774,2,OK
8.80679E+12,코코스탑 나잘스프레이 18ml,"5,000",6786020612,6786,02061,8806786020612 ,8806786020612 ,678602061,6786,2,OK
8.80679E+12,"크린클관류제 1,000ml","1,800",6789011211,6789,01121,8806789011211 ,8806789011211 ,678901121,6789,1,OK
8.80679E+12,크린클관류제 20ml × 20EA,"9,000",6789011358,6789,01135,8806789011358 ,8806789011358 ,678901135,6789,8,OK
8.8068E+12,에이치코 연질캡슐 10C,"1,000",6796014816,6796,01481,8806796014816 ,8806796014816 ,679601481,6796,6,OK
8.8068E+12,에이치코프 연질캡슐 10C,"1,000",6796015011,6796,01501,8806796015011 ,8806796015011 ,679601501,6796,1,OK
8.8068E+12,구미 포비돈 요오드 (25ml),"1,000",6804000817,6804,00081,8806804000817 ,8806804000817 ,680400081,6804,7,OK
8.80688E+12,포텐시에이터액 10ml*20AMP,"60,000",6876001026,6876,00102,8806876001026 ,8806876001026 ,687600102,6876,6,OK
8.80689E+12,[광동] 이바파정 20T,"3,000",6890016310,6890,01631,8806890016310 ,8806890016310 ,689001631,6890,0,OK
8.80689E+12,[광동] 락토그린 10T,"2,000",6890016815,6890,01681,8806890016815 ,8806890016815 ,689001681,6890,5,OK
8.80695E+12,콘투락투벡스 20g,"35,000",6948001725,6948,00172,8806948001725 ,8806948001725 ,694800172,6948,5,OK
8.807E+12,올리브3 24P,"34,900",7001111009,7001,11100,8807001111009 ,8807001111009 ,700111100,7001,9,OK
8.807E+12,올리브3 10P,"16,900",7001111191,7001,11119,8807001111191 ,8807001111191 ,700111119,7001,1,OK
8.80701E+12,모스케어싹 80ml,"8,000",7007353670,7007,35367,8807007353670 ,8807007353670 ,700735367,7007,0,OK
8.80749E+12,멸균연고면봉 30EA,"2,000",7494000224,7494,00022,8807494000224 ,8807494000224 ,749400022,7494,4,OK
8.80864E+12,로얄 알부민 미슬토 플라센타 맥스 25ml x 60v,"120,000",8641357925,8641,35792,8808641357925 ,8808641357925 ,864135792,8641,5,OK
8.809E+12,원기소 멀티바이오틱스,"21,000",9001237093,9001,23709,8809001237093 ,8809001237093 ,900123709,9001,3,OK
8.809E+12,유한m 100달톤 콜라겐 120P(60P x 2EA),"60,000",9001239981,9001,23998,8809001239981 ,8809001239981 ,900123998,9001,1,OK
8.809E+12,[네오] 소프트 일반형 콘돔(Plain-P),"4,000",9001579124,9001,57912,8809001579124 ,8809001579124 ,900157912,9001,4,OK
8.809E+12,[네오] 소프트 돌출형 콘돔(Dots-D),"6,400",9001579223,9001,57922,8809001579223 ,8809001579223 ,900157922,9001,3,OK
8.809E+12,[네오] 소프트 나선형 콘돔(Spirals-S),"5,600",9001579322,9001,57932,8809001579322 ,8809001579322 ,900157932,9001,2,OK
8.809E+12,[네오] 소프트 49형 콘돔(49mmWidth),"4,800",9001579421,9001,57942,8809001579421 ,8809001579421 ,900157942,9001,1,OK
8.809E+12,[네오] 소프트 슬림형 콘돔((P-Type),"7,200",9001579520,9001,57952,8809001579520 ,8809001579520 ,900157952,9001,0,OK
8.809E+12,[네오] 소프트 프리미엄 초박형 콘돔,"8,000",9001579551,9001,57955,8809001579551 ,8809001579551 ,900157955,9001,1,OK
8.80903E+12,아세톤 100ml,"1,200",9034584683,9034,58468,8809034584683 ,8809034584683 ,903458468,9034,3,OK
8809034589800 8809034589800,핑크퐁베이비파우더,"9,000",90345898008809034589800,9034,58980,88090345898008809034589800,8809034589800 ,903458980,9034,0,OK
8.80906E+12,이지템 귀 적외선 체온계(BT-020),"38,000",9059505106,9059,50510,8809059505106 ,8809059505106 ,905950510,9059,6,OK
8.80907E+12,한양 혀크리너,"1,500",9072220246,9072,22024,8809072220246 ,8809072220246 ,907222024,9072,6,OK
8.80907E+12,잇백 시린이 듀얼케어 120g,"10,000",9072222462,9072,22246,8809072222462 ,8809072222462 ,907222246,9072,2,OK
8.8091E+12,두뇌엔 PS진 2g x 15P,"17,000",9097856628,9097,85662,8809097856628 ,8809097856628 ,909785662,9097,8,OK
8.80912E+12,메디플러스포아 소형(백색 / 1.25cm x 9.1m),800,9118170993,9118,17099,8809118170993 ,8809118170993 ,911817099,9118,3,OK
8.80912E+12,메디플러스포아 중형(백색 / 2.5cm x 9.1m),"1,200",9118171006,9118,17100,8809118171006 ,8809118171006 ,911817100,9118,6,OK
8.80912E+12,메디플러스포아 소형(살색 / 1.25cm x 9.1m),800,9118171013,9118,17101,8809118171013 ,8809118171013 ,911817101,9118,3,OK
8.80912E+12,메디플러스포아 중형(살색 /2.5cm x 9.1m),"1,200",9118171020,9118,17102,8809118171020 ,8809118171020 ,911817102,9118,0,OK
8.80912E+12,메디 손끝 아쿠아밴드 표준형 6P,"2,500",9118171945,9118,17194,8809118171945 ,8809118171945 ,911817194,9118,5,OK
8.80912E+12,메디 손끝 아쿠아밴드 소형 8P,"2,500",9118171969,9118,17196,8809118171969 ,8809118171969 ,911817196,9118,9,OK
8.80913E+12,바로잰 혈당측정 검사지,"11,000",9126641195,9126,64119,8809126641195 ,8809126641195 ,912664119,9126,5,OK
8.80913E+12,바로잰 개인용 혈당측정기,"17,500",9126646862,9126,64686,8809126646862 ,8809126646862 ,912664686,9126,2,OK
8.80913E+12,바로잰 일회용 멸균 수동 채혈침 36G,"1,500",9126648842,9126,64884,8809126648842 ,8809126648842 ,912664884,9126,2,OK
8.80913E+12,하이맘밴드 방수탄력 기본형 20매,"3,500",9129320837,9129,32083,8809129320837 ,8809129320837 ,912932083,9129,7,OK
8.80913E+12,하이맘밴드 방수탄력 대형 16매,"3,500",9129320844,9129,32084,8809129320844 ,8809129320844 ,912932084,9129,4,OK
8.80913E+12,하이맘밴드 방수탄력 손끝형 10매,"3,500",9129320851,9129,32085,8809129320851 ,8809129320851 ,912932085,9129,1,OK
8.80915E+12,초롱핑의 사과칩 15g,"3,800",9154379299,9154,37929,8809154379299 ,8809154379299 ,915437929,9154,9,OK
8.80915E+12,하츄핑의 딸기칩 12g,"3,800",9154379305,9154,37930,8809154379305 ,8809154379305 ,915437930,9154,5,OK
8.80916E+12,어린리즈 저분자콜라겐 2g x 90포,"51,000",9159461999,9159,46199,8809159461999 ,8809159461999 ,915946199,9159,9,OK
8.80916E+12,유한m 어린리즈 저분자콜라겐 2g x 30포,"17,000",9159462002,9159,46200,8809159462002 ,8809159462002 ,915946200,9159,2,OK
8.80916E+12,액티브 셀렌효모 플러스 480T(240T x 2ea),"30,000",9159466123,9159,46612,8809159466123 ,8809159466123 ,915946612,9159,3,OK
8.80916E+12,프로신 프로폴리스[한솔] 10C,"2,000",9159466222,9159,46622,8809159466222 ,8809159466222 ,915946622,9159,2,OK
8.80918E+12,포스트 프로폴리스 120C(60C x 2EA),"60,000",9176312427,9176,31242,8809176312427 ,8809176312427 ,917631242,9176,7,OK
8.80919E+12,레모나 맥스 3000mg 100P(3g x 20P x 5EA),"35,000",9191010797,9191,01079,8809191010797 ,8809191010797 ,919101079,9191,7,OK
8.80919E+12,모스펜스 60ml,"8,000",9193964081,9193,96408,8809193964081 ,8809193964081 ,919396408,9193,1,OK
8.8092E+12,멜록시벳 츄어블정 1.0mg 50T,"31,500",9198570638,9198,57063,8809198570638 ,8809198570638 ,919857063,9198,8,OK
8.8092E+12,포레신 15ml,"12,600",9198570652,9198,57065,8809198570652 ,8809198570652 ,919857065,9198,2,OK
8.8092E+12,케타딘샴푸 200ml,"19,800",9198570669,9198,57066,8809198570669 ,8809198570669 ,919857066,9198,9,OK
8.80921E+12,비타하임 비타민C500(레몬),"4,500",9206501500,9206,50150,8809206501500 ,8809206501500 ,920650150,9206,0,OK
8.80921E+12,골드 상쾌한 변화 (요구르트맛) 120ml,"5,000",9209600668,9209,60066,8809209600668 ,8809209600668 ,920960066,9209,8,OK
8.80924E+12,큐어반 번 스프레이 50g,"8,000",9241998273,9241,99827,8809241998273 ,8809241998273 ,924199827,9241,3,OK
8.80926E+12,키움비타 뽀로로 비타민,"3,500",9261900409,9261,90040,8809261900409 ,8809261900409 ,926190040,9261,9,OK
8.80926E+12,핑크퐁 아기상어 키움비타 15T,"3,500",9261909129,9261,90912,8809261909129 ,8809261909129 ,926190912,9261,9,OK
8.80926E+12,퍼슨)에프에이 알콜스왑(이소프로판올) 100매,"2,800",9262391824,9262,39182,8809262391824 ,8809262391824 ,926239182,9262,4,OK
8.80926E+12,[퍼슨] 에프에이 알콜스왑 100P,"2,800",9262392548,9262,39254,8809262392548 ,8809262392548 ,926239254,9262,8,OK
8.80927E+12,픽컵 해피베어젤리 100g,"3,200",9273173884,9273,17388,8809273173884 ,8809273173884 ,927317388,9273,4,OK
8.80927E+12,비달 샤크 젤리 100g,"3,200",9273174089,9273,17408,8809273174089 ,8809273174089 ,927317408,9273,9,OK
8.80927E+12,픽컵젤리 피니 해피믹스 100g,"3,200",9273179251,9273,17925,8809273179251 ,8809273179251 ,927317925,9273,1,OK
8.80927E+12,피니 웜 젤리 100g,"3,200",9273179367,9273,17936,8809273179367 ,8809273179367 ,927317936,9273,7,OK
8.80927E+12,비달 팹 믹스젤리 100g,"3,200",9273180738,9273,18073,8809273180738 ,8809273180738 ,927318073,9273,8,OK
8.80927E+12,픽컵 푸르트 모양 젤리 100g,"3,200",9273181315,9273,18131,8809273181315 ,8809273181315 ,927318131,9273,5,OK
8.80927E+12,성인용 열냉각시트 6P,"5,000",9273181537,9273,18153,8809273181537 ,8809273181537 ,927318153,9273,7,OK
8.80927E+12,픽컵 믹스 젤리 100g,"3,200",9273181773,9273,18177,8809273181773 ,8809273181773 ,927318177,9273,3,OK
8.80927E+12,픽컵 피니 상어모양 젤리 100g,"3,200",9273182008,9273,18200,8809273182008 ,8809273182008 ,927318200,9273,8,OK
8.80929E+12,상공 멸균거즈 3호 소(5cm x 5cm) 8P,450,9291820258,9291,82025,8809291820258 ,8809291820258 ,929182025,9291,8,OK
8.80929E+12,상공멸균거즈3호 7.5cm*7.5cm*8p,550,9291820265,9291,82026,8809291820265 ,8809291820265 ,929182026,9291,5,OK
8.80929E+12,상공멸균거즈3호 10cm*10cm*8p,600,9291820272,9291,82027,8809291820272 ,8809291820272 ,929182027,9291,2,OK
8.80931E+12,예쁜얼굴 고보습 수분크림 90g,"10,000",9311210106,9311,21010,8809311210106 ,8809311210106 ,931121010,9311,6,OK
8.80932E+12,글루코나비 혈당검사지 50개,"15,000",9319390763,9319,39076,8809319390763 ,8809319390763 ,931939076,9319,3,OK
8.80932E+12,글루코나비 (혈당측정기+검사지 1EA),"15,000",9319390848,9319,39084,8809319390848 ,8809319390848 ,931939084,9319,8,OK
8.80932E+12,란셋 100P,"2,500",9319393344,9319,39334,8809319393344 ,8809319393344 ,931939334,9319,4,OK
8.80932E+12,란셋 200P,"3,500",9319393351,9319,39335,8809319393351 ,8809319393351 ,931939335,9319,1,OK
8.80932E+12,에너지바이탈 포도당캔디 블루베리맛 18T,"2,500",9320250506,9320,25050,8809320250506 ,8809320250506 ,932025050,9320,6,OK
8.80932E+12,에너지바이탈 포도당캔디 레몬맛 18T,"2,500",9320250513,9320,25051,8809320250513 ,8809320250513 ,932025051,9320,3,OK
8.80932E+12,에너지바이탈 포도당캔디 복숭아맛 18T,"2,500",9320250537,9320,25053,8809320250537 ,8809320250537 ,932025053,9320,7,OK
8.80932E+12,에너지바이탈 포도당캔디 파인애플맛 18T,"2,500",9320250643,9320,25064,8809320250643 ,8809320250643 ,932025064,9320,3,OK
8.80932E+12,에너지바이탈 포도당캔디 망고맛 18T,"2,500",9320250650,9320,25065,8809320250650 ,8809320250650 ,932025065,9320,0,OK
8.80932E+12,광동 견옥고 본 (트릿형/30개입),"26,100",9323720761,9323,72076,8809323720761 ,8809323720761 ,932372076,9323,1,OK
8.80932E+12,마데카 습윤밴드 폼 잘라쓰는타입 1매,"8,000",9324921488,9324,92148,8809324921488 ,8809324921488 ,932492148,9324,8,OK
8.80933E+12,MK 아쿠아 콜라겐 20ml x 30V,"150,000",9326644156,9326,64415,8809326644156 ,8809326644156 ,932664415,9326,6,OK
8.80933E+12,닥터루템 이시형박사 알부민 플래티넘,"129,000",9326645597,9326,64559,8809326645597 ,8809326645597 ,932664559,9326,7,OK
8.80933E+12,[익수] 위속청Q 100ml,"1,000",9330473155,9330,47315,8809330473155 ,8809330473155 ,933047315,9330,5,OK
8.80933E+12,위속청Q 1박스(100ml x 10EA),"10,000",9330473162,9330,47316,8809330473162 ,8809330473162 ,933047316,9330,2,OK
8.80933E+12,파워텐골드,"2,000",9330479003,9330,47900,8809330479003 ,8809330479003 ,933047900,9330,3,OK
8.80933E+12,파워텐 골드 1박스(100ml x 10EA),"18,000",9330479010,9330,47901,8809330479010 ,8809330479010 ,933047901,9330,0,OK
8.80933E+12,덴티코어 2중 미세모 칫솔 4개입,"5,000",9334171989,9334,17198,8809334171989 ,8809334171989 ,933417198,9334,9,OK
8.80935E+12,멜라세덤 샴푸 200ml,"18,000",9351430038,9351,43003,8809351430038 ,8809351430038 ,935143003,9351,8,OK
8.80935E+12,터비덤스프레이큐어 100ml,"18,000",9351430052,9351,43005,8809351430052 ,8809351430052 ,935143005,9351,2,OK
8.80936E+12,인사덴트 신속 60T,"8,000",9355651569,9355,65156,8809355651569 ,8809355651569 ,935565156,9355,9,OK
8.80936E+12,인사덴트 교정기 세정제 60T,"10,000",9355651699,9355,65169,8809355651699 ,8809355651699 ,935565169,9355,9,OK
8.80936E+12,인사덴트 나이트 60정,"8,000",9355651705,9355,65170,8809355651705 ,8809355651705 ,935565170,9355,5,OK
8.80936E+12,해피레이디 1300mg 120C(60*2),"80,000",9364340270,9364,34027,8809364340270 ,8809364340270 ,936434027,9364,0,OK
8.80936E+12,당케어골드 60c*2,"70,000",9364340478,9364,34047,8809364340478 ,8809364340478 ,936434047,9364,8,OK
8.80936E+12,멜라토칸액 20ml x 30병(10V x 3EA),"80,000",9364340744,9364,34074,8809364340744 ,8809364340744 ,936434074,9364,4,OK
8.80937E+12,메딕 소독용에탄올 250ml,"1,000",9365120611,9365,12061,8809365120611 ,8809365120611 ,936512061,9365,1,OK
8.80937E+12,과산화수소수 250ml,800,9365120666,9365,12066,8809365120666 ,8809365120666 ,936512066,9365,6,OK
8.80937E+12,글리세린 100g,"1,200",9365121588,9365,12158,8809365121588 ,8809365121588 ,936512158,9365,8,OK
8.80938E+12,반테린 서포터 무릎 S,"18,000",9376580657,9376,58065,8809376580657 ,8809376580657 ,937658065,9376,7,OK
8.80938E+12,반테린 서포터 무릎 M,"18,000",9376580664,9376,58066,8809376580664 ,8809376580664 ,937658066,9376,4,OK
8.80938E+12,반테린 서포터 무릎 L,"18,000",9376580671,9376,58067,8809376580671 ,8809376580671 ,937658067,9376,1,OK
8.80938E+12,반테린 서포터 무릎 XL,"18,000",9376580688,9376,58068,8809376580688 ,8809376580688 ,937658068,9376,8,OK
8.80938E+12,반테린 서포터 팔꿈치 S,"18,000",9376580695,9376,58069,8809376580695 ,8809376580695 ,937658069,9376,5,OK
8.80938E+12,반테린 서포터 팔꿈치 M,"18,000",9376580701,9376,58070,8809376580701 ,8809376580701 ,937658070,9376,1,OK
8.80938E+12,반테린 서포터 팔꿈치 L,"18,000",9376580718,9376,58071,8809376580718 ,8809376580718 ,937658071,9376,8,OK
8.80938E+12,반테린 서포터 발목 S,"18,000",9376580725,9376,58072,8809376580725 ,8809376580725 ,937658072,9376,5,OK
8.80938E+12,반테린 서포터 발목 M,"18,000",9376580732,9376,58073,8809376580732 ,8809376580732 ,937658073,9376,2,OK
8.80938E+12,반테린 서포터 발목 L,"18,000",9376580749,9376,58074,8809376580749 ,8809376580749 ,937658074,9376,9,OK
8.80938E+12,반테린 서포터 손목 S,"18,000",9376580756,9376,58075,8809376580756 ,8809376580756 ,937658075,9376,6,OK
8.80938E+12,반테린 서포터 손목 M,"18,000",9376580763,9376,58076,8809376580763 ,8809376580763 ,937658076,9376,3,OK
8.80938E+12,반테린 서포터 손목 L,"18,000",9376580770,9376,58077,8809376580770 ,8809376580770 ,937658077,9376,0,OK
8.80938E+12,반테린 서포터 종아리 M,"30,000",9376580787,9376,58078,8809376580787 ,8809376580787 ,937658078,9376,7,OK
8.80938E+12,반테린 서포터 종아리 L,"30,000",9376580794,9376,58079,8809376580794 ,8809376580794 ,937658079,9376,4,OK
8.80938E+12,반테린 서포터 허리 M,"35,000",9376580930,9376,58093,8809376580930 ,8809376580930 ,937658093,9376,0,OK
8.80938E+12,반테린 서포터 허리 L,"35,000",9376580947,9376,58094,8809376580947 ,8809376580947 ,937658094,9376,7,OK
8.80938E+12,반테린 서포터 허리 XL,"35,000",9376580954,9376,58095,8809376580954 ,8809376580954 ,937658095,9376,4,OK
8.80938E+12,반테린 서포터 가압허리 M,"50,000",9376580992,9376,58099,8809376580992 ,8809376580992 ,937658099,9376,2,OK
8.80938E+12,반테린 서포터 가압허리 L,"50,000",9376581005,9376,58100,8809376581005 ,8809376581005 ,937658100,9376,5,OK
8.80938E+12,반테린 서포터 가압허리 XL,"50,000",9376581012,9376,58101,8809376581012 ,8809376581012 ,937658101,9376,2,OK
8.80938E+12,반테린 요추 코르셋 M,"65,000",9376581081,9376,58108,8809376581081 ,8809376581081 ,937658108,9376,1,OK
8.80938E+12,반테린 요추 코르셋 L,"65,000",9376581098,9376,58109,8809376581098 ,8809376581098 ,937658109,9376,8,OK
8.80938E+12,반테린 요추 코르셋 XL,"65,000",9376581104,9376,58110,8809376581104 ,8809376581104 ,937658110,9376,4,OK
8.80938E+12,반테린 요추 코르셋 XXL,"70,000",9376581111,9376,58111,8809376581111 ,8809376581111 ,937658111,9376,1,OK
8.80941E+12,히딩크 동전패치 리필 75매,"4,000",9411011689,9411,01168,8809411011689 ,8809411011689 ,941101168,9411,9,OK
8.80942E+12,헛개컨디션 120ml x 10병,"30,000",9422042993,9422,04299,8809422042993 ,8809422042993 ,942204299,9422,3,OK
8.80943E+12,불빛 회전 목마 20T,"3,500",9427531454,9427,53145,8809427531454 ,8809427531454 ,942753145,9427,4,OK
8.80943E+12,더밴드 키즈밴드 헬로카봇 표준형 16매,800,9434847272,9434,84727,8809434847272 ,8809434847272 ,943484727,9434,2,OK
8.80943E+12,핑크퐁 아기상어 더밴드 표준형 16매,800,9434849245,9434,84924,8809434849245 ,8809434849245 ,943484924,9434,5,OK
8.80945E+12,네오 맘스덤뷰티 블레미쉬 클린 릴리프 108매,"4,000",9449344384,9449,34438,8809449344384 ,8809449344384 ,944934438,9449,4,OK
8.80945E+12,네오 맘스덤뷰티 패치 미세스파이크 12매,"8,000",9449344391,9449,34439,8809449344391 ,8809449344391 ,944934439,9449,1,OK
8.80945E+12,네오소프트 치간칫솔 I자형 SSSS(0) 10개입,"4,000",9449344452,9449,34445,8809449344452 ,8809449344452 ,944934445,9449,2,OK
8.80945E+12,네오소프트 치간칫솔 I자형 SSS(1) 10개입,"4,000",9449344469,9449,34446,8809449344469 ,8809449344469 ,944934446,9449,9,OK
8.80945E+12,네오소프트 치간칫솔 I자형 SS(2) 10개입,"4,000",9449344476,9449,34447,8809449344476 ,8809449344476 ,944934447,9449,6,OK
8.80945E+12,네오소프트 치간칫솔 I자형 S(3) 10개입,"4,000",9449344483,9449,34448,8809449344483 ,8809449344483 ,944934448,9449,3,OK
8.80945E+12,네오소프트 치간칫솔 I자형 M(4) 10개입,"4,000",9449344490,9449,34449,8809449344490 ,8809449344490 ,944934449,9449,0,OK
8.80945E+12,네오 맘스덤 하이드로콜로이드 밴드 104매,"4,000",9449344636,9449,34463,8809449344636 ,8809449344636 ,944934463,9449,6,OK
8.80945E+12,네오 맘스덤유로 104매,"4,000",9449344643,9449,34464,8809449344643 ,8809449344643 ,944934464,9449,3,OK
8.80945E+12,메디플렉스 면반창고 S(1.0cm x 330cm),700,9449345190,9449,34519,8809449345190 ,8809449345190 ,944934519,9449,0,OK
8.80945E+12,메디플렉스 면반창고 M(2.5cm x 330cm),"1,200",9449345213,9449,34521,8809449345213 ,8809449345213 ,944934521,9449,3,OK
8.80945E+12,메디플렉스 면반창고 L(7.5cm x 330cm),"2,500",9449345237,9449,34523,8809449345237 ,8809449345237 ,944934523,9449,7,OK
8.80945E+12,네오소프트 Y형 치간치실(400D) 80개입,"2,500",9449346210,9449,34621,8809449346210 ,8809449346210 ,944934621,9449,0,OK
8.80945E+12,네오소프트 낱개형 치간칫솔 200개입,"3,500",9449346227,9449,34622,8809449346227 ,8809449346227 ,944934622,9449,7,OK
8.80947E+12,셀티아이 골드,"100,000",9467500045,9467,50004,8809467500045 ,8809467500045 ,946750004,9467,5,OK
8.80947E+12,셀티아이 맘,"100,000",9467500311,9467,50031,8809467500311 ,8809467500311 ,946750031,9467,1,OK
8.80947E+12,셀티아이 키즈 스텝2,"100,000",9467500335,9467,50033,8809467500335 ,8809467500335 ,946750033,9467,5,OK
8.80947E+12,셀티아이 키즈,"100,000",9467500359,9467,50035,8809467500359 ,8809467500359 ,946750035,9467,9,OK
8.80947E+12,셀티아이 베이비,"80,000",9467500373,9467,50037,8809467500373 ,8809467500373 ,946750037,9467,3,OK
8.80948E+12,[안국] 리쥬비더마 20g,"25,000",9481704535,9481,70453,8809481704535 ,8809481704535 ,948170453,9481,5,OK
8.80948E+12,모모쏘우 바세린밤 오리지널100 50g,"3,200",9484663358,9484,66335,8809484663358 ,8809484663358 ,948466335,9484,8,OK
8.80951E+12,로얄 알부민 골드액 20ml x 5V,"9,000",9506631839,9506,63183,8809506631839 ,8809506631839 ,950663183,9506,9,OK
8.80951E+12,로얄 알부민 골드액 20ml x 60V,"108,000",9506631853,9506,63185,8809506631853 ,8809506631853 ,950663185,9506,3,OK
8.80954E+12,에브리데이 그래핀 칫솔,"2,500",9541331220,9541,33122,8809541331220 ,8809541331220 ,954133122,9541,0,OK
8.80956E+12,뽀로로 비타민C 복숭아향 60g,"2,800",9563635153,9563,63515,8809563635153 ,8809563635153 ,956363515,9563,3,OK
8.80956E+12,뽀로로 비타민C 10T,"1,000",9563635191,9563,63519,8809563635191 ,8809563635191 ,956363519,9563,1,OK
8.8096E+12,오티클린 60ml,"8,100",9595322472,9595,32247,8809595322472 ,8809595322472 ,959532247,9595,2,OK
8.8096E+12,아이클린 30ml,"5,400",9595322649,9595,32264,8809595322649 ,8809595322649 ,959532264,9595,9,OK
8.8096E+12,포텐시에이터 40P(20P x 2EA),"48,000",9597281227,9597,28122,8809597281227 ,8809597281227 ,959728122,9597,7,OK
8.8096E+12,클린덤 알콜스왑(에탄올) 100매,"2,500",9600890118,9600,89011,8809600890118 ,8809600890118 ,960089011,9600,8,OK
8.80963E+12,하트캅 정 SS 6T,"9,000",9625390518,9625,39051,8809625390518 ,8809625390518 ,962539051,9625,8,OK
8.80963E+12,하트캅 정 S 6T,"9,000",9625390525,9625,39052,8809625390525 ,8809625390525 ,962539052,9625,5,OK
8.80963E+12,하트캅 정 M 6T,"18,000",9625390532,9625,39053,8809625390532 ,8809625390532 ,962539053,9625,2,OK
8.80963E+12,하트캅 정 L 6T,"25,000",9625390549,9625,39054,8809625390549 ,8809625390549 ,962539054,9625,9,OK
8.80963E+12,하트캅 츄어블 SS 6T,"18,000",9625390556,9625,39055,8809625390556 ,8809625390556 ,962539055,9625,6,OK
8.80963E+12,하트캅 츄어블 S 6T,"23,000",9625390563,9625,39056,8809625390563 ,8809625390563 ,962539056,9625,3,OK
8.80963E+12,하트캅 츄어블 M 6T,"28,000",9625390570,9625,39057,8809625390570 ,8809625390570 ,962539057,9625,0,OK
8.80963E+12,하트캅 츄어블 L 6T,"33,000",9625390587,9625,39058,8809625390587 ,8809625390587 ,962539058,9625,7,OK
8.80963E+12,파라캅 정 L 6T,"3,000",9625390655,9625,39065,8809625390655 ,8809625390655 ,962539065,9625,5,OK
8.80963E+12,파라캅 정 S 6T,"4,000",9625390662,9625,39066,8809625390662 ,8809625390662 ,962539066,9625,2,OK
8.80963E+12,엑토캅 S 0.67ml x 3EA,"21,600",9625390709,9625,39070,8809625390709 ,8809625390709 ,962539070,9625,9,OK
8.80963E+12,엑토캅 M 1.34ml x 3EA,"27,000",9625390716,9625,39071,8809625390716 ,8809625390716 ,962539071,9625,6,OK
8.80963E+12,엑토캅 L 2.68ml x 3EA,"31,500",9625390723,9625,39072,8809625390723 ,8809625390723 ,962539072,9625,3,OK
8.80963E+12,링티전용 둥근보틀 500ml,"3,000",9626920035,9626,92003,8809626920035 ,8809626920035 ,962692003,9626,5,OK
8.80963E+12,링티 아이 5.4g x 10P,"18,000",9626921070,9626,92107,8809626921070 ,8809626921070 ,962692107,9626,0,OK
8.80963E+12,링티 에이비오 11.7g x 10P,"16,000",9626921506,9626,92150,8809626921506 ,8809626921506 ,962692150,9626,6,OK
8.80963E+12,링티 플러스활력 11.7g x 10P,"16,000",9626921582,9626,92158,8809626921582 ,8809626921582 ,962692158,9626,2,OK
8.80963E+12,하트세이버 츄어블 S (5.7-11㎏) [6츄어블],"22,500",9629300070,9629,30007,8809629300070 ,8809629300070 ,962930007,9629,0,OK
8.80963E+12,하트세이버 츄어블 M (12-22㎏) [6츄어블],"29,700",9629300087,9629,30008,8809629300087 ,8809629300087 ,962930008,9629,7,OK
8.80963E+12,하트세이버 츄어블 L (23-45㎏) [6츄어블],"34,200",9629300094,9629,30009,8809629300094 ,8809629300094 ,962930009,9629,4,OK
8.80963E+12,하트세이버 츄어블 MINI (~5.6㎏) [6츄어블],"19,800",9629300100,9629,30010,8809629300100 ,8809629300100 ,962930010,9629,0,OK
8.80963E+12,하트세이버 정 MINI (~5.6kg) [10정],"13,500",9629300117,9629,30011,8809629300117 ,8809629300117 ,962930011,9629,7,OK
8.80963E+12,하트세이버 정 S (5.7-11kg) [10정],"16,200",9629300124,9629,30012,8809629300124 ,8809629300124 ,962930012,9629,4,OK
8.80963E+12,하트세이버 정 M (12-22kg) [10정],"19,800",9629300131,9629,30013,8809629300131 ,8809629300131 ,962930013,9629,1,OK
8.80963E+12,하트세이버 정 L (23-45kg) [10정],"27,000",9629300148,9629,30014,8809629300148 ,8809629300148 ,962930014,9629,8,OK
8.80963E+12,보네티 츄어블 12C,"22,500",9629300261,9629,30026,8809629300261 ,8809629300261 ,962930026,9629,1,OK
8.80964E+12,페스룸 버블 샴푸 캣 210ml,"16,800",9639040171,9639,04017,8809639040171 ,8809639040171 ,963904017,9639,1,OK
8.80964E+12,페스룸 덴탈클린 칫솔 XS,"5,900",9639041291,9639,04129,8809639041291 ,8809639041291 ,963904129,9639,1,OK
8.80964E+12,페스룸 스마트 네일 클리퍼 캣츠,"18,900",9639041321,9639,04132,8809639041321 ,8809639041321 ,963904132,9639,1,OK
8.80964E+12,페스룸 덴탈 클린 치약 플러스 60g,"14,900",9639041826,9639,04182,8809639041826 ,8809639041826 ,963904182,9639,6,OK
8.80964E+12,페스룸 덴탈클린 칫솔 M,"6,900",9639042076,9639,04207,8809639042076 ,8809639042076 ,963904207,9639,6,OK
8.80964E+12,페스룸 이지 페이셜콤,"7,000",9639042236,9639,04223,8809639042236 ,8809639042236 ,963904223,9639,6,OK
8.80964E+12,페스룸 퓨어 튜나 스틱 참치 (20개입),"11,600",9639042250,9639,04225,8809639042250 ,8809639042250 ,963904225,9639,0,OK
8.80964E+12,페스룸 퓨어 튜나 스틱 참치&연어 (20개입),"11,600",9639042298,9639,04229,8809639042298 ,8809639042298 ,963904229,9639,8,OK
8.80964E+12,페스룸 데일리 트릿 닭가슴살 (100g),"17,900",9639042403,9639,04240,8809639042403 ,8809639042403 ,963904240,9639,3,OK
8.80964E+12,페스룸 데일리 트릿 명태 (70g),"17,900",9639042410,9639,04241,8809639042410 ,8809639042410 ,963904241,9639,0,OK
8.80964E+12,페스룸 프레쉬 덴탈츄 딸기 (30개입),"16,000",9639042465,9639,04246,8809639042465 ,8809639042465 ,963904246,9639,5,OK
8.80964E+12,페스룸 프레쉬 덴탈츄 블루베리 (30개입),"16,000",9639042472,9639,04247,8809639042472 ,8809639042472 ,963904247,9639,2,OK
8.80964E+12,페스룸 프레쉬 덴탈츄 사과 (30개입),"16,000",9639042489,9639,04248,8809639042489 ,8809639042489 ,963904248,9639,9,OK
8.80964E+12,페스룸 저키 트릿 미니 말고기&오리 30g,"3,900",9639042861,9639,04286,8809639042861 ,8809639042861 ,963904286,9639,1,OK
8.80964E+12,페스룸 저키 트릿 미니 소고기&칠면조 30g,"3,900",9639042878,9639,04287,8809639042878 ,8809639042878 ,963904287,9639,8,OK
8.80964E+12,페스룸 버그아웃 라이트 클립 2개입,"14,000",9639044025,9639,04402,8809639044025 ,8809639044025 ,963904402,9639,5,OK
8.80964E+12,페스룸 제로 워터리스 샴푸 85ml,"14,900",9639044605,9639,04460,8809639044605 ,8809639044605 ,963904460,9639,5,OK
8.80964E+12,페스룸 프레쉬 덴탈츄 멜론 (30개입),"16,000",9639047118,9639,04711,8809639047118 ,8809639047118 ,963904711,9639,8,OK
8.80964E+12,광동 묘옥고 츄르형 (10개입),"14,000",9639048467,9639,04846,8809639048467 ,8809639048467 ,963904846,9639,7,OK
8.80964E+12,YM브레인 포스파티딜세린 120C(60C x 2EA),"60,000",9642493667,9642,49366,8809642493667 ,8809642493667 ,964249366,9642,7,OK
8.80964E+12,스트롱 덴타케어플러스 120T(60T x 2EA),"50,000",9642494220,9642,49422,8809642494220 ,8809642494220 ,964249422,9642,0,OK
8.80964E+12,호관원 마그네슘 스프레이 120ml,"12,000",9643281447,9643,28144,8809643281447 ,8809643281447 ,964328144,9643,7,OK
8.80965E+12,라비벳 장 건강&피부 유산균 (30포),"20,700",9646810156,9646,81015,8809646810156 ,8809646810156 ,964681015,9646,6,OK
8.80965E+12,라비벳 장 건강&관절 유산균 (30포),"22,500",9646810279,9646,81027,8809646810279 ,8809646810279 ,964681027,9646,9,OK
8.80965E+12,라비벳 장 건강&구강 유산균 (30포),"20,700",9646810354,9646,81035,8809646810354 ,8809646810354 ,964681035,9646,4,OK
8.80965E+12,라비벳 장 건강&비뇨기 유산균 (30포),"20,700",9646810804,9646,81080,8809646810804 ,8809646810804 ,964681080,9646,4,OK
8.80965E+12,클리닉스 혀클리너,"1,500",9648720972,9648,72097,8809648720972 ,8809648720972 ,964872097,9648,2,OK
8.80965E+12,코로잠테이프 60EA,"7,500",9651911541,9651,91154,8809651911541 ,8809651911541 ,965191154,9651,1,OK
8.80966E+12,이지덤뷰티 57매,"5,500",9658606426,9658,60642,8809658606426 ,8809658606426 ,965860642,9658,6,OK
8.80966E+12,이지덤씬(가위포함) 2매,"6,000",9658608215,9658,60821,8809658608215 ,8809658608215 ,965860821,9658,5,OK
8.80966E+12,이지스 멸균 면봉(사각) 200EA,"1,500",9661150206,9661,15020,8809661150206 ,8809661150206 ,966115020,9661,6,OK
8.80966E+12,신생아유아 면봉(원통) 200EA,"2,500",9661150213,9661,15021,8809661150213 ,8809661150213 ,966115021,9661,3,OK
8.80967E+12,라디메리 하이콜라겐 비오틴 50ml x 28V,"100,000",9668705553,9668,70555,8809668705553 ,8809668705553 ,966870555,9668,3,OK
8.8097E+12,바로잰 알콜스왑,"2,000",9703662063,9703,66206,8809703662063 ,8809703662063 ,970366206,9703,3,OK
8.80971E+12,핑크퐁 아기상어 키즈밴드 주사용16매,800,9705642919,9705,64291,8809705642919 ,8809705642919 ,970564291,9705,9,OK
8.80971E+12,메디랩 소프트 픽싱롤 10cm x 10cm,"8,000",9705643114,9705,64311,8809705643114 ,8809705643114 ,970564311,9705,4,OK
8.80971E+12,메디랩 소프트 픽싱롤 5cm x 10cm,"4,500",9705643121,9705,64312,8809705643121 ,8809705643121 ,970564312,9705,1,OK
8.80971E+12,아텍스테이핑 자가점착테이프 2.5cm x 4.5m,"2,000",9705647860,9705,64786,8809705647860 ,8809705647860 ,970564786,9705,0,OK
8.80971E+12,아텍스테이핑 자가점착테이프 5cm x 4.5m,"2,500",9705647877,9705,64787,8809705647877 ,8809705647877 ,970564787,9705,7,OK
8.80971E+12,아텍스테이핑 자가점착테이프 7.5cm x 4.5m,"3,000",9705647884,9705,64788,8809705647884 ,8809705647884 ,970564788,9705,4,OK
8.80971E+12,뉴메디랩 아쿠아밴드 표준형 10매,"1,600",9705649154,9705,64915,8809705649154 ,8809705649154 ,970564915,9705,4,OK
8.80971E+12,뉴메디랩 아쿠아밴드 혼합형 10매,"1,600",9705649178,9705,64917,8809705649178 ,8809705649178 ,970564917,9705,8,OK
8.80971E+12,뉴메디랩 드레싱밴드 소형 8매,"2,000",9705649345,9705,64934,8809705649345 ,8809705649345 ,970564934,9705,5,OK
8.80971E+12,뉴메디랩 드레싱밴드 중형 6매,"2,000",9705649352,9705,64935,8809705649352 ,8809705649352 ,970564935,9705,2,OK
8.80971E+12,뉴메디랩 드레싱밴드 대형 4매,"2,000",9705649369,9705,64936,8809705649369 ,8809705649369 ,970564936,9705,9,OK
8.80971E+12,뉴메디랩 드레싱밴드 특대형 2매,"2,000",9705649376,9705,64937,8809705649376 ,8809705649376 ,970564937,9705,6,OK
8.80971E+12,뉴메디랩 아쿠아 멸균밴드 소(S) 8EA,"2,000",9705649383,9705,64938,8809705649383 ,8809705649383 ,970564938,9705,3,OK
8.80971E+12,뉴메디랩 아쿠아 멸균밴드 중(M) 3EA,"2,000",9705649390,9705,64939,8809705649390 ,8809705649390 ,970564939,9705,0,OK
8.80971E+12,뉴메디랩 아쿠아 멸균밴드 대형(L) 2EA,"2,000",9705649406,9705,64940,8809705649406 ,8809705649406 ,970564940,9705,6,OK
8.80971E+12,뉴메디랩 아쿠아 멸균밴드 특대형(XL) 2EA,"2,000",9705649413,9705,64941,8809705649413 ,8809705649413 ,970564941,9705,3,OK
8.80971E+12,내가그린 빠른허브 1호,"8,000",9708798668,9708,79866,8809708798668 ,8809708798668 ,970879866,9708,8,OK
8.80971E+12,내가그린 빠른허브 2호,"8,000",9708798675,9708,79867,8809708798675 ,8809708798675 ,970879867,9708,5,OK
8.80971E+12,지오목청캔디 프로폴리스 10개입,"2,500",9710680425,9710,68042,8809710680425 ,8809710680425 ,971068042,9710,5,OK
8.80971E+12,지오목청캔디 도라지 10개입,"2,500",9710680432,9710,68043,8809710680432 ,8809710680432 ,971068043,9710,2,OK
8.80971E+12,비오틴 파워골드10000 60T,"30,000",9713760674,9713,76067,8809713760674 ,8809713760674 ,971376067,9713,4,OK
8.80971E+12,알비로씨 파워 120T,"30,000",9713761114,9713,76111,8809713761114 ,8809713761114 ,971376111,9713,4,OK
8.80971E+12,철갑상어 연골 뮤코다당단백 + MSM 180T,"120,000",9713761398,9713,76139,8809713761398 ,8809713761398 ,971376139,9713,8,OK
8.80972E+12,복합개시딘 10g,"16,000",9720800035,9720,80003,8809720800035 ,8809720800035 ,972080003,9720,5,OK
8.80972E+12,아이드롭스클린 10ml,"6,300",9720800080,9720,80008,8809720800080 ,8809720800080 ,972080008,9720,0,OK
8.80972E+12,스킨카솔 15g,"8,100",9720800424,9720,80042,8809720800424 ,8809720800424 ,972080042,9720,4,OK
8.80972E+12,제스타제 정 10T,"5,400",9720800455,9720,80045,8809720800455 ,8809720800455 ,972080045,9720,5,OK
8.80972E+12,프리가드 액 120ml 스프레이,"10,000",9720800509,9720,80050,8809720800509 ,8809720800509 ,972080050,9720,9,OK
8.80972E+12,클라멘틴 62.5mg 100T,"36,000",9720800967,9720,80096,8809720800967 ,8809720800967 ,972080096,9720,7,OK
8.80972E+12,알러엑스 정 30T,"17,100",9720801353,9720,80135,8809720801353 ,8809720801353 ,972080135,9720,3,OK
8.80974E+12,닥터플러스 KF94 황사마스크 대형,500,9738665411,9738,66541,8809738665411 ,8809738665411 ,973866541,9738,1,OK
8.80977E+12,식물성RTG 오메가3&징코 120C,"55,000",9772205208,9772,20520,8809772205208 ,8809772205208 ,977220520,9772,8,OK
8.80977E+12,바이탈프로그램 비타민D플러스 4000IU(90C),"15,000",9772205376,9772,20537,8809772205376 ,8809772205376 ,977220537,9772,6,OK
8.80977E+12,바이탈프로그램 비타민D플러스 1000IU(90C),"12,000",9772205390,9772,20539,8809772205390 ,8809772205390 ,977220539,9772,0,OK
8.80977E+12,솔박티나 데일리 페미닌 클렌징워시 330ml,"11,000",9772784468,9772,78446,8809772784468 ,8809772784468 ,977278446,9772,8,OK
8.80979E+12,산리오 반지캔디 9g,800,9788013576,9788,01357,8809788013576 ,8809788013576 ,978801357,9788,6,OK
8.80979E+12,꾸덕젤리 블루베리향 180g,"4,500",9788013606,9788,01360,8809788013606 ,8809788013606 ,978801360,9788,6,OK
8.8098E+12,링티 아이 보틀 300ml,"4,500",9799270333,9799,27033,8809799270333 ,8809799270333 ,979927033,9799,3,OK
8.80981E+12,드시모네 팜 키즈 딸기향,"64,000",9807280835,9807,28083,8809807280835 ,8809807280835 ,980728083,9807,5,OK
8.80981E+12,깨노니 땡큐샷 1ea,"3,000",9807289937,9807,28993,8809807289937 ,8809807289937 ,980728993,9807,7,OK
8.80981E+12,깨노니 땡큐샷(N)(약국용) 9B,"20,000",9807289944,9807,28994,8809807289944 ,8809807289944 ,980728994,9807,4,OK
8.80982E+12,코큐텐비타  120C(60C x 2EA),"60,000",9816411688,9816,41168,8809816411688 ,8809816411688 ,981641168,9816,8,OK
8.80982E+12,아가야 열냉각시트 6P,"5,000",9824260193,9824,26019,8809824260193 ,8809824260193 ,982426019,9824,3,OK
8.80982E+12,네오케어 혀크리너,"2,000",9824261794,9824,26179,8809824261794 ,8809824261794 ,982426179,9824,4,OK
8.80982E+12,이지 스케일링 200g,"8,000",9824261978,9824,26197,8809824261978 ,8809824261978 ,982426197,9824,8,OK
8.80983E+12,[대웅생명과학] 헬스데이 식물유래 NMN 120T(60T x 2EA),"60,000",9832035189,9832,03518,8809832035189 ,8809832035189 ,983203518,9832,9,OK
8.80984E+12,타스플러스 에어방역마스크 KF94,500,9841590006,9841,59000,8809841590006 ,8809841590006 ,984159000,9841,6,OK
8.80985E+12,푸른 뉴 상쾌한 변화 100g,"2,500",9854720698,9854,72069,8809854720698 ,8809854720698 ,985472069,9854,8,OK
8.80985E+12,프리미엄 글루패스 20g x 30P,"40,000",9854727666,9854,72766,8809854727666 ,8809854727666 ,985472766,9854,6,OK
8.80986E+12,또봇 주차장 주유놀이,"4,500",9856141231,9856,14123,8809856141231 ,8809856141231 ,985614123,9856,1,OK
8.80986E+12,쏘팔메토 맥스 포르테 120C(60C x 2EA),"60,000",9861491000,9861,49100,8809861491000 ,8809861491000 ,986149100,9861,0,OK
8.80986E+12,뮤코다당단백 콘드로이친&MSM2700 180T(90T x 2EA),"80,000",9861491024,9861,49102,8809861491024 ,8809861491024 ,986149102,9861,4,OK
8.80986E+12,리포좀 비타민C&비타민D 120T(60T x 2EA),"60,000",9861491246,9861,49124,8809861491246 ,8809861491246 ,986149124,9861,6,OK
8.80986E+12,스페셜 비타민D3 5000IU 플러스 180C,"25,000",9861530983,9861,53098,8809861530983 ,8809861530983 ,986153098,9861,3,OK
8.80986E+12,스페셜 비타민D3 5000IU 플러스 180C*2,"50,000",9861530990,9861,53099,8809861530990 ,8809861530990 ,986153099,9861,0,OK
8.80986E+12,캐치티니핑 열냉각시트 6P,"5,000",9864620193,9864,62019,8809864620193 ,8809864620193 ,986462019,9864,3,OK
8.80986E+12,캐치티니핑 하트요술봉,"4,500",9864620483,9864,62048,8809864620483 ,8809864620483 ,986462048,9864,3,OK
8.80987E+12,드시모네 4500,"120,000",9865090377,9865,09037,8809865090377 ,8809865090377 ,986509037,9865,7,OK
8.80989E+12,상쾌한 목 페퍼민트부스터 25g,"2,500",9885381349,9885,38134,8809885381349 ,8809885381349 ,988538134,9885,9,OK
8.80989E+12,상쾌한 목 천연레몬향 캔디 25g,"2,500",9885381363,9885,38136,8809885381363 ,8809885381363 ,988538136,9885,3,OK
8.80989E+12,닥터플러스 KF94 황사마스크 50매,"15,000",9886730108,9886,73010,8809886730108 ,8809886730108 ,988673010,9886,8,OK
8.80989E+12,이지덤뷰티 릴리프 57매,"5,500",9893593093,9893,59309,8809893593093 ,8809893593093 ,989359309,9893,3,OK
8.8099E+12,두원에탄올250ml,"1,000",9895700611,9895,70061,8809895700611 ,8809895700611 ,989570061,9895,1,OK
8.8099E+12,두원에탄올1L,"4,500",9895700659,9895,70065,8809895700659 ,8809895700659 ,989570065,9895,9,OK
8.80992E+12,티니핑 캐릭터 올밴드 혼합형16매,800,9918380295,9918,38029,8809918380295 ,8809918380295 ,991838029,9918,5,OK
8.80992E+12,오로라핑 캐릭터 올밴드 표준형16매,800,9918380332,9918,38033,8809918380332 ,8809918380332 ,991838033,9918,2,OK
8.80992E+12,하츄핑 캐릭터 올밴드 표준형 16매,800,9918380448,9918,38044,8809918380448 ,8809918380448 ,991838044,9918,8,OK
8.80993E+12,펫생각 데일리케얼 브레스(호흡기) 60정,"22,320",9928840062,9928,84006,8809928840062 ,8809928840062 ,992884006,9928,2,OK
8.80993E+12,펫생각 데일리케얼 멀티밸런스 비타민 60정,"25,000",9928840079,9928,84007,8809928840079 ,8809928840079 ,992884007,9928,9,OK
8.80993E+12,펫생각 데일리케얼 리얼 알티지 오메가3 180C,"32,000",9928840161,9928,84016,8809928840161 ,8809928840161 ,992884016,9928,1,OK
8.80993E+12,펫생각 데일리케얼 리얼 루테인(눈) 60정,"20,500",9928841229,9928,84122,8809928841229 ,8809928841229 ,992884122,9928,9,OK
8.80993E+12,펫생각 데일리케얼 리얼 칼슘(관절) 60정,"20,500",9928841236,9928,84123,8809928841236 ,8809928841236 ,992884123,9928,6,OK
8.80993E+12,뉴더밴드 표준형 20매,800,9931360106,9931,36010,8809931360106 ,8809931360106 ,993136010,9931,6,OK
8.80993E+12,뉴더밴드 혼합형 20매,800,9931360113,9931,36011,8809931360113 ,8809931360113 ,993136011,9931,3,OK
8.80993E+12,뉴더밴드 대형 8매,800,9931360120,9931,36012,8809931360120 ,8809931360120 ,993136012,9931,0,OK
8.80993E+12,뉴더밴드에이 표준형 72EA,"2,500",9931360182,9931,36018,8809931360182 ,8809931360182 ,993136018,9931,2,OK
8.80993E+12,뉴더밴드에이 혼합형 72EA,"2,500",9931360199,9931,36019,8809931360199 ,8809931360199 ,993136019,9931,9,OK
8.80993E+12,뉴아텍스 키네시테이핑 베이지 5cm x 5m,"6,400",9931361448,9931,36144,8809931361448 ,8809931361448 ,993136144,9931,8,OK
8.80993E+12,더밴드 패턴밴드 시나모롤밴드 표준형,800,9931362988,9931,36298,8809931362988 ,8809931362988 ,993136298,9931,8,OK
8.80993E+12,쿠로미x시나모롤 더밴드 패턴밴드(혼합형),800,9931362995,9931,36299,8809931362995 ,8809931362995 ,993136299,9931,5,OK
8.80993E+12,산리오 피큐어 칫솔(시나모롤),"2,800",9931363046,9931,36304,8809931363046 ,8809931363046 ,993136304,9931,6,OK
8.80993E+12,산리오 피규어 칫솔(쿠로미),"2,800",9931363107,9931,36310,8809931363107 ,8809931363107 ,993136310,9931,7,OK
8.80993E+12,산리오 피큐어 칫솔(마이멜로디),"2,800",9931363114,9931,36311,8809931363114 ,8809931363114 ,993136311,9931,4,OK
8.80993E+12,마이멜로디 8곡 곡물스틱(딸기) 8개,"3,800",9931363770,9931,36377,8809931363770 ,8809931363770 ,993136377,9931,0,OK
8.80993E+12,시나모롤 8곡 곡물스틱(치즈) 8개,"3,800",9931363794,9931,36379,8809931363794 ,8809931363794 ,993136379,9931,4,OK
8.80993E+12,산리오 캐릭터즈 칫솔 5EA,"4,000",9931363961,9931,36396,8809931363961 ,8809931363961 ,993136396,9931,1,OK
8.80993E+12,산리오캐릭터즈 프루츠 비타젤리 60g,"2,800",9931365811,9931,36581,8809931365811 ,8809931365811 ,993136581,9931,1,OK
8.80993E+12,한강 멸균거즈(3호) 소(5cm x 5cm) 20P,450,9932980280,9932,98028,8809932980280 ,8809932980280 ,993298028,9932,0,OK
8.80993E+12,한강 멸균거즈(3호) 중(7.5cm x 7.5cm) 8P,550,9932980310,9932,98031,8809932980310 ,8809932980310 ,993298031,9932,0,OK
8.80993E+12,한강 멸균거즈(3호) 대(10cm x 10cm) 8P,600,9932980341,9932,98034,8809932980341 ,8809932980341 ,993298034,9932,1,OK
8.80995E+12,헬씨허그 철갑상어 콘드로이친 1200,"48,000",9947613753,9947,61375,8809947613753 ,8809947613753 ,994761375,9947,3,OK
8.80996E+12,메탈 카드봇 블루캅,"4,500",9961970221,9961,97022,8809961970221 ,8809961970221 ,996197022,9961,1,OK
8.80996E+12,위시캣 키즈칫솔 1개입,"3,500",9961970979,9961,97097,8809961970979 ,8809961970979 ,996197097,9961,9,OK
8.90103E+12,바세린 오리지날 프로텍팅 젤리 50ml,"2,000",,,,,,,,NO_880,
8.90103E+12,바세린 오리지날 프로텍팅 젤리 100ml,"2,800",,,,,,,,NO_880,
8.90608E+12,싸이클론(2mg) 안연고 5g,"22,500",,,,,,,,NO_880,
9.30065E+12,오랄비 왁스치실 50m,"3,000",,,,,,,,NO_880,