바코드,이름,판매가격,파싱문자열,회사코드,품목코드
01088000156009101,히딩크프리미엄 OK동전통증패치 105매,"12,000",00156009101,0015,6009
0108800026200031,노즈스위퍼 코세척기,"9,000",0026200031,0026,2000
0108800026200048,노즈스위퍼 코세정분말 60P,"6,000",0026200048,0026,2000
0108800048007793,하이맘밴드 에이지썬프로텍션 2매,"9,000",0048007793,0048,0077
0108800048010250,하이맘번 잘라쓰는타입 1매(7 x 10cm),"10,000",0048010250,0048,0102
0108800048012858,하이맘폼 에이프리 잘라쓰는타입 1매,"9,000",0048012858,0048,0128
0108800243820142,무통사혈침(DE-ST01),"5,000",0243820142,0243,8201
0108800516000417,드리클로 20ml,"11,000",0516000417,0516,0004
0108800742000212,부스코판 플러스정 10정,"3,300",0742000212,0742,0002
0108800742000519,오펠 뮤코펙트정 10T,"3,000",0742000519,0742,0005
0108800742000625,둘코락스에스 5mg 40T,"11,000",0742000625,0742,0006
0108800742000816,둘코락스좌약 5S 5개,"3,000",0742000816,0742,0008
0108800742000830,둘코락스좌약10mg(신) 50S,"15,000",0742000830,0742,0008
01088060520040221727121410G8900521G890050000001479,조아바이톤-에이 20ml x 30P,"140,000",605200402217271214108900521890050000001479,6052,0040
010880605242891017,에스리버(180T*2EA),"63,000",6.05243E+11,6052,4289
0108806218001912,에치탑캡슐,"2,000",6218001912,6218,0019
0108806218004517,[파비스] 아루진 10T,"1,500",6218004517,6218,0045
0108806218039410,파비시드10정[광동],"2,000",6218039410,6218,0394
0108806265003112,노스카나 20g,"17,000",6265003112,6265,0031
0108806265018215,애크린겔 20g,"10,000",6265018215,6265,0182
0108806265021512,노스카딘 겔 18g,"12,000",6265021512,6265,0215
0108806275002518,안티렌크림 30g,"4,000",6275002518,6275,0025
0108806409047910,프틴 크림 30g,"5,000",6409047910,6409,0479
0108806409048313,반질크림(우레아) 60g,"4,000",6409048313,6409,0483
0108806417011514,알콤정 4T,"3,000",6417011514,6417,0115
0108806417021629,[일양] 진코텔정 200T,"40,000",6417021629,6417,0216
0108806417025016,프로엑스피 20ml x 5V,"20,000",6417025016,6417,0250
0108806417028222,속콜큐어 캡슐 10C,"2,000",6417028222,6417,0282
0108806417042310,속콜코프엘 10C,"2,000",6417042310,6417,0423
0108806417043713,혈강고 6P,"3,000",6417043713,6417,0437
0108806417046424,노루모 듀얼액션 10ml x 4P,"3,000",6417046424,6417,0464
0108806417046448,노루모 듀얼액션 10ml x 10P,"7,000",6417046448,6417,0464
0108806417047827,속콜기가 10C,"2,000",6417047827,6417,0478
0108806417048619,노루모 에프 내복액 75ml,700,6417048619,6417,0486
0108806417051022,노루모 에스 15P,"3,000",6417051022,6417,0510
0108806417051114,노루모 에이스산 250g,"4,500",6417051114,6417,0511
0108806417051510,보나링 츄어블 4T,"2,000",6417051510,6417,0515
0108806417052616,두피나액 30ml,"5,000",6417052616,6417,0526
0108806417057710,황력골드 100ml,"2,000",6417057710,6417,0577
0108806417057819,애린쏙 10T,"2,000",6417057819,6417,0578
0108806417058311,아네린 10T,"2,000",6417058311,6417,0583
0108806417063117,카네클로 질정 6T,"2,500",6417063117,6417,0631
0108806417063810,크로아존엔정 10T,"2,000",6417063810,6417,0638
0108806417063919,장제로큐 장용정 20T,"2,500",6417063919,6417,0639
0108806417064725,위제로 유쾌 12g x 3P,"3,000",6417064725,6417,0647
0108806417064817,알레드제로 120mg 10T,"3,000",6417064817,6417,0648
0108806418051915,센스리베 21T,"7,000",6418051915,6418,0519
0108806418057535,레돌민 20T,"12,000",6418057535,6418,0575
0108806418062638,아이톡 0.5ml x 30관,"7,000",6418062638,6418,0626
0108806418067510,[광동] 벤포파워Z 100ml,"2,000",6418067510,6418,0675
0108806418072811,아이톡쿨 점안액 쿨 14ml,"3,500",6418072811,6418,0728
0108806418072828,아이톡쿨 점안액 순 14ml,"3,500",6418072828,6418,0728
0108806418072835,아이톡쿨 점안액 라이트 14ml,"3,500",6418072835,6418,0728
0108806419000431,겔포스엠현탁액 20g 4포,"4,000",6419000431,6419,0004
0108806419000479,겔포스엠 20g x 6P,"5,000",6419000479,6419,0004
0108806419031633,용각산쿨 복숭아향 18P,"6,000",6419031633,6419,0316
0108806419031640,용각산쿨 민트향 18P,"6,000",6419031640,6419,0316
0108806419031671,용각산쿨 민트커피향 18P,"6,000",6419031671,6419,0316
0108806419031688,용각산쿨 블루베리향 18P,"6,000",6419031688,6419,0316
0108806419031725,용각산쿨 민트커피향 10P,"4,500",6419031725,6419,0317
0108806419031732,용각산쿨 블루베리향 10P,"4,500",6419031732,6419,0317
0108806419044039,맨담 케토쿨 5매,"2,500",6419044039,6419,0440
0108806419065928,맨담 듀오임팩 7매,"2,000",6419065928,6419,0659
0108806419066826,겔포스엘현탁액 20g 4포,"4,500",6419066826,6419,0668
0108806419066833,겔포스엘 20g x 6P,"5,000",6419066833,6419,0668
0108806420004015,버물리 에스액(신) 50ml,"3,000",6420004015,6420,0040
0108806420004022,버물리 에스액(솔타입) 50ml,"4,000",6420004022,6420,0040
0108806420005913,솔루펜 10C,"2,500",6420005913,6420,0059
0108806420042710,솔루록센연질캡슐,"2,500",6420042710,6420,0427
0108806420045216,시노타딘 10C,"2,000",6420045216,6420,0452
0108806421062410,[유한] 메가비타 100ml,"2,000",6421062410,6421,0624
0108806422002514,레가론현탁액 12.6ml x 4포,"5,500",6422002514,6422,0025
0108806422014241,아락실 8g x 30P,"18,000",6422014241,6422,0142
0108806422022062,타세놀 8시간 이알 서방정 6정,"1,500",6422022062,6422,0220
0108806422024813,아락실큐 20T,"3,500",6422024813,6422,0248
0108806422035116,코리투살에스 노즈시럽 100ml,"2,200",6422035116,6422,0351
0108806422035222,코리투살에스 코프시럽 100ml,"2,200",6422035222,6422,0352
0108806422037516,코리투살에스노즈 10C,"1,500",6422037516,6422,0375
0108806422037615,코리투살에스코프 10C,"1,500",6422037615,6422,0376
0108806422037714,코리투살에스콜드 10C,"1,500",6422037714,6422,0377
0108806422038919,타세놀 500mg 10T,"1,500",6422038919,6422,0389
0108806422044613,코트리나캡슐 10C,"2,000",6422044613,6422,0446
0108806422045443,헥사메딘액,"3,000",6422045443,6422,0454
0108806422045528,[부광] 위속엔 20T,"3,000",6422045528,6422,0455
010880642237615,코리투살에스코프,"1,500",642237615,6422,3761
0108806427035128,판콜에스 내복액 1박스(30ml x 5EA),"2,500",6427035128,6427,0351
0108806427039515,후시딘겔 10g,"7,000",6427039515,6427,0395
0108806427039522,후시딘겔(티트리오일) 15g,"9,000",6427039522,6427,0395
0108806427039713,후시딘 5g,"4,800",6427039713,6427,0397
0108806427039720,후시딘 10g,"6,500",6427039720,6427,0397
0108806427069826,바르지오 모두크림 30g,"7,500",6427069826,6427,0698
0108806427076725,화이투벤 멘톨 0.1% 10ml,"7,500",6427076725,6427,0767
0108806427076916,화이투벤 0.05%(어린이용) 10ml,"7,500",6427076916,6427,0769
0108806427077111,동화 알보칠 5ml,"6,000",6427077111,6427,0771
0108806428003010,덴타포스 10C,"2,000",6428003010,6428,0030
0108806429062719,세노바퀵 10C,"3,000",6429062719,6429,0627
0108806432033522,록소앤 롤온타입 50g,"10,000",6432033522,6432,0335
0108806433016241,아나프록스 10T,"1,500",6433016241,6433,0162
0108806433025014,젠빅 60c,"10,000",6433025014,6433,0250
0108806433035051,케펨 40매,"8,000",6433035051,6433,0350
0108806433052317,류파프 6매,"2,500",6433052317,6433,0523
0108806433052324,류파프핫 6매,"2,500",6433052324,6433,0523
0108806433065515,파미딘 10mg 10정,"2,000",6433065515,6433,0655
0108806433065522,파미딘 10mg 30정,"4,000",6433065522,6433,0655
0108806433087616,파미딘 플러스 10T,"2,500",6433087616,6433,0876
0108806433094218,동의고 6매,"3,000",6433094218,6433,0942
0108806435000712,히아로겔 15g,"10,000",6435000712,6435,0007
0108806435002242,눈앤 0.5ml x 30관,"8,000",6435002242,6435,0022
0108806435006110,루마 50g,"4,000",6435006110,6435,0061
0108806435009036,메디락 디에스장용캡슐 100C,"12,000",6435009036,6435,0090
0108806435010032,목시딜액 5% 30ml,"4,000",6435010032,6435,0100
0108806435010520,무조날크림 15g,"3,000",6435010520,6435,0105
0108806435011213,바이버 크림 5g,"2,000",6435011213,6435,0112
0108806435011411,복합써스펜좌약 10개입,"10,000",6435011411,6435,0114
0108806435013217,소하자임 플러스 10T,"3,000",6435013217,6435,0132
0108806435022714,제텐씨 60T,"18,000",6435022714,6435,0227
0108806435024527,케어가글 오리지널 100ml(약국용),"1,200",6435024527,6435,0245
0108806435024534,케어가글 오리지널 250ml(약국용),"3,000",6435024534,6435,0245
0108806435024541,"케어가글 오리지널 1,000ml(약국용)","10,000",6435024541,6435,0245
0108806435024565,케어가글 사과향 250ml(약국용),"4,000",6435024565,6435,0245
0108806435028815,텐텐츄정 10p,"2,000",6435028815,6435,0288
0108806435031747,파워겔(리도카인) 1g 5포,"6,000",6435031747,6435,0317
0108806435036322,아스피린100mg 100정,"7,000",6435036322,6435,0363
0108806435037435,유리아 50g,"3,000",6435037435,6435,0374
0108806435042811,슬리펠 25mg 20T,"3,500",6435042811,6435,0428
0108806435062116,코앤 15ml(140회),"7,000",6435062116,6435,0621
0108806435065117,미등록상품,"1,000",6435065117,6435,0651
0108806435065186,장쾌락 15ml x 30P,"17,000",6435065186,6435,0651
0108806435067210,무조날쿨크림 15g,"3,000",6435067210,6435,0672
0108806435067319,코스펜정 10T,"2,000",6435067319,6435,0673
0108806435070913,목앤 스프레이 20ml,"6,500",6435070913,6435,0709
0108806435073914,코앤쿨 20ml,"5,500",6435073914,6435,0739
0108806435074812,까스앤프리 80mg 12T,"4,000",6435074812,6435,0748
0108806435075512,나인나인 100T,"25,000",6435075512,6435,0755
0108806435079411,무조날S 네일라카 6ml,"15,000",6435079411,6435,0794
0108806435080516,두피앤 30ml,"5,000",6435080516,6435,0805
0108806435080813,쎄코론지크림 30g,"3,000",6435080813,6435,0808
0108806436003118,노바손크림 15g,"2,000",6436003118,6436,0031
01088064360331151728081110401945,제놀한방,"2,500",64360331151728081110401945,6436,0331
01088064360498191728051310402467,미등록상품,"2,000",64360498191728051310402467,6436,0498
0108806436066021,아이포레 0.5ml x 30관,"6,000",6436066021,6436,0660
0108806439009018,액티피드정 10C,"3,000",6439009018,6439,0090
0108806439021218,티어실 원스외용액 4.5g,"10,000",6439021218,6439,0212
0108806439038117,티어실 쿨크림 20g,"3,000",6439038117,6439,0381
0108806441004810172711301025137212513701243,에스로반,"2,500",6441004810172711301025137212513701243,6441,0048
0108806441004810172711301025137212513719157,에스로반 10g,"2,500",6441004810172711301025137212513719157,6441,0048
01088064410048651727060810250222,에스로반연고,"3,000",64410048651727060810250222,6441,0048
01088064410048651727060810250232,에스로반,"3,000",64410048651727060810250232,6441,0048
01088064410353331727101710240052170424005000841,징코턴정 240mg 60T,"35,000",64410353331727101710240052170424005000841,6441,0353
0108806445007831,[유유]베노플러스 겔 15g,"8,000",6445007831,6445,0078
0108806445012316,[유유]피지오머 비강세척액 스프레이 노즐(베이비) 115ml,"18,000",6445012316,6445,0123
0108806445012323,피지오머 젯노즐(젠틀) 135ml,"19,500",6445012323,6445,0123
0108806447022283,트라스트패취 30매,"18,000",6447022283,6447,0222
0108806448002215,노비프록스1.5% 100g,"9,000",6448002215,6448,0022
0108806448003113,도미나크림(히드라퀴논4%) 60g,"41,000",6448003113,6448,0031
0108806448003168,도미나크림(히드라퀴논4%) 50g,"40,000",6448003168,6448,0031
0108806448006510,메카인 2T,900,6448006510,6448,0065
0108806448009016,박트리안 10g,"3,000",6448009016,6448,0090
0108806448009412,베이덤 50g,"4,000",6448009412,6448,0094
0108806448009641,벤트락스 20g,"14,000",6448009641,6448,0096
0108806448012313,아비나 10g,"4,000",6448012313,6448,0123
0108806448014713,엘린플러스크림 20g,"4,000",6448014713,6448,0147
0108806448016427,제올라에스액 60g,"4,000",6448016427,6448,0164
0108806448016519,제올라크림 15g,"3,000",6448016519,6448,0165
0108806448016724,[태극] 지스톤 30g,"3,000",6448016724,6448,0167
0108806448022718,아즈렌 에스크림 30g,"5,000",6448022718,6448,0227
0108806448023913,[태극] 케토코나졸 크림 20g,"3,000",6448023913,6448,0239
0108806448028123,파티마겔 2.5% 30g,"5,000",6448028123,6448,0281
0108806448030911,하이로손 20g,"2,500",6448030911,6448,0309
0108806448033028,벤트플라 15g,"7,000",6448033028,6448,0330
0108806448033417,[태극]나프졸 크림 30g,"5,000",6448033417,6448,0334
0108806448039938,이클린탁스130g,"7,000",6448039938,6448,0399
0108806448046622,티트로신 10g,"4,000",6448046622,6448,0466
0108806448055419,목앤탁 30ml,"7,000",6448055419,6448,0554
0108806448057314,[태극] 우레아 60g,"4,500",6448057314,6448,0573
0108806448058823,아크스카클리어 20g,"12,000",6448058823,6448,0588
0108806448063612,아나파베 10T,"2,000",6448063612,6448,0636
0108806448064510,미녹시딜 바이그루트액 3% 200ml,"25,000",6448064510,6448,0645
0108806448064633,미녹시딜 바이그루트액 5% 200ml,"25,000",6448064633,6448,0646
0108806448065821,아크클리어크림 20g,"10,000",6448065821,6448,0658
0108806448066156,도미나 라이트(히드라퀴논2%) 40g,"20,000",6448066156,6448,0661
0108806448067214,메타리빈액 15ml,"6,000",6448067214,6448,0672
0108806453030715,호르반 30ml,"4,000",6453030715,6453,0307
0108806453033839,티어클린(순) 15ml,"3,000",6453033839,6453,0338
0108806453060521,티어클린 0.5ml x 30관,"7,000",6453060521,6453,0605
0108806457011918,탄툼 베르데 네뷸라이저(30ml),"7,000",6457011918,6457,0119
0108806457027919,[삼아] 리도멕스 0.15% 15g,"4,000",6457027919,6457,0279
0108806458039621,[바이넥스] 티나청포르테 점안액 14ml,"3,000",6458039621,6458,0396
0108806470004935,안티포스 10g,"3,000",6470004935,6470,0049
0108806470007110,안티클로크림 5g,"4,000",6470007110,6470,0071
0108806478049129,돌체락 5ml x 20P,"12,000",6478049129,6478,0491
01088064780571241727100310IKMA00,아이스콘 0.5ml x 30관,"7,000",6478057124172710031000,6478,0571
0108806481013247,코졸텍 10T,"1,500",6481013247,6481,0132
0108806481013568,속엔쿨 10T,"1,500",6481013568,6481,0135
0108806481027619,그날엔큐 10T,"2,000",6481027619,6481,0276
0108806481037717,애니메디 5ml,"4,000",6481037717,6481,0377
0108806481044517,[경동] 애니큐어 10g,"2,500",6481044517,6481,0445
0108806481047419,그날엔 더블유 12C,"2,500",6481047419,6481,0474
0108806481049512,코투루텐 20ml,"6,000",6481049512,6481,0495
0108806483002232,포비돈스틱스왑 2p,360,6483002232,6483,0022
0108806486004264,(보령)리메부틴정 10T,"2,000",6486004264,6486,0042
0108806486021711,젠타졸정 2T,800,6486021711,6486,0217
0108806495025311,유니센타액 60V(20ml x 30V x 2EA),"200,000",6495025311,6495,0253
0108806495071325,앗센 20ml x 30V,"50,000",6495071325,6495,0713
0108806495071332,앗센액 20ml x 60V(30V x 2EA),"100,000",6495071332,6495,0713
0108806497006646,지엘 소브레롤 10C,"2,000",6497006646,6497,0066
0108806497024015,애크논 크림 13g,"10,000",6497024015,6497,0240
0108806498018518,[명문]베라스톤크림 20g,"2,500",6498018518,6498,0185
0108806498027015,제나콤정 2T,800,6498027015,6498,0270
0108806498052727,옵트클린 14ml,"3,000",6498052727,6498,0527
0108806516002376,뮤테란과립 200mg,"6,000",6516002376,6516,0023
0108806516014416,에키나포스 프로텍트 정 10T,"5,000",6516014416,6516,0144
0108806519017131,이가탄F 60C,"19,000",6519017131,6519,0171
0108806519041013,메이킨Q 20T,"4,500",6519041013,6519,0410
0108806519041037,메이킨Q 40T,"8,500",6519041037,6519,0410
0108806534029720,위스콘 더블액션 10ml x 4ea,"2,000",6534029720,6534,0297
0108806534049124,리클란 0.5ml x 30관,"9,000",6534049124,6534,0491
0108806538016139,[신일]클로닉신리시네이트 10T,"2,000",6538016139,6538,0161
0108806538047416,아미나엑스 100T,"50,000",6538047416,6538,0474
0108806538050157,트레스오릭스 포르테 30C,"10,000",6538050157,6538,0501
0108806538050324,니코에이패취 2단계 15mg 7매,"10,000",6538050324,6538,0503
0108806538050423,니코에이패취 3단계 10mg 7매,"9,500",6538050423,6538,0504
0108806538050522,니코에이패취 1단계 25mg 7매,"11,000",6538050522,6538,0505
0108806538050713,니코에이껌 2mg 30개입,"11,000",6538050713,6538,0507
0108806538051727,하나로겔 20g,"8,000",6538051727,6538,0517
0108806538051765,하나로 50g,"15,000",6538051765,6538,0517
0108806538052014,젠스트린 멘톨&페퍼민트향 12T,"4,000",6538052014,6538,0520
0108806538052021,젠스트린 레몬향 12T,"4,000",6538052021,6538,0520
0108806538052038,젠스트린 복숭아향 12T,"4,000",6538052038,6538,0520
0108806538055916,디펜 코인 30P,"2,500",6538055916,6538,0559
0108806538060019,스티모린 에스크림 5g,"4,000",6538060019,6538,0600
0108806538060026,스티모린 에스크림 10g,"7,000",6538060026,6538,0600
0108806538065120,디펜 파워 투어펜 쿨 12매,"3,000",6538065120,6538,0651
01088065410011151728022510416785,[유씨] 지르텍10mg 10T,"4,500",65410011151728022510416785,6541,0011
01088065410011151728032610419333,[유씨] 지르텍10mg 10T,"4,500",65410011151728032610419333,6541,0011
01088065410011461728030210416788,[유씨]지르텍정 10mg 100정,"25,000",65410011461728030210416788,6541,0011
0108806542004610,아졸 10T,"1,500",6542004610,6542,0046
0108806562053612,멜라트리 10T,"2,000",6562053612,6562,0536
0108806574015226,맥시부키즈 6ml x 10포,"4,000",6574015226,6574,0152
0108806574015318,헤리엔톡크림 5g,"6,000",6574015318,6574,0153
0108806574015523,페리톡 10g,"7,000",6574015523,6574,0155
0108806581056519,엑스콜 코프 10c,"3,000",6581056519,6581,0565
0108806581057431,엑스콜 콜드 에프 10c,"2,500",6581057431,6581,0574
0108806581063036,엑스콜디 과립 (스틱) 6p,"3,000",6581063036,6581,0630
0108806581086110,엑스콜디 정 10c,"3,000",6581086110,6581,0861
0108806628001236,리쥬비넥스 10g,"35,000",6628001236,6628,0012
0108806628002523,리안점안액,"12,000",6628002523,6628,0025
0108806641015319,트립라인정[하이플생명과학],"2,000",6641015319,6641,0153
0108806641015517,파이에온 10T,"2,000",6641015517,6641,0155
0108806644000312,바슈 리포직 점안겔 10g,"4,500",6644000312,6644,0003
0108806704022230,오큐시스 0.5ml x 60관,"10,000",6704022230,6704,0222
0108806704024524,오큐시스 리커버리 0.5ml x 30관,"8,500",6704024524,6704,0245
01088067060919131025050131727090,니조랄2%,"16,000",67060919131025050131727090,6706,0919
0108806717071027,오큐리스 0.5ml x 30관,"5,500",6717071027,6717,0710
0108806741012,오에수 케토핀프리 0.5ml*12관,"4,500",6741012,,
01088067410202201727073010240022,오에수 트레할로스,"6,000",67410202201727073010240022,6741,0202
0108806744015131,노이텍 90T,"24,000",6744015131,6744,0151
0108806780003611,한국 베타딘 50ml,"10,000",6780003611,6780,0036
0108806939034619,화이투벤 0.1%(성인용) 10ml,"7,500",6939034619,6939,0346
0108806942060124,자모 10g x 6P,"4,500",6942060124,6942,0601
0108809034589800,핑크퐁 베이비파우더 플러스 100g,"9,000",9034589800,9034,5898
0108809306547941,맨담 쿨파워 220ml,"3,500",9306547941,9306,5479
0108809629300070,하트세이버 츄어블 S 6T,"22,500",9629300070,9629,3000
0108809629300087,하트세이버 츄어블 M 6T,"29,700",9629300087,9629,3000
0108809629300094,하트세이버 츄어블 L 6T,"34,200",9629300094,9629,3000
0108809629300100,하트세이버 츄어블 Mini  6T,"19,800",9629300100,9629,3001
0108809629300117,하트세이버 정 Mini 10T,"13,500",9629300117,9629,3001
0108809629300124,하트세이버 정 S 10T,"16,200",9629300124,9629,3001
0108809629300131,하트세이버 정 M 10T,"19,800",9629300131,9629,3001
0108809629300148,하트세이버 정 L 10T,"27,000",9629300148,9629,3001
0118806218039448,[광동] 파비시드 240T,"30,000",,,
0118806265017918,디오라인 정 600ml 60정,"30,000",,,
0118806417038310,본엔디 120C,"40,000",,,
0118806427035125,판콜에스 내복액 1박스(30ml x 30EA),"15,000",,,
0118806433074514,젠빅플러스 120C,"35,000",,,
0118806448059612,비오딜정 5mg 60T(30T x 2EA),"30,000",,,
0118806448062018,센테라 120T(60T x 2EA),"35,000",,,
0118806448066153,도미나 라이트(히드로퀴논2%) 40g,"100,000",,,
0118806490021414,디오맥스 600mg 60T(30T x 2EA),"30,000",,,
0118806519017138,이가탄F 180C(60C x 3EA),"57,000",,,
0118806538011087,트리메부틴 말레산염 180T (90T x 2ea),"30,000",,,
0118806538045419,디펜 쿨 40매,"8,000",,,
0118806538045440,디펜 핫 40매입,"8,500",,,
0118806538053117,디펜 쿨 엑티브 80매(20매 x 4P),"10,000",,,
0118806538064311,앤도민액트800 60T,"40,000",,,
022679157188,"구트할로 발포비타민C(레몬맛) 4,500mg","3,800",,,
022679157195,구트할로 멀티발포비타민(오렌지맛),"3,800",,,
047144054339,보스톤 심플러스액(다기능용액) 120ml,"9,500",,,
0734598325299,코랄(산호)칼슘 마그네슘 2:1 180T(90T x 2EA),"40,000",,,
073626600015,퀵스탑 지혈제 파우더 14g,"20,000",,,
0785249454417,당엔파워 프로바이오틱스 120C(60C x 2EA),"60,000",,,
0803261523,포텐스틱1포,"2,000",,,
08806524000425,[한국알콘] 듀라티얼즈안연고 3.5g,"3,500",,,
08806706086926,세비안관류제 20ml x 20EA,"6,500",,,
1 ,아이톡쿨 라이트 점안액 14ml,"3,500",,,
1 88 06581 05681 3,비맥스골드(120t),"35,000",,,
1 88 06581 05891 6,비맥스액티브(120t),"35,000",,,
1 88 06581 06311 8,비맥스메타(120t),"39,000",,,
1 88 06581 08201 0,비맥스메타비(120t),"44,000",,,
1 88 06581 08444 1,비맥스제트(100t),"52,000",,,
1 88 06581 08511 0,비맥스에버프리미엄(120t),"42,000",,,
1000000000009 ,테스트,100,,,
1000001600000 ,RX 롱 덕용(24매),"10,000",,,
1000005000004 ,타세놀500mg,"1,500",,,
1000028500000 ,메디터치 2,"7,000",,,
1000029300005 ,키드큐 홍삼젤리,"50,000",,,
1000029700003 ,메디터치 H 번 5*7,"9,000",,,
1000030800006 ,메디터치 H 리퀴드,"9,000",,,
1000031000009 ,메디터치 A(1mm) 10*10 1매,"9,000",,,
1000032100005 ,메디터치 A(1mm) 4*9 3매,"9,000",,,
1000032400006 ,키드큐 키즈플러스 젤리,"42,000",,,
1000033700006 ,키드큐 쾌변젤리,"42,000",,,
1000035100002 ,더마큐15g 연고,"2,500",,,
1000035400003 ,메디터치 탄력밴드(중형),"7,500",,,
1000035600007 ,"메디터치탄력밴드(혼합형)일반, 소형, 타원","8,000",,,
1000036200008 ,아로나민골드300정,"85,000",,,
1000036400002 ,더마틱스울트라 키즈,"18,000",,,
1000036600006 ,메디터치 엄마마음,"8,000",,,
1000039200005 ,케이팜,"10,000",,,
1000041100003 ,제나콤,800,,,
1000041400004 ,멜라트리,"2,000",,,
1000041500001 ,리메부틴,"2,000",,,
1000041600008 ,유니쎈타,"250,000",,,
1000046200005 ,메디폼밴드소형-75*55[O],"9,000",,,
1000047100007 ,메디폼밴드중형-100*70,"10,000",,,
1000047500005 ,광동쌍화탕(신형) 100ml,"1,000",,,
1000047900003 ,메디폼밴드일반-70*30[O],"9,000",,,
1000062100006 ,서근령24매,"8,000",,,
1000073000005 ,드리클로액,"11,000",,,
1000074400002 ,메디터치 H 리퀴드,"9,000",,,
1000094000008 ,세레니아 정 (24㎎) [4정],"18,000",,,
1000094100005 ,옴니쿠어 산 250g,"16,200",,,
1000094200002 ,파나쿠어 250㎎ [20정],"13,500",,,
1000094300009 ,파나쿠어 500㎎ 20T,"21,600",,,
1000094400006 ,옥시마이신 아쿠아 100g,"9,000",,,
1000094500003 ,삼양연고 100g,"6,300",,,
1000094600000 ,클로시딘 250ml,"8,000",,,
1000094700007 ,티어젠 30g,"45,000",,,
1000094800004 ,애견용 옥시마이신 100g,"5,400",,,
1000095000007 ,세레니아 정 (16㎎) [4정],"13,500",,,
1000095600009 ,외유내간120c(행사),"60,000",,,
1000097100002 ,하버드치약(3개),"29,000",,,
1000100500003 ,포텐시에이터 40P(20P x 2EA),"48,000",,,
1000103900008 ,설사머지 50g,"8,100",,,
1000109100006 ,미등록상품,100,,,
1000110400003 ,봉투,100,,,
1000113300003 ,에스로반,"3,000",,,
1000119500001 ,민티크프레시민트플러스치약2+1행사상품,"29,000",,,
1000119600008 ,비타500낱개1병,600,,,
1000123600001 ,콘트라민정 600mg,"50,000",,,
1000123700008 ,콘트라민정,"50,000",,,
1000125500002 ,세레니아 정 (24㎎) [4정],"18,000",,,
1000125600009 ,옴니쿠어 산 (250g) [250g],"16,200",,,
1000125700006 ,[판매기록부] 옥시마이신 아쿠아 (100g) [100g],"9,000",,,
1000125800003 ,파나쿠어 250㎎ 20T,"12,000",,,
1000125900000 ,파나쿠어 500㎎ [20정],"21,600",,,
1000126000006 ,삼양연고 (100g) [100g],"6,300",,,
1000126100003 ,클로시딘 (250㎖) [250㎖],"8,000",,,
1000126200000 ,[판매기록부] 티어젠 (30g) [30g],"45,000",,,
1000126300007 ,세레니아 정 (16㎎) [4정],"13,500",,,
1000126400004 ,[판매기록부] 오리더밀 (10g) *유효기한(일/월/년) [10g],"16,200",,,
1000126500001 ,[판매기록부] 애견용 옥시마이신 (100g) [100g],"5,400",,,
1000126600008 ,옴니쿠어 산 (250g) [250g],"16,200",,,
1000126700005 ,세레니아 정 (24㎎) [4정],"18,000",,,
1000126800002 ,[판매기록부] 옥시마이신 아쿠아 (100g) [100g],"9,000",,,
1000127000005 ,파나큐어 500㎎ [20정],"21,600",,,
1000127100002 ,삼양연고 (100g) [100g],"6,300",,,
1000127200009 ,클로시딘 (250㎖) [250㎖],"8,000",,,
1000127300006 ,[판매기록부] 티어젠 (30g) [30g],"45,000",,,
1000127400003 ,세레니아 정 (16㎎) [4정],"13,500",,,
1000127500000 ,[판매기록부] 오리더밀 (10g) *유효기한(일/월/년) [10g],"16,200",,,
1000127600007 ,[판매기록부] 애견용 옥시마이신 (100g) [100g],"5,400",,,
1000129400001 ,솔표 쌍감탕액,"13,000",,,
1000134500000 ,생강상화,"7,000",,,
1000134600007 ,로게인,"70,000",,,
1000140100003 ,겔포스엘현탁액 4포,"4,500",,,
1000141200009 ,미등록상품,"12,000",,,
1000141300006 ,미등록상품,"12,000",,,
1000141400003 ,파나큐어250,"12,000",,,
1000141700004 ,류파프 핫 (4개 묶음),"10,000",,,
1000141800001 ,류파프 (4개묶움),"10,000",,,
1000141900008 ,케이팜플라스타 10매입(7개묶음),"10,000",,,
1000142000004 ,케토크린 (7묶음),"10,000",,,
1000142100001 ,록소크린 (4개묶음),"10,000",,,
1000142200008 ,페르빈(펠비낙)5개묶음,"10,000",,,
1000143100000 ,플러스인사포르테,"50,000",,,
1000146500005 ,오에수 트레할로스,"6,000",,,
1000146700009 ,삼영연고,"6,300",,,
1000152600003 ,메디터치리퀴드,"9,000",,,
1000162100005 ,H2Ome! 가습마스크 (아이보리),"3,150",,,
1000162400006 ,H2Ome! 가습마스크(다크그레이),"3,150",,,
1000205400000 ,자하골드 20ml x 4병,"15,000",,,
1000206100008 ,돌체락 15ml x 5P,"3,500",,,
1000206400009 ,비타바이브 수면 유산균 프로바이오틱스 30p,"32,000",,,
1000209100005 ,에너리버 120C,"40,000",,,
1000210600006 ,피로회복제,"8,000",,,
1000219100002 ,숙취해소제,"8,000",,,
10106970280851064,브라운 귀적외선 체온계,"80,000",,,
10108806416052310,임팩타민 프리미엄정 60T,"20,000",,,
108806453060521 ,티어클린점안액 30점안액,"7,000",6453060521,6453,0605
108806495071332 ,앗센액 20ml/60개,"100,000",6495071332,6495,0713
108806718070555000000000000000,[사용X] 뉴베인액 7ml 28p,"45,000",6718070555000000000000000,6718,0705
12345 ,[행사가] 마이녹실폼5% 60g x 3개,"42,000",,,
124555 ,미등록상품티어클린,"3,000",,,
18800543000913 ,제일 롱파프 24매,"10,000",,,
18800543004614 ,센실라 120T,"30,000",,,
18800543005024 ,제일 디쿨24(7 x 10cm) 40매,"8,000",,,
18800543012411 ,투엑스비 추어블 240T,"40,000",,,
18800543013012 ,투엑스비 트리플 120T,"58,000",,,
18800551028817 ,오큐에이 240C(120C x 2ea),"45,000",,,
18800724005317 ,조인본 콘드로 800 60T,"50,000",,,
18800732001714 ,콘트라민 600mg 120T(60T x 2ea),"50,000",,,
18800732004623 ,콘드라맥스800 90T,"60,000",,,
18806011435638 ,박카스 젤리 50g x 10개입,"12,000",,,
18806011615450 ,박카스D 1박스(100ml x 20EA),"11,400",,,
18806052407823 ,조아엉겅퀴골드 100ml 10병,"20,000",,,
18806119291464 ,스토마큐정(반하사심탕) {10T*50},"100,000",,,
18806228008120 ,콘티600 90T,"40,000",,,
18806228012233 ,이탄돌정 240T,"40,000",,,
18806228030930 ,[일양]헤파톡시온정 90T,"45,000",,,
18806258013415 ,메코비 120T,"50,000",,,
18806265001320 ,판피린큐 1박스(20ml x 30EA),"15,000",,,
18806265002518 ,멕시롱액 75ml 1박스(10병),"8,000",,,
18806265002839 ,베나치오 1박스(20ml x 30EA),"23,000",,,
18806265014320 ,멜라토닝(히드로퀴논2%) 30g 1box,"200,000",,,
18806265019431 ,맥스 콘드로이틴 1200mg 60포,"150,000",,,
18806265020215 ,디오라인 티 600ml 30P,"35,000",,,
18806265021113 ,타치온100mg 90T,"50,000",,,
18806265021922 ,판피린 나이트 1박스(20ml x 30EA),"21,000",,,
18806265022011 ,베나치오 프로액 1박스(75ml x 10EA),"7,000",,,
18806417009815 ,[일양] 아미노피 240T,"40,000",,,
18806417013010 ,원비디 1박스(100ml x 10EA),"6,500",,,
18806417024115 ,파워아민 240C,"40,000",,,
18806417026713 ,헤모콤 플러스 120C,"40,000",,,
18806417028113 ,가네탑플러스 180C,"50,000",,,
18806417044519 ,도담도담 츄어블 240T,"30,000",,,
18806417048616 ,노루모 에프 내복액 1박스(75ml x 10EA),"6,500",,,
18806417055317 ,조인탑600 90T (45T x 2ea),"40,000",,,
18806417057717 ,황력골드 1박스(100ml x 10EA),"18,000",,,
18806417062919 ,보나링 스피드 20ml x 5P,"3,000",,,
18806417064517 ,메코엠지 프리미엄 120T,"39,000",,,
18806417065316 ,누네탑에프 240C,"40,000",,,
18806418005212 ,[광동] 쌍화탕(신형) 1박스(100ml x 10EA),"5,000",,,
18806418006516 ,[광동] 우황청심원(사향) 10환,"132,000",,,
18806418006615 ,[광동] 우황청심원(영묘향) 10환,"100,000",,,
18806418007612 ,[광동] 원탕 1박스(100ml x 10EA),"7,000",,,
18806418032225 ,페리비타캡슐 60C,"50,000",,,
18806418068118 ,[광동] 평위천 프라임액 1박스(75ml x 10EA),"7,000",,,
18806418072924 ,마이메가플러스정 130정,"40,000",,,
18806421001829 ,덴타자임 240C,"35,000",,,
18806421031512 ,에너리버 120C,"40,000",,,
18806421043614 ,마그비 120C,"28,000",,,
18806421043713 ,덴타퀵 300T,"40,000",,,
18806421043911 ,메가트루 골드 120T,"50,000",,,
18806421046530 ,[유한] 이지케어 네일라카 6ml x 2개,"19,900",,,
18806421047926 ,메가트루 포커스 120T,"40,000",,,
18806421050629 ,마그비 액티브 120T,"30,000",,,
18806421051121 ,메가트루 파워 120T,"50,000",,,
18806421052548 ,마그비 스피드 30V,"40,000",,,
18806421054245 ,삐콤씨 파워정 120T,"25,000",,,
18806421055112 ,유한 비타민씨디 240T(120T x 2EA),"20,000",,,
18806421057819 ,마그비 맥스 120C,"40,000",,,
18806421061618 ,메가트루 633 120T,"55,000",,,
18806421062011 ,마그비 이엑스 120C,"50,000",,,
18806421062219 ,카리포맨 120C,"55,000",,,
18806421062417 ,[유한] 메가비타 1박스(100ml x 10EA),"20,000",,,
18806422038718 ,메가바이 120T,"34,000",,,
18806422039623 ,[부광] 네일스타 네일라카 6ml x 2EA,"17,000",,,
18806422044917 ,레가리버350 120C,"40,000",,,
18806422046607 ,엠지멕스 플러스비 120C (60C x 2ea),"40,000",,,
18806422046911 ,비타엔 츄어블 240T(120T x 2EA),"40,000",,,
18806427000918 ,까스활명수큐 1박스(75ml x 10EA),"9,900",,,
18806427016810 ,부채표쌍화탕 1박스(100ml x 10EA),"4,500",,,
18806428008425 ,산타몬 플러스 8ml x 60V,"60,000",,,
18806428008524 ,산타몬플러스캡슐 120C,"60,000",,,
18806428009828 ,[고려제약] 에너골드 60V(10ml x 30V x 2EA),"90,000",,,
18806428011227 ,이뮤골드 10g x 60V,"70,000",,,
18806428028829 ,로이코비에스 60V(15ml x 30V x 2EA),"80,000",,,
18806428030518 ,아미푸렉스골드 240T(120T x 2EA),"50,000",,,
18806428031539 ,멀티큐텐플러스 120C(60T x 2ea),"50,000",,,
18806429000947 ,덴큐 240T(120T x 2EA),"40,000",,,
18806429039213 ,실리세프 연질캡슐 120C,"50,000",,,
18806429042114 ,플라도반액 20ml x 20V,"70,000",,,
18806429045016 ,엑세라민 비 120T,"37,000",,,
18806429053219 ,아로나민 실버 프리미엄 120T,"35,000",,,
18806429055817 ,엑세라민 엑소 120T,"47,000",,,
18806429059020 ,에너라민파워액 60V(10ml x 30V x 2EA),"130,000",,,
18806429061511 ,아로나민 이맥스 플러스 120T,"40,000",,,
18806429068718 ,엑세라민 에이 120T,"64,000",,,
18806429068817 ,푸레파센600 60T(30T x 2ea),"35,000",,,
18806429068916 ,콘센비타 프리미엄800 60T,"60,000",,,
18806432011510 ,티스롤 270T,"30,000",,,
18806432014535 ,랑스씨씨 360T(180T x 2EA),"50,000",,,
18806432029317 ,가네타인 20ml x 30병,"45,000",,,
18806432030740 ,동성 비오틴 120T,"50,000",,,
18806432034618 ,코드에이 240C,"50,000",,,
18806432035028 ,이엠지스피드 더블액션 30P,"50,000",,,
18806433025011 ,젠빅 120C(60C x 2ea),"20,000",,,
18806433050211 ,펜잘큐정(정규)(PTP) 200T(10T*20EA),"2,500",,,
18806433051911 ,액티리버 모닝 120C,"40,000",,,
18806433062719 ,인코라민 스페셜 120T(60T*2),"35,000",,,
18806433062818 ,모드코에스연질캡슐 500C(10C*50EA),"125,000",,,
18806433062917 ,모드콜에스연질캡슐 500C(10C*50EA),"2,000",,,
18806433063013 ,모드코프에스연질캡슐 500C(10C*50EA),"125,000",,,
18806433063419 ,고운자임맘 120T(60T x 2EA),"38,000",,,
18806433065512 ,파미딘정 10MG(정규)(PTP) 100T(10T*10EA),"2,000",,,
18806433065529 ,파미딘정 10MG(정규)(PTP) 300T(30T*10EA),"3,500",,,
18806433067714 ,시미도나 120T,"45,000",,,
18806433074514 ,젠빅플러스연질캡슐 120C(60C*2EA),"40,000",,,
18806433076310 ,벤포벨 120T(60T*2EA),"35,000",,,
18806433083516 ,벤포벨지 120T(60T*2EA),"40,000",,,
18806433085916 ,이튼큐 플러스 200T(100T x 2EA),"30,000",,,
18806433087415 ,속청케어 1박스(75ml x 10EA),"6,000",,,
18806433087613 ,파미딘플러스정 100T(10T*10EA),"2,500",,,
18806433089518 ,종근당 비타민씨 골드정 1000mg 200T,"12,000",,,
18806433089716 ,벤포벨에스 120T(60T*2EA),"50,000",,,
18806433089723 ,벤포벨에스 180T(90T*2EA),"70,000",,,
18806433092723 ,포텐스틱 1박스(20ml x 5P x 10EA),"75,000",,,
18806433092730 ,포텐스틱 20ml x 40p,"60,000",,,
18806433094017 ,조인트 콘드로 60T,"50,000",,,
18806433100817 ,벤포벨아이 60C,"40,000",,,
18806433100930 ,키포벨산 3G(정규) 60P(30P*2EA),"150,000",,,
18806435028812 ,텐텐츄정 1박스(10p x 20개),"40,000",,,
18806435055313 ,프리비 60T(30T x 2EA),"30,000",,,
18806435081725 ,한미치쏙 600mg 60T(30T x 2ea),"30,000",,,
18806435088526 ,마그네비 스피드 20ml x 30P,"33,000",,,
18806436056319 ,티라노골드 플러스 츄어블 240T,"40,000",,,
18806441004862 ,에스로반 티트리오일첨가 10g,"3,000",,,
18806446001965 ,리보테인 100T x 2ea,"30,000",,,
18806446004911 ,비티엘라 120C(60C x 2EA),"35,000",,,
18806446007752 ,에바치온 90포,"65,000",,,
18806446014361 ,폴시드 120T(60C x 2EA),"15,000",,,
18806446015719 ,훼마틴 60C,"55,000",,,
18806446044818 ,마그스 더블액션 120C (60C x 2ea),"40,000",,,
18806448003110 ,도미나크림(히드로퀴논4%) 60g,"205,000",,,
18806449123121 ,볼두민 270C(90C x 3EA),"70,000",,,
18806458002844 ,한솔 연통환(강활유풍탕) 90P,"80,000",,,
18806458002936 ,옥미인단 120P,"70,000",,,
18806458003322 ,[한솔] 장편환 90P (45P x 2ea),"30,000",,,
18806458003936 ,한솔 치위환 60포,"40,000",,,
18806458014427 ,한솔 근골환(양혈장근건보환) 120포,"45,000",,,
18806476037323 ,비타메드레모나산 10포,"2,500",,,
18806478034313 ,외유내간 120C,"40,000",,,
18806478049713 ,리멘시아 180C,"35,000",,,
18806483000426 ,퍼슨 관장약 30mg 50개(박스),"20,000",,,
18806516002376 ,뮤테란 20포,"6,000",,,
18806534061314 ,메가콘드로업 800정 60T,"40,000",,,
18806574001325 ,퍼슨 관장약 30mg 50개(박스),"20,000",,,
18806575008859 ,이모나캡슐 240C,"40,000",,,
18806581011416 ,아시원 360T(180T x 2EA),"80,000",,,
18806581056813 ,비맥스골드 120T,"35,000",,,
18806581058916 ,비맥스액티브정 120T,"35,000",,,
18806581063118 ,비맥스메타 120T,"39,000",,,
18806581079713 ,투엑스비 듀얼 120T,"38,000",,,
18806581082010 ,비맥스메타비 120T,"44,000",,,
18806581082119 ,액트에버 90T,"40,000",,,
18806581083826 ,라라포텐 30p(6p x 5EA),"45,000",,,
18806581084113 ,키드칼 플러스 240T(120T x 2EA),"40,000",,,
18806581084441 ,비맥스제트 100T,"52,000",,,
18806581085110 ,비맥스에버프리미엄 120T,"42,000",,,
18806582029113 ,리버타인 20ml x 30V,"46,000",,,
18806585002410 ,[익수] 용표 우황청심원 10환,"120,000",,,
18806585002519 ,[익수] 용표 우황청심원(엘무스콘) 10환,"80,000",,,
18806613000104 ,가쁘레엑스과립(인삼패독산)스틱{5P*40},"120,000",,,
18806613000609 ,건양탕(반하후박탕엑스과립)스틱{5P*40},"120,000",,,
18806613001316 ,경방 갈근탕액 75ml x 10포,"9,000",,,
18806613013210 ,경방 쌍화탕액 75ml x 10포,"9,000",,,
18806613020348 ,향성파적환스틱 (5P*40),"120,000",,,
18806613022007 ,경혈환(계지복령환) 30P(10P x 3EA),"16,000",,,
18806613024605 ,브르럭엑스과립(청폐탕)스틱 {5P*40},"120,000",,,
18806613026104 ,소폐탕엑스과립(소청룡탕)스틱 {5P*40},"100,000",,,
18806613026593 ,스토마큐(반하사심탕엑스과립)스틱 (5P*40),"120,000",,,
18806613029402 ,용패탕(용담사간탕엑스과립)스틱{5P*40},"120,000",,,
18806613030200 ,윤폐탕엑스과립(맥문동탕엑스과립) 스틱{5P*40},"120,000",,,
18806613032303 ,치감엑스과립(갈근탕엑스과립)스틱(5P*40),"120,000",,,
1880661305 ,패독산엑스과립스틱{5P*40},"120,000",,,
18806613052301 ,센코프액(5P*10),"30,000",,,
18806613052721 ,소렉신연조엑스(구풍해독탕){5P*40},"120,000",,,
18806613052738 ,소렉신연조엑스(구풍해독탕){10P*30},"165,000",,,
18806613055302 ,이치원캡슐(청위산){20C*50},"150,000",,,
18806613064809 ,평심액(천왕보심단){10P*10},"120,000",,,
18806613072606 ,경방반하사심탕시럽(5P*10),"50,000",,,
18806616007735 ,시스틴500 180C,"50,000",,,
18806616017512 ,[녹십자] 헤모퀸탑 120C(60C x 2EA),"40,000",,,
18806616051523 ,엠지 플러스큐 120C,"35,000",,,
18806650002512 ,덴티몬 240C,"40,000",,,
18806703051511 ,마그포스 트리플 120T(60T x 2EA),"39,000",,,
18806718070552 ,뉴베인액 7ml x 28P,"50,000",,,
18809 3304 79017,파워텐 골드 100ml 1병,"2,000",,,
18809432535291 ,레스큐라이트 플러스액 100ml x 12P,"25,000",,,
2 ,아이톡쿨 순 점안액 14ml,"3,500",,,
202508001290V,OMRON 7141혈압계,"70,000",,,
25001250370151 ,[광동] 경옥고 60P(23.5g x 30P x 2EA),"155,000",,,
28806119291461 ,스토마큐정(반하사심탕) {20T*50},"200,000",,,
28806265005912 ,카필러스 180C,"50,000",,,
28806416052314 ,임팩타민 프리미엄 120T,"39,000",,,
28806416061132 ,임팩타민 파워에이플러스 120T,"39,000",,,
28806416064218 ,임팩타민 케어 120T,"39,000",,,
28806416077119 ,임팩타민 원스 120T,"45,000",,,
28806417025010 ,프로엑스피엑 20ml x 60V,"200,000",,,
28806417026611 ,헤모콤 15ml x 30V,"55,000",,,
28806417055420 ,[일양] 경옥고 60P(20g x 30P x 2EA),"99,000",,,
28806417057516 ,라라포션액 30V,"55,000",,,
28806417061216 ,위제로 알파정 270T,"50,000",,,
28806421015427 ,유한 비타민씨 600T,"30,000",,,
28806421060212 ,마그비 스피드 더블액션 30V,"60,000",,,
28806428012924 ,큐업액 60V,"84,000",,,
28806429042111 ,플라도반액 20ml x 60V,"210,000",,,
28806433069319 ,낙센연질캡슐 300C(10C*30EA),"2,000",,,
28806438020155 ,[신신] 아렉스 소형 42매,"7,000",,,
28806438035111 ,원케어 네일라카 5ml x 2EA,"18,000",,,
28806534041214 ,사라펜 중형 40매,"8,000",,,
28806581063221 ,[한풍] 경옥고 60P(23g x 30P x 2EA),"99,000",,,
28806582 029110,리버타인,"2,000",,,
28806582029110 ,리버타인액 20ml 60병,"90,000",,,
28806585020411 ,공진단 현탁액 50ml 30병,"1,200,000",,,
28806613030801 ,장통환(정장제)(5P*18),"54,000",,,
28806613035608 ,소체환스틱(5P*18),"54,000",,,
2922825015B0084,[광동] 파워라센액 20ml x 60V,"200,000",,,
3 ,아이톡쿨 쿨 점안액 14ml,"3,500",,,
300653145456 ,옵티프리 익스프레스 355ml,"6,000",,,
310119034903 ,리뉴 후레쉬용액 355ml,"5,000",,,
3564300001879 ,[유유]피지오머 베이비 코 흡인기,"13,000",,,
3564300002210 ,[유유]피지오머 베이비 코 흡인기 필터팩 20매,"8,000",,,
38806418067511 ,[광동] 벤포파워Z 1박스(100ml x 10EA),"20,000",,,
38806421045223 ,안티푸라민 더블파워 대형 30매,"12,500",,,
38806421045230 ,안티푸라민 더블파워 중형 28매,"8,000",,,
38806427063320 ,바르지오 네일라카 5.0ml x 2EA,"18,000",,,
38806433087419 ,속청케어액 75ML 60B(10B*6EA),600,,,
38806438007221 ,[신신] 인타신 40매,"8,000",,,
38806613022001 ,경혈환(계지복령환)스틱{30P*3},"48,000",,,
4022679157188 ,구트할로 발포비타민C (레몬맛) 20T,"4,500",,,
4022679157195 ,구트할로 멀티발포비타민 (오렌지맛) 20T,"4,500",,,
4029787436105 ,비타하임 비타민(오렌지),"4,500",,,
4975479419966 ,오므론 혈압계 HEM-7127,"90,000",,,
4975479497049 ,오므론 혈압계 HEM-7141T1,"70,000",,,
4975479497056 ,오므론 혈압계 HEM-7140T1,"75,000",,,
5000159514194 ,몰티져스 트뤼플 200g,"9,900",,,
5000159559348 ,[마즈] 트윅스 싱글 50g,"1,500",,,
5000223490881 ,시카케어(12 x 3cm) 1매,"25,000",,,
629262002722 ,스페셜 알티지 오메가-3 180C(90C x 2EA),"70,000",,,
6685972354661 ,액티벳 50mg,"5,400",,,
669416491767 ,라이브 피비100 120C(60C x 2EA),"60,000",,,
6789572212120 ,[판매기록부] 액티벳50mg (10정) [10정],"5,400",,,
68806438004610 ,[신신] 아렉스 대형 30매,"10,000",,,
68806447041729 ,기넥신에프 120mg 180C,"45,000",,,
68806447046816 ,기넥신에프 120mg 200T,"40,000",,,
68806453030717 ,호르반 1박스(30ml x 30EA),"90,000",,,
6914973111660 ,[마즈] 스키틀즈 사워 40g,"1,500",,,
6914973603035 ,[마즈] 스키틀즈 오리지널 45g,"1,500",,,
6914973603189 ,[마즈] 엠앤엠즈 밀크 37g,"1,500",,,
6914973603202 ,[마즈] 엠앤엠즈 피넛 37g,"1,500",,,
6914973607149 ,스니커즈 미니스 500g + 160g,"11,900",,,
6914973610675 ,[마즈] 엠앤엠즈 튜브토퍼 28g,"2,500",,,
7262707001923 ,헬스엔 프로폴리스 스프레이 30ml,"15,000",,,
7350012554866 ,바이오가이아 프로덱티스 베이비드롭 5ml,"25,000",,,
7350012554873 ,바이오가이아 프로텍티스 이지드롭 10ml,"48,000",,,
7350012555474 ,바이오가이아 프로텍티스(오렌지향) 60T,"39,500",,,
7350012555917 ,바이오가이아 프로텍티스(하츄핑/레몬향) 60T,"39,000",,,
7350012555993 ,바이오가이아 프로텍티스(하츄핑/오렌지향) 60T,"39,500",,,
7350012556006 ,바이오가이아 프로텍티스(하츄핑/딸기향) 60T,"39,000",,,
7350012556716 ,가스트러스 타블렛(감귤향) 30T,"40,000",,,
768455106912 ,듀오덤 엑스트라 씬 10매,"20,000",,,
8 806436 016712,탁센나프록센 (10c),"2,000",6436016712,6436,0167
8 806436 016736,탁센나프록센 30캡,"5,200",6436016736,6436,0167
8 806436 017214,페리덱스(6g),"3,000",6436017214,6436,0172
8 806436 033115,제놀한방(5매),"2,500",6436033115,6436,0331
8 806436 036413,쿨드림(10c),"2,000",6436036413,6436,0364
8 806436 044814,알러샷(10c),"2,500",6436044814,6436,0448
8 806436 050211,디어미(21t),"6,000",6436050211,6436,0502
8 806436 051911,탁센이부프로펜400(10c),"2,000",6436051911,6436,0519
8 806436 056022,백초(10포),"5,500",6436056022,6436,0560
8 806436 058613,탁센덱시(10c),"2,500",6436058613,6436,0586
8 806436 058811,디어미순(28t),"8,000",6436058811,6436,0588
8 806436 062719,탁센레이디(10c),"2,000",6436062719,6436,0627
8 806436 062726,탁센레이디 30캡,"5,500",6436062726,6436,0627
8 806436 067219,그린노즈플러스(10c),"2,500",6436067219,6436,0672
8 806503 037619,써버쿨플라스타30매,"4,500",6503037619,6503,0376
8 807007 353670,모스케어(80ml),"8,000",7007353670,7007,3536
809626921582 ,링티 플러스활력 117g,"16,000",,,
809708798668 ,(신)내가그린빠른허브헤어칼라1호(튜브),"9,000",,,
809708798675 ,(신)내가그린빠른허브헤어칼라2호(튜브),"9,000",,,
812441 039743,인사포르테,"50,000",,,
812441038524 ,슈퍼프로바이오틱스5000프로 120C,"50,000",,,
812441039743 ,인사 포르테 파워정 120T(60T x 2EA),"50,000",,,
8260090 010989,스페셜 알티지 오메가,"80,000",,,
840531400104 ,관절연골맥스 콘드로이친 1500,"80,000",,,
850013 484607,디플러스오메가 180c,"40,000",,,
850013484591 ,프리미엄 디플러스 오메가3 1310 180C,"35,000",,,
850013484607 ,프리미엄디플러스오메가3 1310 180캡슐x2,"70,000",,,
8713184098283 ,옵티뮨 2mg 3.5g,"36,000",,,
873101 ,부스코판 플러스,"3,300",,,
8800021300286 ,이케어 클린스왑 100P,"2,800",0021300286,0021,3002
8800040100171 ,코코퓨어 코세정분말 60P,"5,000",0040100171,0040,1001
8800048007533 ,하이맘폼 액티브케어 중형(4 x 8cm) 5매,"9,500",0048007533,0048,0075
8800048007557 ,하이맘폼 액티브케어 소형(3.4 x 6cm) 6매,"9,500",0048007557,0048,0075
8800048012858 ,하이맘 폼 에이프리,"9,000",0048012858,0048,0128
8800048013060 ,하이맘폼 액티브케어 대형(7.5 x 7.5cm) 4매,"9,500",0048013060,0048,0130
8800048017211 ,하이맘밴드 뷰티스팟 48매,"9,000",0048017211,0048,0172
8800154800080 ,크린클 코세정기,"7,000",0154800080,0154,8000
8800254770016 ,프로바이오틱스 프라임 120C,"70,000",0254770016,0254,7700
8800254770092 ,[부광]쏘팔메토옥타코사놀메가프라임 120T,"80,000",0254770092,0254,7700
8800254770139 ,에스키모 알티지오메가3 프라임 120C,"80,000",0254770139,0254,7701
8800280731449 ,촉촉어린 콜라겐 비오틴 3.5g x 30P,"45,000",0280731449,0280,7314
8800295960001 ,리쥬비온 PDRN 1000 Plus 20g,"30,000",0295960001,0295,9600
8800326271090 ,프리미엄 골드 알부민 맥스 25ml*5병,"9,000",0326271090,0326,2710
8800326870002 ,덱스판톨 립크림 10g,"5,500",0326870002,0326,8700
8800330330080 ,닥터리쥬올 Retino 멜라세럼 50ml,"48,000",0330330080,0330,3300
8800330330103 ,닥터리쥬올 세라마이드 베리어 크림 90ml,"39,000",0330330103,0330,3301
8800330330233 ,닥터리쥬올 PDRN 리쥬비네이팅 크림 30ml,"45,000",0330330233,0330,3302
8800330330417 ,닥터 리쥬올 어스밴스드 PDRN 리뷰비네이팅 립 세럼 10ml,"13,000",0330330417,0330,3304
8800516001629 ,볼타겐 에멀겔 50g,"6,000",0516001629,0516,0016
8800516001711 ,오트리빈 소아용 0.05% 10ml,"10,000",0516001711,0516,0017
8800516001940 ,니코틴엘 껌 2mg 24개입,"8,500",0516001940,0516,0019
8800516002022 ,니코틴엘 TTS20 7매,"9,500",0516002022,0516,0020
8800516002121 ,니코틴엘 TTS30 7매,"11,000",0516002121,0516,0021
8800516002220 ,니코틴엘 TTS10 7매,"9,000",0516002220,0516,0022
8800516002428 ,테라플루 데이타임 6포,"7,000",0516002428,0516,0024
8800516002435 ,테라플루 데이타임 10포,"9,500",0516002435,0516,0024
8800516002527 ,테라플루 나이트타임 6포,"7,000",0516002527,0516,0025
8800516002534 ,테라플루 나이트타임 10포,"9,500",0516002534,0516,0025
8800516002619 ,오트리빈 멘톨 0.1%,"7,500",0516002619,0516,0026
8800516002718 ,오트리빈 베이비 내추럴 15ml,"8,000",0516002718,0516,0027
8800516002824 ,테라플루 콜드앤코프 데이타임 10포,"9,500",0516002824,0516,0028
8800516002923 ,테라플루 콜드앤코프 나이트타임 10포,"9,500",0516002923,0516,0029
8800516003012 ,오트리빈 에스 0.05% 10ml,"9,000",0516003012,0516,0030
8800516003715 ,애드빌 10T,"3,000",0516003715,0516,0037
8800516003722 ,애드빌 30T,"7,000",0516003722,0516,0037
8800520000229 ,아이미루 40EX 13ml,"4,500",0520000229,0520,0002
8800520000328 ,아이미루 콘택트퓨어 12ml,"4,500",0520000328,0520,0003
8800520000410 ,아이미루 40EX 골드 13ml,"5,000",0520000410,0520,0004
8800520000519 ,아이미루 40EX 마일드 13ml,"4,500",0520000519,0520,0005
8800520000618 ,아이미루 40EX 골드콘택트 13ml,"5,000",0520000618,0520,0006
8800543000916 ,제일 롱파프(24매),"10,000",0543000916,0543,0009
8800543001333 ,제일 쿨파프 5매,"2,000",0543001333,0543,0013
8800543001739 ,케펜텍 34매,"9,000",0543001739,0543,0017
8800543002927 ,제일 핫파프 5매,"2,000",0543002927,0543,0029
8800543004013 ,한방파프 수에스 6매,"3,000",0543004013,0543,0040
8800543005027 ,디쿨24(24매),"10,000",0543005027,0543,0050
8800543007595 ,케펜텍 핫 34매,"9,900",0543007595,0543,0075
8800543007816 ,트리싹 10T,"2,500",0543007816,0543,0078
8800543008059 ,케펜텍 쿨 34매,"9,000",0543008059,0543,0080
8800551016114 ,[일양] 맥쎈 10C,"1,500",0551016114,0551,0161
8800572000512 ,액티넘 이엑스플러스 120T,"28,000",0572000512,0572,0005
8800572001410 ,라미실 크림,"4,500",0572001410,0572,0014
8800572001717 ,라미실원스 4g,"16,000",0572001717,0572,0017
8800576000648 ,파인큐 이부펜시럽 20ml x 5P,"2,500",0576000648,0576,0006
8800576008927 ,파인큐 아세트펜시럽 20ml x 5P,"2,500",0576008927,0576,0089
8800576010128 ,파인큐 나프록센 현탁액 10m l x5P,"2,500",0576010128,0576,0101
8800724 000520,장엔폴,"2,000",0724000520,0724,0005
8800724 004115,알진텍,"2,000",0724004115,0724,0041
8800724000520 ,[보령] 장엔폴 10C,"2,000",0724000520,0724,0005
8800724004115 ,(경보)알진텍 10T,"2,000",0724004115,0724,0041
8800732001714 ,콘트라민정[GC녹십자],"60,000",0732001714,0732,0017
8800732005319 ,아렉스알파 10T,"2,000",0732005319,0732,0053
8800732006019 ,[일양]엔디펜알파 10T,"2,000",0732006019,0732,0060
8800742000601 ,둘코락스에스장용정 5mg 40정,"10,500",0742000601,0742,0006
8801206002247 ,비타C젤리 오렌지향 42g,"1,000",1206002247,1206,0022
8801206002254 ,비타C젤리 42G(오렌지향) x 10개입,"10,000",1206002254,1206,0022
8801206003329 ,비타C젤리 샤인머스켓향 42g,"1,000",1206003329,1206,0033
8801206003336 ,비타C젤리 42G(샤인머스킷향) x 10개,"10,000",1206003336,1206,0033
8801244508220 ,가드닐 S 0.67ml x 3EA,"22,500",1244508220,1244,5082
8801244508237 ,가드닐 M 1.34ml x 3EA,"29,700",1244508237,1244,5082
8801244508268 ,가드닐 L 2.68ml x 3EA,"37,800",1244508268,1244,5082
8801244508305 ,셀라이트60 SS 0.25ml x 3EA,"24,300",1244508305,1244,5083
8801244508312 ,셀라이트120 S 0.25ml x 3EA,"27,000",1244508312,1244,5083
8801244508329 ,셀라이트120 M 0.5ml x 3EA,"32,400",1244508329,1244,5083
8801244508336 ,심피드 독 S 0.4ml x 3T,"29,700",1244508336,1244,5083
8801244508343 ,셀라이트120 L 1.0ml x 3EA,"37,800",1244508343,1244,5083
8801244508367 ,셀라이트120 XL 2.0ml x 3EA,"58,500",1244508367,1244,5083
8801244508435 ,심피드 독 M 1ml x 3T,"32,400",1244508435,1244,5084
8801244508534 ,심피드 독 L 2.5ml x 3T,"43,600",1244508534,1244,5085
8801244508633 ,심피드 독 XL 4ml x 3T,"63,000",1244508633,1244,5086
8801244508732 ,심피드 캣 S 0.4ml x 3T,"29,700",1244508732,1244,5087
8801244508831 ,심피드 캣 M 0.8ml x 3T,"32,400",1244508831,1244,5088
8801328313962 ,에프킬라 킨 수성 500ml,"3,300",1328313962,1328,3139
8801619047545 ,바세린 립 테라피 로지 립스 케어,"3,200",1619047545,1619,0475
8801619047552 ,바세린 립 테라피 오리지날 케어,"3,200",1619047552,1619,0475
8801619047576 ,바세린 립 테라피 알로에 베라 케어,"3,200",1619047576,1619,0475
8801619052310 ,바세린 립 테라피 민트 케어,"3,200",1619052310,1619,0523
8802863131189 ,루테인 지아잔틴 아스타잔틴 플러스 90C,"60,000",2863131189,2863,1311
8803463007362 ,VT 프로 시카 리들샷 100 2스텝 에센셀 하이드로겔 마스크팩,"4,000",3463007362,3463,0073
8803463007379 ,VT 하이드롭 리들샷 100hl 2스텝 아쿠아 하이드로겔 마스크팩,"4,000",3463007379,3463,0073
8803463007386 ,VT 레티-에이 리들샷 100 2스텝 타이트닝 하이드로겔 마스크팩,"4,000",3463007386,3463,0073
8803463007409 ,VT 비타-라이트 리들샷 100 2스텝 브라이트닝 하이드로겔 마스크팩,"4,000",3463007409,3463,0074
8803463007416 ,VT 콜라겐 리들샷 100 2스텝 퍼밍 하이드로겔 마스크팩,"4,000",3463007416,3463,0074
8803463008116 ,VT 피디알엔 크림 알엑스 100 60ml,"46,000",3463008116,3463,0081
8803463008123 ,VT 피디알엔 에센스 알엑스 100 40ml,"38,000",3463008123,3463,0081
8804947098746 ,브레인 1088 1200mg 120C(60C*2),"70,000",4947098746,4947,0987
8804947098777 ,면역 프로 알파칸 120T(60T x 2EA),"80,000",4947098777,4947,0987
8804973303913 ,[마즈] 엠앤엠즈 크리스피 30g,"1,500",4973303913,4973,3039
8804973304224 ,트윅스 미니스 500g + 160g,"11,900",4973304224,4973,3042
8804973304811 ,[마즈] 이클립스 페퍼민트향 34g,"2,900",4973304811,4973,3048
8804973304828 ,[마즈] 이클립스 스피어민트향 34g,"2,900",4973304828,4973,3048
8804973304835 ,[마즈] 이클립스 피치향 34g,"2,900",4973304835,4973,3048
8804973304842 ,[마즈] 이클립스 스트로베리향 34g,"2,900",4973304842,4973,3048
8804973306198 ,[마즈] 몰티져스 다크 37g,"1,500",4973306198,4973,3061
8804973306204 ,[마즈] 몰티져스 밀크 37g,"1,500",4973306204,4973,3062
8804973306488 ,[마즈] 이클립스 쿨링캔디 레몬민트향 45g,"1,500",4973306488,4973,3064
8804973307546 ,[마즈] 이클립스 쿨링캔디 청포도향 45g,"1,500",4973307546,4973,3075
8804973307959 ,[마즈] 이클립스 워터멜론향 30g,"2,900",4973307959,4973,3079
8804973308789 ,[마즈] 이클립스 허브꿀레몬캔디 30g,"3,000",4973308789,4973,3087
8804973308802 ,[마즈] 이클립스 허브배비파캔디 30g,"3,000",4973308802,4973,3088
8805915676119 ,락토핏 생유산균팜 2g x 60P,"13,000",5915676119,5915,6761
8806000001946 ,이지덤뷰티 퀵카밍 6매,"8,000",6000001946,6000,0019
8806001089851 ,루테인 지아잔틴 맥스 120C(60C x 2ea),"60,000",6001089851,6001,0898
8806002008677 ,광동생강쌍화 120ml,"1,000",6002008677,6002,0086
8806002008684 ,[광동] 생강쌍화 1박스(120ml x 10EA),"7,000",6002008684,6002,0086
8806002010878 ,[광동] 헛개파워 1박스(100ml x 10EA),"20,000",6002010878,6002,0108
8806002013817 ,비타500 100ml(1개),600,6002013817,6002,0138
8806002013824 ,비타500 A.C.E. 1박스(100ml x 10EA),"5,000",6002013824,6002,0138
8806002013831 ,비타500 A.C.E 1박스(100ml x 20EA),"10,000",6002013831,6002,0138
8806002015828 ,서주 비타500 젤리 48g,"1,000",6002015828,6002,0158
8806002016214 ,(서주)비타500젤리 48g x 10개입,"10,000",6002016214,6002,0162
8806002025131 ,가네스듀얼샷,"2,000",6002025131,6002,0251
8806002025148 ,가네스 듀얼샷(10개입),"20,000",6002025148,6002,0251
8806006100100 ,엘레나30C,"40,000",6006100100,6006,1001
8806006156107 ,안티푸라민 연고 30g,"2,500",6006156107,6006,1561
8806006156114 ,안티푸라민 연고 60g,"4,500",6006156114,6006,1561
8806006158644 ,센스데이 체크 1Kit,"2,000",6006158644,6006,1586
8806006158651 ,센스데이 얼리체크 1Kit,"3,000",6006158651,6006,1586
8806006158675 ,코로나19 항원자가검사 2EA,"6,000",6006158675,6006,1586
8806006158712 ,매직리얼허브 1호,"8,000",6006158712,6006,1587
8806006158729 ,매직리얼허브 2호,"8,000",6006158729,6006,1587
8806006201098 ,유한 당체크 개인용 혈당검사지 50개입,"15,000",6006201098,6006,2010
8806006201111 ,유한 당체크 측정기세트(측정기1개 + 검사지2개),"30,000",6006201111,6006,2011
8806006207038 ,유한 폴리코사놀5 200mg x 56T,"45,000",6006207038,6006,2070
8806006252151 ,해피홈 제로 바퀴 에어로솔 500ml,"4,000",6006252151,6006,2521
8806006300395 ,해피홈 수성 에어로솔 감귤향 500ml,"3,000",6006300395,6006,3003
8806006300401 ,해피홈 수성 에어로솔 피톤치드향 500ml,"2,500",6006300401,6006,3004
8806006306250 ,유한 루테인 지아잔틴 플러스 60C,"40,000",6006306250,6006,3062
8806006306427 ,유한 알티지 식물성오메가3 120C(60C x 2EA),"63,000",6006306427,6006,3064
8806006308506 ,와이즈바이옴프로 위&장 듀얼케어 30P,"25,000",6006308506,6006,3085
8806011435631 ,박카스맛 젤리 50g,"1,000",6011435631,6011,4356
8806011437086 ,프롬팜 루테인지아잔틴&아스타잔틴 60C,"55,000",6011437086,6011,4370
8806011437802 ,프롬팜 프로바이오틱스&아연 60C,"55,000",6011437802,6011,4378
8806011439967 ,프롬팜 키즈 칼슘챔피언 90T,"30,000",6011439967,6011,4399
8806011441113 ,프롬팜 리스펙타&지노밸런스 60C,"65,000",6011441113,6011,4411
8806011441151 ,프롬팜 싱글맥스 오메가900 120C(60C x 2),"70,000",6011441151,6011,4411
8806011441175 ,프롬팜 싱글맥스 프로바이오틱스 50 60P,"40,000",6011441175,6011,4411
8806011441380 ,프롬팜 포스파티딜세린&메모리포뮬러 60C,"40,000",6011441380,6011,4413
8806011442509 ,박카스맛 젤리 42g,"1,000",6011442509,6011,4425
8806011521310 ,클리덴트RX 48정,"6,500",6011521310,6011,5213
8806011615453 ,박카스D 1박스(100ml x 10EA),"5,700",6011615453,6011,6154
8806011618256 ,박카스 D카페인 1박스(120ml x 10EA),"6,500",6011618256,6011,6182
8806011618263 ,박카스 D카페인 1박스(120ml x 20EA),"13,000",6011618263,6011,6182
8806011820062 ,애크온 딥클렌징폼 100ml,"15,000",6011820062,6011,8200
8806012470228 ,고려은단 비타민씨 1000mg 300T(60T x 5EA),"27,000",6012470228,6012,4702
8806016185258 ,부채표 배도라지쌍화 1박스(120ml x 10EA),"7,500",6016185258,6016,1852
8806016185357 ,부채표 대추생강쌍화 1박스(120ml x 10EA),"6,500",6016185357,6016,1853
8806018703214 ,케어리브 아카키레 20매,"5,000",6018703214,6018,7032
8806018703221 ,케어리브 방수형m20매,"4,500",6018703221,6018,7032
8806018703238 ,케어리브(손끝형),"4,000",6018703238,6018,7032
8806018703245 ,"케어리브(혼합형)(소형,중형,대형)","4,500",6018703245,6018,7032
8806018703252 ,케어리브(중형)20매,"4,000",6018703252,6018,7032
8806018703269 ,케어리브(중형)10매,"2,500",6018703269,6018,7032
8806018704662 ,케어리브(대형),"4,500",6018704662,6018,7046
8806018704679 ,케어리브(관절용),"4,500",6018704679,6018,7046
8806018704990 ,케어리브(소형),"4,500",6018704990,6018,7049
8806018705447 ,케어리브(도트형),"4,500",6018705447,6018,7054
8806018705454 ,케어리브(발뒤꿈치형),"4,500",6018705454,6018,7054
8806018705980 ,메디터치2 2mm폼(5 x 7cm) 3매,"7,000",6018705980,6018,7059
8806018706123 ,메디터치A 1mm폼(4 x 9cm) 3매,"9,000",6018706123,6018,7061
8806018706147 ,메디터치A 1mm폼(10 x 10cm) 1매,"9,000",6018706147,6018,7061
8806018707908 ,메디터치H 썬프로텍션 잘라쓰는타입 2매,"6,000",6018707908,6018,7079
8806018707939 ,케어리브(중형)50매,"8,500",6018707939,6018,7079
8806018709247 ,메디터치H 썬프로텍션 돗트(베벨링) 48매,"6,000",6018709247,6018,7092
8806018709278 ,메디터치 리퀴드 8g,"9,000",6018709278,6018,7092
8806018709773 ,일동 비타민D 2000IU 90C,"15,000",6018709773,6018,7097
8806018710045 ,메디터치A 5mm폼(10 x 10cm) 1매,"10,000",6018710045,6018,7100
8806018711066 ,메디터치 엄마마음 3mm폼 2매,"8,000",6018711066,6018,7110
8806018711233 ,케어리브 카카오(라이언) 12매,"4,500",6018711233,6018,7112
8806018711240 ,케어리브 카카오(어피치) 12매,"4,500",6018711240,6018,7112
8806018711332 ,메디터치 탄력밴드 소형 3매,"7,000",6018711332,6018,7113
8806018711356 ,메디터치 탄력밴드 일반형 7매,"7,000",6018711356,6018,7113
8806018711363 ,메디터치 탄력밴드 중형 3매,"7,500",6018711363,6018,7113
8806018711387 ,메디터치 탄력밴드 혼합형 8매,"8,000",6018711387,6018,7113
8806018712988 ,일동 키즈 플러스 유산균 2g x 30P,"30,000",6018712988,6018,7129
8806018713213 ,일동 베베 플러스 유산균 1.5g x 30P,"30,000",6018713213,6018,7132
8806018714371 ,일동 알티지오메가3 프리미엄 120C(60C x 2),"55,000",6018714371,6018,7143
8806018715781 ,일동쏘팔메토코사놀프리미엄 120C,"60,000",6018715781,6018,7157
8806018717075 ,코큐텐 에이스 프리미엄 120C(60C x 2EA),"60,000",6018717075,6018,7170
8806018717341 ,메디터치 번프로텍션 2mm폼(5 x 7cm) 3매,"9,000",6018717341,6018,7173
8806018717440 ,케어리브 방수 손끝,"4,500",6018717440,6018,7174
8806018717457 ,케어리브 방수M40매,"8,500",6018717457,6018,7174
8806018717464 ,케어리브 방수소형,"5,000",6018717464,6018,7174
8806018717471 ,케어리브 방수L14매,"4,500",6018717471,6018,7174
8806018717891 ,[일동] 글루타치온 화이트85 120T(60T x 2EA),"40,000",6018717891,6018,7178
8806018719079 ,키드큐 키즈플러스 15g x 15P,"22,000",6018719079,6018,7190
8806018719086 ,키드큐 키즈플러스젤리 30P(15g x 15P x 2EA),"40,000",6018719086,6018,7190
8806018719123 ,키드큐 면역젤리 15g x 15P,"22,000",6018719123,6018,7191
88060187191231 ,키드큐 면역젤리 15g x 15포,"20,000",60187191231,6018,7191
8806018719130 ,키드큐 면역젤리 30P(15g x 15P x 2EA),"40,000",6018719130,6018,7191
8806018719154 ,키드큐 비타젤리 15g x 15P,"22,000",6018719154,6018,7191
8806018719161 ,키드큐 비타젤리 30P(15g x 15p x 2EA),"40,000",6018719161,6018,7191
8806018719185 ,키드큐 홍삼젤리 15g x 15P,"23,000",6018719185,6018,7191
8806018719192 ,키드큐 홍삼젤리 30P(15g x 15p x 2EA),"45,000",6018719192,6018,7191
8806018719369 ,[일동] 멜라케어 트리플 60T(30T x 2EA),"30,000",6018719369,6018,7193
8806018719420 ,키드큐 쾌변젤리 20g x 15P,"22,000",6018719420,6018,7194
8806018719437 ,키드큐 쾌변젤리 30P(20g x 15P x 2EA),"40,000",6018719437,6018,7194
8806018719642 ,[일동] 하이퍼 비타민C 3000mg 80P,"35,000",6018719642,6018,7196
8806018719697 ,"리쥬닉 15,000ppm 20ml","30,000",6018719697,6018,7196
8806018719710 ,일동 관절진보원 프리미엄 70ml x 30P,"60,000",6018719710,6018,7197
8806022160591 ,비오킬 500ml,"8,000",6022160591,6022,1605
8806022165213 ,세븐에이트 60g 4호 / 밤색,"8,000",6022165213,6022,1652
8806022165220 ,세븐에이트 60g 5호 / 진한밤색,"8,000",6022165220,6022,1652
8806022165237 ,세븐에이트 60g 6호 / 갈색,"8,000",6022165237,6022,1652
8806022165244 ,세븐에이트 60g 7호 / 흑갈색,"8,000",6022165244,6022,1652
8806022165572 ,세븐에이트 40g 7호 / 흑갈색,"7,000",6022165572,6022,1655
8806022165589 ,세븐에이트 40g 6호 / 갈색,"7,000",6022165589,6022,1655
8806022165596 ,세븐에이트 40g 5호 / 진한밤색,"7,000",6022165596,6022,1655
8806022165602 ,세븐에이트 40g 4호 / 밤색,"7,000",6022165602,6022,1656
8806022169457 ,비오킬 98ML,"7,000",6022169457,6022,1694
8806022173645 ,훼미닌실키 76호 / 다크브라운,"5,000",6022173645,6022,1736
8806022173652 ,훼미닌실키 84호 / 갈색,"5,000",6022173652,6022,1736
8806022173669 ,훼미닌실키 85호 / 진한밤색,"5,000",6022173669,6022,1736
8806022173676 ,훼미닌실키 87호 / 자연흑갈색,"5,000",6022173676,6022,1736
8806022201430 ,허브1호70G,"9,000",6022201430,6022,2014
8806022201447 ,허브2호70G,"9,000",6022201447,6022,2014
8806022202420 ,미녹스샴푸 120ml,"9,000",6022202420,6022,2024
8806022202581 ,허브3호70G,"9,000",6022202581,6022,2025
8806022202680 ,비오킬 휴대용 98ml,"6,000",6022202680,6022,2026
8806035107422 ,멸균에이덤 반창고 혼합형 2EA,"2,000",6035107422,6035,1074
8806037006037 ,[신신] 에어파스F 220ml,"3,000",6037006037,6037,0060
8806037006785 ,[신신] 에어파스F 300ml,"3,500",6037006785,6037,0067
8806037006983 ,뉴쿨링시트 6매,"5,000",6037006983,6037,0069
8806037006990 ,모스키토 아웃도어 에어로솔 100ml,"5,000",6037006990,6037,0069
8806037007171 ,모스키토 밀크에스 50ml,"8,000",6037007171,6037,0071
8806037007195 ,신신제약 쿨링시트 플러스 10P,"8,000",6037007195,6037,0071
8806038400018 ,블레파졸 100ml (부직포 포함),"12,000",6038400018,6038,4000
8806052005817 ,잘크토닉 40ml,"7,000",6052005817,6052,0058
8806052006425 ,허브쵸크에스 20ml*3앰플,"6,000",6052006425,6052,0064
8806052006432 ,허브쵸크에스 20ml*30 앰플,"50,000",6052006432,6052,0064
8806052008412 ,비타잘크톤 피카츄제로(사과맛) 100ml,"1,500",6052008412,6052,0084
8806052008429 ,비타잘크톤 피카츄 제로 100ml x 10개,"15,000",6052008429,6052,0084
8806052008511 ,비타잘크톤 뮤제로(사이다맛) 100ml,"1,500",6052008511,6052,0085
8806052008528 ,비타 잘크톤 뮤제로(사이다맛) 100ml x 10개,"15,000",6052008528,6052,0085
8806052407826 ,[조아] 엉겅퀴 골드 100ml,"2,000",6052407826,6052,4078
8806057912608 ,하이맘폼 잘라쓰는타입 1매,"7,000",6057912608,6057,9126
8806057913193 ,하이맘번 스프레이 50g,"9,500",6057913193,6057,9131
8806057913667 ,하이맘밴드 아쿠아 기본형 20매,"3,000",6057913667,6057,9136
8806057913674 ,하이맘밴드 아쿠아 대형 15매,"3,000",6057913674,6057,9136
8806057913926 ,하이맘폼 5mm폼(10 x 20cm) 1매,"14,000",6057913926,6057,9139
8806057914084 ,원큐 플러스업 1Kit,"3,000",6057914084,6057,9140
8806057915029 ,하이맘번 더프리미엄 표준형 3매,"7,500",6057915029,6057,9150
8806057915036 ,하이맘번 더프리미엄 대형 2매,"9,000",6057915036,6057,9150
8806057915043 ,하이맘밴드 더프리미엄 잘라쓰는타입 2매,"7,000",6057915043,6057,9150
8806057915050 ,하이맘밴드 더프리미엄 대형 4매,"7,000",6057915050,6057,9150
8806057915067 ,하이맘밴드 더프리미엄 소형 6매,"7,000",6057915067,6057,9150
8806057915074 ,하이맘밴드 더프리미엄 일반형 5매,"7,000",6057915074,6057,9150
8806057915081 ,하이맘밴드 더프리미엄 혼합형 6매,"7,000",6057915081,6057,9150
8806057915098 ,하이맘밴드 더프리미엄 원형(베벨링) 60매,"7,000",6057915098,6057,9150
8806057915357 ,하이맘밴드 리퀴드폼 10g,"7,500",6057915357,6057,9153
8806057915456 ,하이맘밴드 더프리미엄 잘라쓰는타입 3매,"9,000",6057915456,6057,9154
8806057915463 ,하이맘밴드 이지베이직 표준형 20매,"1,000",6057915463,6057,9154
8806057915470 ,하이맘밴드 이지베이직 혼합형 20EA,"1,000",6057915470,6057,9154
8806057915494 ,하이맘밴드 이지베이직 대형 15매,"2,000",6057915494,6057,9154
8806102400418 ,"콴첼MSM 1,500mg","25,000",6102400418,6102,4004
8806102872000 ,경남 진태반 프리미엄 20ml x 30V,"60,000",6102872000,6102,8720
8806102875926 ,레모비타 플러스(레몬맛) 120T,"6,000",6102875926,6102,8759
8806102875995 ,레모비타 플러스(딸기맛) 120T,"6,000",6102875995,6102,8759
8806102876503 ,상큼한 비타민 레모나 100ml 1개입,350,6102876503,6102,8765
8806102877050 ,상큼한 비타민 레모나 1박스(100ml x 10EA),"3,000",6102877050,6102,8770
8806102877067 ,상큼한 비타민 레모나 1박스(100ml x 20EA),"6,000",6102877067,6102,8770
8806102878682 ,레모나 구미 레몬맛 43g,"1,000",6102878682,6102,8786
8806102878699 ,레모나 구미(레몬맛) x 10개입,"10,000",6102878699,6102,8786
8806102879368 ,맛있는비타민 레모나 2g x 10P,"2,500",6102879368,6102,8793
8806102879719 ,레모나 구미 복숭아맛 37g,"1,000",6102879719,6102,8797
8806102879726 ,레모나 구미(복숭아맛) x 10개입,"10,000",6102879726,6102,8797
8806102879795 ,레모비타 플러스(복숭아맛) 120T,"6,000",6102879795,6102,8797
8806102879993 ,진태반30v,"60,000",6102879993,6102,8799
8806103600015 ,그린소독용 에탄올60ml,800,6103600015,6103,6000
8806103600046 ,그린제약 소독용 에탄올 250ml,"1,000",6103600046,6103,6000
8806105400866 ,폴리덴트 내추럴(무향) 70g,"8,000",6105400866,6105,4008
8806105401290 ,폴리덴트 5분 퀵플러스 48정,"8,000",6105401290,6105,4012
8806105401764 ,폴리덴트 맥스실 70g,"8,500",6105401764,6105,4017
8806105401825 ,센소다인 후레쉬 120g,"5,000",6105401825,6105,4018
8806105402709 ,폴리덴트 나이트 48정,"8,500",6105402709,6105,4027
8806105402723 ,파로돈탁스 데일리 후로라이드 150g,"6,000",6105402723,6105,4027
8806105402730 ,폴리덴트 후레쉬(민트) 70g,"8,000",6105402730,6105,4027
8806105402808 ,센소다인 멀티케어 120g,"5,500",6105402808,6105,4028
8806105403881 ,센소다인 오리지날 플러스 160g,"6,000",6105403881,6105,4038
8806107614797 ,[한독] 테라큐민 팜플러스100 120T(60Tx2ea),"50,000",6107614797,6107,6147
8806109101523 ,마데카 습윤밴드 키즈 혼합형 10매,"6,000",6109101523,6109,1015
8806109104258 ,마데카 습윤밴드 스팟 138매,"10,000",6109104258,6109,1042
8806109104265 ,마데카밴드 트러블케어 168매,"12,000",6109104265,6109,1042
8806109104500 ,마데카 페이셜 리페어 크림 50ml,"25,000",6109104500,6109,1045
8806109104517 ,마데카 핸드 우레아 크림 50ml,"15,000",6109104517,6109,1045
8806109104524 ,테카플러스 포뮬러 멜라터치 크림 35ml,"35,000",6109104524,6109,1045
8806109107686 ,마데카 피디알엔 농축 앰플 30ml,"43,000",6109107686,6109,1076
8806109184885 ,마데카밴드 트러블케어 스팟형 84매,"8,000",6109184885,6109,1848
8806109189705 ,마데카 습윤밴드 스팟 69매,"6,000",6109189705,6109,1897
8806109194396 ,마데카 습윤밴드 혼합형 6매,"6,000",6109194396,6109,1943
8806109194402 ,마데카 습윤밴드 대형 4매,"6,000",6109194402,6109,1944
8806109194419 ,마데카 습윤밴드 중형 5매,"6,000",6109194419,6109,1944
8806109194426 ,마데카 습윤밴드 소형 6매,"6,000",6109194426,6109,1944
8806109194440 ,마데카 습윤밴드 잘라쓰는타입 3매,"8,000",6109194440,6109,1944
8806113802249 ,성광 칼라민로션 100ml,"4,000",6113802249,6113,8022
8806119821800 ,잘크톤(망고맛) 15g x 30P,"22,000",6119821800,6119,8218
8806119822722 ,잘크톤(블루베리맛) 15g x 30P,"22,000",6119822722,6119,8227
8806124261721 ,에너지 골드 카페인 100ml,"3,000",6124261721,6124,2617
8806124261738 ,에너지 골드 카페인 1박스(100ml x 10EA),"25,000",6124261738,6124,2617
8806124261769 ,에너지 골드 (무카페인) 100mL*1EA,"3,000",6124261769,6124,2617
8806124261776 ,에너지 골드 카페인프리 1박스(100ml x 10EA),"25,000",6124261776,6124,2617
8806124280005 ,프로-캄 판테놀 립 에센스 12g,"6,000",6124280005,6124,2800
8806124280043 ,프로-캄 아크페어 클리어 겔 100mL (10mL 추가증정),"18,000",6124280043,6124,2800
8806124280067 ,프로-캄 클레어진 200mL ( 50mL 추가증정),"11,500",6124280067,6124,2800
8806124280180 ,프로-캄 후시메디 리페어 크림 S 50ml,"13,000",6124280180,6124,2801
8806124280210 ,프로-캄 후시메디 리페어 젤 마스크S 27ml*5,"11,000",6124280210,6124,2802
8806124280241 ,프로-캄 아크페어 폼 클렌저 S 120mL(15mL 추가증정),"13,000",6124280241,6124,2802
8806124280265 ,프로-캄 레드엑스 크림 S 18mL,"12,000",6124280265,6124,2802
8806124280289 ,프로-캄 멜라이트 선 에센스 S 40ml,"14,000",6124280289,6124,2802
8806124280302 ,프로-캄 판테놀 스틱 립밤 S 3.7g,"7,000",6124280302,6124,2803
8806124280432 ,프로-캄 EGF 액티브 바이탈 크림 20mL,"14,000",6124280432,6124,2804
8806124280456 ,프로-캄 멜라 화이트닝 리프팅 세럼 20mL,"18,000",6124280456,6124,2804
8806124280463 ,프로-캄 멜라 화이트닝 퍼밍 세럼 20mL,"18,000",6124280463,6124,2804
8806124280470 ,프로-캄 멜라 화이트닝 모이스처 세럼 20mL,"18,000",6124280470,6124,2804
8806124280524 ,프로-캄 EGF PDRN 액티브 시너지 마스크 3매,"9,000",6124280524,6124,2805
8806125000282 ,새로나크림 10ml - 털 빠짐 케어,"22,000",6125000282,6125,0002
8806125000329 ,멕스탑 4.5ml x 8개,"10,800",6125000329,6125,0003
8806125405032 ,민티크 프레시 민트 플러스 100g,"14,500",6125405032,6125,4050
8806125405100 ,유니덴탈 포르테 100g,"8,000",6125405100,6125,4051
8806129615154 ,메디폼N 10*20cm (5mm)(약국용),"14,000",6129615154,6129,6151
8806129615239 ,메디폼 N-5*7*0.2T,"10,000",6129615239,6129,6152
8806129615246 ,메디폼 N-5*7*0.2T,"10,000",6129615246,6129,6152
8806129615468 ,메디폼 리퀴드-8g[O],"9,000",6129615468,6129,6154
8806129615574 ,메디폼 A-5*7*0.1T,"10,000",6129615574,6129,6155
8806129615581 ,메디폼 A10*10*0.1T,"10,000",6129615581,6129,6155
8806129615598 ,메디폼 실버 플러스-5*7*0.1(3ea),"13,000",6129615598,6129,6155
8806129615604 ,메디폼 실버 플러스-10*10*0.1(1ea),"12,000",6129615604,6129,6156
8806129616021 ,미등록상품,"14,000",6129616021,6129,6160
8806129616120 ,더마터치 울트라플러스 12g,"9,000",6129616120,6129,6161
8806129616182 ,메디폼EGF 스팟패치,"3,000",6129616182,6129,6161
8806129618070 ,메디폼듀얼액션밴드혼합,"10,000",6129618070,6129,6180
8806129620400 ,메디폼 듀얼액션 10*10*0.2T,"11,000",6129620400,6129,6204
8806129620417 ,메디폼 듀얼액션 밴드 혼합형 8매,"10,000",6129620417,6129,6204
8806129675110 ,[NEW] 메디폼 H액티브 10*10cm,"9,000",6129675110,6129,6751
8806129689018 ,메디폼리퀴드,"9,000",6129689018,6129,6890
8806129699154 ,미등록상품,"10,000",6129699154,6129,6991
8806136019914 ,드시모네 베이비 스텝2,"32,000",6136019914,6136,0199
8806136020248 ,드시모네 베이비 스텝1,"27,000",6136020248,6136,0202
8806137510212 ,더마틱스 울트라 15g,"34,900",6137510212,6137,5102
8806137510229 ,더마틱스 울트라 7g,"18,000",6137510229,6137,5102
8806137520242 ,더마틱스 울트라 키즈 7g,"18,000",6137520242,6137,5202
8806139400986 ,조인트 뮤코다당단백1200 120T,"50,000",6139400986,6139,4009
8806140900017 ,[옵투스] 오에수 눈꺼풀 클리너 3ml x 15P,"9,000",6140900017,6140,9000
8806147000765 ,듀오덤 엑스트라씬 2매,"8,000",6147000765,6147,0007
8806218001912 ,에치탑캡슐[한국파비스],"2,000",6218001912,6218,0019
8806218004517 ,아루진정[한국파비스],"1,500",6218004517,6218,0045
8806218039448 ,파비시드240정[광동],"30,000",6218039448,6218,0394
8806228012243 ,이탄돌정 300T,"45,000",6228012243,6228,0122
8806239001212 ,레스타민코와 파우더크림 40g,"7,000",6239001212,6239,0012
8806239001311 ,반테린 코와 EX크림 35g,"7,000",6239001311,6239,0013
8806239001410 ,카베진 12T,"3,000",6239001410,6239,0014
8806239001427 ,카베진 100T,"10,000",6239001427,6239,0014
8806239001441 ,카베진 300T,"22,000",6239001441,6239,0014
8806258017621 ,[일양]모닝퀸 10P,"7,000",6258017621,6258,0176
8806265000203 ,챔프시럽,"4,000",6265000203,6265,0002
8806265001309 ,판피린,"2,500",6265001309,6265,0013
8806265001323 ,판피린큐 1박스(20ml x 5EA),"2,500",6265001323,6265,0013
8806265001729 ,비사진 나잘스프레이 30ml,"9,000",6265001729,6265,0017
8806265002412 ,멜라노사크림 30g,"25,000",6265002412,6265,0024
8806265002801 ,베나치오20ml,"4,000",6265002801,6265,0028
8806265002832 ,베나치오 1박스(20ml x 5EA),"4,000",6265002832,6265,0028
8806265003105 ,노스카나20g,"17,000",6265003105,6265,0031
8806265003433 ,드라이문트겔 50g,"8,000",6265003433,6265,0034
8806265003709 ,터비뉴20g,"5,000",6265003709,6265,0037
8806265003723 ,터비뉴겔 20g,"5,000",6265003723,6265,0037
8806265003877 ,타치온50mg 90T,"25,000",6265003877,6265,0038
8806265008001 ,마이보라,"8,000",6265008001,6265,0080
8806265008018 ,마이보라 21T,"8,000",6265008018,6265,0080
8806265008209 ,멜리안 21정,"6,000",6265008209,6265,0082
8806265008216 ,멜리안 21T,"6,000",6265008216,6265,0082
8806265008506 ,아이봉C,"10,000",6265008506,6265,0085
8806265008513 ,아이봉C 세안액 480ml,"10,000",6265008513,6265,0085
8806265008605 ,아이봉W,"11,000",6265008605,6265,0086
8806265008612 ,아이봉W 세안액 480ml,"11,000",6265008612,6265,0086
8806265008926 ,챔프 시럽 5ml x 10포,"4,000",6265008926,6265,0089
8806265009008 ,챔프이부펜,"4,000",6265009008,6265,0090
8806265009022 ,챔프 이부펜시럽 5ml x 10포,"4,000",6265009022,6265,0090
8806265009701 ,챔프노즈,"4,000",6265009701,6265,0097
8806265009725 ,챔프 노즈시럽 5ml x 10포,"3,000",6265009725,6265,0097
8806265011711 ,이치논 60g,"15,000",6265011711,6265,0117
8806265012008 ,터비뉴원스,"7,000",6265012008,6265,0120
8806265012015 ,터비뉴원스 6g,"7,000",6265012015,6265,0120
8806265012329 ,챔프 코프 5ml x 10포,"3,000",6265012329,6265,0123
8806265013326 ,애크린 외용액 (스프레이) 100ml,"15,000",6265013326,6265,0133
8806265013722 ,터비뉴 더블액션겔 30g,"7,000",6265013722,6265,0137
8806265014323 ,멜라토닝(히드로퀴논2%) 30g,"20,000",6265014323,6265,0143
8806265014330 ,멜라토닝(히드로퀴논2%) 50g,"33,000",6265014330,6265,0143
8806265014507 ,D-판테놀,"8,000",6265014507,6265,0145
8806265014538 ,D-판테놀 50g,"9,000",6265014538,6265,0145
8806265014729 ,리큐번크림 50g,"13,000",6265014729,6265,0147
8806265016617 ,치오맥스 연고 25g,"6,000",6265016617,6265,0166
8806265017317 ,챔푸 구강스프레이 20ml,"8,000",6265017317,6265,0173
8806265017621 ,베나치오 키즈 10ml,"4,500",6265017621,6265,0176
8806265017829 ,챔프 알러논액 5ml x 10포,"4,000",6265017829,6265,0178
8806265018208 ,애크린,"10,000",6265018208,6265,0182
8806265018833 ,아이오쿨 수0.5% 30관,"8,000",6265018833,6265,0188
8806265019144 ,아이오쿨 수1.0% 30관,"9,000",6265019144,6265,0191
8806265019304 ,챔프콜드펜,"4,000",6265019304,6265,0193
8806265019328 ,챔프 콜드펜시럽 5ml x 10포,"4,000",6265019328,6265,0193
8806265019403 ,맥스 콘드로이틴 1200mg,"150,000",6265019403,6265,0194
8806265019724 ,디판셉틱 30g,"9,000",6265019724,6265,0197
8806265019953 ,아이오쿨 프로 (트레할로스) 60관,"13,000",6265019953,6265,0199
8806265020027 ,베나치오 이지액 20ml x 6포,"5,000",6265020027,6265,0200
8806265020416 ,디판버그 30g,"6,000",6265020416,6265,0204
8806265020607 ,챔프콜드펜시럽,"4,000",6265020607,6265,0206
8806265020621 ,챔프 콜드펜 하이시럽 10ml x 10p,"4,500",6265020621,6265,0206
8806265020713 ,카필러스폼 5%(미녹시딜) 60g,"15,000",6265020713,6265,0207
8806265020911 ,디판큐어 30g,"9,000",6265020911,6265,0209
8806265021727 ,이지 퀼나잇액 20ml x 6P,"6,000",6265021727,6265,0217
8806265021826 ,챔큐 비타시럽 5ml x 10P,"8,000",6265021826,6265,0218
8806265021925 ,판피린 나이트 1박스(20ml x 5EA),"3,500",6265021925,6265,0219
8806265022007 ,x베나치오프로액 75ml 1박스(10병),"8,000",6265022007,6265,0220
8806275002518 ,안티렌크림[일양],"4,000",6275002518,6275,0025
880637007195 ,쿨링시트플러스,"8,000",637007195,6370,0719
8806406000222 ,개비스콘 오리지널 10ml x 4P,"4,500",6406000222,6406,0002
8806406000826 ,개비스콘 더블액션 10ml x 4P,"5,000",6406000826,6406,0008
8806406000833 ,개비스콘 더블액션10ml x 12P,"12,000",6406000833,6406,0008
8806406001038 ,스트렙실 허니앤레몬 12T,"4,500",6406001038,6406,0010
8806406001045 ,스트렙실 오렌지 12T,"4,500",6406001045,6406,0010
8806409 030912,우황청심원 사향,"9,000",6409030912,6409,0309
8806409030912 ,[일화] 우황청심원 현탁액(사향) 50ml,"8,000",6409030912,6409,0309
8806411000729 ,바이엘 아스피린500mg 20T,"4,500",6411000729,6411,0007
8806411001016 ,비판텐 30g,"12,000",6411001016,6411,0010
8806411001030 ,비판텐 100g,"25,000",6411001030,6411,0010
8806411001115 ,사리돈-에이 10T,"3,200",6411001115,6411,0011
8806411002747 ,아스피린 프로텍트정 100mg 98T,"8,500",6411002747,6411,0027
8806411003010 ,카네스텐1질정 1T,"12,000",6411003010,6411,0030
8806411003218 ,카네스텐 질정 6EA,"14,000",6411003218,6411,0032
8806411003348 ,카네스텐 크림 10g,"11,000",6411003348,6411,0033
8806416004036 ,닥터 베아제 10T,"2,800",6416004036,6416,0040
8806416014615 ,베아제 10T,"2,800",6416014615,6416,0146
8806416015520 ,대웅 복합우루사 25mg / 80C,"31,000",6416015520,6416,0155
8806416015575 ,대웅 복합우루사 25mg / 60C,"27,000",6416015575,6416,0155
8806416020432 ,대웅 우루사정 100mg 100T,"39,000",6416020432,6416,0204
8806416021323 ,이지엔6애니 연질캡슐 10C,"2,000",6416021323,6416,0213
8806416021415 ,이지엔6프로 연질캡슐 10C,"2,000",6416021415,6416,0214
8806416021422 ,이지엔6프로 30C,"5,800",6416021422,6416,0214
8806416026915 ,대웅 우루사 50mg / 120C,"36,000",6416026915,6416,0269
8806416046616 ,이지에프 새살연고(생),"22,900",6416046616,6416,0466
8806416055519 ,이지엔6이브 연질캡슐 10C,"2,000",6416055519,6416,0555
8806416055526 ,이지엔6이브 30C,"5,800",6416055526,6416,0555
8806416062210 ,이지엔6 스트롱 연질캡슐 10C,"2,000",6416062210,6416,0622
8806416064320 ,코메키나 캡슐 10C,"3,000",6416064320,6416,0643
8806416071731 ,스타빅 20ml x 6P,"4,000",6416071731,6416,0717
8806416077719 ,이지엔6 나이트 연질캡슐 10C,"2,500",6416077719,6416,0777
8806416081815 ,이지엔6 에이스정 500mg 10T,"2,000",6416081815,6416,0818
8806417005216 ,[일양] 벌무덴 40ml,"4,800",6417005216,6417,0052
8806417009825 ,아미노피정[일양],"40,000",6417009825,6417,0098
8806417011514 ,알콤정4T,"3,000",6417011514,6417,0115
8806417013013 ,원비디100M,700,6417013013,6417,0130
8806417021629 ,진코텔정2박스,"70,000",6417021629,6417,0216
8806417026617 ,헤모콤액30V,"45,000",6417026617,6417,0266
8806417026716 ,헤모콤플러스연질120C,"40,000",6417026716,6417,0267
8806417038313 ,본엔디연질캡슐120C,"35,000",6417038313,6417,0383
8806417043713 ,혈강고카타플라스마6P,"2,500",6417043713,6417,0437
8806417044512 ,도담도담츄어블정240T,"30,000",6417044512,6417,0445
8806417046424 ,노루모듀얼액션현탁액4P,"3,000",6417046424,6417,0464
8806417046448 ,노루모듀얼액션현탁액10P,"7,000",6417046448,6417,0464
8806417048619 ,노루모에프내복액75ML,700,6417048619,6417,0486
8806417052616 ,두피나액30ML,"5,000",6417052616,6417,0526
8806417055426 ,일양경옥고60P,"99,000",6417055426,6417,0554
8806417057710 ,황력골드액100ML,"2,000",6417057710,6417,0577
8806417057819 ,애린쏙정10T,"2,000",6417057819,6417,0578
8806417057925 ,도담도담 트리플 비타액 60P,"45,000",6417057925,6417,0579
8806417062912 ,보나링스피드액5P,"3,000",6417062912,6417,0629
8806417063810 ,크로아존엔정10T,"2,000",6417063810,6417,0638
8806417064510 ,메코엠지프리미엄정120T,"45,000",6417064510,6417,0645
8806418006519 ,광동우황청심원(사향함유)(환제),"14,000",6418006519,6418,0065
8806418006618 ,광동 우황청심원-환/1丸(영묘향)(신),"9,900",6418006618,6418,0066
8806418006922 ,[광동] 우황청심원 현탁액(사향) 50ml,"13,000",6418006922,6418,0069
8806418007011 ,[광동] 우황청심원 현탁액(영묘향/갈색) 50ml,"7,000",6418007011,6418,0070
8806418007028 ,[광동] 우황청심원 현탁액(영묘향) 50ml,"7,000",6418007028,6418,0070
8806418007615 ,광동원탕 100ml,"1,000",6418007615,6418,0076
8806418027736 ,솔표쌍감탕액(갈근탕)(10입),"9,000",6418027736,6418,0277
8806418031429 ,[광동] 파워라센액 20ml x 30V,"100,000",6418031429,6418,0314
8806418032228 ,페리비타캡슐,"60,000",6418032228,6418,0322
8806418051915 ,센스리베정(PTP),"8,000",6418051915,6418,0519
8806418067510 ,벤포파워제트액(이중캡),"3,000",6418067510,6418,0675
8806418068111 ,평위천프라임액 75ml,"1,000",6418068111,6418,0681
8806418068722 ,센코딜에프 20T,"3,000",6418068722,6418,0687
8806418069910 ,큐아크네 플러스 15g,"9,000",6418069910,6418,0699
8806418073443 ,광동 공진단 30환,"1,300,000",6418073443,6418,0734
8806418073450 ,광동 공진단 90환,"3,750,000",6418073450,6418,0734
8806418074617 ,광동 인후엔 가글액 100ml,"3,000",6418074617,6418,0746
8806419002435 ,뉴브이 로토이엑스 12ml,"3,500",6419002435,6419,0024
8806419004439 ,로토 지파이 뉴 11ml,"4,000",6419004439,6419,0044
8806419031312 ,용각산 25g,"5,500",6419031312,6419,0313
8806419031329 ,용각산 55g,"11,000",6419031329,6419,0313
8806419031695 ,용각산쿨 복숭아향 50P,"16,000",6419031695,6419,0316
8806419031718 ,용각산쿨 민트향 50P,"16,000",6419031718,6419,0317
8806419056124 ,로토 씨큐브 아쿠아차지 아이 12ml,"4,000",6419056124,6419,0561
8806419065119 ,트란시노2 120T,"50,000",6419065119,6419,0651
8806420000628 ,누보클렌액 50ml,"3,000",6420000628,6420,0006
8806420003216 ,마이녹실액3% 60ml,"19,000",6420003216,6420,0032
8806420003223 ,마이녹실액3% 180ml,"40,000",6420003223,6420,0032
8806420003315 ,마이녹실액5% 60ml,"19,000",6420003315,6420,0033
8806420003384 ,마이녹실액5% 150ml,"30,000",6420003384,6420,0033
8806420012829 ,[현대] 물파스 에프 88ml,"3,500",6420012829,6420,0128
8806420014335 ,마이녹실겔5% 15g,"5,000",6420014335,6420,0143
8806420014427 ,버물리 키드 25g,"3,500",6420014427,6420,0144
8806420014595 ,[현대] 에어파스 맥스 200ml,"3,500",6420014595,6420,0145
8806420019033 ,마이녹실에스 180C,"55,000",6420019033,6420,0190
8806420019040 ,마이녹실에스 360C,"90,000",6420019040,6420,0190
8806420029926 ,루핑 0.5ml x 30관,"5,500",6420029926,6420,0299
8806420035675 ,마이녹실액5% 360ml,"55,000",6420035675,6420,0356
8806420038515 ,버물리 플라스타 42매,"5,000",6420038515,6420,0385
8806420044516 ,풋원겔 15g,"3,000",6420044516,6420,0445
8806420047852 ,유린타민캡슐 360C,"60,000",6420047852,6420,0478
8806420052917 ,마이녹실폼 에어로솔5% 60g,"15,000",6420052917,6420,0529
8806420053419 ,둥근머리 버물리 에스겔 35g,"3,500",6420053419,6420,0534
8806421010220 ,안티푸라민 에스로션(손흥민에디션) 100ml,"3,000",6421010220,6421,0102
8806421010251 ,안티푸라민 에스로션(손흥민에디션) 500ml,"11,000",6421010251,6421,0102
8806421010756 ,알마겔에프 15ml x 6P,"1,700",6421010756,6421,0107
8806421023114 ,코푸정 에스 10T,"2,500",6421023114,6421,0231
8806421039436 ,안티푸라민 파프 6매,"3,000",6421039436,6421,0394
8806421041330 ,안티푸라민 쿨 6매,"3,000",6421041330,6421,0413
8806421041613 ,덱스피드 10C,"2,500",6421041613,6421,0416
8806421042924 ,삐콤씨 100T,"22,000",6421042924,6421,0429
8806421043013 ,안티푸라민 한방 6매,"3,000",6421043013,6421,0430
8806421044614 ,래피콜노즈연질캡슐 10C,"2,000",6421044614,6421,0446
8806421045116 ,확펜 10C,"2,000",6421045116,6421,0451
8806421050127 ,젠텔정 2T,"1,100",6421050127,6421,0501
8806421050516 ,센스데이 21T,"6,000",6421050516,6421,0505
8806421054118 ,래피콜코프플러스연질캡슐 10C,"2,000",6421054118,6421,0541
8806421055238 ,코푸시럽에스 20ml x 12p,"3,800",6421055238,6421,0552
8806421058918 ,래피콜콜드연질캡슐 10C,"2,000",6421058918,6421,0589
8806421061932 ,라라올라 20ml x 30v,"60,000",6421061932,6421,0619
8806421062328 ,리버올라 20ml x 30V,"50,000",6421062328,6421,0623
8806421062724 ,래피콜케어 건조시럽 레몬향 12포,"10,000",6421062724,6421,0627
8806421062748 ,래피콜케어 건조시럽 히비스커스향 12포,"10,000",6421062748,6421,0627
8806421063714 ,콘택콜드캡슐 10C,"3,500",6421063714,6421,0637
8806422014241 ,아락실과립 8g,"20,000",6422014241,6422,0142
8806422021256 ,타벡스겔 50g,"9,000",6422021256,6422,0212
880642202156 ,타벡스겔 50g,"9,000",642202156,6422,0215
8806422024813 ,아락실큐 20정,"3,500",6422024813,6422,0248
8806422035727 ,[부광] 클리스톤지 30g,"3,000",6422035727,6422,0357
8806422044613 ,코트리나,"3,000",6422044613,6422,0446
8806422045443 ,헥사메딘,"40,000",6422045443,6422,0454
8806422045528 ,위속엔 20정,"3,000",6422045528,6422,0455
8806423025116 ,쓸기담캅셀 50mg 60캡슐,"15,000",6423025116,6423,0251
8806427000911 ,까스활명수큐액 75ml,"1,000",6427000911,6427,0009
8806427018510 ,샤이닝 10T,"3,000",6427018510,6427,0185
8806427026942 ,잇치페이스트 120g,"8,800",6427026942,6427,0269
8806427026966 ,잇치 페이스트 피톤치드 150g,"11,000",6427026966,6427,0269
8806427035128 ,동화 판콜에스/30A,"15,000",6427035128,6427,0351
8806427036712 ,포스테리산 연고 25g,"6,000",6427036712,6427,0367
8806427036828 ,포스테리산 좌제 10개,"8,000",6427036828,6427,0368
8806427039713 ,동화 후시딘연고/5g,"4,800",6427039713,6427,0397
8806427039720 ,동화 후시딘연고/10g,"6,500",6427039720,6427,0397
8806427041815 ,아프타치정 10T,"6,000",6427041815,6427,0418
8806427064036 ,꼬마활명수액 10ml x 5개입,"4,000",6427064036,6427,0640
8806427065422 ,활명수유액 10ml x 5P,"4,000",6427065422,6427,0654
8806427070914 ,큐립연고 8g,"7,000",6427070914,6427,0709
8806427070921 ,큐립연고 마일드허브향 8g,"7,000",6427070921,6427,0709
8806427071515 ,소가프텐 10T,"2,000",6427071515,6427,0715
8806427071812 ,세비타비 18g,"8,000",6427071812,6427,0718
8806427073915 ,잇치페이스트 프로폴리스 140g,"14,000",6427073915,6427,0739
8806427074615 ,드라이언 30ml,"7,000",6427074615,6427,0746
8806427075926 ,화이투벤 노즈시럽 20ml x 5p,"2,500",6427075926,6427,0759
8806427076022 ,화이투벤 콜드시럽 20ml x 5p,"2,500",6427076022,6427,0760
8806427076121 ,화이투벤 코프시럽 20ml x 5p,"2,500",6427076121,6427,0761
8806427077913 ,화이투벤큐플러스 10C,"2,000",6427077913,6427,0779
8806427078019 ,화이투벤큐플러스 코프 10C,"2,000",6427078019,6427,0780
8806427078118 ,화이투벤큐플러스 노즈 10C,"2,000",6427078118,6427,0781
8806428003010 ,덴타포스 10C,"2,000",6428003010,6428,0030
8806428008114 ,비아핀 에멀젼 46.5g,"9,000",6428008114,6428,0081
8806428028518 ,콜로덤 에스액 10ml,"8,000",6428028518,6428,0285
8806428028617 ,하벤프레쉬나잘스프레이 15ml,"8,000",6428028617,6428,0286
8806428028716 ,하벤플러스 15ml,"8,000",6428028716,6428,0287
8806428028921 ,멀스토 2EA,"2,000",6428028921,6428,0289
8806429000810 ,더마큐 15g,"2,500",6429000810,6429,0008
8806429000827 ,더마큐 30g,"5,000",6429000827,6429,0008
8806429000933 ,덴큐 360T(병),"50,000",6429000933,6429,0009
8806429007017 ,세노바액(딸기향) 60ml,"4,000",6429007017,6429,0070
8806429010024 ,아로나민 골드 100T,"29,000",6429010024,6429,0100
8806429010062 ,아로나민 골드 300T,"88,000",6429010062,6429,0100
8806429010130 ,아로나민 씨플러스 100T,"32,000",6429010130,6429,0101
8806429010178 ,아로나민 씨플러스 300T,"85,000",6429010178,6429,0101
8806429017726 ,[일동] 엑소데릴 30ml,"6,000",6429017726,6429,0177
8806429020641 ,캐롤에프 10T,"2,000",6429020641,6429,0206
8806429026056 ,후루케어 200mg 10c,"2,500",6429026056,6429,0260
8806429046627 ,티로클 10g,"4,500",6429046627,6429,0466
8806429053212 ,아로나민 실버 프리미엄정 120T,"40,000",6429053212,6429,0532
8806429058019 ,무조라실쿨 20g,"6,000",6429058019,6429,0580
8806429059023 ,에너라민파워액,"150,000",6429059023,6429,0590
8806429059412 ,푸레파인 연고 28g,"6,500",6429059412,6429,0594
8806429063921 ,푸레파인 마일드 좌제 10T,"9,900",6429063921,6429,0639
8806429064010 ,푸레파인 마일드 연고 28g,"6,500",6429064010,6429,0640
8806429065512 ,아로나민 골드 프리미엄 120T,"50,000",6429065512,6429,0655
8806429065536 ,아로나민 골드 프리미엄 180T,"60,000",6429065536,6429,0655
8806429068018 ,엑세라민 엔,"60,000",6429068018,6429,0680
8806429068810 ,푸레파쎈600,"35,000",6429068810,6429,0688
8806429068916 ,콘센비타800,"60,000",6429068916,6429,0689
8806429069015 ,로이히츠보코 156매,"15,000",6429069015,6429,0690
8806429069718 ,판테놀케어 60g,"8,000",6429069718,6429,0697
8806429070820 ,푸레파스피드 24T,"12,000",6429070820,6429,0708
8806432001316 ,미녹시딜3% 200ml,"25,000",6432001316,6432,0013
8806432001422 ,미녹시딜5% 200ml,"25,000",6432001422,6432,0014
8806432002948 ,디퓨탭 10T,"2,500",6432002948,6432,0029
8806432002962 ,디퓨탭 30T,"6,000",6432002962,6432,0029
8806432005024 ,비가졸액 120ml,"7,000",6432005024,6432,0050
8806432006014 ,[동성] 쎄레론지 30g,"3,000",6432006014,6432,0060
8806432008537 ,유그린에프 50g,"5,000",6432008537,6432,0085
8806432013517 ,바로비크림 10g,"3,000",6432013517,6432,0135
8806432027910 ,바르핀쿨크림 20g,"7,000",6432027910,6432,0279
8806432029716 ,치스민 60C,"15,000",6432029716,6432,0297
8806432029815 ,정로환에프 100환,"5,500",6432029815,6432,0298
8806432030224 ,정로환에프 36T,"4,500",6432030224,6432,0302
8806432030637 ,디알클린 0.5ml*30,"7,000",6432030637,6432,0306
8806432033515 ,록소앤 튜브타입 50g,"7,000",6432033515,6432,0335
8806432033522 ,록소앤겔(롤온) 50g,"7,000",6432033522,6432,0335
8806432034512 ,바르핀케어네일라카 5ml,"15,000",6432034512,6432,0345
8806432034727 ,토스롱S 20ml x 5P,"3,000",6432034727,6432,0347
8806432035021 ,이엠지 스피드 더블액션 20ml x 5P,"8,000",6432035021,6432,0350
8806432035113 ,디클리어 25ml,"7,000",6432035113,6432,0351
8806433025212 ,젤콤정 500mg 1T,"1,000",6433025212,6433,0252
8806433025328 ,젤콤현탁액 15ml x 2P,"2,500",6433025328,6433,0253
8806433050214 ,펜잘큐 10T,"2,500",6433050214,6433,0502
8806433052317 ,류파프카타플라스마 6P,"3,000",6433052317,6433,0523
8806433052324 ,류파프카타플라스마(H-TYPE) 6P,"3,000",6433052324,6433,0523
8806433062811 ,모드코S 코감기 10C,"2,500",6433062811,6433,0628
8806433062910 ,모드콜S 종합감기 10C,"2,500",6433062910,6433,0629
8806433062927 ,모드콜S 종합감기 연질캡슐 20C,"4,000",6433062927,6433,0629
8806433063016 ,모드코프S 목감기 10C,"2,500",6433063016,6433,0630
8806433065928 ,프리페민 90T,"40,000",6433065928,6433,0659
8806433069315 ,낙센 250mg 10C,"2,000",6433069315,6433,0693
8806433090425 ,모드콜 콜드시럽(성인용) 15ml x 5P,"2,500",6433090425,6433,0904
8806433090524 ,모드콜 콜드시럽(소아용) 5ml x 10P,"2,500",6433090524,6433,0905
8806433090623 ,모드콜 코프시럽(성인용) 20ml x 5P,"2,500",6433090623,6433,0906
8806433090722 ,모드콜코프시럽(소아용) 5ml x 10P,"2,500",6433090722,6433,0907
8806433092528 ,모드콜로시럽 20ml x 5P,"3,500",6433092528,6433,0925
8806433092627 ,모드콜 노즈시럽(소아용) 5ml x 10P,"2,500",6433092627,6433,0926
8806433092726 ,포텐스틱 20ml x 5P,"7,500",6433092726,6433,0927
8806433092733 ,포텐스틱 20ml x 20P,"30,000",6433092733,6433,0927
8806433092924 ,모드콜 노즈시럽(성인용) 20ml x 5P,"2,500",6433092924,6433,0929
8806433094218 ,동의고 카타플라스마(8cmX12cm) 6P,"3,000",6433094218,6433,0942
8806433094317 ,브레이닝 60C,"30,000",6433094317,6433,0943
8806433095710 ,더마그램 100ml,"13,000",6433095710,6433,0957
8806433095819 ,더마그램 18g,"7,500",6433095819,6433,0958
8806433098926 ,모드콜 키즈펜시럽 5ml x 10P,"2,500",6433098926,6433,0989
8806433099114 ,장트라올라 30C,"7,000",6433099114,6433,0991
8806433099817 ,더마그램 30C,"9,000",6433099817,6433,0998
8806433101114 ,더마그램 피디알엔 10g,"30,000",6433101114,6433,1011
8806433101121 ,더마그램 피디알엔 크림 30g,"70,000",6433101121,6433,1011
8806435000712 ,히아로겔/ 15g(H.POP),"10,000",6435000712,6435,0007
8806435002242 ,눈앤점안액0.5%(1회용) / (0.5mL*5)*6(OTC),"9,000",6435002242,6435,0022
8806435010032 ,목시딜액5% 30mL,"7,000",6435010032,6435,0100
8806435010520 ,무조날 크림/ 15g(NEW),"5,000",6435010520,6435,0105
8806435011442 ,복합써스펜 좌약/ 10S(NEW),"10,000",6435011442,6435,0114
8806435013217 ,소하자임플러스정 10T(PTP)(NEW),"3,000",6435013217,6435,0132
8806435015716 ,텐텐츄정/ 120T(NEW),"17,000",6435015716,6435,0157
8806435024541 ,"케어가글액(무색, 박하향) 1000mL(약국용)","10,000",6435024541,6435,0245
8806435024589 ,"케어가글액(무색,사과향) 250ml(약국용)","4,000",6435024589,6435,0245
8806435028839 ,텐텐츄정 120T,"19,000",6435028839,6435,0288
8806435031747 ,파워겔/1.0g*5,"9,000",6435031747,6435,0317
8806435055316 ,프리비정/ 30T*2,"35,000",6435055316,6435,0553
8806435062116 ,코앤나잘스프레이 15mL(140회),"10,000",6435062116,6435,0621
8806435065117 ,장쾌락시럽 15mL*30P,"30,000",6435065117,6435,0651
8806435067210 ,무조날쿨크림 15g,"7,000",6435067210,6435,0672
8806435070913 ,목앤스프레이 20mL,"10,000",6435070913,6435,0709
8806435071248 ,안토시안 60C,"28,000",6435071248,6435,0712
8806435073914 ,코앤쿨나잘스프레이 20mL,"10,000",6435073914,6435,0739
8806435074812 ,까스앤프리츄정80밀리그램 12T(PTP),"4,000",6435074812,6435,0748
8806435079411 ,무조날에스네일라카 6mL,"25,000",6435079411,6435,0794
8806435081725 ,한미치쏙정600밀리그램 30T*2,"40,000",6435081725,6435,0817
8806435087218 ,눈앤큐 15mL,"4,000",6435087218,6435,0872
8806435087911 ,리렉스담정 10T,"2,000",6435087911,6435,0879
8806435088024 ,눈앤쿨 0.5ml x 30관,"8,000",6435088024,6435,0880
8806435088116 ,코앤쿨 에스 30ml,"8,000",6435088116,6435,0881
8806435088529 ,마그네비 스피드액 20ml x 5P,"6,000",6435088529,6435,0885
8806435088710 ,무조날맥스 5ml,"15,000",6435088710,6435,0887
8806435089526 ,써스펜 키즈시럽 6ml x 10P,"4,000",6435089526,6435,0895
8806435089618 ,맥시부펜노즈 12C,"4,000",6435089618,6435,0896
8806435089915 ,맥시부펜콜드 12C,"4,000",6435089915,6435,0899
8806435090010 ,맥시부펜코프 12C,"4,000",6435090010,6435,0900
8806436003125 ,노바손크림 30g,"3,000",6436003125,6436,0031
8806436008328 ,후시메드 10g,"3,000",6436008328,6436,0083
8806436010611 ,바스포 10g,"2,500",6436010611,6436,0106
8806436016712 ,탁센 10C,"2,000",6436016712,6436,0167
8806436016736 ,탁센 30C,"5,500",6436016736,6436,0167
8806436017214 ,페리덱스 6g,"3,000",6436017214,6436,0172
8806436033115 ,제놀한방 5매,"2,500",6436033115,6436,0331
8806436035713 ,써버쿨 키드크림 15g,"2,500",6436035713,6436,0357
8806436036413 ,쿨드림 10C,"2,000",6436036413,6436,0364
8806436044814 ,알러샷 10C,"2,500",6436044814,6436,0448
8806436049819 ,제놀쿨 5매,"2,000",6436049819,6436,0498
8806436050211 ,디어미 21T,"6,000",6436050211,6436,0502
8806436051911 ,탁센400 이부프로펜 10C,"2,000",6436051911,6436,0519
8806436052512 ,로시놀 더블액션 크림 20g,"3,000",6436052512,6436,0525
8806436056022 ,백초시럽 5ml x 10개,"5,000",6436056022,6436,0560
8806436057029 ,스카힐골드겔 20g,"10,000",6436057029,6436,0570
8806436058613 ,탁센 덱시부프로펜 10C,"2,000",6436058613,6436,0586
8806436058811 ,디어미순 28T,"7,500",6436058811,6436,0588
8806436062719 ,탁센레이디 10C,"2,000",6436062719,6436,0627
8806436062726 ,탁센레이디 30C,"5,500",6436062726,6436,0627
8806436063617 ,로시놀액 30ml,"4,000",6436063617,6436,0636
8806436065413 ,탁센 아세트아미노펜 500ml 10정,"2,000",6436065413,6436,0654
8806436067110 ,써버쿨 에스 50ml,"4,000",6436067110,6436,0671
8806436067219 ,그린노즈플러스 10C,"2,500",6436067219,6436,0672
8806438000429 ,덴드로프쿨 120ml,"8,000",6438000429,6438,0004
8806438002119 ,스카덤겔 20g,"11,000",6438002119,6438,0021
8806438003321 ,[신신] 물파스 에스 90ml,"3,000",6438003321,6438,0033
8806438003352 ,[신신] 물파스 에스 120ml,"4,000",6438003352,6438,0033
8806438003918 ,티눈고 혼합형 2매,"4,000",6438003918,6438,0039
8806438004014 ,티눈밴드 8매,"3,000",6438004014,6438,0040
8806438004069 ,티눈밴드 발바닥형 6매,"3,000",6438004069,6438,0040
8806438004113 ,신신 티눈액(붓타입) 10ml,"4,000",6438004113,6438,0041
8806438004519 ,[신신] 신형) 아렉스 중형 10매,"2,800",6438004519,6438,0045
8806438007022 ,유라덤 50g,"4,000",6438007022,6438,0070
8806438008036 ,[신신] 케토크린 7매,"1,800",6438008036,6438,0080
8806438012316 ,노스엣 30ml,"8,000",6438012316,6438,0123
8806438012811 ,버래물(롤타입) 50ml,"3,000",6438012811,6438,0128
8806438015324 ,신신 아시클로버크림 10g,"3,000",6438015324,6438,0153
8806438016116 ,노스엣 센스 30ml,"8,000",6438016116,6438,0161
8806438019919 ,물린디키드 15g,"4,000",6438019919,6438,0199
8806438020038 ,[신신] 세라덤 30g,"3,000",6438020038,6438,0200
8806438020519 ,몽푸로겔,"6,000",6438020519,6438,0205
8806438021332 ,나오덤크림 20g,"3,000",6438021332,6438,0213
8806438022315 ,무조무알파 에어로솔 60g,"6,000",6438022315,6438,0223
8806438022339 ,무조무알파 에어로솔 120g,"9,500",6438022339,6438,0223
8806438026726 ,무조무원스 5g x 2EA,"15,000",6438026726,6438,0267
8806438027013 ,[신신] 찜파스 8매,"3,000",6438027013,6438,0270
8806438027426 ,록소크린 플라스타 10매,"3,000",6438027426,6438,0274
8806438027433 ,록소크린 12매,"3,000",6438027433,6438,0274
8806438029925 ,스카덤 클리어 20g,"12,000",6438029925,6438,0299
8806438031225 ,[신신] 플렉스 아렉스마일드 6매,"4,000",6438031225,6438,0312
8806438031522 ,신신 삼소음액 75ml x 10포,"9,000",6438031522,6438,0315
8806438031621 ,신신 갈근탕액 75ml x 10포,"9,000",6438031621,6438,0316
8806438031720 ,신신 쌍화탕액 75ml x 10포,"9,000",6438031720,6438,0317
8806438031829 ,신신 소청룡탕액 75ml x 10포,"9,000",6438031829,6438,0318
8806438032918 ,[신신] 아렉스 로션 100ml,"4,500",6438032918,6438,0329
8806438033717 ,미야리산 70g,"25,000",6438033717,6438,0337
8806438034424 ,[신신] 플렉스 캐네펜 6매,"4,000",6438034424,6438,0344
8806438035216 ,물린디쿨 50ml,"4,000",6438035216,6438,0352
8806438035315 ,티눈밴드S 8매,"5,000",6438035315,6438,0353
8806438035339 ,티눈밴드S 발바닥형 6매,"5,000",6438035339,6438,0353
8806438037012 ,[신신] 디클로맥스 6매,"4,000",6438037012,6438,0370
8806438037210 ,아크덤겔 30g,"8,000",6438037210,6438,0372
8806438037418 ,신신플렉스 10T,"2,000",6438037418,6438,0374
8806438037913 ,[신신] 플렉스 한방 6매,"4,000",6438037913,6438,0379
8806438038514 ,디클로맥스겔 80g,"9,000",6438038514,6438,0385
8806438039016 ,무조무네일외용액 6ml,"8,000",6438039016,6438,0390
8806439009117 ,삼일 어린이 부루펜시럽 90ml,"6,000",6439009117,6439,0091
8806439036113 ,티어실 에어로솔 60g,"7,000",6439036113,6439,0361
8806440000820 ,노보민시럽(성인용) 2P,"2,000",6440000820,6440,0008
8806440039721 ,소보민시럽(어린이용) 2P,"2,000",6440039721,6440,0397
8806446001951 ,리보테인 정 30c,"5,000",6446001951,6446,0019
8806446001968 ,리보테인 100T,"15,000",6446001968,6446,0019
8806446010021 ,디오스민 60C,"23,000",6446010021,6446,0100
8806446015620 ,훼마틴 에이 10ml x 30P,"55,000",6446015620,6446,0156
8806446023526 ,엘라스에이 7ml x 10V,"45,000",6446023526,6446,0235
8806446042046 ,헤파토스 시럽 200ml*3v,"8,000",6446042046,6446,0420
8806446042510 ,조은아이 400ml,"30,000",6446042510,6446,0425
8806446043012 ,엘레멘 에프시럽 50ml,"5,500",6446043012,6446,0430
8806446043715 ,조은아이 엠플러스 400ml,"35,000",6446043715,6446,0437
8806446045122 ,자하골드액 20ml x 30V,"100,000",6446045122,6446,0451
8806446045139 ,자하골드액 20ml x 60V,"170,000",6446045139,6446,0451
8806447022283 ,트라스트,"20,000",6447022283,6447,0222
8806448002215 8806448002215,노비프록스,"9,000",64480022158806448002215,6448,0022
8806448003113 ,도미나크림 60g,"40,000",6448003113,6448,0031
8806448003113 8806448003113,도미나크림 60g,"40,000",64480031138806448003113,6448,0031
8806448003168 ,도미나크림 50g,"38,000",6448003168,6448,0031
8806448003168 8806448003168,도미나크림 50g,"38,000",64480031688806448003168,6448,0031
8806448006510 8806448006510,메카인정 2정*50,900,64480065108806448006510,6448,0065
8806448009016 ,박트리안,"3,000",6448009016,6448,0090
8806448009016 8806448009016,박트리안,"4,000",64480090168806448009016,6448,0090
8806448009412 ,베이덤연고 50g,"3,000",6448009412,6448,0094
8806448009412 8806448009412,베이덤연고 50g,"4,000",64480094128806448009412,6448,0094
8806448009641 ,벤트락스겔 20g,"14,000",6448009641,6448,0096
8806448009641 8806448009641,벤트락스겔 20g,"14,000",64480096418806448009641,6448,0096
8806448012313 ,아비나파스타,"4,000",6448012313,6448,0123
8806448012313 8806448012313,아비나파스타,"4,000",64480123138806448012313,6448,0123
8806448014713 8806448014713,엘린플러스크림,"4,000",64480147138806448014713,6448,0147
8806448016427 8806448016427,제올라S액,"4,000",64480164278806448016427,6448,0164
8806448016519 8806448016519,제올라크림,"3,000",64480165198806448016519,6448,0165
8806448022718 ,아즈렌S크림 30g,"5,000",6448022718,6448,0227
8806448022718 8806448022718,아즈렌S크림 30g,"5,000",64480227188806448022718,6448,0227
8806448030911 8806448030911,하이로손 20g,"2,500",64480309118806448030911,6448,0309
8806448033028 8806448033028,벤트플라겔 15g,"7,000",64480330288806448033028,6448,0330
8806448039938 8806448039938,이클린탁스130g,"8,000",64480399388806448039938,6448,0399
8806448046622 ,티트로신 10g,"4,000",6448046622,6448,0466
8806448046622 8806448046622,티트로신 10g,"4,000",64480466228806448046622,6448,0466
8806448055419 ,목앤탁인후스프레이 30ml,"7,000",6448055419,6448,0554
8806448055419 8806448055419,목앤탁인후스프레이 30ml,"7,000",64480554198806448055419,6448,0554
8806448057314 ,태극우레아연고,"5,000",6448057314,6448,0573
8806448057314 8806448057314,태극우레아연고,"5,000",64480573148806448057314,6448,0573
8806448058823 8806448058823,아크스카클리어겔 20g,"10,000",64480588238806448058823,6448,0588
8806448059615 8806448059615,비오딜정 30정*2,"30,000",64480596158806448059615,6448,0596
8806448064510 8806448064510,미녹시딜바이그루트액3%,"30,000",64480645108806448064510,6448,0645
8806448064633 8806448064633,미녹시딜바이그루트액 5%,"30,000",64480646338806448064633,6448,0646
8806448065821 ,아크클리어크림 20g,"10,000",6448065821,6448,0658
8806448065821 8806448065821,아크클리어겔 20g,"10,000",64480658218806448065821,6448,0658
8806448066156 ,도미나라이트크림 40g,"20,000",6448066156,6448,0661
8806448066156 8806448066156,도미나라이트크림 40g,"20,000",64480661568806448066156,6448,0661
8806448067214 ,메타리빈 (핑크퐁),"6,000",6448067214,6448,0672
8806448067214 8806448067214,메타리빈 (핑크퐁),"6,000",64480672148806448067214,6448,0672
8806449043149 ,프렌즈 아이드롭 쿨 14ml,"4,000",6449043149,6449,0431
8806449043156 ,프렌즈 아이드롭 순 14ml,"4,000",6449043156,6449,0431
8806449043163 ,프렌즈 아이드롭 쿨하이 14ml,"4,000",6449043163,6449,0431
8806449047147 ,훼럼키드액 60ml,"13,000",6449047147,6449,0471
8806449141517 ,화콜씨 코프연질캡슐 10C,"2,500",6449141517,6449,1415
8806449141616 ,화콜씨 노즈연질캡슐 10C,"2,500",6449141616,6449,1416
8806449141715 ,화콜씨 콜드 10C,"2,500",6449141715,6449,1417
8806449143610 ,노블루 20g,"9,000",6449143610,6449,1436
8806449147915 ,베베클 20ml,"5,500",6449147915,6449,1479
8806449148929 ,마이드롭 0.5ml x 30EA,"10,000",6449148929,6449,1489
8806449149148 ,가네톡액 15ml x 22P,"25,000",6449149148,6449,1491
8806449151615 ,프렌즈 아이드롭 아이스 14ml,"4,000",6449151615,6449,1516
8806452041545 ,스벨트 720T(360T x 2EA),"80,000",6452041545,6452,0415
8806453001616 ,다제스 10C,"2,500",6453001616,6453,0016
8806453001685 ,다제스 30C,"6,500",6453001685,6453,0016
8806453017723 ,[한림] 큐티스점안액 15ml,"2,000",6453017723,6453,0177
8806453021423 ,[한림] 포티텐점안액 15ml,"3,000",6453021423,6453,0214
8806453058429 ,맥스클리어 0.5ml x 30관,"7,000",6453058429,6453,0584
8806453062525 ,나조린 0.5ml x 10관,"2,000",6453062525,6453,0625
8806456060221 ,[일양] 플록펜 첩부제 10매,"3,000",6456060221,6456,0602
8806458000331 ,한솔 금왕심단(천왕보심단) 60P(30P x 2EA),"40,000",6458000331,6458,0003
8806458000447 ,[한솔]기가천과립 60P,"20,000",6458000447,6458,0004
8806458001017 ,마이에신정[한솔] 10T,"2,000",6458001017,6458,0010
8806458001147 ,한솔 맥기천(맥문동탕) 60P,"20,000",6458001147,6458,0011
8806458001222 ,[한솔] 미네르바 30P,"20,000",6458001222,6458,0012
8806458001857 ,한솔 브루나(당귀수산) 60P,"20,000",6458001857,6458,0018
8806458002045 ,한솔 상위정(반하사심탕),"20,000",6458002045,6458,0020
8806458002328 ,한솔 생위단(연라환),"80,000",6458002328,6458,0023
8806458002427 ,한솔 숙치환(삼황지출환) 60포,"20,000",6458002427,6458,0024
8806458002830 ,한솔 연통환(강활유풍탕),"80,000",6458002830,6458,0028
8806458002844 ,한솔 연통환(강활유풍탕),"80,000",6458002844,6458,0028
8806458002936 ,한솔 옥미인단(청혈온보단),"80,000",6458002936,6458,0029
8806458003219 ,[한솔]작감정 10T,"2,000",6458003219,6458,0032
8806458003226 ,작감정 500mg 20T,"3,500",6458003226,6458,0032
8806458003592 ,정정보환(온신산) 120P,"100,000",6458003592,6458,0035
8806458003820 ,한솔 청상기가환(청상보하환),"40,000",6458003820,6458,0038
8806458003834 ,한솔 청상기가환(청상보하환),"40,000",6458003834,6458,0038
8806458003929 ,한솔 치위환,"40,000",6458003929,6458,0039
8806458004148 ,[한솔]쾌비정 60포,"20,000",6458004148,6458,0041
8806458004247 ,한솔 패감산(인삼패독산) 60P,"20,000",6458004247,6458,0042
8806458004742 ,한솔 갈근탕 60P,"20,000",6458004742,6458,0047
8806458013546 ,한솔 해농정(배농산급탕) 240정,"20,000",6458013546,6458,0135
8806458013553 ,해농정[한솔] 10T,"2,000",6458013553,6458,0135
8806458013744 ,[한솔]행기탕과립 60P,"20,000",6458013744,6458,0137
8806458013935 ,한솔 황간정(황련해독탕) 60P,"24,000",6458013935,6458,0139
8806458014529 ,[한솔]넥스콜환(은교산환) 60P,"20,000",6458014529,6458,0145
8806458014727 ,한솔 위평원(반하사심탕) 60P,"20,000",6458014727,6458,0147
8806458014819 ,[일양] 세티스 10T,"1,500",6458014819,6458,0148
8806458026317 ,[일양] 아시클로버크림 5g,"2,000",6458026317,6458,0263
8806458026515 ,[일양] 노바론크림 30g,"3,000",6458026515,6458,0265
8806458026621 ,[일양] 쎄레톤 35g,"3,000",6458026621,6458,0266
8806458027819 ,[알피바이오]제로민 연질캡슐 10C,"1,800",6458027819,6458,0278
8806458034817 ,[알피바이오]한솔 이부프로펜 10C,"1,500",6458034817,6458,0348
8806458035050 ,티나케어점안액[바이넥스],"3,000",6458035050,6458,0350
8806458040528 ,[한솔] 소체환 120P,"30,000",6458040528,6458,0405
8806458041112 ,[일양] 락토딘 10C,"2,000",6458041112,6458,0411
8806458041518 ,기가파워[알피바이오] 10C,"1,800",6458041518,6458,0415
8806458042027 ,넥크린(향성파적환)[한솔] 6P,"2,500",6458042027,6458,0420
8806458042423 ,한솔 은교산 5p,"3,000",6458042423,6458,0424
8806458042522 ,한솔 용담사간탕엑스과립-스틱,"2,500",6458042522,6458,0425
8806458044212 ,트리븐정[한솔] 10T,"2,000",6458044212,6458,0442
8806458044335 ,[한솔] 렉스펜에스 10T,"2,000",6458044335,6458,0443
8806459026026 ,카네마졸 질정 100mg 6EA,"3,000",6459026026,6459,0260
8806470002924 ,위드원엘 6P,"5,000",6470002924,6470,0029
8806470003129 ,미니온 96P,"9,000",6470003129,6470,0031
8806470004935 ,안티포스연고[일양],"3,000",6470004935,6470,0049
8806470007110 ,안티클로크림[일양],"4,000",6470007110,6470,0071
8806473007551 ,알벤다졸정[HLB],800,6473007551,6473,0075
8806473007858 ,[HLB] 피록시캄겔 50g,"6,000",6473007858,6473,0078
8806473009517 ,지노베타딘 질좌제 10EA,"9,000",6473009517,6473,0095
8806473011725 ,[HLB] 프라맥스크림 35g,"5,000",6473011725,6473,0117
8806473027818 ,[HLB] 클리마졸 질정 6T,"2,500",6473027818,6473,0278
8806473041319 ,[HLB] 프라맥스 10T,"7,000",6473041319,6473,0413
8806476011555 ,자하생력액 20ml x 40V,"120,000",6476011555,6476,0115
8806476011579 ,자하생력액 20ml x 80V,"230,000",6476011579,6476,0115
8806476017526 ,경남비타민씨 300T,"18,000",6476017526,6476,0175
8806476027518 ,트라부틴 100mg 10T,"2,000",6476027518,6476,0275
8806476030112 ,미놀에프 페퍼민트맛 12T,"4,000",6476030112,6476,0301
8806476030181 ,미놀에프 복숭아맛 12T,"4,000",6476030181,6476,0301
8806476032710 ,경남나프록센 10C,"1,500",6476032710,6476,0327
8806476033427 ,피엠네일라카 6ml,"8,000",6476033427,6476,0334
8806476035018 ,피엠외용액 50ml,"5,000",6476035018,6476,0350
8806476037326 ,비타메드 레모나(카카오) 3g x 10P,"2,500",6476037326,6476,0373
8806476037340 ,비타메드 레모나(틴케이스) 3g x 60P,"14,000",6476037340,6476,0373
8806476037357 ,비타메드 레모나(틴케이스/카카오) 3g x 100P,"19,000",6476037357,6476,0373
8806476038019 ,마가렉스 10T,"2,000",6476038019,6476,0380
8806476038613 ,판테뉴(D-판테놀) 30g,"5,000",6476038613,6476,0386
8806476039122 ,파워비큐 콘티뉴800 60T,"40,000",6476039122,6476,0391
8806476039214 ,트라부틴 200mg,"2,500",6476039214,6476,0392
8806476039627 ,알러나딘 20정,"2,500",6476039627,6476,0396
8806476040616 ,경남 하이플러스정 10T,"1,800",6476040616,6476,0406
8806478000410 ,게보린 10T,"3,300",6478000410,6478,0004
8806478000427 ,게보린 30T,"9,000",6478000427,6478,0004
8806478004111 ,레피즈 10C,"2,000",6478004111,6478,0041
8806478014561 ,아네모 20T,"4,000",6478014561,6478,0145
8806478015629 ,안정액(병) 50ml,"2,000",6478015629,6478,0156
8806478015643 ,안정액 50ml x 5P,"8,000",6478015643,6478,0156
8806478018392 ,오스테민 120C,"25,000",6478018392,6478,0183
8806478021538 ,콘로인 60C,"20,000",6478021538,6478,0215
8806478023457 ,트레스탄 20C,"10,000",6478023457,6478,0234
8806478027127 ,화인코프에이 10C,"2,000",6478027127,6478,0271
8806478053928 ,아나파치 30T,"15,000",6478053928,6478,0539
8806478057124 ,아이스콘 30관,"7,000",6478057124,6478,0571
8806478059029 ,히어로쿨산 딸기바나나향 10p,"3,500",6478059029,6478,0590
8806483000429 ,그린관장약 30ml*50,"20,000",6483000429,6483,0004
8806483002256 ,그린 포비돈 스틱스왑 2x6,"3,500",6483002256,6483,0022
8806483002287 ,포비돈스틱스왑 50EA(1.5ml x 2P),"18,000",6483002287,6483,0022
8806483002317 ,그린 포비돈 요오드10% 25ml,"1,000",6483002317,6483,0023
8806483011418 ,[삼진] 그린 모이스쳐액 15ml,"8,000",6483011418,6483,0114
8806490021414 ,디오맥스 600mg,"30,000",6490021414,6490,0214
8806492000137 ,미보 10g,"8,000",6492000137,6492,0001
8806497024008 ,애크논,"10,000",6497024008,6497,0240
8806498 030015,키미테,"4,500",6498030015,6498,0300
8806498 037045,하이스탈,"1,500",6498037045,6498,0370
8806498 066519,리드펜,"1,500",6498066519,6498,0665
8806498 066618,프로센골드,"1,500",6498066618,6498,0666
8806498004733 ,레스톨 20C,"3,500",6498004733,6498,0047
8806498019539 ,사노바 스프레이 10g,"6,000",6498019539,6498,0195
8806498025639 ,[명문] 엠티 20T,"2,500",6498025639,6498,0256
8806498030015 ,키미테패취 (성인용) 2EA,"4,500",6498030015,6498,0300
8806498037045 ,하이스탈 10T,"1,500",6498037045,6498,0370
8806498055117 ,케이팜 10매,"1,800",6498055117,6498,0551
8806498061439 ,사노바겔 0.7g x 5P,"6,000",6498061439,6498,0614
8806498061712 ,페르빈(펠비낙48mg) 6매,"2,500",6498061712,6498,0617
8806498066519 ,리드펜플러스 10C,"1,500",6498066519,6498,0665
8806498066618 ,프로센골드 10C,"1,500",6498066618,6498,0666
8806502024726 ,폴락스산 10g x 10P,"15,000",6502024726,6502,0247
8806503037619 ,써버쿨 플라스타 30매,"4,500",6503037619,6503,0376
8806516009016 ,헤파멜즈산 3.6g x 60포,"80,000",6516009016,6516,0090
8806519017131 ,이가탄F 60C,"19,000",6519017131,6519,0171
8806519041010 ,메이킨Q 20T,"4,800",6519041010,6519,0410
8806519041034 ,메이킨Q 40T,"8,500",6519041034,6519,0410
8806521002613 ,[한독] 로푸록스겔 20g,"4,000",6521002613,6521,0026
8806521002712 ,[한독] 로푸록스 네일카라 3g,"10,000",6521002712,6521,0027
8806521009636 ,알레그라정 120mg 10T,"5,500",6521009636,6521,0096
8806521009643 ,알레그라정 120mg 20T,"8,000",6521009643,6521,0096
8806521012018 ,[한독] 캄비손 소프트크림 10g,"2,500",6521012018,6521,0120
8806521016917 ,[한독] 훼스탈 골드 30T,"7,000",6521016917,6521,0169
8806521017228 ,[한독] 훼스탈 100T,"20,000",6521017228,6521,0172
8806521017259 ,[한독] 훼스탈 20T,"4,500",6521017259,6521,0172
8806521045511 ,[한독] 클리어틴 외용액 2% 100g,"9,000",6521045511,6521,0455
8806521052885 ,[한독] 케토톱 핫 34매,"10,000",6521052885,6521,0528
8806521052892 ,[한독] 케토톱 오리지날 40매,"9,900",6521052892,6521,0528
8806521058313 ,[한독] 케토톱 밴드타입 혼합형 40매,"3,500",6521058313,6521,0583
8806521058429 ,[한독] 훼스탈 슈퍼자임 12T,"5,000",6521058429,6521,0584
8806521059419 ,[한독] 이치레스큐 30매입,"5,000",6521059419,6521,0594
8806521059716 ,[한독] 케토톱 액티브 쿨 40매,"9,900",6521059716,6521,0597
8806526062414 ,머시론 21T,"8,500",6526062414,6526,0624
8806526072611 ,세나트리플 12C,"10,000",6526072611,6526,0726
8806530020424 ,지노베타딘 질세정액 180ml,"10,500",6530020424,6530,0204
8806534005427 ,마데카솔분말 10g,"9,000",6534005427,6534,0054
8806534005434 ,마데카솔분말 30g,"15,000",6534005434,6534,0054
8806534006738 ,복합 마데카솔 15g,"8,000",6534006738,6534,0067
8806534007933 ,오라메디 10g,"7,000",6534007933,6534,0079
8806534008527 ,인사돌 100T,"27,000",6534008527,6534,0085
8806534008589 ,인사돌 300T(병),"66,000",6534008589,6534,0085
8806534008633 ,인사돌 플러스 100T,"29,000",6534008633,6534,0086
8806534008671 ,인사돌 플러스 270T(병),"66,000",6534008671,6534,0086
8806534012630 ,훼라민큐 300T(병),"75,000",6534012630,6534,0126
8806534012647 ,훼라민큐 120T,"40,000",6534012647,6534,0126
8806534012661 ,훼라민 큐 180T,"55,000",6534012661,6534,0126
8806534016416 ,마데카솔 케어 6g,"4,500",6534016416,6534,0164
8806534016423 ,마데카솔 케어 10g,"6,500",6534016423,6534,0164
8806534020727 ,판시딜 180C,"70,000",6534020727,6534,0207
8806534020741 ,판시딜 270C,"100,000",6534020741,6534,0207
8806534020758 ,판시딜 360C,"110,000",6534020758,6534,0207
8806534025241 ,센시아(병) 180T,"64,000",6534025241,6534,0252
8806534025258 ,센시아 90T,"45,000",6534025258,6534,0252
8806534025265 ,센시아 120T,"48,000",6534025265,6534,0252
8806534029720 ,위스콘더블액션현탁액 4P,"4,000",6534029720,6534,0297
8806534036919 ,치젤연고 30g,"6,000",6534036919,6534,0369
8806534037916 ,치센 캡슐 60C,"25,000",6534037916,6534,0379
8806534037930 ,치센 캡슐 120C,"40,000",6534037930,6534,0379
8806534037947 ,치센 캡슐 180C,"50,000",6534037947,6534,0379
8806534038913 ,치아로겔 15g,"7,000",6534038913,6534,0389
8806534039316 ,콜드펜노즈 10C,"1,000",6534039316,6534,0393
8806534039415 ,콜드펜 10C,"1,000",6534039415,6534,0394
8806534039514 ,콜드펜코프 10C,"1,000",6534039514,6534,0395
8806534047816 ,카리토포텐 60C,"35,000",6534047816,6534,0478
8806534047830 ,카리토포텐 100C,"50,000",6534047830,6534,0478
8806534048325 ,마데카솔겔 10g,"7,500",6534048325,6534,0483
8806534048332 ,마데카솔겔 20g,"12,000",6534048332,6534,0483
8806534049018 ,트로앤텍 스프레이 30ml,"6,500",6534049018,6534,0490
8806534049124 ,리클란점안액0.5mL 30관,"12,000",6534049124,6534,0491
8806534053916 ,사라펜쿨 대형 7매,"3,000",6534053916,6534,0539
8806534054111 ,센스팟 크림 20g,"9,000",6534054111,6534,0541
8806534054814 ,코즈굿 30ml,"12,000",6534054814,6534,0548
8806534056719 ,인사큐어액 10ml x 10P,"10,000",6534056719,6534,0567
8806534057716 ,센스킨 20g,"5,000",6534057716,6534,0577
8806534059512 ,센스힐겔 20g,"7,000",6534059512,6534,0595
8806534060112 ,치센정 60T,"40,000",6534060112,6534,0601
8806534060228 ,아르기샷 20ml x 5P,"6,000",6534060228,6534,0602
8806534061416 ,오라비텐 액티브 정 20T,"8,000",6534061416,6534,0614
8806537002461 ,마그밀 210T,"12,000",6537002461,6537,0024
8806541001108 ,[유씨]지르텍10mg10정,"4,500",6541001108,6541,0011
8806543018913 ,[광동] 알지렉스 10T,"1,500",6543018913,6543,0189
8806557002717 ,엘크라넬알파액 100ml,"38,000",6557002717,6557,0027
8806574000239 ,나라마이드산 20g,"5,000",6574000239,6574,0002
8806574000314 ,데오클렌 30ml,"8,000",6574000314,6574,0003
8806574002615 ,포비돈 소독액 25ml,"1,000",6574002615,6574,0026
8806574003315 ,애니클렌액 50ml,"4,000",6574003315,6574,0033
8806574003537 ,성광 티눈액 15ml,"2,000",6574003537,6574,0035
8806574006811 ,세네풀에스액 30ml,"1,000",6574006811,6574,0068
8806574007719 ,물린더겔(튜브) 20g,"3,500",6574007719,6574,0077
8806574008020 ,스웨트롤 패드액 5EA,"15,000",6574008020,6574,0080
8806574011013 ,포비딘 인후스프레이 50ml,"7,000",6574011013,6574,0110
8806574014335 ,[퍼슨]치치엔 더블유크림 2g x 10개,"18,000",6574014335,6574,0143
8806574015318 ,헤리엔톡크림 5g,"6,000",6574015318,6574,0153
8806574015523 ,페리톡겔 10g,"7,000",6574015523,6574,0155
8806574015714 ,듀오케어액 15ml,"5,000",6574015714,6574,0157
8806574016711 ,스웨티브 센스 30ml,"8,000",6574016711,6574,0167
8806575 034813,로페리,"2,000",6575034813,6575,0348
8806575008814 ,이모나캡슐 10C,"2,000",6575008814,6575,0088
8806575034813 ,[경보] 로페리 10C,"2,000",6575034813,6575,0348
8806581000543 ,한풍 드루산(갈근탕) 4g x 5p,"3,000",6581000543,6581,0005
8806581004435 ,리버쿨환 1.2g x 120포,"60,000",6581004435,6581,0044
8806581005357 ,한풍 맥그론포 4g x 5p,"3,000",6581005357,6581,0053
8806581006439 ,반사신 4g x 5p,"3,000",6581006439,6581,0064
8806581009393 ,순심환 3g x 10P,"8,000",6581009393,6581,0093
8806581016049 ,치지래 1.5g x 30P,"16,000",6581016049,6581,0160
8806581020022 ,한풍 공진단 10환,"380,000",6581020022,6581,0200
8806581020053 ,한풍 공진단 3환,"130,000",6581020053,6581,0200
8806581033350 ,[한풍] 은교산 2.3g x 5포,"4,000",6581033350,6581,0333
8806581037471 ,한풍 청폐탕 4g x 5p,"3,000",6581037471,6581,0374
8806581045162 ,한풍 향성파적환 미성 4g x 5p,"3,000",6581045162,6581,0451
8806581050128 ,굿모닝에스 4.8g x 10P,"6,000",6581050128,6581,0501
8806581076630 ,한풍 소청룡탕 4g x 5p,"3,000",6581076630,6581,0766
8806581082563 ,평온액 20ml x 6P,"8,000",6581082563,6581,0825
8806581082921 ,한풍 올가립(평위오령산) 3g x 6P,"3,000",6581082921,6581,0829
8806581083928 ,트로겐 12g x 6p,"5,000",6581083928,6581,0839
8806581086042 ,투엑스비 멀티플 120T,"58,000",6581086042,6581,0860
8806581086639 ,아시원슬림산 90포,"60,000",6581086639,6581,0866
8806581086844 ,천금고 60P(23g x 10P x 6EA),"140,000",6581086844,6581,0868
8806582029110 ,리버타인액[비보존],"150,000",6582029110,6582,0291
8806582029113 ,리버타인액 (품절),"70,000",6582029113,6582,0291
8806582029130 ,리버타인액[비보존],"150,000",6582029130,6582,0291
8806585001423 ,[익수] 취어스 75ml,"4,000",6585001423,6585,0014
8806585002413 ,사향변방환,"10,000",6585002413,6585,0024
8806585002512 ,무스콘변방환,"7,000",6585002512,6585,0025
8806585002628 ,[익수] 용표 우황청심원액(엘무스콘) 50ml,"5,000",6585002628,6585,0026
8806585002727 ,[익수] 용표 우황청심원 현탁액 50ml,"9,000",6585002727,6585,0027
8806585004127 ,공진단 익수 30환,"1,200,000",6585004127,6585,0041
8806585004134 ,공진단 익수 90환,"3,500,000",6585004134,6585,0041
8806585004158 ,익수 공진단 1환,"40,000",6585004158,6585,0041
8806585020417 ,공진단 현탁액 50ml 1병,"40,000",6585020417,6585,0204
8806606002224 ,조아팝 6매입,"3,000",6606002224,6606,0022
8806612118759 ,로얄 알부민 미슬토 플라센타 맥스 25ml x 30v,"60,000",6612118759,6612,1187
8806613000176 ,가쁘레(인삼패독산) 5P,"3,000",6613000176,6613,0001
8806613000664 ,건양탕(반하후박탕) 5P,"3,000",6613000664,6613,0006
8806613020341 ,향성파적환 5P,"3,000",6613020341,6613,0203
8806613022055 ,경혈환(계지복령환) 10P,"5,800",6613022055,6613,0220
8806613023519 ,마이노신 (배농산급탕) 10c,"2,000",6613023519,6613,0235
8806613024660 ,브르럭(청폐탕) 5p,"3,000",6613024660,6613,0246
8806613026176 ,소폐탕(소청룡탕) 5P,"2,500",6613026176,6613,0261
8806613026596 ,스토마큐(반하사심탕) 5P,"3,000",6613026596,6613,0265
8806613027234 ,쎄파렉신캡슐(은교산){20C*50),"150,000",6613027234,6613,0272
8806613027258 ,쎄파렉신캡슐(은교산) 20C,"3,000",6613027258,6613,0272
8806613029474 ,용패탕(용담사간탕) 5P,"3,000",6613029474,6613,0294
8806613030272 ,윤폐탕(맥문동탕) 5P,"3,000",6613030272,6613,0302
8806613030876 ,장통환(정장제) 5P,"3,000",6613030876,6613,0308
8806613032375 ,치감(갈근탕) 5P,"3,000",6613032375,6613,0323
8806613035666 ,소체환 5P,"3,000",6613035666,6613,0356
8806613046822 ,플레인(당귀수산) 120P,"50,000",6613046822,6613,0468
8806613048819 ,스토마큐(반하사심탕) 10T,"2,000",6613048819,6613,0488
8806613048826 ,스토마큐(반하사심탕) 20T,"4,000",6613048826,6613,0488
8806613052328 ,센코프액 20ml x 5P,"3,000",6613052328,6613,0523
8806613052724 ,소렉신(구풍해독탕) 5P,"3,500",6613052724,6613,0527
8806613052731 ,소렉신(구풍해독탕) 10P,"6,000",6613052731,6613,0527
8806613055312 ,이치원(청위산) 20C,"3,000",6613055312,6613,0553
8806613058634 ,경방 패독산 5P,"3,000",6613058634,6613,0586
8806613064833 ,평심액(천왕보심단) 15ml x 10P,"12,000",6613064833,6613,0648
8806613065922 ,[일양] 마그란 리퀴드 20ml x 6P,"6,000",6613065922,6613,0659
8806613065939 ,[일양] 마그란 리퀴드 20ml x 30P,"30,000",6613065939,6613,0659
8806613066028 ,[일양] 오네론 20ml x 5P,"4,000",6613066028,6613,0660
8806613071237 ,쎄파렉신(은교산) 20g x 5P,"4,000",6613071237,6613,0712
8806613072623 ,[경방] 반하사심탕시럽 20g x 5P,"5,000",6613072623,6613,0726
8806616001712 ,두캅스-에이 10c,"2,500",6616001712,6616,0017
8806616017539 ,헤모퀸탑연질캡슐[GC녹십자],"40,000",6616017539,6616,0175
8806616031511 ,아르텍 10C,"2,000",6616031511,6616,0315
8806616037513 ,기가렉스 10C,"2,000",6616037513,6616,0375
8806616044719 ,클리어딘 10C,"2,000",6616044719,6616,0447
8806631001421 ,굿뉴스 1Kit,"2,000",6631001421,6631,0014
8806638030110 ,밴드 이명래 고약 1g 3매,"4,000",6638030110,6638,0301
8806696022621 ,루비락스 30P,"15,000",6696022621,6696,0226
8806696022638 ,루비락스 과립 180P,"90,000",6696022638,6696,0226
8806696024915 ,월드로신(은교산) 10C,"2,000",6696024915,6696,0249
8806696024939 ,월드로신 20C,"3,500",6696024939,6696,0249
8806696029323 ,요비신 20T,"3,000",6696029323,6696,0293
8806696030015 ,구바파정 20T,"3,500",6696030015,6696,0300
8806696031012 ,배노신 10C,"2,000",6696031012,6696,0310
8806696031036 ,배노신 20C,"3,500",6696031036,6696,0310
8806696032125 ,아이미산 90P,"60,000",6696032125,6696,0321
8806696033610 ,스토마신 10C,"2,000",6696033610,6696,0336
8806702000124 ,멘소래담 로션 100ml,"5,200",6702000124,6702,0001
8806702000131 ,멘소래담 로션 450ml,"16,000",6702000131,6702,0001
8806703040037 ,아프니벤큐 15ml x 12P,"8,000",6703040037,6703,0400
8806703049221 ,비코그린 에스플러스 40T,"8,000",6703049221,6703,0492
8806706002537 ,다이센 90C,"25,000",6706002537,6706,0025
8806706044896 ,에스라진 90T,"35,000",6706044896,6706,0448
8806706045527 ,알룬 90T,"30,000",6706045527,6706,0455
8806706086926 ,세비안,"6,500",6706086926,6706,0869
8806706091913 ,니조랄 2% 100ml,"16,000",6706091913,6706,0919
8806718031976 ,트리겔 10ml x 4P,"2,500",6718031976,6718,0319
8806718034410 ,포타겔 20ml x 6P,"3,500",6718034410,6718,0344
8806718064523 ,대원 콜대원키즈 코프 5ml x 10p,"2,500",6718064523,6718,0645
8806718064622 ,대원 콜대원키즈 펜 5ml x 10p,"3,000",6718064622,6718,0646
8806718064721 ,대원 콜대원키즈 이부펜 5ml x 10p,"3,000",6718064721,6718,0647
8806718065827 ,대원 콜대원키즈 노즈 5ml x 10p,"2,500",6718065827,6718,0658
8806718073525 ,대원 콜대원콜드큐 20ml x 5p,"2,500",6718073525,6718,0735
8806718073624 ,대원 콜대원 코프큐 20ml x 5p,"2,500",6718073624,6718,0736
8806718078223 ,대원 콜대원 나이트 20ml x 5p,"3,000",6718078223,6718,0782
8806718078322 ,대원 콜대원 노즈큐 20ml x 5p,"2,500",6718078322,6718,0783
8806718078629 ,러지엔톡 5ml x 10p,"6,000",6718078629,6718,0786
8806718080424 ,대원 콜대원키즈 콜드에스 10ml x 10p,"3,000",6718080424,6718,0804
8806723000165 ,니코레트껌 2mg 30개,"10,000",6723000165,6723,0001
8806723000172 ,니코레트껌 2mg 스타터팩 105개,"33,000",6723000172,6723,0001
8806723000240 ,니코레트껌 4mg 30개,"12,000",6723000240,6723,0002
8806723001223 ,니코레트패치 10mg 7매,"11,000",6723001223,6723,0012
8806723001322 ,니코레트패치 15mg 7매,"12,000",6723001322,6723,0013
8806723001421 ,니코레트패치 25mg 7매,"13,000",6723001421,6723,0014
8806723001537 ,로게인5% 폼에어로졸 60g x 3캔,"70,000",6723001537,6723,0015
8806723001728 ,한국 어린이 타이레놀산 160mg/12P,"4,500",6723001728,6723,0017
8806723001827 ,한국 타이레놀산 500mg/12P,"6,000",6723001827,6723,0018
8806723002114 ,[켄뷰] 우먼스 타이레놀 10T,"2,900",6723002114,6723,0021
8806723002213 ,한국 타이레놀콜드-에스/10T,"2,500",6723002213,6723,0022
8806723002329 ,한국 타이레놀정 500mg/10T,"2,500",6723002329,6723,0023
8806723002336 ,한국 타이레놀 500mg/30T,"7,000",6723002336,6723,0023
8806723002343 ,한국 타이레놀 500mg/110T,"23,500",6723002343,6723,0023
8806723002411 ,한국 타이레놀 이알서방정 650mg/6T,"1,800",6723002411,6723,0024
8806723002527 ,[켄뷰] 어린이 타이레놀 현탁액 100ml,"5,700",6723002527,6723,0025
8806741020220 ,[옵투스] 오에수 트레할로스 0.5ml x 30관,"6,000",6741020220,6741,0202
8806749004420 ,[메나리니] 풀케어 네일라카 6.6ml,"32,000",6749004420,6749,0044
8806754000226 ,서근령약교포 24매,"8,000",6754000226,6754,0002
88067749004420 ,풀케어 6.6ml,"25,000",67749004420,6774,9004
8806786020612 ,코코스탑 나잘스프레이 18ml,"5,000",6786020612,6786,0206
8806789011211 ,"크린클관류제 1,000ml","1,800",6789011211,6789,0112
8806789011358 ,크린클관류제 20ml × 20EA,"9,000",6789011358,6789,0113
8806796014816 ,에이치코 연질캡슐 10C,"1,000",6796014816,6796,0148
8806796015011 ,에이치코프 연질캡슐 10C,"1,000",6796015011,6796,0150
8806804000817 ,구미 포비돈 요오드 (25ml),"1,000",6804000817,6804,0008
8806876001026 ,포텐시에이터액 10ml*20AMP,"60,000",6876001026,6876,0010
8806890016310 ,[광동] 이바파정 20T,"3,000",6890016310,6890,0163
8806890016815 ,[광동] 락토그린 10T,"2,000",6890016815,6890,0168
8806948001725 ,콘투락투벡스 20g,"35,000",6948001725,6948,0017
8807001111009 ,올리브3 24P,"34,900",7001111009,7001,1110
8807001111191 ,올리브3 10P,"16,900",7001111191,7001,1111
8807007353670 ,모스케어싹 80ml,"8,000",7007353670,7007,3536
8807494000224 ,멸균연고면봉 30EA,"2,000",7494000224,7494,0002
8808641357925 ,로얄 알부민 미슬토 플라센타 맥스 25ml x 60v,"120,000",8641357925,8641,3579
8809001237093 ,원기소 멀티바이오틱스,"21,000",9001237093,9001,2370
8809001239981 ,유한m 100달톤 콜라겐 120P(60P x 2EA),"60,000",9001239981,9001,2399
8809001579124 ,[네오] 소프트 일반형 콘돔(Plain-P),"4,000",9001579124,9001,5791
8809001579223 ,[네오] 소프트 돌출형 콘돔(Dots-D),"6,400",9001579223,9001,5792
8809001579322 ,[네오] 소프트 나선형 콘돔(Spirals-S),"5,600",9001579322,9001,5793
8809001579421 ,[네오] 소프트 49형 콘돔(49mmWidth),"4,800",9001579421,9001,5794
8809001579520 ,[네오] 소프트 슬림형 콘돔((P-Type),"7,200",9001579520,9001,5795
8809001579551 ,[네오] 소프트 프리미엄 초박형 콘돔,"8,000",9001579551,9001,5795
8809034584683 ,아세톤 100ml,"1,200",9034584683,9034,5846
8809034589800 8809034589800,핑크퐁베이비파우더,"9,000",90345898008809034589800,9034,5898
8809059505106 ,이지템 귀 적외선 체온계(BT-020),"38,000",9059505106,9059,5051
8809072220246 ,한양 혀크리너,"1,500",9072220246,9072,2202
8809072222462 ,잇백 시린이 듀얼케어 120g,"10,000",9072222462,9072,2224
8809097856628 ,두뇌엔 PS진 2g x 15P,"17,000",9097856628,9097,8566
8809118170993 ,메디플러스포아 소형(백색 / 1.25cm x 9.1m),800,9118170993,9118,1709
8809118171006 ,메디플러스포아 중형(백색 / 2.5cm x 9.1m),"1,200",9118171006,9118,1710
8809118171013 ,메디플러스포아 소형(살색 / 1.25cm x 9.1m),800,9118171013,9118,1710
8809118171020 ,메디플러스포아 중형(살색 /2.5cm x 9.1m),"1,200",9118171020,9118,1710
8809118171945 ,메디 손끝 아쿠아밴드 표준형 6P,"2,500",9118171945,9118,1719
8809118171969 ,메디 손끝 아쿠아밴드 소형 8P,"2,500",9118171969,9118,1719
8809126641195 ,바로잰 혈당측정 검사지,"11,000",9126641195,9126,6411
8809126646862 ,바로잰 개인용 혈당측정기,"17,500",9126646862,9126,6468
8809126648842 ,바로잰 일회용 멸균 수동 채혈침 36G,"1,500",9126648842,9126,6488
8809129320837 ,하이맘밴드 방수탄력 기본형 20매,"3,500",9129320837,9129,3208
8809129320844 ,하이맘밴드 방수탄력 대형 16매,"3,500",9129320844,9129,3208
8809129320851 ,하이맘밴드 방수탄력 손끝형 10매,"3,500",9129320851,9129,3208
8809154379299 ,초롱핑의 사과칩 15g,"3,800",9154379299,9154,3792
8809154379305 ,하츄핑의 딸기칩 12g,"3,800",9154379305,9154,3793
8809159461999 ,어린리즈 저분자콜라겐 2g x 90포,"51,000",9159461999,9159,4619
8809159462002 ,유한m 어린리즈 저분자콜라겐 2g x 30포,"17,000",9159462002,9159,4620
8809159466123 ,액티브 셀렌효모 플러스 480T(240T x 2ea),"30,000",9159466123,9159,4661
8809159466222 ,프로신 프로폴리스[한솔] 10C,"2,000",9159466222,9159,4662
8809176312427 ,포스트 프로폴리스 120C(60C x 2EA),"60,000",9176312427,9176,3124
8809191010797 ,레모나 맥스 3000mg 100P(3g x 20P x 5EA),"35,000",9191010797,9191,0107
8809193964081 ,모스펜스 60ml,"8,000",9193964081,9193,9640
8809198570638 ,멜록시벳 츄어블정 1.0mg 50T,"31,500",9198570638,9198,5706
8809198570652 ,포레신 15ml,"12,600",9198570652,9198,5706
8809198570669 ,케타딘샴푸 200ml,"19,800",9198570669,9198,5706
8809206501500 ,비타하임 비타민C500(레몬),"4,500",9206501500,9206,5015
8809209600668 ,골드 상쾌한 변화 (요구르트맛) 120ml,"5,000",9209600668,9209,6006
8809241998273 ,큐어반 번 스프레이 50g,"8,000",9241998273,9241,9982
8809261900409 ,키움비타 뽀로로 비타민,"3,500",9261900409,9261,9004
8809261909129 ,핑크퐁 아기상어 키움비타 15T,"3,500",9261909129,9261,9091
8809262391824 ,퍼슨)에프에이 알콜스왑(이소프로판올) 100매,"2,800",9262391824,9262,3918
8809262392548 ,[퍼슨] 에프에이 알콜스왑 100P,"2,800",9262392548,9262,3925
8809273173884 ,픽컵 해피베어젤리 100g,"3,200",9273173884,9273,1738
8809273174089 ,비달 샤크 젤리 100g,"3,200",9273174089,9273,1740
8809273179251 ,픽컵젤리 피니 해피믹스 100g,"3,200",9273179251,9273,1792
8809273179367 ,피니 웜 젤리 100g,"3,200",9273179367,9273,1793
8809273180738 ,비달 팹 믹스젤리 100g,"3,200",9273180738,9273,1807
8809273181315 ,픽컵 푸르트 모양 젤리 100g,"3,200",9273181315,9273,1813
8809273181537 ,성인용 열냉각시트 6P,"5,000",9273181537,9273,1815
8809273181773 ,픽컵 믹스 젤리 100g,"3,200",9273181773,9273,1817
8809273182008 ,픽컵 피니 상어모양 젤리 100g,"3,200",9273182008,9273,1820
8809291820258 ,상공 멸균거즈 3호 소(5cm x 5cm) 8P,450,9291820258,9291,8202
8809291820265 ,상공멸균거즈3호 7.5cm*7.5cm*8p,550,9291820265,9291,8202
8809291820272 ,상공멸균거즈3호 10cm*10cm*8p,600,9291820272,9291,8202
8809311210106 ,예쁜얼굴 고보습 수분크림 90g,"10,000",9311210106,9311,2101
8809319390763 ,글루코나비 혈당검사지 50개,"15,000",9319390763,9319,3907
8809319390848 ,글루코나비 (혈당측정기+검사지 1EA),"15,000",9319390848,9319,3908
8809319393344 ,란셋 100P,"2,500",9319393344,9319,3933
8809319393351 ,란셋 200P,"3,500",9319393351,9319,3933
8809320250506 ,에너지바이탈 포도당캔디 블루베리맛 18T,"2,500",9320250506,9320,2505
8809320250513 ,에너지바이탈 포도당캔디 레몬맛 18T,"2,500",9320250513,9320,2505
8809320250537 ,에너지바이탈 포도당캔디 복숭아맛 18T,"2,500",9320250537,9320,2505
8809320250643 ,에너지바이탈 포도당캔디 파인애플맛 18T,"2,500",9320250643,9320,2506
8809320250650 ,에너지바이탈 포도당캔디 망고맛 18T,"2,500",9320250650,9320,2506
8809323720761 ,광동 견옥고 본 (트릿형/30개입),"26,100",9323720761,9323,7207
8809324921488 ,마데카 습윤밴드 폼 잘라쓰는타입 1매,"8,000",9324921488,9324,9214
8809326644156 ,MK 아쿠아 콜라겐 20ml x 30V,"150,000",9326644156,9326,6441
8809326645597 ,닥터루템 이시형박사 알부민 플래티넘,"129,000",9326645597,9326,6455
8809330473155 ,[익수] 위속청Q 100ml,"1,000",9330473155,9330,4731
8809330473162 ,위속청Q 1박스(100ml x 10EA),"10,000",9330473162,9330,4731
8809330479003 ,파워텐골드,"2,000",9330479003,9330,4790
8809330479010 ,파워텐 골드 1박스(100ml x 10EA),"18,000",9330479010,9330,4790
8809334171989 ,덴티코어 2중 미세모 칫솔 4개입,"5,000",9334171989,9334,1719
8809351430038 ,멜라세덤 샴푸 200ml,"18,000",9351430038,9351,4300
8809351430052 ,터비덤스프레이큐어 100ml,"18,000",9351430052,9351,4300
8809355651569 ,인사덴트 신속 60T,"8,000",9355651569,9355,6515
8809355651699 ,인사덴트 교정기 세정제 60T,"10,000",9355651699,9355,6516
8809355651705 ,인사덴트 나이트 60정,"8,000",9355651705,9355,6517
8809364340270 ,해피레이디 1300mg 120C(60*2),"80,000",9364340270,9364,3402
8809364340478 ,당케어골드 60c*2,"70,000",9364340478,9364,3404
8809364340744 ,멜라토칸액 20ml x 30병(10V x 3EA),"80,000",9364340744,9364,3407
8809365120611 ,메딕 소독용에탄올 250ml,"1,000",9365120611,9365,1206
8809365120666 ,과산화수소수 250ml,800,9365120666,9365,1206
8809365121588 ,글리세린 100g,"1,200",9365121588,9365,1215
8809376580657 ,반테린 서포터 무릎 S,"18,000",9376580657,9376,5806
8809376580664 ,반테린 서포터 무릎 M,"18,000",9376580664,9376,5806
8809376580671 ,반테린 서포터 무릎 L,"18,000",9376580671,9376,5806
8809376580688 ,반테린 서포터 무릎 XL,"18,000",9376580688,9376,5806
8809376580695 ,반테린 서포터 팔꿈치 S,"18,000",9376580695,9376,5806
8809376580701 ,반테린 서포터 팔꿈치 M,"18,000",9376580701,9376,5807
8809376580718 ,반테린 서포터 팔꿈치 L,"18,000",9376580718,9376,5807
8809376580725 ,반테린 서포터 발목 S,"18,000",9376580725,9376,5807
8809376580732 ,반테린 서포터 발목 M,"18,000",9376580732,9376,5807
8809376580749 ,반테린 서포터 발목 L,"18,000",9376580749,9376,5807
8809376580756 ,반테린 서포터 손목 S,"18,000",9376580756,9376,5807
8809376580763 ,반테린 서포터 손목 M,"18,000",9376580763,9376,5807
8809376580770 ,반테린 서포터 손목 L,"18,000",9376580770,9376,5807
8809376580787 ,반테린 서포터 종아리 M,"30,000",9376580787,9376,5807
8809376580794 ,반테린 서포터 종아리 L,"30,000",9376580794,9376,5807
8809376580930 ,반테린 서포터 허리 M,"35,000",9376580930,9376,5809
8809376580947 ,반테린 서포터 허리 L,"35,000",9376580947,9376,5809
8809376580954 ,반테린 서포터 허리 XL,"35,000",9376580954,9376,5809
8809376580992 ,반테린 서포터 가압허리 M,"50,000",9376580992,9376,5809
8809376581005 ,반테린 서포터 가압허리 L,"50,000",9376581005,9376,5810
8809376581012 ,반테린 서포터 가압허리 XL,"50,000",9376581012,9376,5810
8809376581081 ,반테린 요추 코르셋 M,"65,000",9376581081,9376,5810
8809376581098 ,반테린 요추 코르셋 L,"65,000",9376581098,9376,5810
8809376581104 ,반테린 요추 코르셋 XL,"65,000",9376581104,9376,5811
8809376581111 ,반테린 요추 코르셋 XXL,"70,000",9376581111,9376,5811
8809411011689 ,히딩크 동전패치 리필 75매,"4,000",9411011689,9411,0116
8809422042993 ,헛개컨디션 120ml x 10병,"30,000",9422042993,9422,0429
8809427531454 ,불빛 회전 목마 20T,"3,500",9427531454,9427,5314
8809434847272 ,더밴드 키즈밴드 헬로카봇 표준형 16매,800,9434847272,9434,8472
8809434849245 ,핑크퐁 아기상어 더밴드 표준형 16매,800,9434849245,9434,8492
8809449344384 ,네오 맘스덤뷰티 블레미쉬 클린 릴리프 108매,"4,000",9449344384,9449,3443
8809449344391 ,네오 맘스덤뷰티 패치 미세스파이크 12매,"8,000",9449344391,9449,3443
8809449344452 ,네오소프트 치간칫솔 I자형 SSSS(0) 10개입,"4,000",9449344452,9449,3444
8809449344469 ,네오소프트 치간칫솔 I자형 SSS(1) 10개입,"4,000",9449344469,9449,3444
8809449344476 ,네오소프트 치간칫솔 I자형 SS(2) 10개입,"4,000",9449344476,9449,3444
8809449344483 ,네오소프트 치간칫솔 I자형 S(3) 10개입,"4,000",9449344483,9449,3444
8809449344490 ,네오소프트 치간칫솔 I자형 M(4) 10개입,"4,000",9449344490,9449,3444
8809449344636 ,네오 맘스덤 하이드로콜로이드 밴드 104매,"4,000",9449344636,9449,3446
8809449344643 ,네오 맘스덤유로 104매,"4,000",9449344643,9449,3446
8809449345190 ,메디플렉스 면반창고 S(1.0cm x 330cm),700,9449345190,9449,3451
8809449345213 ,메디플렉스 면반창고 M(2.5cm x 330cm),"1,200",9449345213,9449,3452
8809449345237 ,메디플렉스 면반창고 L(7.5cm x 330cm),"2,500",9449345237,9449,3452
8809449346210 ,네오소프트 Y형 치간치실(400D) 80개입,"2,500",9449346210,9449,3462
8809449346227 ,네오소프트 낱개형 치간칫솔 200개입,"3,500",9449346227,9449,3462
8809467500045 ,셀티아이 골드,"100,000",9467500045,9467,5000
8809467500311 ,셀티아이 맘,"100,000",9467500311,9467,5003
8809467500335 ,셀티아이 키즈 스텝2,"100,000",9467500335,9467,5003
8809467500359 ,셀티아이 키즈,"100,000",9467500359,9467,5003
8809467500373 ,셀티아이 베이비,"80,000",9467500373,9467,5003
8809481704535 ,[안국] 리쥬비더마 20g,"25,000",9481704535,9481,7045
8809484663358 ,모모쏘우 바세린밤 오리지널100 50g,"3,200",9484663358,9484,6633
8809506631839 ,로얄 알부민 골드액 20ml x 5V,"9,000",9506631839,9506,6318
8809506631853 ,로얄 알부민 골드액 20ml x 60V,"108,000",9506631853,9506,6318
8809541331220 ,에브리데이 그래핀 칫솔,"2,500",9541331220,9541,3312
8809563635153 ,뽀로로 비타민C 복숭아향 60g,"2,800",9563635153,9563,6351
8809563635191 ,뽀로로 비타민C 10T,"1,000",9563635191,9563,6351
8809595322472 ,오티클린 60ml,"8,100",9595322472,9595,3224
8809595322649 ,아이클린 30ml,"5,400",9595322649,9595,3226
8809597281227 ,포텐시에이터 40P(20P x 2EA),"48,000",9597281227,9597,2812
8809600890118 ,클린덤 알콜스왑(에탄올) 100매,"2,500",9600890118,9600,8901
8809625390518 ,하트캅 정 SS 6T,"9,000",9625390518,9625,3905
8809625390525 ,하트캅 정 S 6T,"9,000",9625390525,9625,3905
8809625390532 ,하트캅 정 M 6T,"18,000",9625390532,9625,3905
8809625390549 ,하트캅 정 L 6T,"25,000",9625390549,9625,3905
8809625390556 ,하트캅 츄어블 SS 6T,"18,000",9625390556,9625,3905
8809625390563 ,하트캅 츄어블 S 6T,"23,000",9625390563,9625,3905
8809625390570 ,하트캅 츄어블 M 6T,"28,000",9625390570,9625,3905
8809625390587 ,하트캅 츄어블 L 6T,"33,000",9625390587,9625,3905
8809625390655 ,파라캅 정 L 6T,"3,000",9625390655,9625,3906
8809625390662 ,파라캅 정 S 6T,"4,000",9625390662,9625,3906
8809625390709 ,엑토캅 S 0.67ml x 3EA,"21,600",9625390709,9625,3907
8809625390716 ,엑토캅 M 1.34ml x 3EA,"27,000",9625390716,9625,3907
8809625390723 ,엑토캅 L 2.68ml x 3EA,"31,500",9625390723,9625,3907
8809626920035 ,링티전용 둥근보틀 500ml,"3,000",9626920035,9626,9200
8809626921070 ,링티 아이 5.4g x 10P,"18,000",9626921070,9626,9210
8809626921506 ,링티 에이비오 11.7g x 10P,"16,000",9626921506,9626,9215
8809626921582 ,링티 플러스활력 11.7g x 10P,"16,000",9626921582,9626,9215
8809629300070 ,하트세이버 츄어블 S (5.7-11㎏) [6츄어블],"22,500",9629300070,9629,3000
8809629300087 ,하트세이버 츄어블 M (12-22㎏) [6츄어블],"29,700",9629300087,9629,3000
8809629300094 ,하트세이버 츄어블 L (23-45㎏) [6츄어블],"34,200",9629300094,9629,3000
8809629300100 ,하트세이버 츄어블 MINI (~5.6㎏) [6츄어블],"19,800",9629300100,9629,3001
8809629300117 ,하트세이버 정 MINI (~5.6kg) [10정],"13,500",9629300117,9629,3001
8809629300124 ,하트세이버 정 S (5.7-11kg) [10정],"16,200",9629300124,9629,3001
8809629300131 ,하트세이버 정 M (12-22kg) [10정],"19,800",9629300131,9629,3001
8809629300148 ,하트세이버 정 L (23-45kg) [10정],"27,000",9629300148,9629,3001
8809629300261 ,보네티 츄어블 12C,"22,500",9629300261,9629,3002
8809639040171 ,페스룸 버블 샴푸 캣 210ml,"16,800",9639040171,9639,0401
8809639041291 ,페스룸 덴탈클린 칫솔 XS,"5,900",9639041291,9639,0412
8809639041321 ,페스룸 스마트 네일 클리퍼 캣츠,"18,900",9639041321,9639,0413
8809639041826 ,페스룸 덴탈 클린 치약 플러스 60g,"14,900",9639041826,9639,0418
8809639042076 ,페스룸 덴탈클린 칫솔 M,"6,900",9639042076,9639,0420
8809639042236 ,페스룸 이지 페이셜콤,"7,000",9639042236,9639,0422
8809639042250 ,페스룸 퓨어 튜나 스틱 참치 (20개입),"11,600",9639042250,9639,0422
8809639042298 ,페스룸 퓨어 튜나 스틱 참치&연어 (20개입),"11,600",9639042298,9639,0422
8809639042403 ,페스룸 데일리 트릿 닭가슴살 (100g),"17,900",9639042403,9639,0424
8809639042410 ,페스룸 데일리 트릿 명태 (70g),"17,900",9639042410,9639,0424
8809639042465 ,페스룸 프레쉬 덴탈츄 딸기 (30개입),"16,000",9639042465,9639,0424
8809639042472 ,페스룸 프레쉬 덴탈츄 블루베리 (30개입),"16,000",9639042472,9639,0424
8809639042489 ,페스룸 프레쉬 덴탈츄 사과 (30개입),"16,000",9639042489,9639,0424
8809639042861 ,페스룸 저키 트릿 미니 말고기&오리 30g,"3,900",9639042861,9639,0428
8809639042878 ,페스룸 저키 트릿 미니 소고기&칠면조 30g,"3,900",9639042878,9639,0428
8809639044025 ,페스룸 버그아웃 라이트 클립 2개입,"14,000",9639044025,9639,0440
8809639044605 ,페스룸 제로 워터리스 샴푸 85ml,"14,900",9639044605,9639,0446
8809639047118 ,페스룸 프레쉬 덴탈츄 멜론 (30개입),"16,000",9639047118,9639,0471
8809639048467 ,광동 묘옥고 츄르형 (10개입),"14,000",9639048467,9639,0484
8809642493667 ,YM브레인 포스파티딜세린 120C(60C x 2EA),"60,000",9642493667,9642,4936
8809642494220 ,스트롱 덴타케어플러스 120T(60T x 2EA),"50,000",9642494220,9642,4942
8809643281447 ,호관원 마그네슘 스프레이 120ml,"12,000",9643281447,9643,2814
8809646810156 ,라비벳 장 건강&피부 유산균 (30포),"20,700",9646810156,9646,8101
8809646810279 ,라비벳 장 건강&관절 유산균 (30포),"22,500",9646810279,9646,8102
8809646810354 ,라비벳 장 건강&구강 유산균 (30포),"20,700",9646810354,9646,8103
8809646810804 ,라비벳 장 건강&비뇨기 유산균 (30포),"20,700",9646810804,9646,8108
8809648720972 ,클리닉스 혀클리너,"1,500",9648720972,9648,7209
8809651911541 ,코로잠테이프 60EA,"7,500",9651911541,9651,9115
8809658606426 ,이지덤뷰티 57매,"5,500",9658606426,9658,6064
8809658608215 ,이지덤씬(가위포함) 2매,"6,000",9658608215,9658,6082
8809661150206 ,이지스 멸균 면봉(사각) 200EA,"1,500",9661150206,9661,1502
8809661150213 ,신생아유아 면봉(원통) 200EA,"2,500",9661150213,9661,1502
8809668705553 ,라디메리 하이콜라겐 비오틴 50ml x 28V,"100,000",9668705553,9668,7055
8809703662063 ,바로잰 알콜스왑,"2,000",9703662063,9703,6620
8809705642919 ,핑크퐁 아기상어 키즈밴드 주사용16매,800,9705642919,9705,6429
8809705643114 ,메디랩 소프트 픽싱롤 10cm x 10cm,"8,000",9705643114,9705,6431
8809705643121 ,메디랩 소프트 픽싱롤 5cm x 10cm,"4,500",9705643121,9705,6431
8809705647860 ,아텍스테이핑 자가점착테이프 2.5cm x 4.5m,"2,000",9705647860,9705,6478
8809705647877 ,아텍스테이핑 자가점착테이프 5cm x 4.5m,"2,500",9705647877,9705,6478
8809705647884 ,아텍스테이핑 자가점착테이프 7.5cm x 4.5m,"3,000",9705647884,9705,6478
8809705649154 ,뉴메디랩 아쿠아밴드 표준형 10매,"1,600",9705649154,9705,6491
8809705649178 ,뉴메디랩 아쿠아밴드 혼합형 10매,"1,600",9705649178,9705,6491
8809705649345 ,뉴메디랩 드레싱밴드 소형 8매,"2,000",9705649345,9705,6493
8809705649352 ,뉴메디랩 드레싱밴드 중형 6매,"2,000",9705649352,9705,6493
8809705649369 ,뉴메디랩 드레싱밴드 대형 4매,"2,000",9705649369,9705,6493
8809705649376 ,뉴메디랩 드레싱밴드 특대형 2매,"2,000",9705649376,9705,6493
8809705649383 ,뉴메디랩 아쿠아 멸균밴드 소(S) 8EA,"2,000",9705649383,9705,6493
8809705649390 ,뉴메디랩 아쿠아 멸균밴드 중(M) 3EA,"2,000",9705649390,9705,6493
8809705649406 ,뉴메디랩 아쿠아 멸균밴드 대형(L) 2EA,"2,000",9705649406,9705,6494
8809705649413 ,뉴메디랩 아쿠아 멸균밴드 특대형(XL) 2EA,"2,000",9705649413,9705,6494
8809708798668 ,내가그린 빠른허브 1호,"8,000",9708798668,9708,7986
8809708798675 ,내가그린 빠른허브 2호,"8,000",9708798675,9708,7986
8809710680425 ,지오목청캔디 프로폴리스 10개입,"2,500",9710680425,9710,6804
8809710680432 ,지오목청캔디 도라지 10개입,"2,500",9710680432,9710,6804
8809713760674 ,비오틴 파워골드10000 60T,"30,000",9713760674,9713,7606
8809713761114 ,알비로씨 파워 120T,"30,000",9713761114,9713,7611
8809713761398 ,철갑상어 연골 뮤코다당단백 + MSM 180T,"120,000",9713761398,9713,7613
8809720800035 ,복합개시딘 10g,"16,000",9720800035,9720,8000
8809720800080 ,아이드롭스클린 10ml,"6,300",9720800080,9720,8000
8809720800424 ,스킨카솔 15g,"8,100",9720800424,9720,8004
8809720800455 ,제스타제 정 10T,"5,400",9720800455,9720,8004
8809720800509 ,프리가드 액 120ml 스프레이,"10,000",9720800509,9720,8005
8809720800967 ,클라멘틴 62.5mg 100T,"36,000",9720800967,9720,8009
8809720801353 ,알러엑스 정 30T,"17,100",9720801353,9720,8013
8809738665411 ,닥터플러스 KF94 황사마스크 대형,500,9738665411,9738,6654
8809772205208 ,식물성RTG 오메가3&징코 120C,"55,000",9772205208,9772,2052
8809772205376 ,바이탈프로그램 비타민D플러스 4000IU(90C),"15,000",9772205376,9772,2053
8809772205390 ,바이탈프로그램 비타민D플러스 1000IU(90C),"12,000",9772205390,9772,2053
8809772784468 ,솔박티나 데일리 페미닌 클렌징워시 330ml,"11,000",9772784468,9772,7844
8809788013576 ,산리오 반지캔디 9g,800,9788013576,9788,0135
8809788013606 ,꾸덕젤리 블루베리향 180g,"4,500",9788013606,9788,0136
8809799270333 ,링티 아이 보틀 300ml,"4,500",9799270333,9799,2703
8809807280835 ,드시모네 팜 키즈 딸기향,"64,000",9807280835,9807,2808
8809807289937 ,깨노니 땡큐샷 1ea,"3,000",9807289937,9807,2899
8809807289944 ,깨노니 땡큐샷(N)(약국용) 9B,"20,000",9807289944,9807,2899
8809816411688 ,코큐텐비타  120C(60C x 2EA),"60,000",9816411688,9816,4116
8809824260193 ,아가야 열냉각시트 6P,"5,000",9824260193,9824,2601
8809824261794 ,네오케어 혀크리너,"2,000",9824261794,9824,2617
8809824261978 ,이지 스케일링 200g,"8,000",9824261978,9824,2619
8809832035189 ,[대웅생명과학] 헬스데이 식물유래 NMN 120T(60T x 2EA),"60,000",9832035189,9832,0351
8809841590006 ,타스플러스 에어방역마스크 KF94,500,9841590006,9841,5900
8809854720698 ,푸른 뉴 상쾌한 변화 100g,"2,500",9854720698,9854,7206
8809854727666 ,프리미엄 글루패스 20g x 30P,"40,000",9854727666,9854,7276
8809856141231 ,또봇 주차장 주유놀이,"4,500",9856141231,9856,1412
8809861491000 ,쏘팔메토 맥스 포르테 120C(60C x 2EA),"60,000",9861491000,9861,4910
8809861491024 ,뮤코다당단백 콘드로이친&MSM2700 180T(90T x 2EA),"80,000",9861491024,9861,4910
8809861491246 ,리포좀 비타민C&비타민D 120T(60T x 2EA),"60,000",9861491246,9861,4912
8809861530983 ,스페셜 비타민D3 5000IU 플러스 180C,"25,000",9861530983,9861,5309
8809861530990 ,스페셜 비타민D3 5000IU 플러스 180C*2,"50,000",9861530990,9861,5309
8809864620193 ,캐치티니핑 열냉각시트 6P,"5,000",9864620193,9864,6201
8809864620483 ,캐치티니핑 하트요술봉,"4,500",9864620483,9864,6204
8809865090377 ,드시모네 4500,"120,000",9865090377,9865,0903
8809885381349 ,상쾌한 목 페퍼민트부스터 25g,"2,500",9885381349,9885,3813
8809885381363 ,상쾌한 목 천연레몬향 캔디 25g,"2,500",9885381363,9885,3813
8809886730108 ,닥터플러스 KF94 황사마스크 50매,"15,000",9886730108,9886,7301
8809893593093 ,이지덤뷰티 릴리프 57매,"5,500",9893593093,9893,5930
8809895700611 ,두원에탄올250ml,"1,000",9895700611,9895,7006
8809895700659 ,두원에탄올1L,"4,500",9895700659,9895,7006
8809918380295 ,티니핑 캐릭터 올밴드 혼합형16매,800,9918380295,9918,3802
8809918380332 ,오로라핑 캐릭터 올밴드 표준형16매,800,9918380332,9918,3803
8809918380448 ,하츄핑 캐릭터 올밴드 표준형 16매,800,9918380448,9918,3804
8809928840062 ,펫생각 데일리케얼 브레스(호흡기) 60정,"22,320",9928840062,9928,8400
8809928840079 ,펫생각 데일리케얼 멀티밸런스 비타민 60정,"25,000",9928840079,9928,8400
8809928840161 ,펫생각 데일리케얼 리얼 알티지 오메가3 180C,"32,000",9928840161,9928,8401
8809928841229 ,펫생각 데일리케얼 리얼 루테인(눈) 60정,"20,500",9928841229,9928,8412
8809928841236 ,펫생각 데일리케얼 리얼 칼슘(관절) 60정,"20,500",9928841236,9928,8412
8809931360106 ,뉴더밴드 표준형 20매,800,9931360106,9931,3601
8809931360113 ,뉴더밴드 혼합형 20매,800,9931360113,9931,3601
8809931360120 ,뉴더밴드 대형 8매,800,9931360120,9931,3601
8809931360182 ,뉴더밴드에이 표준형 72EA,"2,500",9931360182,9931,3601
8809931360199 ,뉴더밴드에이 혼합형 72EA,"2,500",9931360199,9931,3601
8809931361448 ,뉴아텍스 키네시테이핑 베이지 5cm x 5m,"6,400",9931361448,9931,3614
8809931362988 ,더밴드 패턴밴드 시나모롤밴드 표준형,800,9931362988,9931,3629
8809931362995 ,쿠로미x시나모롤 더밴드 패턴밴드(혼합형),800,9931362995,9931,3629
8809931363046 ,산리오 피큐어 칫솔(시나모롤),"2,800",9931363046,9931,3630
8809931363107 ,산리오 피규어 칫솔(쿠로미),"2,800",9931363107,9931,3631
8809931363114 ,산리오 피큐어 칫솔(마이멜로디),"2,800",9931363114,9931,3631
8809931363770 ,마이멜로디 8곡 곡물스틱(딸기) 8개,"3,800",9931363770,9931,3637
8809931363794 ,시나모롤 8곡 곡물스틱(치즈) 8개,"3,800",9931363794,9931,3637
8809931363961 ,산리오 캐릭터즈 칫솔 5EA,"4,000",9931363961,9931,3639
8809931365811 ,산리오캐릭터즈 프루츠 비타젤리 60g,"2,800",9931365811,9931,3658
8809932980280 ,한강 멸균거즈(3호) 소(5cm x 5cm) 20P,450,9932980280,9932,9802
8809932980310 ,한강 멸균거즈(3호) 중(7.5cm x 7.5cm) 8P,550,9932980310,9932,9803
8809932980341 ,한강 멸균거즈(3호) 대(10cm x 10cm) 8P,600,9932980341,9932,9803
8809947613753 ,헬씨허그 철갑상어 콘드로이친 1200,"48,000",9947613753,9947,6137
8809961970221 ,메탈 카드봇 블루캅,"4,500",9961970221,9961,9702
8809961970979 ,위시캣 키즈칫솔 1개입,"3,500",9961970979,9961,9709
8901030203466 ,바세린 오리지날 프로텍팅 젤리 50ml,"2,000",,,
8901030203473 ,바세린 오리지날 프로텍팅 젤리 100ml,"2,800",,,
8906078363042 ,싸이클론(2mg) 안연고 5g,"22,500",,,
9300647000328 ,오랄비 왁스치실 50m,"3,000",,,